"CRN","ARRIVAL_TM","AUTOMOBILE_COUNT","BELTED_DEATH_COUNT","BELTED_SUSP_SERIOUS_INJ_COUNT","BICYCLE_COUNT","BICYCLE_DEATH_COUNT","BICYCLE_SUSP_SERIOUS_INJ_COUNT","BUS_COUNT","CHLDPAS_DEATH_COUNT","CHLDPAS_SUSP_SERIOUS_INJ_COUNT","COLLISION_TYPE","COMM_VEH_COUNT","CONS_ZONE_SPD_LIM","COUNTY","CRASH_MONTH","CRASH_YEAR","DAY_OF_WEEK","DEC_LATITUDE","DEC_LONGITUDE","DISPATCH_TM","DISTRICT","DRIVER_COUNT_16YR","DRIVER_COUNT_17YR","DRIVER_COUNT_18YR","DRIVER_COUNT_19YR","DRIVER_COUNT_20YR","DRIVER_COUNT_50_64YR","DRIVER_COUNT_65_74YR","DRIVER_COUNT_75PLUS","EST_HRS_CLOSED","FATAL_COUNT","HEAVY_TRUCK_COUNT","HORSE_BUGGY_COUNT","HOUR_OF_DAY","ILLUMINATION","INJURY_COUNT","INTERSECTION_RELATED","INTERSECT_TYPE","LANE_CLOSED","LATITUDE","LN_CLOSE_DIR","LOCATION_TYPE","LONGITUDE","MAX_SEVERITY_LEVEL","MCYCLE_DEATH_COUNT","MCYCLE_SUSP_SERIOUS_INJ_COUNT","MOTORCYCLE_COUNT","MUNICIPALITY","NONMOTR_COUNT","NONMOTR_DEATH_COUNT","NONMOTR_SUSP_SERIOUS_INJ_COUNT","NTFY_HIWY_MAINT","PED_COUNT","PED_DEATH_COUNT","PED_SUSP_SERIOUS_INJ_COUNT","PERSON_COUNT","POLICE_AGCY","POSSIBLE_INJ_COUNT","RDWY_SURF_TYPE_CD","RELATION_TO_ROAD","ROADWAY_CLEARED","ROAD_CONDITION","SCH_BUS_IND","SCH_ZONE_IND","SECONDARY_CRASH","SMALL_TRUCK_COUNT","SPEC_JURIS_CD","SUSP_MINOR_INJ_COUNT","SUSP_SERIOUS_INJ_COUNT","SUV_COUNT","TCD_FUNC_CD","TCD_TYPE","TFC_DETOUR_IND","TIME_OF_DAY","TOTAL_UNITS","TOT_INJ_COUNT","UNBELTED_OCC_COUNT","UNB_DEATH_COUNT","UNB_SUSP_SERIOUS_INJ_COUNT","UNK_INJ_DEG_COUNT","UNK_INJ_PER_COUNT","URBAN_RURAL","VAN_COUNT","VEHICLE_COUNT","WEATHER1","WEATHER2","WORKERS_PRES","WORK_ZONE_IND","WORK_ZONE_LOC","WORK_ZONE_TYPE","WZ_CLOSE_DETOUR","WZ_FLAGGER","WZ_LAW_OFFCR_IND","WZ_LN_CLOSURE","WZ_MOVING","WZ_OTHER","WZ_SHLDER_MDN","WZ_WORKERS_INJ_KILLED"
"2008014962","","0","0","0","0","0","0","0","0","0","0","0","","02","1","2008","3","40.228064","-79.880341","0035","11","0","0","0","0","0","0","0","0","2","0","0","0","","","0","","0","","40 13:41.030","6","0","79 52:49.227","0","0","0","0","2204","0","0","0","N","0","0","0","1","02204","0","","5.0","","2","N","N","","1","","0","0","0","","0","Y","","1","0","0","0","0","0","0","1","0","1","","","","N","","","","","","","","","",""
"2008014970","","1","0","0","0","0","0","0","0","0","7","0","","02","1","2008","6","40.523333","-80.177076","0656","11","0","0","0","0","0","1","0","0","","0","0","0","","","0","","1","","40 31:24.000","","0","80 10:37.475","0","0","0","0","2213","0","0","0","N","0","0","0","2","02213","0","","2.0","","2","N","N","","0","","0","0","0","","0","","","1","0","0","0","0","0","0","2","0","1","","","","N","","","","","","","","","",""
"2008014971","","1","0","0","0","0","0","0","0","0","4","0","","02","1","2008","4","40.339876","-80.037288","1629","11","0","1","0","0","0","0","0","0","","0","0","0","","","0","","0","","40 20:23.553","","0","80 02:14.236","0","0","0","0","2407","0","0","0","N","0","0","0","3","02407","0","","1.0","","1","N","N","","1","","0","0","0","","0","","","2","0","0","0","0","0","0","2","0","2","","","","N","","","","","","","","","",""
"2008014972","","1","0","0","0","0","0","0","0","0","7","0","","02","1","2008","5","40.314167","-80.037666","1212","11","0","0","0","0","1","0","0","0","","0","0","0","","","0","","2","","40 18:51.000","","0","80 02:15.596","0","0","0","0","2407","0","0","0","N","0","0","0","1","02407","0","","2.0","","9","N","N","","0","","0","0","0","","0","","","1","0","0","0","0","0","0","2","0","1","","","","N","","","","","","","","","",""
"2008014978","","0","0","0","0","0","0","0","0","0","7","0","","02","1","2008","2","40.32706","-80.064799","0909","11","0","0","0","0","0","0","0","0","2","0","0","0","","","1","","0","","40 19:37.417","7","0","80 03:53.278","8","0","0","0","2123","0","0","0","N","0","0","0","1","02123","0","","5.0","","1","N","N","","0","","0","0","1","","0","Y","","1","1","1","0","0","1","0","2","0","1","","","","N","","","","","","","","","",""
"2008014982","","1","0","0","0","0","0","0","0","0","5","0","","02","1","2008","1","40.438889","-79.760505","1139","11","0","0","0","0","0","1","0","0","1","0","0","0","","","0","","1","","40 26:20.000","4","0","79 45:37.819","0","0","0","0","2446","0","0","0","N","0","0","0","5","02446","0","","1.0","","9","N","N","","0","","0","0","1","","2","N","","2","0","1","0","0","0","0","2","0","2","","","","N","","","","","","","","","",""
"2008014984","","2","0","0","0","0","0","0","0","0","1","0","","02","1","2008","2","","","1023","11","0","0","0","0","0","1","0","0","2","0","0","0","","","3","","0","","","5","0","","8","0","0","0","2403","0","0","0","N","0","0","0","6","02403","0","","1.0","","1","N","N","","0","","0","0","0","","0","N","","3","3","1","0","0","3","0","1","1","3","","","","N","","","","","","","","","",""
"2008015057","","1","0","0","0","0","0","0","0","0","1","0","","02","1","2008","7","","","1820","11","0","0","0","0","0","0","0","0","1","0","0","0","","","0","","0","","40 26:18.60","1","3","80 00:42.84","0","0","0","0","2301","0","0","0","N","0","0","0","3","68B03","0","","1.0","","1","N","N","","0","","0","0","1","","0","N","","2","0","0","0","0","0","0","2","0","2","","","","N","","","","","","","","","",""
"2008015059","","1","0","0","0","0","0","0","0","0","4","0","","02","1","2008","7","","","2105","11","0","0","0","0","0","1","0","0","","0","0","0","","","0","","6","","40 25:48.36","","2","80 08:06.36","0","0","0","0","2102","0","0","0","N","0","0","0","3","68B03","0","","1.0","","1","N","N","","0","","0","0","1","","3","","","2","0","0","0","0","0","0","2","0","2","","","","N","","","","","","","","","",""
"2008015084","","1","0","0","0","0","0","0","0","0","4","0","","02","1","2008","3","40.539444","-79.841521","0940","11","0","0","0","0","0","0","0","0","2","0","0","0","","","0","","0","","40 32:22.000","2","0","79 50:29.474","0","0","0","0","2208","0","0","0","N","0","0","0","2","68D02","0","","1.0","","7","N","N","","1","","0","0","0","","0","N","","2","0","0","0","0","0","0","2","0","2","","","","N","","","","","","","","","",""
"2008015104","","2","0","0","0","0","0","0","0","0","4","0","","02","1","2008","6","40.537222","-80.011131","1059","11","0","0","0","0","0","1","0","0","","0","0","0","","","0","","1","","40 32:14.000","","0","80 00:40.073","0","0","0","0","2116","0","0","0","N","0","0","0","3","02116","0","","1.0","","1","N","N","","0","","0","0","0","","2","","","2","0","0","0","0","0","0","2","0","2","","","","N","","","","","","","","","",""
"2008015166","","1","0","0","0","0","0","0","0","0","4","0","","02","1","2008","3","40.380556","-79.812126","1107","11","0","0","0","0","0","1","0","0","2","0","0","0","","","0","","2","","40 22:50.000","2","0","79 48:43.652","0","0","0","0","2424","0","0","0","N","0","0","0","2","02424","0","","1.0","","9","N","N","","0","","0","0","1","","3","Y","","2","0","0","0","0","0","0","2","0","2","","","","N","","","","","","","","","",""
"2008015191","","2","0","0","0","0","0","0","0","0","1","1","","02","1","2008","5","40.662778","-79.934198","1404","11","0","0","0","0","0","0","0","0","2","0","1","0","","","1","","0","","40 39:46.000","2","0","79 56:03.114","8","0","0","0","2217","0","0","0","N","0","0","0","3","02505","0","","1.0","","1","N","N","","0","","0","0","0","","0","Y","","3","1","0","0","0","1","0","2","0","3","","","","N","","","","","","","","","",""
"2008015213","","2","0","0","0","0","0","0","0","0","4","0","","02","1","2008","2","40.476262","-80.065773","9999","11","0","0","0","0","0","0","0","0","2","0","0","0","","","0","","0","","40 28:34.542","7","0","80 03:56.781","0","0","0","0","2122","0","0","0","N","0","0","0","2","02122","0","","1.0","","2","N","N","","0","","0","0","0","","0","N","","2","0","0","0","0","0","0","2","0","2","","","","N","","","","","","","","","",""
"2008015214","","3","0","0","0","0","0","0","0","0","1","0","","02","1","2008","4","40.5","-80.219659","1732","11","0","0","1","0","0","2","0","0","1","0","0","0","","","1","","0","","40 30:00.000","1","0","80 13:10.772","4","0","0","0","2213","0","0","0","N","0","0","0","5","02213","1","","1.0","","1","N","N","","0","","0","0","1","","0","N","","4","1","0","0","0","0","0","2","0","4","","","","N","","","","","","","","","",""
"2008015215","","2","0","0","0","0","0","0","0","0","4","0","","02","1","2008","2","40.575","-80.075417","1119","11","0","0","0","0","0","0","1","0","","0","0","0","","","0","","1","","40 34:30.000","","0","80 04:31.501","0","0","0","0","2481","0","0","0","N","0","0","0","2","02481","0","","1.0","","1","N","N","","0","","0","0","0","","3","","","2","0","0","0","0","0","0","2","0","2","","","","N","","","","","","","","","",""
"2008015216","","1","0","0","0","0","0","0","0","0","4","0","","02","1","2008","5","40.585605","-80.069082","1144","11","0","0","0","0","0","1","1","0","","0","0","0","","","0","","2","","40 35:08.178","","0","80 04:08.695","0","0","0","0","2481","0","0","0","N","0","0","0","5","02481","0","","1.0","","9","N","N","","0","","0","0","1","","3","","","2","0","0","0","0","0","0","2","0","2","","","","N","","","","","","","","","",""
"2008015257","","0","0","0","0","0","0","0","0","0","0","0","","02","1","2008","3","40.544444","-80.121906","1836","11","0","0","0","0","0","0","0","0","","0","0","0","","","0","","0","","40 32:40.000","","0","80 07:18.861","0","0","0","0","2215","0","0","0","N","0","0","0","4","68B03","0","","3.0","","9","N","N","","0","","0","0","1","","0","","","1","0","0","0","0","0","0","2","0","1","","","","N","","","","","","","","","",""
"2008015258","","2","0","0","0","0","0","0","0","0","7","0","","02","1","2008","1","40.426554","-80.296013","0020","11","0","0","1","0","0","0","0","0","","0","0","0","","","0","","0","","40 25:35.595","","0","80 17:45.648","0","0","0","0","2214","0","0","0","N","0","0","0","3","68B03","0","","4.0","","7","N","N","","0","","0","0","0","","0","","","2","0","0","0","0","0","0","1","0","2","","","","N","","","","","","","","","",""
"2008015296","","1","0","0","0","0","0","0","0","0","8","0","","02","1","2008","5","40.361385","-79.962281","2220","11","0","0","0","0","0","0","1","0","","0","0","0","","","1","","2","","40 21:40.986","","0","79 57:44.211","3","0","0","0","2403","1","0","0","N","1","0","0","2","02403","0","","1.0","","9","N","N","","0","","1","0","0","","0","","","2","1","0","0","0","0","0","2","0","1","","","","N","","","","","","","","","",""
"2008015298","","1","0","0","0","0","0","0","0","0","1","0","","02","1","2008","3","40.526944","-79.950438","1925","11","0","0","0","0","0","1","0","0","","0","0","0","","","1","","2","","40 31:37.000","","0","79 57:01.576","4","0","0","0","2118","0","0","0","N","0","0","0","3","02118","1","","1.0","","9","N","N","","0","","0","0","1","","2","","","2","1","0","0","0","0","0","2","0","2","","","","N","","","","","","","","","",""
"2008015299","","0","0","0","0","0","0","0","0","0","7","0","","02","1","2008","2","40.518842","-80.284821","2338","11","0","0","0","0","0","1","0","0","","0","0","0","","","0","","0","","40 31:07.831","","0","80 17:05.355","0","0","0","0","2203","0","0","0","N","0","0","0","1","02203","0","","4.0","","2","N","N","","1","","0","0","0","","0","","","1","0","0","0","0","0","0","1","0","1","","","","N","","","","","","","","","",""
"2008015302","","1","0","0","0","0","0","0","0","0","8","0","","02","1","2008","3","40.328611","-79.945025","2109","11","0","0","0","0","0","0","0","0","1","0","0","0","","","1","","2","","40 19:43.000","3","0","79 56:42.090","4","0","0","0","2454","1","0","0","N","1","0","0","2","02454","1","","1.0","","9","N","N","","0","","0","0","0","","2","N","","2","1","0","0","0","0","0","2","0","1","","","","N","","","","","","","","","",""
"2008015313","","0","0","0","0","0","0","0","0","0","7","0","","02","1","2008","3","40.609113","-79.907113","0551","11","0","0","0","0","0","0","0","0","3","0","1","0","","","1","","0","","40 36:32.808","5","0","79 54:25.608","4","0","0","0","2220","0","0","0","N","0","0","0","1","02220","1","","4.0","","2","N","N","","0","","0","0","0","","0","Y","","1","1","1","0","0","0","0","2","0","1","","","","N","","","","","","","","","",""
"2008015315","","1","0","0","0","0","0","0","0","0","7","0","","02","1","2008","3","40.396009","-79.903995","0423","11","0","0","0","0","0","0","0","0","","0","0","0","","","0","","0","","40 23:45.632","","0","79 54:14.382","0","0","0","0","2448","0","0","0","N","0","0","0","1","02448","0","","2.0","","2","N","N","","0","","0","0","0","","0","","","1","0","0","0","0","0","0","2","0","1","","","","N","","","","","","","","","",""
"2008015319","","0","0","0","0","0","0","0","0","0","7","0","","02","1","2008","2","40.5098","-80.2595","0501","11","0","0","0","0","0","1","0","0","2","0","0","0","","","0","","0","","40 30:35.280","1","0","80 15:34.200","0","0","0","0","2203","0","0","0","N","0","0","0","1","02203","0","","2.0","","9","N","N","","0","","0","0","1","","0","N","","1","0","0","0","0","0","0","2","0","1","","","","N","","","","","","","","","",""
"2008015349","","3","0","0","0","0","0","0","0","0","1","0","","02","1","2008","3","40.559722","-79.801831","0945","11","0","0","0","0","0","1","0","0","3","0","0","0","","","1","","0","","40 33:35.000","2","3","79 48:06.592","4","0","0","0","2208","0","0","0","N","0","0","0","6","68D02","1","","1.0","","2","N","N","","0","","0","0","0","","0","N","","4","1","0","0","0","0","0","2","1","4","","","","N","","","","","","","","","",""
"2008015350","","1","0","0","0","0","0","0","0","0","1","0","","02","1","2008","3","40.533333","-79.847218","0945","11","0","0","0","0","0","1","2","0","3","0","0","0","","","0","","0","","40 32:00.000","2","3","79 50:49.986","0","0","0","0","2208","0","0","0","N","0","0","0","3","68D02","0","","1.0","","2","N","N","","0","","0","0","1","","0","N","","3","0","0","0","0","0","0","2","1","3","","","","N","","","","","","","","","",""
"2008015498","","2","0","0","0","0","0","0","0","0","7","0","55","02","1","2008","5","40.5112","-79.7907","0747","11","0","0","0","0","0","0","1","0","2","0","0","0","","","2","","0","","40 30:40.320","4","0","79 47:26.520","4","0","0","0","2466","0","0","0","N","0","0","0","3","68T02","2","","3.0","","7","N","N","","1","","0","0","0","","0","N","","3","2","0","0","0","0","0","2","0","3","","","N","Y","2","1","N","N","N","N","N","Y","N",""
"2008015520","","1","0","0","0","0","0","0","0","0","4","0","","02","1","2008","3","40.1988","-79.8675","1450","11","0","0","0","0","0","0","0","0","1","0","0","0","","","1","","0","","40 11:55.680","3","6","79 52:03.000","4","0","0","0","2204","0","0","0","N","0","0","0","1","02204","1","","1.0","","9","N","N","","0","","0","0","0","","3","Y","","2","1","0","0","0","0","0","2","0","2","","","","N","","","","","","","","","",""
"2008015521","","1","0","0","0","0","0","0","0","0","4","0","","02","1","2008","1","40.26806","-79.856953","0454","11","0","0","0","0","1","0","0","0","","0","0","0","","","0","","10","","40 16:05.016","","0","79 51:25.030","0","0","0","0","2105","0","0","0","N","0","0","0","1","02105","0","","9.0","","7","N","N","","2","","0","0","1","","0","","","4","0","0","0","0","0","0","2","0","4","","","","N","","","","","","","","","",""
"2008015530","","1","0","0","0","0","0","0","0","0","7","0","","02","1","2008","3","40.356111","-80.093347","0135","11","0","0","0","0","0","0","0","0","","0","0","0","","","1","","0","","40 21:22.000","","0","80 05:36.048","3","0","0","0","2123","0","0","0","N","0","0","0","1","02123","0","","2.0","","2","N","N","","0","","1","0","0","","0","","","1","1","1","0","0","0","0","2","0","1","","","","N","","","","","","","","","",""
"2008015540","","1","0","0","0","0","0","0","0","0","4","0","","02","1","2008","3","40.42719","-79.788253","0940","11","0","0","0","0","0","1","0","0","","0","0","0","","","1","","0","","40 25:37.883","","7","79 47:17.712","4","0","0","0","2446","0","0","0","N","0","0","0","3","02446","1","","1.0","","7","N","N","","1","","0","0","0","","0","","","2","1","0","0","0","0","0","2","0","2","","","","N","","","","","","","","","",""
"2008015543","","0","0","0","0","0","0","0","0","0","4","0","","02","1","2008","4","40.5884","-79.7501","1000","11","0","0","0","0","0","0","0","0","","0","0","0","","","0","","2","","40 35:18.240","","7","79 45:00.360","0","0","0","0","2464","0","0","0","N","0","0","0","3","64305","0","","1.0","","1","N","N","","0","","0","0","1","","2","","","2","0","0","0","0","0","0","2","1","2","","","","N","","","","","","","","","",""
"2008015556","","2","0","0","0","0","0","0","0","0","6","0","","02","1","2008","3","40.534904","-80.019747","1715","11","0","0","0","0","0","0","1","0","","0","0","0","","","0","","0","","40 32:05.654","","0","80 01:11.089","0","0","0","0","2116","0","0","0","N","0","0","0","3","02116","0","","1.0","","9","N","N","","0","","0","0","0","","0","","","2","0","0","0","0","0","0","2","0","2","","","","N","","","","","","","","","",""
"2008015567","","2","0","0","0","0","0","0","0","0","4","0","","02","1","2008","3","40.619167","-79.944757","2142","11","0","0","0","0","0","2","0","0","","0","0","0","","","0","","2","","40 37:09.000","","0","79 56:41.125","0","0","0","0","2217","0","0","0","N","0","0","0","2","02505","0","","1.0","","9","N","N","","0","","0","0","0","","3","","","2","0","0","0","0","0","0","2","0","2","","","","N","","","","","","","","","",""
"2008015586","","2","0","0","0","0","0","0","0","0","1","0","","02","1","2008","4","40.508889","-80.004187","1600","11","0","0","0","0","0","1","0","0","1","0","0","0","","","0","","0","","40 30:32.000","1","0","80 00:15.073","0","0","0","0","2116","0","0","0","N","0","0","0","2","02116","0","","1.0","","1","Y","N","","0","","0","0","0","","0","N","","2","0","0","0","0","0","0","2","0","2","","","","N","","","","","","","","","",""
"2008015589","","2","0","0","0","0","0","0","0","0","6","0","","02","1","2008","2","40.538585","-80.236781","2114","11","0","0","0","0","0","1","0","0","2","0","0","0","","","0","","0","","40 32:18.907","2","0","80 14:12.413","0","0","0","0","2213","0","0","0","N","0","0","0","2","02213","0","","1.0","","1","N","N","","0","","0","0","0","","0","N","","2","0","2","0","0","0","0","2","0","2","","","","N","","","","","","","","","",""
"2008015590","","0","0","0","0","0","0","0","0","0","7","0","","02","1","2008","2","40.464722","-80.174657","2259","11","0","0","0","0","0","1","0","0","2","0","0","0","","","1","","0","","40 27:53.000","1","0","80 10:28.765","8","0","0","0","2213","0","0","0","N","0","0","0","3","02213","0","","5.0","","2","N","N","","0","","0","0","0","","0","Y","","1","1","0","0","0","1","0","2","1","1","","","","N","","","","","","","","","",""
"2008015591","","1","0","0","0","0","0","0","0","0","4","0","","02","1","2008","4","40.516001","-80.219826","0721","11","0","0","0","0","0","0","0","0","","0","0","0","","","3","","3","","40 30:57.605","","0","80 13:11.372","4","0","0","0","2213","0","0","0","N","0","0","0","3","02213","3","","1.0","","1","N","N","","0","","0","0","1","","2","","","2","3","0","0","0","0","0","2","0","2","","","","N","","","","","","","","","",""
"2008015592","","2","0","0","0","0","0","0","0","0","1","0","","02","1","2008","2","40.342703","-80.053308","1110","11","0","0","1","0","0","0","0","0","","0","0","0","","","1","","0","","40 20:33.730","","0","80 03:11.910","4","0","0","0","2407","0","0","0","N","0","0","0","2","02407","1","","5.0","","1","N","N","","0","","0","0","0","","2","","","2","1","0","0","0","0","0","2","0","2","","","","N","","","","","","","","","",""
"2008015637","","1","0","0","0","0","0","0","0","0","7","0","","02","1","2008","7","","","0030","11","0","0","0","0","0","0","0","0","","0","0","0","","","0","","0","","40 32:15.00","","0","80 04:42.96","0","0","0","0","2215","0","0","0","N","0","0","0","1","68B03","0","","4.0","","7","N","N","","0","","0","0","0","","0","","","1","0","0","0","0","0","0","2","0","1","","","","N","","","","","","","","","",""
"2008015638","","1","0","0","0","0","0","0","0","0","7","0","","02","1","2008","1","40.4394","-80.1899","0050","11","0","0","0","0","0","0","0","0","3","0","0","0","","","0","","7","","40 26:21.840","4","2","80 11:23.640","0","0","0","0","2214","0","0","0","N","0","0","0","1","68B03","0","","2.0","","7","N","N","","0","","0","0","0","","9","N","","1","0","0","0","0","0","0","2","0","1","","","","N","","","","","","","","","",""
"2008015639","","2","0","0","0","0","0","0","0","0","1","0","","02","1","2008","2","","","2119","11","0","0","0","0","0","0","1","0","1","0","0","0","","","1","","6","","40 26:29.04","2","2","80 00:32.76","4","0","0","0","2301","0","0","0","N","0","0","0","2","68B03","1","","1.0","","1","N","N","","0","","0","0","0","","4","N","","2","1","0","0","0","0","0","2","0","2","","","","N","","","","","","","","","",""
"2008015759","","1","0","0","0","0","0","0","0","0","7","0","","02","1","2008","4","40.2937","-79.8103","2142","11","0","0","0","0","0","0","0","0","3","0","0","0","","","1","","0","","40 17:37.320","5","0","79 48:37.080","8","0","0","0","2105","0","0","0","N","0","0","0","1","02105","0","","2.0","","1","N","N","","0","","0","0","0","","0","Y","","1","1","1","0","0","1","0","1","0","1","","","","N","","","","","","","","","",""
"2008015760","","1","0","0","0","0","0","0","0","0","7","0","","02","1","2008","3","40.548333","-79.837091","1324","11","0","0","0","0","0","1","0","0","1","0","0","0","","","1","","0","","40 32:54.000","4","0","79 50:13.526","4","0","0","0","2208","0","0","0","N","0","0","0","1","02208","1","","3.0","","9","N","N","","0","","0","0","0","","0","N","","1","1","0","0","0","0","0","2","0","1","","","","N","","","","","","","","","",""
"2008015763","","2","0","0","0","0","0","0","0","0","6","0","","02","1","2008","4","","","2311","11","0","0","0","0","0","0","0","0","","0","0","0","","","0","","0","","","","0","","0","0","0","0","2449","0","0","0","N","0","0","0","0","02449","0","","1.0","","1","N","N","","0","","0","0","0","","0","","","2","0","0","0","0","0","0","1","0","2","","","","N","","","","","","","","","",""
"2008015765","","2","0","0","0","0","0","0","0","0","5","0","","02","1","2008","6","40.2792","-79.9055","0744","11","0","0","0","0","0","1","0","0","","0","0","0","","","0","","7","","40 16:45.120","","2","79 54:19.800","9","0","0","0","2428","0","0","0","N","0","0","0","2","02428","0","","1.0","","9","N","N","","0","","0","0","0","","0","","","2","0","0","0","0","0","1","2","0","2","","","","N","","","","","","","","","",""
"2008015766","","2","0","0","0","0","0","0","0","0","4","0","","02","1","2008","4","40.393109","-79.805088","2352","11","0","0","0","0","0","0","0","0","","0","0","0","","","1","","2","","40 23:35.192","","0","79 48:18.316","8","0","0","0","2479","0","0","0","N","0","0","0","6","02111","0","","1.0","","1","N","N","","0","","0","0","0","","2","","","2","1","1","0","0","1","0","2","0","2","","","","N","","","","","","","","","",""
"2008015768","","0","0","0","0","0","0","0","0","0","7","0","","02","1","2008","2","40.650278","-80.040356","2259","11","0","0","0","0","0","0","0","0","","0","0","0","","","0","","0","","40 39:01.000","","0","80 02:25.282","0","0","0","0","2216","0","0","0","N","0","0","0","1","02505","0","","5.0","","2","N","N","","0","","0","0","1","","0","","","1","0","0","0","0","0","0","2","0","1","","","","N","","","","","","","","","",""
"2008015783","","1","0","0","0","0","0","0","0","0","1","0","","02","1","2008","4","","","1545","11","0","0","0","0","0","0","0","0","","0","0","0","","","0","","0","","40 25:07.68","","0","80 03:12.24","0","0","0","0","2435","0","0","0","N","0","0","0","2","68B03","0","","1.0","","1","N","N","","0","","0","0","1","","0","","","2","0","0","0","0","0","0","2","0","2","","","","N","","","","","","","","","",""
"2008015859","","1","0","0","0","0","0","0","0","0","4","0","","02","1","2008","4","40.493333","-79.975488","0705","11","0","0","0","0","0","0","0","0","1","0","0","0","","","1","","3","","40 29:36.000","4","0","79 58:31.755","4","0","0","0","2445","0","0","0","N","0","0","0","3","02445","1","","1.0","","1","N","N","","1","","0","0","0","","2","Y","","2","1","0","0","0","0","0","2","0","2","","","","N","","","","","","","","","",""
"2008015865","","2","0","0","0","0","0","0","0","0","4","0","","02","1","2008","4","40.634444","-79.939679","0940","11","0","0","0","0","0","0","1","0","","0","0","0","","","1","","1","","40 38:04.000","","0","79 56:22.843","3","0","0","0","2217","0","0","0","N","0","0","0","2","02505","0","","1.0","","1","N","N","","0","","1","0","0","","2","","","2","1","0","0","0","0","0","2","0","2","","","","N","","","","","","","","","",""
"2008015867","","2","0","0","0","0","0","0","0","0","4","0","","02","1","2008","7","40.517618","-79.843872","1430","11","1","0","0","0","0","0","1","0","1","0","0","0","","","2","","1","","40 31:03.424","3","0","79 50:37.939","4","0","0","0","2451","0","0","0","N","0","0","0","3","02451","2","","1.0","","9","N","N","","0","","0","0","0","","3","N","","2","2","0","0","0","0","0","2","0","2","","","","N","","","","","","","","","",""
"2008015870","","1","0","0","0","0","0","0","0","0","4","0","","02","1","2008","4","40.483658","-79.765854","1358","11","0","0","0","1","0","0","0","0","1","0","0","0","","","0","","2","","40 29:01.168","1","0","79 45:57.074","0","0","0","0","2466","0","0","0","N","0","0","0","4","02466","0","","1.0","","1","N","N","","0","","0","0","0","","0","N","","2","0","0","0","0","0","0","2","1","2","","","","N","","","","","","","","","",""
"2008015873","","1","0","0","0","0","0","0","0","0","1","0","","02","1","2008","3","40.536667","-80.021744","1034","11","1","0","0","0","0","0","0","0","","0","0","0","","","0","","0","","40 32:12.000","","0","80 01:18.280","0","0","0","0","2116","0","0","0","N","0","0","0","2","02116","0","","1.0","","1","N","N","","1","","0","0","0","","0","","","2","0","0","0","0","0","0","2","0","2","","","","N","","","","","","","","","",""
"2008015875","","0","0","0","0","0","0","0","0","0","1","0","","02","1","2008","5","40.445456","-79.856221","0938","11","0","0","0","0","0","1","0","0","1","0","0","0","","","0","","0","","40 26:43.643","3","0","79 51:22.394","0","0","0","0","2419","0","0","0","N","0","0","0","1","02419","0","","1.0","","1","N","N","","1","","0","0","0","","0","N","","2","0","0","0","0","0","0","2","0","2","","","","N","","","","","","","","","",""
"2008015881","","2","0","0","0","0","0","0","0","0","1","0","","02","1","2008","5","40.327778","-79.938479","1141","11","0","0","0","0","0","1","1","0","1","0","0","0","","","2","","0","","40 19:40.000","4","0","79 56:18.526","8","0","0","0","2454","0","0","0","N","0","0","0","2","02454","0","","1.0","","1","N","N","","0","","0","0","0","","0","Y","","2","2","0","0","0","2","0","2","0","2","","","","N","","","","","","","","","",""
"2008015882","","2","0","0","0","0","0","0","0","0","1","0","","02","1","2008","6","40.3661","-79.7772","0858","11","0","0","0","0","1","1","0","0","","0","0","0","","","0","","0","","40 21:57.960","","0","79 46:37.920","0","0","0","0","2111","0","0","0","Y","0","0","0","2","02111","0","","1.0","","2","N","N","","0","","0","0","0","","0","","","2","0","1","0","0","0","0","2","0","2","","","","N","","","","","","","","","",""
"2008015901","","1","0","0","0","0","0","0","0","0","7","0","","02","1","2008","3","40.3078","-80.033863","0554","11","0","0","0","0","0","0","0","0","","0","0","0","","","1","","2","","40 18:28.080","","0","80 02:01.906","4","0","0","0","2407","0","0","0","N","0","0","0","1","02407","1","","4.0","","2","N","N","","0","","0","0","0","","3","","","1","1","0","0","0","0","0","2","0","1","","","","N","","","","","","","","","",""
"2008015960","","2","0","0","0","0","0","0","0","0","1","0","","02","1","2008","3","40.559899","-79.801831","0945","11","0","0","0","0","0","1","0","0","3","0","0","0","","","0","","0","","40 33:35.635","2","3","79 48:06.592","0","0","0","0","2208","0","0","0","N","0","0","0","3","68D02","0","","1.0","","2","N","N","","0","","0","0","1","","0","N","","3","0","0","0","0","0","0","2","0","3","","","","N","","","","","","","","","",""
"2008016030","","1","0","0","0","0","0","0","0","0","7","0","","02","1","2008","5","40.440414","-80.080324","0215","11","0","0","0","0","0","0","0","0","","0","0","0","","","0","","0","","40 26:25.490","","0","80 04:49.167","0","0","0","0","2421","0","0","0","N","0","0","0","1","02421","0","","2.0","","1","N","N","","0","","0","0","0","","0","","","1","0","0","0","0","0","0","2","0","1","","","","N","","","","","","","","","",""