"CRN","ARRIVAL_TM","AUTOMOBILE_COUNT","BELTED_DEATH_COUNT","BELTED_SUSP_SERIOUS_INJ_COUNT","BICYCLE_COUNT","BICYCLE_DEATH_COUNT","BICYCLE_SUSP_SERIOUS_INJ_COUNT","BUS_COUNT","CHLDPAS_DEATH_COUNT","CHLDPAS_SUSP_SERIOUS_INJ_COUNT","COLLISION_TYPE","COMM_VEH_COUNT","CONS_ZONE_SPD_LIM","COUNTY","CRASH_MONTH","CRASH_YEAR","DAY_OF_WEEK","DEC_LATITUDE","DEC_LONGITUDE","DISPATCH_TM","DISTRICT","DRIVER_COUNT_16YR","DRIVER_COUNT_17YR","DRIVER_COUNT_18YR","DRIVER_COUNT_19YR","DRIVER_COUNT_20YR","DRIVER_COUNT_50_64YR","DRIVER_COUNT_65_74YR","DRIVER_COUNT_75PLUS","EST_HRS_CLOSED","FATAL_COUNT","HEAVY_TRUCK_COUNT","HORSE_BUGGY_COUNT","HOUR_OF_DAY","ILLUMINATION","INJURY_COUNT","INTERSECTION_RELATED","INTERSECT_TYPE","LANE_CLOSED","LATITUDE","LN_CLOSE_DIR","LOCATION_TYPE","LONGITUDE","MAX_SEVERITY_LEVEL","MCYCLE_DEATH_COUNT","MCYCLE_SUSP_SERIOUS_INJ_COUNT","MOTORCYCLE_COUNT","MUNICIPALITY","NONMOTR_COUNT","NONMOTR_DEATH_COUNT","NONMOTR_SUSP_SERIOUS_INJ_COUNT","NTFY_HIWY_MAINT","PED_COUNT","PED_DEATH_COUNT","PED_SUSP_SERIOUS_INJ_COUNT","PERSON_COUNT","POLICE_AGCY","POSSIBLE_INJ_COUNT","RDWY_SURF_TYPE_CD","RELATION_TO_ROAD","ROADWAY_CLEARED","ROAD_CONDITION","SCH_BUS_IND","SCH_ZONE_IND","SECONDARY_CRASH","SMALL_TRUCK_COUNT","SPEC_JURIS_CD","SUSP_MINOR_INJ_COUNT","SUSP_SERIOUS_INJ_COUNT","SUV_COUNT","TCD_FUNC_CD","TCD_TYPE","TFC_DETOUR_IND","TIME_OF_DAY","TOTAL_UNITS","TOT_INJ_COUNT","UNBELTED_OCC_COUNT","UNB_DEATH_COUNT","UNB_SUSP_SERIOUS_INJ_COUNT","UNK_INJ_DEG_COUNT","UNK_INJ_PER_COUNT","URBAN_RURAL","VAN_COUNT","VEHICLE_COUNT","WEATHER1","WEATHER2","WORKERS_PRES","WORK_ZONE_IND","WORK_ZONE_LOC","WORK_ZONE_TYPE","WZ_CLOSE_DETOUR","WZ_FLAGGER","WZ_LAW_OFFCR_IND","WZ_LN_CLOSURE","WZ_MOVING","WZ_OTHER","WZ_SHLDER_MDN","WZ_WORKERS_INJ_KILLED"
"2008016033","","1","0","0","0","0","0","0","0","0","7","0","","02","1","2008","5","40.5453","-80.0386","0117","11","0","0","0","0","0","0","0","0","","0","0","0","","","0","","2","","40 32:43.080","","0","80 02:18.960","0","0","0","0","2116","0","0","0","Y","0","0","0","1","02116","0","","5.0","","1","N","N","","0","","0","0","0","","0","","","1","0","0","0","0","0","0","2","0","1","","","","N","","","","","","","","","",""
"2008016048","","2","0","0","0","0","0","0","0","0","6","0","","02","1","2008","3","40.365656","-79.843757","0021","11","0","0","0","0","0","1","0","0","2","0","0","0","","","0","","0","","40 21:56.361","6","0","79 50:37.524","0","0","0","0","2303","0","0","0","N","0","0","0","2","02303","0","","1.0","","2","N","N","","0","","0","0","0","","0","N","","2","0","0","0","0","0","0","2","0","2","","","","N","","","","","","","","","",""
"2008016132","","1","0","0","0","0","0","0","0","0","7","0","","02","1","2008","2","40.550833","-80.056716","2339","11","0","0","0","0","0","0","1","0","","0","0","0","","","0","","1","","40 33:03.000","","0","80 03:24.176","0","0","0","0","2116","0","0","0","N","0","0","0","1","02116","0","","4.0","","2","N","N","","0","","0","0","0","","0","","","1","0","0","0","0","0","0","2","0","1","","","","N","","","","","","","","","",""
"2008016159","","1","0","0","0","0","0","0","0","0","7","0","","02","1","2008","1","","","0030","11","0","0","0","0","0","0","0","0","2","0","0","0","","","1","","0","","40 26:09.96","4","0","79 58:14.52","4","0","0","0","2301","0","0","0","N","0","0","0","1","68B03","1","","3.0","","9","N","N","","0","","0","0","0","","0","N","","2","1","0","0","0","0","0","2","0","1","","","","N","","","","","","","","","",""
"2008016160","","1","0","0","0","0","0","0","0","0","7","0","","02","1","2008","1","40.612388","-80.094902","0700","11","0","0","0","0","0","0","0","0","","0","0","0","","","1","","0","","40 36:44.597","","0","80 05:41.647","4","0","0","0","2481","0","0","0","Y","0","0","0","1","68B03","1","","3.0","","1","N","N","","0","","0","0","0","","0","","","1","1","0","0","0","0","0","2","0","1","","","","N","","","","","","","","","",""
"2008016161","","1","0","0","0","0","0","0","0","0","1","0","","02","1","2008","3","","","1748","11","0","0","0","0","0","0","0","0","","0","0","0","","","0","","0","","40 25:08.76","","0","80 03:09.36","0","0","0","0","2435","0","0","0","N","0","0","0","2","68B03","0","","1.0","","1","N","N","","1","","0","0","0","","0","","","2","0","0","0","0","0","0","2","0","2","","","","N","","","","","","","","","",""
"2008016162","","0","0","0","0","0","0","0","0","0","7","0","","02","1","2008","4","","","2240","11","0","0","0","0","0","1","0","0","","0","0","0","","","0","","0","","40 26:26.52","","3","80 00:31.68","0","0","0","0","2301","0","0","0","N","0","0","0","1","68B03","0","","3.0","","1","N","N","","0","","0","0","1","","9","","","1","0","0","0","0","0","0","2","0","1","","","","N","","","","","","","","","",""
"2008016163","","1","0","0","0","0","0","0","0","0","1","0","","02","1","2008","5","","","0615","11","0","0","0","0","0","2","0","0","2","0","0","0","","","1","","6","","40 25:46.92","3","2","79 57:25.20","4","0","0","0","2301","0","0","0","N","0","0","0","2","68B03","1","","1.0","","1","N","N","","1","","0","0","0","","4","Y","","2","1","0","0","0","0","0","2","0","2","","","","N","","","","","","","","","",""
"2008016164","","1","0","0","0","0","0","0","0","0","1","0","","02","1","2008","5","","","1739","11","0","0","0","0","1","0","0","0","","0","0","0","","","1","","7","","40 26:41.28","","2","80 09:50.04","4","0","0","0","2115","0","0","0","N","0","0","0","4","68B03","1","","1.0","","1","N","N","","0","","0","0","1","","3","","","2","1","1","0","0","0","0","2","0","2","","","","N","","","","","","","","","",""
"2008016169","","1","0","0","0","0","0","0","0","0","2","0","","02","1","2008","3","40.467548","-80.086116","1717","11","0","0","0","0","0","0","0","0","2","0","0","0","","","0","","0","","40 28:03.174","2","0","80 05:10.017","0","0","0","0","2126","0","0","0","N","0","0","0","2","02126","0","","1.0","","1","N","N","","1","","0","0","0","","0","N","","2","0","0","0","0","0","0","2","0","2","","","","N","","","","","","","","","",""
"2008016255","","1","0","0","0","0","0","0","0","0","1","0","","02","1","2008","4","40.3238","-79.789","1314","11","0","0","0","0","0","0","0","1","1","0","0","0","","","0","","0","","40 19:25.680","4","0","79 47:20.400","0","0","0","0","2477","0","0","0","N","0","0","0","2","02477","0","","1.0","","1","N","N","","1","","0","0","0","","0","N","","2","0","0","0","0","0","0","2","0","2","","","","N","","","","","","","","","",""
"2008016347","","2","0","0","0","0","0","0","0","0","1","0","","02","1","2008","5","40.340833","-80.063277","1759","11","0","0","0","0","0","1","0","0","","0","0","0","","","0","","0","","40 20:27.000","","0","80 03:47.796","0","0","0","0","2123","0","0","0","N","0","0","0","6","02123","0","","1.0","","1","N","N","","0","","0","0","2","","0","","","4","0","0","0","0","0","0","2","0","4","","","","N","","","","","","","","","",""
"2008016415","","2","0","0","0","0","0","0","0","0","1","0","","02","2","2008","6","40.434053","-79.764402","0909","11","0","1","0","0","0","0","0","0","1","0","0","0","","","0","","2","","40 26:02.590","3","0","79 45:51.847","0","0","0","0","2446","0","0","0","N","0","0","0","2","02446","0","","1.0","","2","N","N","","0","","0","0","0","","2","N","","2","0","0","0","0","0","0","2","0","2","","","","N","","","","","","","","","",""
"2008016416","","1","0","0","0","0","0","0","0","0","4","0","","02","1","2008","5","40.537509","-80.021228","1509","11","1","0","0","0","0","0","0","1","1","0","0","0","","","0","","1","","40 32:15.031","2","0","80 01:16.421","0","0","0","0","2116","0","0","0","N","0","0","0","2","02116","0","","1.0","","1","N","N","","0","","0","0","1","","3","N","","2","0","0","0","0","0","0","2","0","2","","","","N","","","","","","","","","",""
"2008016418","","1","0","0","0","0","0","0","0","0","6","0","","02","1","2008","6","40.43576","-80.068481","0803","11","0","0","0","0","0","0","0","0","","0","0","0","","","0","","1","","40 26:08.736","","0","80 04:06.531","0","0","0","0","2421","0","0","0","N","0","0","0","2","02421","0","","1.0","","1","N","N","","0","","0","0","1","","2","","","2","0","0","0","0","0","0","2","0","2","","","","N","","","","","","","","","",""
"2008016474","","3","0","0","0","0","0","0","0","0","7","0","","02","1","2008","5","40.549736","-80.02189","1258","11","0","0","0","0","0","1","0","0","","0","0","0","","","1","","10","","40 32:59.049","","7","80 01:18.804","4","0","0","0","2116","0","0","0","N","0","0","0","1","02116","1","","5.0","","1","N","N","","1","","0","0","0","","0","","","4","1","0","0","0","0","0","2","0","4","","","","N","","","","","","","","","",""
"2008016563","","2","0","0","0","0","0","0","0","0","1","0","","02","1","2008","3","40.502407","-79.985648","1241","11","0","0","1","0","0","0","0","0","","0","0","0","","","0","","2","","40 30:08.665","","0","79 59:08.332","0","0","0","0","2118","0","0","0","N","0","0","0","2","02118","0","","1.0","","1","N","N","","0","","0","0","0","","3","","","2","0","1","0","0","0","0","2","0","2","","","","N","","","","","","","","","",""
"2008016564","","1","0","0","0","0","0","0","0","0","7","0","","02","2","2008","6","40.631944","-79.993692","0950","11","0","0","0","0","0","0","0","0","","0","0","0","","","0","","0","","40 37:55.000","","0","79 59:37.292","0","0","0","0","2216","0","0","0","N","0","0","0","1","02505","0","","2.0","","2","N","N","","0","","0","0","0","","0","","","1","0","0","0","0","0","0","1","0","1","","","","N","","","","","","","","","",""
"2008016571","","1","0","0","0","0","0","0","0","0","7","0","","02","2","2008","6","40.425247","-79.77122","1243","11","0","0","0","0","0","0","0","0","1","0","0","0","","","0","","0","","40 25:30.890","2","0","79 46:16.391","0","0","0","0","2446","0","0","0","N","0","0","0","1","02446","0","","2.0","","2","N","N","","0","","0","0","0","","0","N","","1","0","0","0","0","0","0","2","0","1","","","","N","","","","","","","","","",""
"2008016603","","1","0","0","0","0","0","0","0","0","7","0","","02","2","2008","6","40.650528","-80.081255","1519","11","0","0","0","0","0","0","0","0","1","0","0","0","","","0","","0","","40 39:01.900","4","0","80 04:52.518","0","0","0","0","2212","0","0","0","N","0","0","0","2","02505","0","","5.0","","9","N","N","","0","","0","0","0","","0","Y","","1","0","0","0","0","0","0","2","0","1","","","","N","","","","","","","","","",""
"2008016605","","1","0","0","0","0","0","0","0","0","1","0","","02","1","2008","5","40.477409","-79.968473","2110","11","0","0","0","0","0","1","0","0","","0","0","0","","","2","","7","","40 28:38.674","","2","79 58:06.503","4","0","0","0","2445","0","0","0","N","0","0","0","3","02445","2","","1.0","","1","N","N","","0","","0","0","1","","0","","","2","2","0","0","0","0","0","2","0","2","","","","N","","","","","","","","","",""
"2008016617","","1","0","0","0","0","0","0","0","0","6","0","","02","1","2008","5","40.65","-80.078792","1614","11","0","1","0","0","0","1","0","0","","0","0","0","","","0","","1","","40 39:00.000","","0","80 04:43.650","0","0","0","0","2212","0","0","0","N","0","0","0","3","02505","0","","1.0","","1","N","N","","1","","0","0","1","","2","","","3","0","1","0","0","0","0","2","0","3","","","","N","","","","","","","","","",""
"2008016619","","1","0","0","0","0","0","0","0","0","8","0","","02","1","2008","6","40.449167","-80.107268","1730","11","0","0","0","0","0","1","0","0","3","0","0","0","","","1","","1","","40 26:57.000","3","0","80 06:26.164","2","0","0","0","2115","1","0","1","N","1","0","1","2","02115","0","","1.0","","1","N","N","","0","","0","1","0","","2","Y","","2","1","0","0","0","0","0","2","0","1","","","","N","","","","","","","","","",""
"2008016620","","1","0","0","0","0","0","0","0","0","1","0","","02","1","2008","2","40.464444","-80.140605","1457","11","0","0","1","0","0","0","0","0","","0","0","0","","","0","","0","","40 27:51.997","","0","80 08:26.178","0","0","0","0","2115","0","0","0","N","0","0","0","2","02115","0","","1.0","","1","N","N","","0","","0","0","1","","0","","","2","0","0","0","0","0","0","2","0","2","","","","N","","","","","","","","","",""
"2008016621","","1","0","0","0","0","0","0","0","0","2","0","","02","1","2008","4","40.430808","-80.095295","0119","11","0","0","0","0","0","0","0","0","1","0","0","0","","","0","","0","","40 25:50.909","5","0","80 05:43.063","0","0","0","0","2115","0","0","0","N","0","0","0","2","02115","0","","1.0","","1","N","N","","0","","0","0","1","","0","Y","","2","0","0","0","0","0","0","2","0","2","","","","N","","","","","","","","","",""
"2008016622","","1","0","0","0","0","0","0","0","0","7","0","","02","1","2008","2","40.504226","-80.142298","0031","11","0","0","0","0","0","0","0","0","1","0","0","0","","","1","","0","","40 30:15.212","1","0","80 08:32.271","4","0","0","0","2115","0","0","0","Y","0","0","0","1","02115","1","","2.0","","9","N","N","","0","","0","0","0","","0","N","","1","1","0","0","0","0","0","2","0","1","","","","N","","","","","","","","","",""
"2008016623","","2","0","0","0","0","0","0","0","0","1","0","","02","1","2008","2","40.437359","-80.157099","0835","11","0","0","0","0","0","0","0","0","1","0","0","0","","","0","","6","","40 26:14.491","1","2","80 09:25.556","0","0","0","0","2115","0","0","0","N","0","0","0","2","02115","0","","1.0","","9","N","N","","0","","0","0","0","","4","Y","","2","0","0","0","0","0","0","2","0","2","","","","N","","","","","","","","","",""
"2008016624","","1","0","0","0","0","0","0","0","0","4","0","","02","1","2008","5","40.5075","-80.204517","1806","11","0","0","0","0","0","1","0","0","2","0","0","0","","","0","","2","","40 30:27.000","2","0","80 12:16.262","0","0","0","0","2213","0","0","0","N","0","0","0","5","02213","0","","1.0","","9","N","N","","2","","0","0","0","","0","N","","3","0","0","0","0","0","0","2","0","3","","","","N","","","","","","","","","",""
"2008016625","","2","0","0","0","0","0","0","0","0","4","0","","02","1","2008","1","40.330556","-80.021988","1913","11","0","0","0","1","0","2","0","0","","0","0","0","","","0","","0","","40 19:50.000","","0","80 01:19.155","0","0","0","0","2407","0","0","0","N","0","0","0","3","02407","0","","1.0","","9","N","N","","0","","0","0","1","","0","","","3","0","0","0","0","0","0","2","0","3","","","","N","","","","","","","","","",""
"2008016768","","2","0","0","0","0","0","0","0","0","5","0","","02","1","2008","5","40.653889","-79.743804","1940","11","0","1","0","0","0","0","0","1","1","0","0","0","","","1","","1","","40 39:14.000","2","0","79 44:37.694","3","0","0","0","2202","0","0","0","N","0","0","0","3","02202","0","","1.0","","9","N","N","","0","","1","0","0","","0","N","","2","1","0","0","0","0","0","1","0","2","","","","N","","","","","","","","","",""
"2008016805","","1","0","0","0","0","0","0","0","0","7","0","","02","2","2008","6","40.388611","-79.830309","2054","11","0","0","0","0","0","1","0","0","1","0","0","0","","","1","","3","","40 23:19.000","3","0","79 49:49.113","8","0","0","0","2111","0","0","0","N","0","0","0","1","02111","0","","5.0","","9","N","N","","0","","0","0","0","","2","N","","1","1","0","0","0","1","0","2","0","1","","","","N","","","","","","","","","",""
"2008016808","","3","0","0","0","0","0","0","0","0","0","0","","02","2","2008","6","40.5125","-79.8434","1936","11","0","0","0","0","0","0","0","0","","0","0","0","","","1","","0","","40 30:45.000","","0","79 50:36.240","4","0","0","0","2451","0","0","0","N","0","0","0","5","02451","1","","1.0","","9","N","N","","0","","0","0","0","","3","","","3","1","0","0","0","0","0","2","0","3","","","","N","","","","","","","","","",""
"2008016844","","1","0","0","0","0","0","0","0","0","7","0","","02","2","2008","6","40.526186","-79.843571","0506","11","0","0","0","0","0","1","0","0","1","0","0","0","","","0","","0","","40 31:34.269","6","0","79 50:36.857","0","0","0","0","2466","0","0","0","N","0","0","0","1","02466","0","","5.0","","2","N","N","","0","","0","0","0","","0","N","","1","0","0","0","0","0","0","2","0","1","","","","N","","","","","","","","","",""
"2008016849","","1","0","0","0","0","0","0","0","0","7","0","","02","2","2008","6","40.530556","-79.956033","0606","11","0","0","0","0","1","0","0","0","","0","0","0","","","0","","0","","40 31:50.000","","0","79 57:21.719","0","0","0","0","2118","0","0","0","N","0","0","0","1","02118","0","","2.0","","2","N","N","","0","","0","0","0","","0","","","1","0","0","0","0","0","0","2","0","1","","","","N","","","","","","","","","",""
"2008016851","","2","0","0","0","0","0","0","0","0","1","0","","02","2","2008","6","40.433422","-79.887613","2250","11","0","0","0","0","0","0","0","0","","0","0","0","","","0","","0","","40 26:00.319","","0","79 53:15.406","0","0","0","0","2426","0","0","0","N","0","0","0","1","02426","0","","5.0","","9","N","N","","0","","0","0","0","","0","","","2","0","1","0","0","0","0","2","0","2","","","","N","","","","","","","","","",""
"2008016853","","1","0","0","0","0","0","0","0","0","7","0","","02","1","2008","7","40.502811","-80.061431","2338","11","0","0","0","1","0","0","0","0","","0","0","0","","","0","","2","","40 30:10.120","","0","80 03:41.152","0","0","0","0","2404","0","0","0","N","0","0","0","1","02404","0","","2.0","","9","N","N","","0","","0","0","0","","0","","","1","0","0","0","0","0","0","2","0","1","","","","N","","","","","","","","","",""
"2008016854","","2","0","0","0","0","0","0","0","0","5","0","","02","1","2008","4","40.499701","-80.052663","0610","11","0","0","0","0","0","1","0","0","1","0","0","0","","","0","","0","","40 29:58.923","1","0","80 03:09.586","0","0","0","0","2404","0","0","0","N","0","0","0","2","02404","0","","2.0","","1","N","N","","0","","0","0","0","","0","N","","2","0","0","0","0","0","0","2","0","2","","","","N","","","","","","","","","",""
"2008016856","","1","0","0","0","0","0","0","0","0","7","0","","02","2","2008","6","40.3914","-79.8344","0512","11","0","0","0","0","0","0","0","0","1","0","0","0","","","0","","0","","40 23:29.040","3","0","79 50:03.840","0","0","0","0","2111","0","0","0","N","0","0","0","1","02111","0","","2.0","","2","N","N","","0","","0","0","0","","0","N","","1","0","0","0","0","0","0","2","0","1","","","","N","","","","","","","","","",""
"2008016859","","1","0","0","0","0","0","0","0","0","7","0","","02","2","2008","7","40.478943","-79.732413","0444","11","0","0","0","0","0","0","0","0","1","0","0","0","","","0","","0","","40 28:44.194","6","0","79 43:56.687","0","0","0","0","2466","0","0","0","N","0","0","0","1","02466","0","","5.0","","9","N","N","","0","","0","0","0","","0","N","","1","0","0","0","0","0","0","2","0","1","","","","N","","","","","","","","","",""
"2008016875","","0","0","0","0","0","0","0","0","0","1","0","","02","1","2008","4","","","1741","11","0","0","0","0","0","0","0","0","","0","0","0","","","3","","6","","40 26:53.52","","0","80 00:29.16","3","0","0","0","2301","0","0","0","N","0","0","0","3","68B03","2","","7.0","","1","N","N","","1","","1","0","1","","4","","","2","3","0","0","0","0","0","2","0","2","","","","N","","","","","","","","","",""
"2008016876","","0","0","0","0","0","0","0","0","0","1","1","","02","1","2008","5","","","1710","11","0","0","0","0","0","0","0","0","2","0","1","0","","","1","","0","","40 26:21.84","4","3","80 00:30.96","3","0","0","0","2301","0","0","0","N","0","0","0","2","68B03","0","","1.0","","1","N","N","","0","","1","0","0","","0","N","","2","1","1","0","0","0","0","2","1","2","","","","N","","","","","","","","","",""
"2008016885","","1","0","0","0","0","0","0","0","0","99","0","","02","1","2008","2","40.621248","-79.745656","1835","11","0","0","0","0","0","0","0","0","","0","0","0","","","0","","0","","40 37:16.491","","0","79 44:44.360","0","0","0","0","2202","0","0","0","N","0","0","0","1","68D02","0","","1.0","","1","N","N","","0","","0","0","0","","0","","","1","0","0","0","0","0","0","2","0","1","","","","N","","","","","","","","","",""
"2008016920","","0","0","0","0","0","0","0","0","0","0","0","","02","2","2008","6","40.407227","-80.130396","1145","11","0","0","0","0","0","0","0","0","","0","0","0","","","0","","0","","40 24:26.016","","0","80 07:49.427","0","0","0","0","2102","0","0","0","N","0","0","0","2","02102","0","","5.0","","2","N","N","","0","","0","0","1","","0","","","1","0","0","0","0","0","0","1","0","1","","","","N","","","","","","","","","",""
"2008016928","","1","0","0","0","0","0","0","0","0","1","0","","02","1","2008","4","40.538333","-79.962538","1302","11","0","0","0","0","0","0","0","0","","0","0","0","","","1","","1","","40 32:18.000","","0","79 57:45.136","8","0","0","0","2118","0","0","0","N","0","0","0","2","02118","0","","1.0","","1","N","N","","0","","0","0","1","","2","","","2","1","0","0","0","1","0","2","0","2","","","","N","","","","","","","","","",""
"2008016929","","2","0","0","0","0","0","0","0","0","1","0","","02","2","2008","6","40.3667","-80.1059","1425","11","0","1","0","0","0","0","0","0","","0","0","0","","","0","","0","","40 22:00.120","","0","80 06:21.240","9","0","0","0","2102","0","0","0","N","0","0","0","3","02102","0","","1.0","","9","N","N","","0","","0","0","0","","0","","","2","0","0","0","0","0","1","2","0","2","","","","N","","","","","","","","","",""
"2008017210","","1","0","0","0","0","0","0","0","0","2","0","","02","1","2008","4","40.491565","-80.061254","1202","11","0","0","0","0","1","0","0","0","","0","0","0","","","0","","1","","40 29:29.634","","0","80 03:40.515","0","0","0","0","2404","0","0","0","N","0","0","0","3","02404","0","","1.0","","1","N","N","","1","","0","0","0","","2","","","2","0","0","0","0","0","0","2","0","2","","","","N","","","","","","","","","",""
"2008017326","","2","0","0","0","0","0","0","0","0","4","0","","02","1","2008","3","40.644444","-79.938364","1055","11","0","0","0","0","0","0","0","0","1","0","0","0","","","0","","2","","40 38:40.000","2","0","79 56:18.112","0","0","0","0","2217","0","0","0","N","0","0","0","2","02505","0","","1.0","","1","N","N","","0","","0","0","0","","2","N","","2","0","0","0","0","0","0","2","0","2","","","","N","","","","","","","","","",""
"2008017445","","0","0","0","0","0","0","0","0","0","7","0","","02","1","2008","6","40.517617","-80.045487","1957","11","0","0","0","0","0","0","0","0","","0","0","0","","","0","","0","","40 31:03.421","","0","80 02:43.753","0","0","0","0","2474","0","0","0","N","0","0","0","3","02474","0","","5.0","","1","N","N","","1","","0","0","0","","0","","","1","0","0","0","0","0","0","2","0","1","","","","N","","","","","","","","","",""
"2008017562","","1","0","0","0","0","0","0","0","0","7","0","","02","2","2008","6","40.42503","-80.054032","2145","11","0","0","0","0","0","0","0","0","","0","0","0","","","0","","0","","40 25:30.108","","0","80 03:14.515","0","0","0","0","2435","0","0","0","N","0","0","0","1","02435","0","","4.0","","2","N","N","","0","","0","0","0","","0","","","1","0","0","0","0","0","0","2","0","1","","","","N","","","","","","","","","",""
"2008017569","","1","0","0","0","0","0","0","0","0","7","0","","02","2","2008","6","40.589722","-79.873977","0712","11","0","0","0","1","0","0","0","0","","0","0","0","","","1","","3","","40 35:23.000","","0","79 52:26.316","3","0","0","0","2209","0","0","0","N","0","0","0","1","02209","0","","2.0","","2","N","N","","0","","1","0","0","","0","","","1","1","0","0","0","0","0","2","0","1","","","","N","","","","","","","","","",""
"2008017627","","1","0","0","0","0","0","0","0","0","7","0","","02","2","2008","7","40.5937","-79.9656","2355","11","0","0","1","0","0","0","0","0","","0","0","0","","","0","","0","","40 35:37.320","","0","79 57:56.160","0","0","0","0","2207","0","0","0","","0","0","0","1","02207","0","","5.0","","2","","N","","0","","0","0","0","","0","","","1","0","0","0","0","0","0","2","0","1","","","","N","","","","","","","","","",""
"2008017628","","1","0","0","0","0","0","0","0","0","2","0","","02","2","2008","7","40.471247","-80.109675","0027","11","1","0","0","0","0","0","0","0","","0","0","0","","","0","","0","","40 28:16.490","","0","80 06:34.830","0","0","0","0","2126","0","0","0","N","0","0","0","1","02126","0","","1.0","","2","N","N","","1","","0","0","0","","0","","","2","0","0","0","0","0","0","2","0","2","","","","N","","","","","","","","","",""
"2008017630","","1","0","0","0","0","0","0","0","0","7","0","","02","1","2008","3","40.275833","-79.937913","0058","11","0","0","0","0","0","0","0","0","1","0","0","0","","","1","","0","","40 16:33.000","4","0","79 56:16.485","8","0","0","0","2440","0","0","0","N","0","0","0","1","02440","0","","2.0","","2","N","N","","0","","0","0","0","","0","N","","1","1","0","0","0","1","0","2","0","1","","","","N","","","","","","","","","",""
"2008017633","","0","0","0","0","0","0","0","0","0","7","0","","02","2","2008","6","40.401419","-80.055146","0522","11","0","0","0","0","0","0","0","0","","0","0","0","","","0","","0","","40 24:05.109","","0","80 03:18.524","0","0","0","0","2117","0","0","0","N","0","0","0","2","02117","0","","5.0","","2","N","N","","0","","0","0","1","","0","","","1","0","0","0","0","0","0","2","0","1","","","","N","","","","","","","","","",""
"2008017645","","2","0","0","0","0","0","0","0","0","1","0","","02","1","2008","4","40.410956","-80.074357","0001","11","0","0","0","0","0","0","0","0","2","0","0","0","","","0","","0","","40 24:39.440","1","0","80 04:27.686","0","0","0","0","2117","0","0","0","N","0","0","0","1","68B03","0","","1.0","","1","N","N","","0","","0","0","0","","0","N","","2","0","0","0","0","0","0","2","0","2","","","","N","","","","","","","","","",""
"2008017664","","2","0","0","0","0","0","0","0","0","1","0","","02","2","2008","7","40.628889","-80.056519","1242","11","0","0","0","0","0","2","0","0","1","0","0","0","","","1","","1","","40 37:44.000","2","0","80 03:23.470","8","0","0","0","2216","0","0","0","N","0","0","0","2","02505","0","","1.0","","9","N","N","","0","","0","0","0","","2","N","","2","1","0","0","0","1","0","2","0","2","","","","N","","","","","","","","","",""
"2008017666","","1","0","0","0","0","0","0","0","0","7","0","","02","1","2008","4","40.453982","-80.234837","0628","11","0","0","0","0","0","0","0","0","1","0","0","0","","","0","","0","","40 27:14.335","1","0","80 14:05.413","0","0","0","0","2203","0","0","0","N","0","0","0","1","02203","0","","4.0","","2","N","N","","0","","0","0","0","","0","N","","1","0","1","0","0","0","0","2","0","1","","","","N","","","","","","","","","",""
"2008017667","","1","0","0","0","0","0","0","0","0","7","0","","02","2","2008","7","40.4538","-79.8447","1135","11","0","0","0","0","0","0","0","0","","0","0","0","","","0","","0","","40 27:13.680","","0","79 50:40.920","0","0","0","0","2419","0","0","0","N","0","0","0","1","02419","0","","5.0","","2","N","N","","0","","0","0","0","","0","","","1","0","0","0","0","0","0","2","0","1","","","","N","","","","","","","","","",""
"2008017675","","0","0","0","0","0","0","0","0","0","7","0","","02","2","2008","7","40.518229","-79.895281","1742","11","0","0","0","0","0","0","0","0","3","0","0","0","","","1","","0","","40 31:05.626","5","0","79 53:43.012","3","0","0","0","2432","0","0","0","N","0","0","0","1","02432","0","","2.0","","9","N","N","","1","","1","0","0","","0","Y","","1","1","1","0","0","0","0","2","0","1","","","","N","","","","","","","","","",""
"2008017676","","1","0","0","0","0","0","0","0","0","7","0","","02","2","2008","6","40.646884","-79.970846","0905","11","0","0","0","1","0","0","0","0","","0","0","0","","","0","","0","","40 38:48.782","","0","79 58:15.045","0","0","0","0","2217","0","0","0","N","0","0","0","1","02505","0","","5.0","","2","N","N","","0","","0","0","0","","0","","","1","0","0","0","0","0","0","2","0","1","","","","N","","","","","","","","","",""
"2008017713","","1","0","0","0","0","0","0","0","0","1","0","","02","1","2008","4","","","1545","11","0","0","0","0","0","1","0","0","","0","0","0","","","0","","0","","40 25:07.68","","0","80 03:11.88","0","0","0","0","2435","0","0","0","N","0","0","0","3","68B03","0","","1.0","","1","N","N","","1","","0","0","1","","0","","","3","0","0","0","0","0","0","2","0","3","","","","N","","","","","","","","","",""
"2008017717","","2","0","0","0","0","0","0","0","0","1","0","","02","2","2008","6","","","1247","11","0","0","0","0","0","0","0","0","","0","0","0","","","0","","0","","40 26:13.56","","4","80 00:52.20","0","0","0","0","2301","0","0","0","N","0","0","0","2","68B03","0","","1.0","","9","N","N","","0","","0","0","0","","0","","","2","0","0","0","0","0","0","2","0","2","","","","N","","","","","","","","","",""
"2008017719","","0","0","0","0","0","0","0","0","0","4","0","","02","2","2008","1","40.321","-79.9422","1759","11","0","0","0","0","0","0","0","0","1","0","0","0","","","0","","0","","40 19:15.600","2","0","79 56:31.920","0","0","0","0","2454","0","0","0","N","0","0","0","6","02454","0","","1.0","","1","N","N","","1","","0","0","1","","0","N","","2","0","0","0","0","0","0","2","0","2","","","","N","","","","","","","","","",""