"CRN","ARRIVAL_TM","AUTOMOBILE_COUNT","BELTED_DEATH_COUNT","BELTED_SUSP_SERIOUS_INJ_COUNT","BICYCLE_COUNT","BICYCLE_DEATH_COUNT","BICYCLE_SUSP_SERIOUS_INJ_COUNT","BUS_COUNT","CHLDPAS_DEATH_COUNT","CHLDPAS_SUSP_SERIOUS_INJ_COUNT","COLLISION_TYPE","COMM_VEH_COUNT","CONS_ZONE_SPD_LIM","COUNTY","CRASH_MONTH","CRASH_YEAR","DAY_OF_WEEK","DEC_LATITUDE","DEC_LONGITUDE","DISPATCH_TM","DISTRICT","DRIVER_COUNT_16YR","DRIVER_COUNT_17YR","DRIVER_COUNT_18YR","DRIVER_COUNT_19YR","DRIVER_COUNT_20YR","DRIVER_COUNT_50_64YR","DRIVER_COUNT_65_74YR","DRIVER_COUNT_75PLUS","EST_HRS_CLOSED","FATAL_COUNT","HEAVY_TRUCK_COUNT","HORSE_BUGGY_COUNT","HOUR_OF_DAY","ILLUMINATION","INJURY_COUNT","INTERSECTION_RELATED","INTERSECT_TYPE","LANE_CLOSED","LATITUDE","LN_CLOSE_DIR","LOCATION_TYPE","LONGITUDE","MAX_SEVERITY_LEVEL","MCYCLE_DEATH_COUNT","MCYCLE_SUSP_SERIOUS_INJ_COUNT","MOTORCYCLE_COUNT","MUNICIPALITY","NONMOTR_COUNT","NONMOTR_DEATH_COUNT","NONMOTR_SUSP_SERIOUS_INJ_COUNT","NTFY_HIWY_MAINT","PED_COUNT","PED_DEATH_COUNT","PED_SUSP_SERIOUS_INJ_COUNT","PERSON_COUNT","POLICE_AGCY","POSSIBLE_INJ_COUNT","RDWY_SURF_TYPE_CD","RELATION_TO_ROAD","ROADWAY_CLEARED","ROAD_CONDITION","SCH_BUS_IND","SCH_ZONE_IND","SECONDARY_CRASH","SMALL_TRUCK_COUNT","SPEC_JURIS_CD","SUSP_MINOR_INJ_COUNT","SUSP_SERIOUS_INJ_COUNT","SUV_COUNT","TCD_FUNC_CD","TCD_TYPE","TFC_DETOUR_IND","TIME_OF_DAY","TOTAL_UNITS","TOT_INJ_COUNT","UNBELTED_OCC_COUNT","UNB_DEATH_COUNT","UNB_SUSP_SERIOUS_INJ_COUNT","UNK_INJ_DEG_COUNT","UNK_INJ_PER_COUNT","URBAN_RURAL","VAN_COUNT","VEHICLE_COUNT","WEATHER1","WEATHER2","WORKERS_PRES","WORK_ZONE_IND","WORK_ZONE_LOC","WORK_ZONE_TYPE","WZ_CLOSE_DETOUR","WZ_FLAGGER","WZ_LAW_OFFCR_IND","WZ_LN_CLOSURE","WZ_MOVING","WZ_OTHER","WZ_SHLDER_MDN","WZ_WORKERS_INJ_KILLED"
"2008019830","","1","0","0","0","0","0","0","0","0","7","0","","02","1","2008","5","40.467958","-79.947381","1657","11","0","1","0","0","0","0","0","0","3","0","0","0","","","0","","0","","40 28:04.650","7","0","79 56:50.570","0","0","0","0","2301","0","0","0","N","0","0","0","4","02301","0","","2.0","","1","N","N","","0","","0","0","0","","0","N","","1","0","0","0","0","0","0","2","0","1","","","","N","","","","","","","","","",""
"2008019831","","2","0","0","0","0","0","0","0","0","4","0","","02","1","2008","6","40.455546","-79.879422","1137","11","0","0","0","0","0","0","0","1","1","0","0","0","","","0","","0","","40 27:19.967","3","7","79 52:45.919","0","0","0","0","2301","0","0","0","N","0","0","0","2","02301","0","","1.0","","9","N","N","","0","","0","0","0","","0","N","","2","0","0","0","0","0","0","2","0","2","","","","N","","","","","","","","","",""
"2008019832","","2","0","0","0","0","0","0","0","0","4","0","","02","1","2008","6","40.48738","-79.918233","2149","11","0","0","0","1","0","0","0","0","","0","0","0","","","0","","2","","40 29:14.569","","0","79 55:05.637","0","0","0","0","2301","0","0","0","N","0","0","0","5","02301","0","","1.0","","1","N","N","","0","","0","0","0","","2","","","2","0","0","0","0","0","0","2","0","2","","","","N","","","","","","","","","",""
"2008019833","","2","0","0","0","0","0","0","0","0","4","0","","02","1","2008","7","40.462818","-79.957273","1531","11","0","0","0","0","0","1","0","0","","0","0","0","","","1","","1","","40 27:46.145","","0","79 57:26.183","4","0","0","0","2301","0","0","0","N","0","0","0","2","02301","1","","1.0","","1","N","N","","0","","0","0","0","","2","","","2","1","2","0","0","0","0","2","0","2","","","","N","","","","","","","","","",""
"2008019834","","0","0","0","0","0","0","0","0","0","4","0","","02","1","2008","1","40.458923","-79.931813","0956","11","0","0","0","0","0","1","0","0","","0","0","0","","","1","","1","","40 27:32.122","","0","79 55:54.528","4","0","0","0","2301","0","0","0","N","0","0","0","2","02301","1","","1.0","","1","N","N","","1","","0","0","1","","2","","","2","1","0","0","0","0","0","2","0","2","","","","N","","","","","","","","","",""
"2008019835","","1","0","0","0","0","0","0","0","0","0","0","","02","1","2008","4","40.461772","-79.936304","1048","11","0","0","0","0","0","0","1","0","","0","0","0","","","0","","1","","40 27:42.379","","0","79 56:10.694","0","0","0","0","2301","0","0","0","N","0","0","0","2","02301","0","","5.0","","9","N","N","","0","","0","0","1","","3","","","2","0","0","0","0","0","0","2","0","2","","","","N","","","","","","","","","",""
"2008019836","","1","0","0","0","0","0","0","0","0","1","0","","02","1","2008","4","40.4928","-79.9385","1258","11","0","0","0","0","0","1","0","0","","0","0","0","","","0","","0","","40 29:34.080","","2","79 56:18.600","0","0","0","0","2301","0","0","0","N","0","0","0","3","02301","0","","7.0","","9","N","N","","0","","0","0","1","","0","","","2","0","0","0","0","0","0","2","0","2","","","","N","","","","","","","","","",""
"2008019837","","1","0","0","0","0","0","0","0","0","4","0","","02","1","2008","4","40.464676","-79.936424","1112","11","0","0","0","0","0","0","0","0","","0","0","0","","","0","","1","","40 27:52.833","","0","79 56:11.126","0","0","0","0","2301","0","0","0","N","0","0","0","2","02301","0","","1.0","","1","N","N","","0","","0","0","1","","2","","","2","0","0","0","0","0","0","2","0","2","","","","N","","","","","","","","","",""
"2008019838","","1","0","0","0","0","0","0","0","0","7","0","","02","1","2008","4","40.465049","-79.890063","1444","11","0","0","0","0","0","0","0","1","","0","0","0","","","0","","2","","40 27:54.176","","0","79 53:24.226","0","0","0","0","2301","0","0","0","N","0","0","0","1","02301","0","","5.0","","1","N","N","","0","","0","0","0","","0","","","1","0","0","0","0","0","0","2","0","1","","","","N","","","","","","","","","",""
"2008019839","","2","0","0","0","0","0","0","0","0","4","0","","02","1","2008","5","40.459513","-79.895513","2325","11","0","0","0","0","0","0","0","0","","0","0","0","","","0","","1","","40 27:34.246","","0","79 53:43.846","9","0","0","0","2301","0","0","0","N","0","0","0","2","02301","0","","1.0","","9","N","N","","0","","0","0","0","","3","","","2","0","0","0","0","0","1","2","0","2","","","","N","","","","","","","","","",""
"2008019840","","3","0","0","0","0","0","0","0","0","1","0","","02","1","2008","6","40.4363","-79.971","1416","11","0","0","0","0","0","1","0","0","1","0","0","0","","","0","","0","","40 26:10.680","2","0","79 58:15.600","0","0","0","0","2301","0","0","0","","0","0","0","3","02301","0","","1.0","","1","N","N","","0","","0","0","0","","0","N","","3","0","0","0","0","0","0","2","0","3","","","","N","","","","","","","","","",""
"2008019841","","0","0","0","0","0","0","0","0","0","4","0","","02","1","2008","7","40.454755","-79.932541","0126","11","0","0","0","0","0","0","0","0","2","0","0","0","","","7","","1","","40 27:17.118","6","0","79 55:57.147","4","0","0","0","2301","0","0","0","N","0","0","0","8","02301","5","","1.0","","1","N","N","","0","","0","0","1","","2","Y","","2","7","5","0","0","2","0","2","1","2","","","","N","","","","","","","","","",""
"2008019842","","1","0","0","0","0","0","0","0","0","7","0","","02","1","2008","1","40.434999","-79.982217","0852","11","0","0","0","0","0","0","0","0","4","0","0","0","","","2","","0","","40 26:05.996","6","0","79 58:55.980","3","0","0","0","2301","0","0","0","Y","0","0","0","2","02301","1","","5.0","","1","N","N","","0","","1","0","0","","0","Y","","1","2","2","0","0","0","0","2","0","1","","","","N","","","","","","","","","",""
"2008019843","","1","0","0","0","0","0","0","0","0","6","0","","02","1","2008","3","","","1236","11","0","0","0","0","0","0","0","0","","0","0","0","","","0","","0","","","","0","","0","0","0","0","2301","0","0","0","N","0","0","0","5","02301","0","","1.0","","1","N","N","","0","","0","0","0","","0","","","2","0","0","0","0","0","0","1","1","2","","","","N","","","","","","","","","",""
"2008019844","","1","0","0","0","0","0","0","0","0","4","0","","02","1","2008","6","40.453451","-79.931781","0100","11","0","0","0","0","0","0","0","0","","0","0","0","","","0","","1","","40 27:12.423","","0","79 55:54.411","0","0","0","0","2301","0","0","0","N","0","0","0","4","02301","0","","1.0","","9","N","N","","0","","0","0","1","","3","","","2","0","0","0","0","0","0","2","0","2","","","","N","","","","","","","","","",""
"2008019845","","1","0","0","0","0","0","0","0","0","7","0","","02","1","2008","4","40.382778","-79.929878","1350","11","0","0","0","0","0","1","0","0","2","0","0","0","","","1","","0","","40 22:58.000","2","0","79 55:47.560","2","0","0","0","2301","0","0","0","N","0","0","0","1","02301","0","","4.0","","1","N","N","","0","","0","1","0","","0","N","","1","1","0","0","0","0","0","2","0","1","","","","N","","","","","","","","","",""
"2008019846","","1","0","0","0","0","0","0","0","0","0","0","","02","1","2008","5","40.378898","-79.923594","1116","11","0","1","0","0","0","0","0","0","1","0","0","0","","","2","","0","","40 22:44.034","1","0","79 55:24.937","8","0","0","0","2301","0","0","0","N","0","0","0","2","02301","0","","5.0","","1","N","N","","0","","0","0","0","","0","N","","1","2","1","0","0","2","0","2","0","1","","","","N","","","","","","","","","",""
"2008019847","","3","0","0","0","0","0","0","0","0","4","0","","02","1","2008","3","","","1633","11","0","0","0","0","0","0","0","0","1","0","0","0","","","1","","0","","","1","3","","4","0","0","0","2301","0","0","0","N","0","0","0","5","02301","1","","1.0","","2","N","N","","0","","0","0","0","","0","N","","4","1","0","0","0","0","0","1","1","4","","","","N","","","","","","","","","",""
"2008019848","","0","0","0","0","0","0","0","0","0","4","0","","02","1","2008","3","40.460972","-79.968164","1806","11","0","0","0","0","0","0","0","0","","0","0","0","","","0","","0","","40 27:39.499","","7","79 58:05.391","0","0","0","0","2301","0","0","0","N","0","0","0","2","02301","0","","1.0","","7","N","N","","1","","0","0","1","","0","","","2","0","0","0","0","0","0","2","0","2","","","","N","","","","","","","","","",""
"2008019849","","2","0","0","0","0","0","0","0","0","4","0","","02","1","2008","7","40.437386","-79.965556","1647","11","0","0","1","0","0","0","0","0","2","0","0","0","","","0","","0","","40 26:14.590","4","0","79 57:56.000","0","0","0","0","2301","0","0","0","N","0","0","0","3","02301","0","","1.0","","1","N","N","","0","","0","0","0","","0","N","","2","0","0","0","0","0","0","2","0","2","","","","N","","","","","","","","","",""
"2008019850","","1","0","0","0","0","0","0","0","0","7","0","","02","1","2008","1","40.3321","-79.9335","0200","11","0","0","0","0","0","0","0","0","2","0","0","0","","","0","","0","","40 19:55.560","2","0","79 56:00.600","0","0","0","0","2301","0","0","0","N","0","0","0","2","02301","0","","5.0","","1","N","N","","0","","0","0","0","","0","N","","1","0","0","0","0","0","0","2","0","1","","","","N","","","","","","","","","",""
"2008019855","","0","0","0","0","0","0","0","0","0","7","0","","02","1","2008","5","40.446333","-80.067522","0228","11","0","0","0","0","0","0","0","0","2","0","0","0","","","0","","0","","40 26:46.800","7","0","80 04:03.080","9","0","0","0","2439","0","0","0","N","0","0","0","1","02439","0","","4.0","","1","N","N","","0","","0","0","1","","0","Y","","1","0","0","0","0","0","1","2","0","1","","","","N","","","","","","","","","",""
"2008019885","","1","0","0","0","0","0","0","0","0","4","0","","02","2","2008","2","40.556389","-79.819365","0540","11","0","0","0","0","0","1","1","0","","0","0","0","","","2","","1","","40 33:23.000","","0","79 49:09.713","8","0","0","0","2208","0","0","0","N","0","0","0","2","02208","0","","1.0","","9","N","N","","0","","0","0","0","","0","","","2","2","1","0","0","2","0","2","1","2","","","","N","","","","","","","","","",""
"2008019901","","1","0","0","0","0","0","0","0","0","7","0","","02","2","2008","3","40.423056","-79.754577","0913","11","0","0","0","0","0","0","0","0","1","0","0","0","","","1","","0","","40 25:23.000","1","0","79 45:16.477","3","0","0","0","2446","0","0","0","N","0","0","0","1","02446","0","","2.0","","9","N","N","","0","","1","0","0","","0","N","","1","1","0","0","0","0","0","2","0","1","","","","N","","","","","","","","","",""
"2008019907","","2","0","0","0","0","0","0","0","0","4","0","","02","2","2008","4","40.590278","-79.948386","1059","11","0","0","0","0","0","1","1","0","1","0","0","0","","","1","","1","","40 35:25.000","2","0","79 56:54.188","8","0","0","0","2207","0","0","0","N","0","0","0","3","02207","0","","1.0","","1","N","N","","0","","0","0","0","","2","N","","2","1","1","0","0","1","0","2","0","2","","","","N","","","","","","","","","",""
"2008019920","","1","0","0","0","0","0","0","0","0","4","0","","02","2","2008","3","40.383056","-79.827773","2214","11","0","0","1","0","0","0","0","0","2","0","0","0","","","1","","1","","40 22:59.000","4","0","79 49:39.981","3","0","0","0","2111","0","0","0","N","0","0","0","2","02111","0","","1.0","","9","N","N","","1","","1","0","0","","2","N","","2","1","0","0","0","0","0","2","0","2","","","","N","","","","","","","","","",""
"2008019925","","1","0","0","0","0","0","0","0","0","1","0","","02","2","2008","4","40.475","-79.772879","1514","11","0","0","0","0","0","1","0","0","2","0","0","0","","","2","","2","","40 28:30.000","3","0","79 46:22.366","8","0","0","0","2466","0","0","0","N","0","0","0","3","02466","0","","1.0","","9","N","N","","0","","0","0","1","","0","N","","2","2","0","0","0","2","0","2","0","2","","","","N","","","","","","","","","",""
"2008019927","","0","0","0","0","0","0","0","0","0","1","0","","02","2","2008","3","40.486327","-80.054008","1525","11","0","0","0","0","0","2","0","0","2","0","0","0","","","2","","2","","40 29:10.778","1","0","80 03:14.429","2","0","0","0","2404","0","0","0","N","0","0","0","5","02404","0","","1.0","","9","Y","N","","0","","0","1","0","","2","N","","3","2","0","0","0","1","0","2","2","3","","","","N","","","","","","","","","",""
"2008019933","","1","0","0","0","0","0","0","0","0","4","0","","02","1","2008","4","40.516667","-80.221347","1559","11","0","0","0","0","0","0","0","0","1","0","0","0","","","1","","1","","40 31:00.000","1","0","80 13:16.848","8","0","0","0","2213","0","0","0","N","0","0","0","3","02213","0","","1.0","","1","N","N","","1","","0","0","0","","2","Y","","2","1","0","0","0","1","0","2","0","2","","","","N","","","","","","","","","",""
"2008020013","","0","0","0","0","0","0","0","0","0","4","0","","02","2","2008","4","40.385353","-79.821967","1543","11","0","0","0","0","0","1","0","1","","0","0","0","","","1","","2","","40 23:07.269","","0","79 49:19.080","4","0","0","0","2111","0","0","0","N","0","0","0","3","02111","1","","1.0","","1","N","N","","1","","0","0","0","","3","","","2","1","0","0","0","0","0","2","1","2","","","","N","","","","","","","","","",""
"2008020092","","0","0","0","0","0","0","0","0","0","7","0","","02","2","2008","3","40.5015","-80.1163","1724","11","0","1","0","0","0","0","0","0","","0","0","0","","","1","","0","","40 30:05.400","","0","80 06:58.680","3","0","0","0","2126","0","0","0","N","0","0","0","1","02126","0","","2.0","","9","N","N","","1","","1","0","0","","0","","","1","1","0","0","0","0","0","2","0","1","","","","N","","","","","","","","","",""
"2008020121","","0","0","0","0","0","0","0","0","0","7","0","","02","2","2008","2","40.435556","-79.80182","0530","11","0","0","0","0","0","0","0","0","","0","0","0","","","0","","0","","40 26:08.000","","0","79 48:06.551","0","0","0","0","2446","0","0","0","N","0","0","0","2","02446","0","","5.0","","2","N","N","","1","","0","0","1","","0","","","2","0","0","0","0","0","0","2","0","2","","","","N","","","","","","","","","",""
"2008020122","","1","0","0","0","0","0","0","0","0","7","0","","02","2","2008","4","40.6312","-79.9984","0341","11","0","0","0","0","0","0","0","0","3","0","0","0","","","2","","0","","40 37:52.320","3","0","79 59:54.240","3","0","0","0","2216","0","0","0","Y","0","0","0","2","02505","0","","2.0","","9","N","N","","0","","1","0","0","","0","N","","1","2","2","0","0","1","0","1","0","1","","","","N","","","","","","","","","",""
"2008020128","","1","0","0","0","0","0","0","0","0","7","0","","02","2","2008","5","40.538968","-79.799522","0124","11","0","0","0","0","0","0","0","0","","0","0","0","","","0","","0","","40 32:20.286","","0","79 47:58.279","0","0","0","0","2418","0","0","0","N","0","0","0","2","02418","0","","5.0","","1","N","N","","0","","0","0","0","","0","","","1","0","0","0","0","0","0","2","0","1","","","","N","","","","","","","","","",""
"2008020132","","0","0","0","0","0","0","0","0","0","1","0","","02","2","2008","4","40.502407","-79.985648","1129","11","0","0","0","0","1","0","0","0","1","0","0","0","","","0","","2","","40 30:08.665","2","0","79 59:08.332","0","0","0","0","2118","0","0","0","N","0","0","0","2","02118","0","","1.0","","9","N","N","","2","","0","0","0","","0","N","","2","0","0","0","0","0","0","2","0","2","","","","N","","","","","","","","","",""
"2008020152","","3","0","0","0","0","0","0","0","0","1","0","","02","2","2008","4","","","0723","11","0","0","0","0","0","1","0","0","","0","0","0","","","0","","0","","40 28:10.92","","0","80 00:11.52","0","0","0","0","2301","0","0","0","N","0","0","0","3","68B03","0","","1.0","","1","N","N","","0","","0","0","0","","0","","","3","0","0","0","0","0","0","2","0","3","","","","N","","","","","","","","","",""
"2008020153","","1","0","0","0","0","0","0","0","0","5","0","","02","2","2008","4","","","0701","11","0","0","0","0","0","0","0","0","","0","0","0","","","1","","0","","40 26:08.16","","0","80 01:03.36","4","0","0","0","2301","0","0","0","N","0","0","0","1","68B03","1","","1.0","","9","N","N","","0","","0","0","1","","0","","","2","1","0","0","0","0","0","2","0","2","","","","N","","","","","","","","","",""
"2008020154","","2","0","0","0","0","0","0","0","0","1","0","","02","2","2008","4","","","0723","11","0","0","0","0","0","0","0","0","","0","0","0","","","0","","0","","40 28:10.92","","0","80 00:11.52","0","0","0","0","2301","0","0","0","N","0","0","0","2","68B03","0","","1.0","","1","N","N","","0","","0","0","0","","0","","","2","0","0","0","0","0","0","2","0","2","","","","N","","","","","","","","","",""
"2008020168","","0","0","0","0","0","0","0","0","0","7","0","","02","2","2008","1","40.4999","-79.8633","0340","11","0","0","0","0","0","0","0","0","2","0","0","0","","","1","","0","","40 29:59.640","1","0","79 51:47.880","4","0","0","0","2112","0","0","0","N","0","0","0","1","68D02","1","","2.0","","1","N","N","","0","","0","0","1","","0","N","","1","1","0","0","0","0","0","2","0","1","","","","N","","","","","","","","","",""
"2008020221","","1","0","0","0","0","0","0","0","0","7","0","","02","2","2008","7","40.5986","-79.9217","0816","11","0","0","0","0","0","0","0","0","1","0","0","0","","","1","","0","","40 35:54.960","4","0","79 55:18.120","4","0","0","0","2207","0","0","0","N","0","0","0","1","68T02","1","","3.0","","2","N","N","","0","","0","0","0","","0","N","","1","1","0","0","0","0","0","1","0","1","","","","N","","","","","","","","","",""
"2008020222","","1","0","0","0","0","0","0","0","0","7","0","","02","2","2008","3","40.6577","-80.0837","0639","11","0","0","0","0","0","0","0","0","","0","0","0","","","0","","0","","40 39:27.720","","0","80 05:01.320","0","0","0","0","2212","0","0","0","N","0","0","0","1","68T02","0","","2.0","","8","N","N","","0","","0","0","0","","0","","","1","0","0","0","0","0","0","2","0","1","","","","N","","","","","","","","","",""
"2008020223","","1","0","0","0","0","0","0","0","0","7","0","","02","2","2008","3","40.6402","-80.0035","0902","11","0","0","0","0","0","0","0","0","1","0","0","0","","","1","","0","","40 38:24.720","3","0","80 00:12.600","8","0","0","0","2216","0","0","0","N","0","0","0","1","68T02","0","","3.0","","8","N","N","","0","","0","0","0","","0","N","","1","1","0","0","0","1","0","1","0","1","","","","N","","","","","","","","","",""
"2008020242","","0","0","0","0","0","0","0","0","0","7","0","","02","2","2008","2","","","1104","11","0","0","0","0","0","0","1","0","","0","0","0","","","1","","0","","","","0","","4","0","0","0","2116","0","0","0","N","0","0","0","3","02116","1","","5.0","","9","N","N","","0","","0","0","2","","0","","","2","1","0","0","0","0","0","1","0","2","","","","N","","","","","","","","","",""
"2008020266","","1","0","0","0","0","0","0","0","0","7","0","","02","2","2008","5","40.446893","-79.850575","1605","11","0","0","0","0","0","0","1","0","","0","0","0","","","0","","0","","40 26:48.814","","0","79 51:02.070","0","0","0","0","2419","0","0","0","N","0","0","0","1","02419","0","","5.0","","7","N","N","","0","","0","0","0","","0","","","1","0","0","0","0","0","0","2","0","1","","","","N","","","","","","","","","",""
"2008020272","","0","0","0","0","0","0","0","0","0","2","0","","02","2","2008","2","40.272778","-79.896135","1807","11","0","0","0","0","0","1","0","0","2","0","0","0","","","2","","1","","40 16:22.000","5","0","79 53:46.086","2","0","0","0","2471","0","0","0","N","0","0","0","3","02428","0","","1.0","","1","N","N","","1","","1","1","1","","0","Y","","2","2","1","0","1","0","0","2","0","2","","","","N","","","","","","","","","",""
"2008020280","","2","0","0","0","0","0","0","0","0","4","0","","02","2","2008","5","40.333897","-79.961635","1840","11","0","0","0","0","0","0","0","0","1","0","0","0","","","0","","1","","40 20:02.029","5","0","79 57:41.886","0","0","0","0","2454","0","0","0","N","0","0","0","2","02454","0","","1.0","","1","N","N","","0","","0","0","0","","3","Y","","2","0","0","0","0","0","0","2","0","2","","","","N","","","","","","","","","",""
"2008020284","","0","0","0","0","0","0","0","0","0","7","0","","02","2","2008","5","40.459175","-80.226411","1724","11","0","0","0","0","0","0","0","0","","0","0","0","","","1","","0","","40 27:33.030","","0","80 13:35.080","4","0","0","0","2203","0","0","0","N","0","0","0","3","02203","1","","2.0","","9","N","N","","0","","0","0","1","","0","","","1","1","0","0","0","0","2","2","0","1","","","","N","","","","","","","","","",""
"2008020287","","1","0","0","0","0","0","0","0","0","0","0","","02","2","2008","4","40.654444","-80.093249","1625","11","0","0","0","0","0","0","0","0","","0","0","0","","","0","","6","","40 39:16.000","","2","80 05:35.696","0","0","0","0","2212","0","0","0","Y","0","0","0","1","02505","0","","3.0","","9","N","N","","0","","0","0","0","","0","","","1","0","0","0","0","0","0","2","0","1","","","","N","","","","","","","","","",""
"2008020288","","1","0","0","0","0","0","0","0","0","0","0","","02","2","2008","5","40.466486","-80.219369","1527","11","0","0","0","0","0","0","0","0","1","0","0","0","","","0","","0","","40 27:59.348","6","0","80 13:09.729","0","0","0","0","2203","0","0","0","N","0","0","0","1","02203","0","","4.0","","7","N","N","","0","","0","0","0","","0","Y","","1","0","0","0","0","0","0","2","0","1","","","","N","","","","","","","","","",""
"2008020305","","1","0","0","0","0","0","0","0","0","7","0","","02","2","2008","5","40.650556","-80.041033","1935","11","0","0","0","0","0","0","0","0","1","0","0","0","","","0","","2","","40 39:02.000","6","0","80 02:27.719","0","0","0","0","2216","0","0","0","N","0","0","0","1","02505","0","","5.0","","6","N","N","","0","","0","0","0","","0","N","","1","0","0","0","0","0","0","2","0","1","","","","N","","","","","","","","","",""
"2008020981","","0","0","0","0","0","0","0","0","0","7","0","","02","1","2008","4","40.384516","-79.932991","0808","11","0","0","0","0","0","0","0","0","1","0","0","0","","","0","","0","","40 23:04.256","5","0","79 55:58.768","9","0","0","0","2115","0","0","0","N","0","0","0","1","02115","0","","2.0","","1","N","N","","1","","0","0","0","","0","N","","1","0","0","0","0","0","1","2","0","1","","","","N","","","","","","","","","",""
"2008020982","","2","0","0","0","0","0","0","0","0","4","0","","02","1","2008","4","","","1710","11","1","0","0","0","0","0","0","0","","0","0","0","","","0","","0","","","","0","","0","0","0","0","2115","0","0","0","N","0","0","0","4","02115","0","","1.0","","1","N","N","","0","","0","0","0","","0","","","2","0","0","0","0","0","0","1","0","2","","","","N","","","","","","","","","",""
"2008021163","","1","0","0","0","0","0","0","0","0","7","0","","02","2","2008","3","40.323175","-79.924665","1900","11","0","0","0","0","0","0","1","0","","0","0","0","","","0","","0","","40 19:23.431","","0","79 55:28.793","0","0","0","0","2440","0","0","0","N","0","0","0","2","02440","0","","2.0","","9","N","N","","0","","0","0","0","","3","","","1","0","0","0","0","0","0","2","0","1","","05","","N","","","","","","","","","",""
"2008021165","","2","0","0","0","0","0","0","0","0","4","0","","02","2","2008","5","40.444167","-79.758976","2130","11","0","0","0","0","0","0","0","0","","0","0","0","","","0","","1","","40 26:39.000","","0","79 45:32.312","0","0","0","0","2446","0","0","0","N","0","0","0","3","02446","0","","1.0","","9","N","N","","0","","0","0","0","","2","","","2","0","0","0","0","0","0","2","0","2","","","","N","","","","","","","","","",""
"2008021166","","0","0","0","0","0","0","1","0","0","8","1","","02","2","2008","5","40.440057","-79.998687","1315","11","0","0","0","0","0","1","0","0","","0","0","0","","","1","","1","","40 26:24.205","","0","79 59:55.273","4","0","0","0","2301","1","0","0","N","1","0","0","2","02503","1","","1.0","","9","N","N","","0","","0","0","0","","2","","","2","1","0","0","0","0","0","2","0","1","","","","N","","","","","","","","","",""
"2008021168","","0","0","0","0","0","0","0","0","0","7","0","","02","2","2008","6","40.314614","-79.907299","0631","11","0","0","0","0","0","0","0","0","","0","0","0","","","0","","0","","40 18:52.611","","0","79 54:26.277","0","0","0","0","2440","0","0","0","N","0","0","0","1","02440","0","","5.0","","2","N","N","","0","","0","0","1","","0","","","1","0","0","0","0","0","0","2","0","1","","","","N","","","","","","","","","",""
"2008021174","","1","0","0","0","0","0","0","0","0","7","0","","02","2","2008","6","40.6602","-79.8619","0814","11","0","0","0","0","0","0","0","0","2","0","0","0","","","0","","0","","40 39:36.720","3","0","79 51:42.840","0","0","0","0","2220","0","0","0","N","0","0","0","1","02220","0","","4.0","","6","N","N","","0","","0","0","0","","0","N","","1","0","0","0","0","0","0","1","0","1","","","","N","","","","","","","","","",""
"2008021176","","1","0","0","0","0","0","0","0","0","1","0","","02","2","2008","3","40.5325","-79.958468","1744","11","0","0","0","1","0","0","0","0","2","0","0","0","","","2","","2","","40 31:57.000","2","0","79 57:30.485","8","0","0","0","2118","0","0","0","N","0","0","0","3","02118","0","","1.0","","9","N","N","","0","","0","0","1","","2","Y","","2","2","0","0","0","2","1","2","0","2","","","","N","","","","","","","","","",""
"2008021178","","1","0","0","0","0","0","0","0","0","7","0","","02","2","2008","6","40.637222","-79.746133","0815","11","0","0","0","0","0","0","0","0","","0","0","0","","","0","","0","","40 38:14.000","","0","79 44:46.077","0","0","0","0","2202","0","0","0","N","0","0","0","1","02202","0","","5.0","","7","N","N","","0","","0","0","0","","0","","","1","0","0","0","0","0","0","1","0","1","","","","N","","","","","","","","","",""
"2008021184","","1","0","0","0","0","0","0","0","0","4","0","","02","2","2008","5","40.525556","-80.035576","1546","11","0","1","0","0","0","0","0","0","1","0","0","0","","","1","","1","","40 31:32.000","3","0","80 02:08.075","4","0","0","1","2116","0","0","0","N","0","0","0","3","02116","1","","1.0","","9","N","N","","0","","0","0","0","","2","N","","3","1","0","0","0","0","0","2","1","3","","","","N","","","","","","","","","",""
"2008021197","","1","0","0","0","0","0","0","0","0","7","0","","02","2","2008","6","40.655833","-79.953869","0804","11","0","1","0","0","0","0","0","0","2","0","0","0","","","0","","0","","40 39:21.000","4","0","79 57:13.929","0","0","0","0","2217","0","0","0","N","0","0","0","1","02505","0","","4.0","","7","N","N","","0","","0","0","0","","0","N","","1","0","0","0","0","0","0","2","0","1","","","","N","","","","","","","","","",""
"2008021207","","0","0","0","0","0","0","1","0","0","5","2","","02","2","2008","6","40.460764","-79.96994","1628","11","0","0","0","0","0","0","0","0","","0","1","0","","","1","","1","","40 27:38.749","","0","79 58:11.785","8","0","0","0","2301","0","0","0","N","0","0","0","4","02503","0","","1.0","","1","N","N","","0","","0","0","0","","2","","","2","1","0","0","0","1","0","2","0","2","","","","N","","","","","","","","","",""
"2008021209","","1","0","0","0","0","0","0","0","0","7","0","","02","2","2008","6","40.448419","-80.159097","2135","11","0","0","0","0","0","0","0","0","","0","0","0","","","0","","0","","40 26:54.310","","0","80 09:32.749","0","0","0","0","2115","0","0","0","Y","0","0","0","1","02115","0","","4.0","","1","N","N","","0","","0","0","0","","0","","","1","0","0","0","0","0","0","2","0","1","","","","N","","","","","","","","","",""