"CRN","ARRIVAL_TM","AUTOMOBILE_COUNT","BELTED_DEATH_COUNT","BELTED_SUSP_SERIOUS_INJ_COUNT","BICYCLE_COUNT","BICYCLE_DEATH_COUNT","BICYCLE_SUSP_SERIOUS_INJ_COUNT","BUS_COUNT","CHLDPAS_DEATH_COUNT","CHLDPAS_SUSP_SERIOUS_INJ_COUNT","COLLISION_TYPE","COMM_VEH_COUNT","CONS_ZONE_SPD_LIM","COUNTY","CRASH_MONTH","CRASH_YEAR","DAY_OF_WEEK","DEC_LATITUDE","DEC_LONGITUDE","DISPATCH_TM","DISTRICT","DRIVER_COUNT_16YR","DRIVER_COUNT_17YR","DRIVER_COUNT_18YR","DRIVER_COUNT_19YR","DRIVER_COUNT_20YR","DRIVER_COUNT_50_64YR","DRIVER_COUNT_65_74YR","DRIVER_COUNT_75PLUS","EST_HRS_CLOSED","FATAL_COUNT","HEAVY_TRUCK_COUNT","HORSE_BUGGY_COUNT","HOUR_OF_DAY","ILLUMINATION","INJURY_COUNT","INTERSECTION_RELATED","INTERSECT_TYPE","LANE_CLOSED","LATITUDE","LN_CLOSE_DIR","LOCATION_TYPE","LONGITUDE","MAX_SEVERITY_LEVEL","MCYCLE_DEATH_COUNT","MCYCLE_SUSP_SERIOUS_INJ_COUNT","MOTORCYCLE_COUNT","MUNICIPALITY","NONMOTR_COUNT","NONMOTR_DEATH_COUNT","NONMOTR_SUSP_SERIOUS_INJ_COUNT","NTFY_HIWY_MAINT","PED_COUNT","PED_DEATH_COUNT","PED_SUSP_SERIOUS_INJ_COUNT","PERSON_COUNT","POLICE_AGCY","POSSIBLE_INJ_COUNT","RDWY_SURF_TYPE_CD","RELATION_TO_ROAD","ROADWAY_CLEARED","ROAD_CONDITION","SCH_BUS_IND","SCH_ZONE_IND","SECONDARY_CRASH","SMALL_TRUCK_COUNT","SPEC_JURIS_CD","SUSP_MINOR_INJ_COUNT","SUSP_SERIOUS_INJ_COUNT","SUV_COUNT","TCD_FUNC_CD","TCD_TYPE","TFC_DETOUR_IND","TIME_OF_DAY","TOTAL_UNITS","TOT_INJ_COUNT","UNBELTED_OCC_COUNT","UNB_DEATH_COUNT","UNB_SUSP_SERIOUS_INJ_COUNT","UNK_INJ_DEG_COUNT","UNK_INJ_PER_COUNT","URBAN_RURAL","VAN_COUNT","VEHICLE_COUNT","WEATHER1","WEATHER2","WORKERS_PRES","WORK_ZONE_IND","WORK_ZONE_LOC","WORK_ZONE_TYPE","WZ_CLOSE_DETOUR","WZ_FLAGGER","WZ_LAW_OFFCR_IND","WZ_LN_CLOSURE","WZ_MOVING","WZ_OTHER","WZ_SHLDER_MDN","WZ_WORKERS_INJ_KILLED"
"2008024186","","2","0","0","0","0","0","0","0","0","2","0","","02","1","2008","2","40.440907","-79.927795","1338","11","0","0","0","0","0","0","0","0","1","0","0","0","","","0","","1","","40 26:27.265","2","0","79 55:40.062","0","0","0","0","2301","0","0","0","N","0","0","0","2","02301","0","","1.0","","1","N","N","","0","","0","0","0","","2","Y","","2","0","0","0","0","0","0","2","0","2","","","","N","","","","","","","","","",""
"2008024187","","1","0","0","0","0","0","0","0","0","7","0","","02","1","2008","3","40.438031","-79.916198","0033","11","0","0","0","0","0","1","0","0","","0","0","0","","","0","","0","","40 26:16.912","","0","79 54:58.313","0","0","0","0","2301","0","0","0","N","0","0","0","1","02301","0","","4.0","","2","N","N","","0","","0","0","0","","0","","","1","0","0","0","0","0","0","2","0","1","","","","N","","","","","","","","","",""
"2008024188","","0","0","0","0","0","0","0","0","0","8","0","","02","1","2008","3","40.425619","-79.948997","1636","11","0","0","0","0","0","0","0","0","1","0","0","0","","","1","","2","","40 25:32.228","3","0","79 56:56.389","3","0","0","0","2301","1","0","0","N","1","0","0","2","02301","0","","1.0","","9","N","N","","0","","1","0","1","","0","N","","2","1","0","0","0","0","0","2","0","1","","","","N","","","","","","","","","",""
"2008024282","","1","0","0","0","0","0","0","0","0","1","0","","02","1","2008","2","40.414811","-79.924203","1354","11","0","0","0","0","0","2","1","0","1","0","0","0","","","2","","0","","40 24:53.320","1","0","79 55:27.131","4","0","0","0","2301","0","0","0","N","0","0","0","3","02301","2","","1.0","","1","N","N","","0","","0","0","2","","0","N","","3","2","0","0","0","0","0","2","0","3","","","","N","","","","","","","","","",""
"2008024283","","1","0","0","0","0","0","0","0","0","4","0","","02","1","2008","2","40.39217","-80.013159","1603","11","0","0","0","0","0","1","0","0","1","0","0","0","","","1","","1","","40 23:31.812","5","0","80 00:47.372","4","0","0","0","2301","0","0","0","N","0","0","0","2","02301","1","","1.0","","1","N","N","","1","","0","0","0","","2","N","","2","1","0","0","0","0","0","2","0","2","","","","N","","","","","","","","","",""
"2008024285","","1","0","0","0","0","0","0","0","0","4","0","","02","1","2008","2","40.581512","-80.065493","1512","11","0","0","0","0","0","0","0","0","1","0","0","0","","","1","","1","","40 34:53.443","3","0","80 03:55.774","4","0","0","0","2108","0","0","0","N","0","0","0","2","02108","1","","1.0","","1","N","N","","0","","0","0","1","","3","Y","","2","1","2","0","0","0","0","2","0","2","","","","N","","","","","","","","","",""
"2008024289","","1","0","0","0","0","0","0","0","0","8","0","","02","1","2008","6","40.471389","-80.061172","1755","11","0","0","0","0","0","1","0","0","1","0","0","0","","","1","","0","","40 28:17.000","2","0","80 03:40.220","2","0","0","0","2444","1","0","1","N","1","0","1","2","02444","0","","1.0","","1","N","N","","0","","0","1","0","","0","N","","2","1","0","0","0","0","0","2","0","1","","","","N","","","","","","","","","",""
"2008024343","","3","0","0","0","0","0","0","0","0","1","0","","02","1","2008","2","40.554444","-80.038526","1531","11","0","0","1","0","0","1","0","1","","0","0","0","","","1","","0","","40 33:16.000","","0","80 02:18.693","4","0","0","0","2108","0","0","0","N","0","0","0","3","02108","1","","1.0","","1","N","N","","0","","0","0","0","","0","","","3","1","0","0","0","0","0","2","0","3","","","","N","","","","","","","","","",""
"2008024344","","1","0","0","0","0","0","0","0","0","7","0","","02","1","2008","2","40.585164","-80.036402","2314","11","0","0","0","0","0","0","0","0","","0","0","0","","","0","","0","","40 35:06.590","","0","80 02:11.048","0","0","0","0","2108","0","0","0","N","0","0","0","1","02108","0","","5.0","","2","N","N","","0","","0","0","0","","2","","","1","0","0","0","0","0","0","2","0","1","","","","N","","","","","","","","","",""
"2008024346","","1","0","0","0","0","0","0","0","0","4","0","","02","1","2008","2","40.374236","-80.218354","1830","11","0","0","0","0","0","0","0","0","1","0","0","0","","","1","","2","","40 22:27.249","6","0","80 13:06.074","3","0","0","0","2214","0","0","0","N","0","0","0","2","02214","0","","1.0","","1","N","N","","1","","1","0","0","","3","Y","","2","1","0","0","0","0","0","2","0","2","","","","N","","","","","","","","","",""
"2008024352","","0","0","0","0","0","0","0","0","0","1","0","","02","1","2008","2","40.5201","-80.1711","0638","11","0","0","0","0","0","1","0","0","","0","0","0","","","0","","0","","40 31:12.360","","0","80 10:15.960","0","0","0","0","2420","0","0","0","N","0","0","0","1","02420","0","","6.0","","1","N","N","","2","","0","0","0","","0","","","2","0","0","0","0","0","0","2","0","2","","","","N","","","","","","","","","",""
"2008024373","","1","0","0","0","0","0","0","0","0","7","0","","02","1","2008","1","40.4228","-80.254744","0248","11","0","0","0","0","0","0","0","0","","0","0","0","","","0","","0","","40 25:22.080","","0","80 15:17.080","0","0","0","0","2214","0","0","0","N","0","0","0","1","02214","0","","4.0","","1","N","N","","0","","0","0","0","","0","","","1","0","0","0","0","0","0","1","0","1","","","","N","","","","","","","","","",""
"2008024387","","2","0","0","0","0","0","0","0","0","4","0","","02","1","2008","5","40.546944","-80.195032","0946","11","0","0","0","0","0","0","0","0","2","0","0","0","","","0","","1","","40 32:49.000","1","0","80 11:42.115","0","0","0","0","2427","0","0","0","N","0","0","0","2","02427","0","","1.0","","1","N","N","","0","","0","0","0","","3","N","","2","0","0","0","0","0","0","2","0","2","","","","N","","","","","","","","","",""
"2008024458","","1","0","0","0","0","0","0","0","0","4","0","","02","1","2008","2","40.455886","-79.977053","1136","11","0","0","0","0","1","0","0","0","","0","0","0","","","0","","1","","40 27:21.189","","0","79 58:37.390","0","0","0","0","2301","0","0","0","N","0","0","0","2","02301","0","","1.0","","9","N","N","","0","","0","0","1","","3","","","2","0","0","0","0","0","0","2","0","2","","","","N","","","","","","","","","",""
"2008024459","","1","0","0","0","0","0","0","0","0","7","0","","02","1","2008","2","40.472232","-80.032979","2336","11","0","0","0","0","0","0","0","0","3","0","0","0","","","0","","0","","40 28:20.035","4","0","80 01:58.724","0","0","0","0","2301","0","0","0","N","0","0","0","3","02301","0","","4.0","","2","N","N","","0","","0","0","0","","0","N","","1","0","1","0","0","0","0","2","0","1","","","","N","","","","","","","","","",""
"2008024471","","1","0","0","0","0","0","0","0","0","4","0","","02","1","2008","2","40.488018","-80.014775","0013","11","0","0","0","0","0","0","0","0","","0","0","0","","","1","","0","","40 29:16.864","","0","80 00:53.190","8","0","0","0","2301","0","0","0","N","0","0","0","1","02301","0","","6.0","","2","N","N","","0","","0","0","1","","0","","","2","1","0","0","0","1","0","2","0","2","","","","N","","","","","","","","","",""
"2008024529","","1","0","0","0","0","0","0","0","0","4","0","","02","1","2008","6","40.447138","-79.895168","1004","11","0","0","0","0","0","0","0","0","","0","0","0","","","0","","1","","40 26:49.695","","0","79 53:42.604","0","0","0","0","2301","0","0","0","N","0","0","0","2","02301","0","","1.0","","1","N","N","","1","","0","0","0","","0","","","2","0","0","0","0","0","0","2","0","2","","","","N","","","","","","","","","",""
"2008024530","","1","0","0","0","0","0","0","0","0","7","0","","02","1","2008","1","40.4013","-79.9399","0233","11","0","0","0","0","0","0","0","0","2","0","0","0","","","1","","0","","40 24:04.680","1","0","79 56:23.640","8","0","0","0","2301","0","0","0","N","0","0","0","1","02301","0","","2.0","","9","N","N","","0","","0","0","0","","0","N","","1","1","0","0","0","1","0","2","0","1","","","","N","","","","","","","","","",""
"2008024531","","1","0","0","0","0","0","0","0","0","7","0","","02","1","2008","1","40.428699","-79.988542","1146","11","0","0","0","0","0","0","0","1","","0","0","0","","","1","","1","","40 25:43.318","","7","79 59:18.751","4","0","0","0","2301","0","0","0","N","0","0","0","1","02301","1","","9.0","","1","N","N","","0","","0","0","0","","0","","","1","1","0","0","0","0","0","2","0","1","","","","N","","","","","","","","","",""
"2008024532","","1","0","0","0","0","0","0","0","0","7","0","","02","1","2008","1","40.409366","-80.014077","0224","11","0","0","0","0","0","0","0","0","2","0","0","0","","","0","","2","","40 24:33.717","5","0","80 00:50.677","9","0","0","0","2301","0","0","0","N","0","0","0","1","02301","0","","2.0","","1","N","N","","0","","0","0","0","","0","Y","","1","0","0","0","0","0","1","2","0","1","","","","N","","","","","","","","","",""
"2008024533","","0","0","0","0","0","0","0","0","0","5","0","","02","1","2008","2","40.429475","-79.999112","1640","11","0","0","0","0","0","0","1","0","","0","0","0","","","0","","0","","40 25:46.110","","4","79 59:56.803","0","0","0","0","2301","0","0","0","N","0","0","0","2","02301","0","","1.0","","1","N","N","","0","","0","0","0","","0","","","2","0","0","0","0","0","0","2","2","2","","","","N","","","","","","","","","",""
"2008024534","","1","0","0","0","0","0","0","0","0","0","0","","02","1","2008","2","40.415945","-80.024011","2348","11","0","0","0","1","0","0","0","0","1","0","0","0","","","1","","0","","40 24:57.402","7","0","80 01:26.439","4","0","0","0","2301","0","0","0","N","0","0","0","1","02301","1","","1.0","","2","N","N","","0","","0","0","0","","0","Y","","1","1","0","0","0","0","0","2","0","1","","","","N","","","","","","","","","",""
"2008024535","","1","0","0","0","0","0","0","0","0","7","0","","02","1","2008","3","","","0010","11","0","0","0","0","0","0","0","0","1","0","0","0","","","0","","0","","","2","0","","0","0","0","0","2301","0","0","0","N","0","0","0","1","02301","0","","4.0","","2","N","N","","0","","0","0","0","","0","N","","1","0","0","0","0","0","0","1","0","1","","","","N","","","","","","","","","",""
"2008024536","","1","0","0","0","0","0","0","0","0","7","0","","02","1","2008","1","40.407107","-80.045385","0230","11","0","0","0","0","0","0","0","0","","0","0","0","","","0","","0","","40 24:25.585","","0","80 02:43.386","0","0","0","0","2301","0","0","0","N","0","0","0","1","02301","0","","5.0","","2","N","N","","0","","0","0","0","","0","","","1","0","0","0","0","0","0","2","0","1","","","","N","","","","","","","","","",""
"2008024537","","1","0","0","0","0","0","0","0","0","4","0","","02","1","2008","6","40.576111","-80.025763","0958","11","0","0","0","0","0","0","0","1","1","0","0","0","","","0","","1","","40 34:34.000","1","0","80 01:32.748","0","0","0","0","2108","0","0","0","N","0","0","0","2","02108","0","","1.0","","1","N","N","","0","","0","0","1","","2","N","","2","0","0","0","0","0","0","2","0","2","","","","N","","","","","","","","","",""
"2008024538","","2","0","0","0","0","0","0","0","0","4","0","","02","1","2008","7","40.567192","-80.015751","1038","11","0","0","0","0","0","1","0","0","","0","0","0","","","0","","0","","40 34:01.891","","0","80 00:56.702","0","0","0","0","2108","0","0","0","N","0","0","0","3","02108","0","","1.0","","1","N","N","","0","","0","0","0","","3","","","2","0","0","0","0","0","0","2","0","2","","","","N","","","","","","","","","",""
"2008024539","","2","0","0","0","0","0","0","0","0","4","0","","02","1","2008","6","40.5651","-79.9953","1535","11","0","0","1","0","0","0","0","0","1","0","0","0","","","1","","0","","40 33:54.360","3","0","79 59:43.080","4","0","0","0","2108","0","0","0","N","0","0","0","2","02108","1","","1.0","","1","N","N","","0","","0","0","0","","0","Y","","2","1","0","0","0","0","0","2","0","2","","","","N","","","","","","","","","",""
"2008024540","","1","0","0","0","0","0","0","0","0","5","0","","02","1","2008","1","40.572128","-80.023504","1546","11","0","0","0","0","0","1","0","0","","0","0","0","","","0","","1","","40 34:19.660","","0","80 01:24.616","0","0","0","0","2108","0","0","0","N","0","0","0","2","02108","0","","1.0","","9","N","N","","1","","0","0","0","","2","","","2","0","0","0","0","0","0","2","0","2","","","","N","","","","","","","","","",""
"2008024541","","1","0","0","0","0","0","0","0","0","1","0","","02","1","2008","4","40.566055","-79.998807","1313","11","0","0","0","0","0","1","0","0","","0","0","0","","","1","","0","","40 33:57.798","","0","79 59:55.706","4","0","0","0","2108","0","0","0","N","0","0","0","3","02108","1","","1.0","","9","N","N","","1","","0","0","0","","0","","","2","1","0","0","0","0","0","2","0","2","","","","N","","","","","","","","","",""
"2008024542","","1","0","0","0","0","0","0","0","0","1","0","","02","1","2008","1","40.582748","-80.046549","1240","11","0","0","0","0","0","0","0","0","1","0","0","0","","","0","","2","","40 34:57.894","3","0","80 02:47.575","0","0","0","0","2108","0","0","0","N","0","0","0","3","02108","0","","1.0","","1","N","N","","1","","0","0","0","","0","N","","3","0","0","0","0","0","0","2","1","3","","","","N","","","","","","","","","",""
"2008024543","","1","0","0","0","0","0","0","0","0","1","0","","02","1","2008","5","40.572128","-80.023504","0945","11","0","0","0","0","0","0","0","0","1","0","0","0","","","1","","2","","40 34:19.660","1","0","80 01:24.616","8","0","0","0","2108","0","0","0","N","0","0","0","2","02108","0","","1.0","","9","N","N","","0","","0","0","1","","2","N","","2","1","0","0","0","1","0","2","0","2","","","","N","","","","","","","","","",""
"2008024544","","1","0","0","0","0","0","0","0","0","7","0","","02","1","2008","7","40.5673","-80.0106","2255","11","0","0","0","0","0","0","1","0","","0","0","0","","","1","","0","","40 34:02.280","","0","80 00:38.160","8","0","0","0","2108","0","0","0","N","0","0","0","1","02108","0","","4.0","","9","N","N","","0","","0","0","0","","0","","","1","1","1","0","0","1","0","2","0","1","","","","N","","","","","","","","","",""
"2008024553","","2","0","0","0","0","0","0","0","0","4","0","","02","1","2008","3","40.446111","-80.237917","9999","11","0","1","1","0","0","0","0","0","","0","0","0","","","1","","0","","40 26:46.000","","7","80 14:16.500","4","0","0","0","2214","0","0","0","N","0","0","0","3","02214","1","","1.0","","9","N","N","","0","","0","0","0","","0","","","2","1","0","0","0","0","0","2","0","2","","","","N","","","","","","","","","",""
"2008024555","","1","0","0","0","0","0","0","0","0","4","0","","02","1","2008","4","40.4392","-80.2148","0948","11","1","0","0","0","0","1","0","0","2","0","0","0","","","0","","3","","40 26:21.120","4","0","80 12:53.280","0","0","0","0","2214","0","0","0","N","0","0","0","6","02214","0","","1.0","","1","N","N","","1","","0","0","0","","0","N","","2","0","0","0","0","0","0","2","0","2","","","","N","","","","","","","","","",""
"2008024556","","2","0","0","0","0","0","0","0","0","4","0","","02","1","2008","6","40.448105","-80.181274","1304","11","0","0","0","0","0","1","0","0","2","0","0","0","","","1","","1","","40 26:53.178","4","0","80 10:52.586","3","0","0","0","2214","0","0","0","N","0","0","0","2","02214","0","","1.0","","1","N","N","","0","","1","0","0","","2","N","","2","1","0","0","0","0","0","2","0","2","","","","N","","","","","","","","","",""
"2008024563","","0","0","0","0","0","0","0","0","0","4","0","","02","1","2008","4","40.4086","-80.0177","1202","11","0","0","0","0","0","0","0","0","1","0","0","0","","","1","","0","","40 24:30.960","1","0","80 01:03.720","4","0","0","0","2301","0","0","0","N","0","0","0","2","02301","1","","1.0","","1","N","N","","1","","0","0","1","","0","N","","2","1","1","0","0","0","0","2","0","2","","","","N","","","","","","","","","",""
"2008024564","","1","0","0","0","0","0","0","0","0","7","0","","02","1","2008","5","40.443583","-80.028038","1836","11","0","0","0","0","0","0","0","0","9","0","0","0","","","0","","2","","40 26:36.899","1","0","80 01:40.938","9","0","0","0","2301","0","0","0","N","0","0","0","1","02301","0","","4.0","","2","N","N","","0","","0","0","0","","0","N","","1","0","0","0","0","0","1","2","0","1","","","","N","","","","","","","","","",""
"2008024565","","1","0","0","0","0","0","0","0","0","7","0","","02","1","2008","3","40.455793","-79.886908","0419","11","0","0","0","0","0","0","0","0","2","0","0","0","","","0","","0","","40 27:20.854","7","0","79 53:12.868","0","0","0","0","2301","0","0","0","N","0","0","0","2","02301","0","","4.0","","2","N","N","","0","","0","0","0","","0","Y","","1","0","0","0","0","0","0","2","0","1","","","","N","","","","","","","","","",""
"2008024566","","1","0","0","0","0","0","0","0","0","4","0","","02","1","2008","2","40.454029","-79.912399","1255","11","0","0","0","0","0","1","0","0","2","0","0","0","","","0","","1","","40 27:14.504","2","0","79 54:44.638","0","0","0","0","2301","0","0","0","N","0","0","0","2","02301","0","","1.0","","1","N","N","","1","","0","0","0","","2","N","","2","0","0","0","0","0","0","2","0","2","","","","N","","","","","","","","","",""
"2008024567","","0","0","0","0","0","0","0","0","0","7","0","","02","1","2008","3","40.464317","-79.900376","1214","11","0","0","0","0","0","0","0","0","2","0","0","0","","","1","","0","","40 27:51.541","3","0","79 54:01.353","8","0","0","0","2301","0","0","0","N","0","0","0","2","02301","0","","4.0","","3","N","N","","0","","0","0","1","","0","N","","1","1","1","0","0","1","1","2","0","1","","","","N","","","","","","","","","",""
"2008024568","","0","0","0","0","0","0","0","0","0","8","0","","02","1","2008","2","40.445234","-79.999087","1109","11","0","0","0","0","0","0","0","0","1","0","0","0","","","1","","1","","40 26:42.842","3","0","79 59:56.713","3","0","0","0","2301","1","0","0","N","1","0","0","2","02301","0","","1.0","","1","N","Y","","1","","1","0","0","","2","Y","","2","1","0","0","0","0","0","2","0","1","","","","N","","","","","","","","","",""
"2008024569","","1","0","0","0","0","0","0","0","0","6","0","","02","1","2008","5","40.449819","-79.929656","2305","11","0","0","0","0","0","0","0","0","","0","0","0","","","1","","1","","40 26:59.348","","0","79 55:46.761","4","0","0","0","2301","0","0","0","N","0","0","0","2","02301","1","","1.0","","1","N","N","","0","","0","0","1","","2","","","2","1","0","0","0","0","0","2","0","2","","","","N","","","","","","","","","",""
"2008024570","","2","0","0","0","0","0","0","0","0","0","0","","02","1","2008","6","40.4006","-79.9387","0838","11","0","0","1","0","0","0","0","0","2","0","0","0","","","0","","0","","40 24:02.160","2","0","79 56:19.320","0","0","0","0","2301","0","0","0","N","0","0","0","1","02301","0","","6.0","","1","N","N","","0","","0","0","0","","0","N","","2","0","0","0","0","0","0","2","0","2","","","","N","","","","","","","","","",""
"2008024576","","1","0","0","0","0","0","0","0","0","7","0","","02","1","2008","2","40.434695","-80.036015","0014","11","0","0","0","0","0","0","0","0","2","0","0","0","","","1","","2","","40 26:04.901","4","0","80 02:09.655","8","0","0","0","2301","0","0","0","N","0","0","0","1","02301","0","","2.0","","2","N","N","","0","","0","0","0","","0","N","","1","1","0","0","0","1","0","2","0","1","","","","N","","","","","","","","","",""
"2008024577","","1","0","0","0","0","0","0","0","0","7","0","","02","1","2008","3","40.436858","-80.051812","0014","11","0","0","0","0","1","0","0","0","","0","0","0","","","0","","0","","40 26:12.688","","0","80 03:06.523","0","0","0","0","2301","0","0","0","","0","0","0","1","02301","0","","5.0","","2","N","N","","0","","0","0","0","","0","","","1","0","0","0","0","0","0","2","0","1","","","","N","","","","","","","","","",""
"2008024591","","1","0","0","0","0","0","0","0","0","4","0","","02","2","2008","6","40.434463","-79.787278","1155","11","0","0","0","0","0","1","0","0","","0","0","0","","","1","","0","","40 26:04.066","","0","79 47:14.200","4","0","0","0","2446","0","0","0","N","0","0","0","4","02446","1","","1.0","","9","N","N","","1","","0","0","0","","0","","","2","1","1","0","0","0","0","2","0","2","","","","N","","","","","","","","","",""
"2008024593","","2","0","0","0","0","0","0","0","0","4","0","","02","2","2008","7","40.449156","-79.762252","0842","11","0","0","0","0","0","0","1","0","1","0","0","0","","","1","","1","","40 26:56.961","3","0","79 45:44.107","4","0","0","0","2446","0","0","0","N","0","0","0","2","02446","1","","1.0","","1","N","N","","0","","0","0","0","","3","N","","2","1","0","0","0","0","0","2","0","2","","","","N","","","","","","","","","",""
"2008024597","","2","0","0","0","0","0","0","0","0","4","0","","02","2","2008","6","40.434722","-80.034098","2020","11","0","0","0","0","0","0","0","0","","0","0","0","","","2","","0","","40 26:05.000","","0","80 02:02.753","4","0","0","0","2435","0","0","0","N","0","0","0","5","02435","1","","1.0","","1","N","N","","0","","0","0","0","","0","","","2","2","2","0","0","1","0","2","0","2","","","","N","","","","","","","","","",""
"2008024604","","1","0","0","0","0","0","0","0","0","7","0","","02","2","2008","7","40.524714","-79.98828","0847","11","0","0","0","0","0","0","0","0","","0","0","0","","","0","","0","","40 31:28.972","","0","79 59:17.809","0","0","0","0","2116","0","0","0","Y","0","0","0","1","02116","0","","2.0","","2","N","N","","0","","0","0","0","","0","","","1","0","0","0","0","0","0","2","0","1","","","","N","","","","","","","","","",""
"2008024623","","2","0","0","0","0","0","0","0","0","4","0","","02","2","2008","5","40.4936","-79.9756","1525","11","0","1","0","0","0","0","0","0","2","0","0","0","","","4","","0","","40 29:36.960","5","0","79 58:32.160","3","0","0","0","2118","0","0","0","N","0","0","0","7","02118","2","","1.0","","1","N","N","","0","","2","0","0","","0","Y","","2","4","2","0","0","0","0","2","0","2","","","","N","","","","","","","","","",""
"2008024624","","0","0","0","0","0","0","0","0","0","4","0","","02","2","2008","7","40.542389","-80.012097","1337","11","0","0","0","0","0","0","0","0","","0","0","0","","","0","","0","","40 32:32.600","","0","80 00:43.550","0","0","0","0","2116","0","0","0","N","0","0","0","5","02116","0","","1.0","","1","N","N","","0","","0","0","1","","0","","","2","0","0","0","0","0","0","2","1","2","","","","N","","","","","","","","","",""
"2008024642","","3","0","0","0","0","0","0","0","0","1","0","","02","2","2008","7","40.391779","-79.766136","1836","11","0","0","0","0","0","0","0","0","1","0","0","0","","","0","","0","","40 23:30.404","3","0","79 45:58.091","0","0","0","0","2446","0","0","0","N","0","0","0","4","02446","0","","1.0","","1","N","N","","0","","0","0","0","","2","N","","3","0","0","0","0","0","0","2","0","3","","","","N","","","","","","","","","",""
"2008024644","","1","0","0","0","0","0","1","0","0","6","1","","02","2","2008","4","40.429656","-79.892091","1638","11","0","0","0","0","0","1","0","0","","0","0","0","","","0","","2","","40 25:46.763","","0","79 53:31.527","0","0","0","0","2426","0","0","0","N","0","0","0","2","02426","0","","1.0","","9","Y","N","","0","","0","0","0","","0","","","2","0","0","0","0","0","0","2","0","2","","","","N","","","","","","","","","",""
"2008024649","","0","0","0","0","0","0","0","0","0","0","0","","02","2","2008","7","","","0312","11","0","0","0","0","0","0","0","0","","0","0","0","","","0","","0","","","","0","","0","0","0","0","2111","0","0","0","N","0","0","0","2","02111","0","","5.0","","2","N","N","","1","","0","0","0","","0","","","1","0","1","0","0","0","0","1","0","1","","","","N","","","","","","","","","",""
"2008024657","","1","0","0","0","0","0","0","0","0","7","0","","02","2","2008","3","40.2206","-79.8468","1450","11","0","0","0","0","0","0","0","0","2","0","0","0","","","1","","0","","40 13:14.160","1","0","79 50:48.480","3","0","0","0","2204","0","0","0","Y","0","0","0","1","02204","0","","3.0","","7","N","N","","0","","1","0","0","","2","N","","1","1","0","0","0","0","0","2","0","1","","","","N","","","","","","","","","",""
"2008024663","","2","0","0","0","0","0","0","0","0","4","0","","02","2","2008","7","40.375363","-79.904862","1150","11","0","0","0","0","0","1","0","0","","0","0","0","","","0","","5","","40 22:31.306","","0","79 54:17.503","0","0","0","0","2448","0","0","0","N","0","0","0","4","02448","0","","1.0","","1","N","N","","0","","0","0","0","","3","","","2","0","0","0","0","0","0","2","0","2","","","","N","","","","","","","","","",""
"2008024670","","1","0","0","0","0","0","0","0","0","6","0","","02","2","2008","1","40.528531","-79.973477","0932","11","0","0","0","0","0","0","1","0","2","0","0","0","","","0","","0","","40 31:42.713","6","0","79 58:24.517","9","0","0","0","2118","0","0","0","N","0","0","0","3","02118","0","","1.0","","2","N","N","","1","","0","0","0","","0","Y","","2","0","0","0","0","0","1","2","0","2","","","","N","","","","","","","","","",""
"2008024673","","0","0","0","0","0","0","0","0","0","7","0","","02","2","2008","1","40.463379","-79.741394","0956","11","0","0","0","1","0","0","0","0","","0","0","0","","","0","","0","","40 27:48.165","","0","79 44:29.020","0","0","0","0","2466","0","0","0","N","0","0","0","1","02466","0","","5.0","","2","N","N","","0","","0","0","1","","0","","","1","0","0","0","0","0","0","2","0","1","","","","N","","","","","","","","","",""
"2008024676","","1","0","0","0","0","0","0","0","0","7","0","","02","2","2008","1","40.495833","-80.095318","0945","11","0","0","1","0","0","0","0","0","","0","0","0","","","1","","10","","40 29:45.000","","0","80 05:43.145","4","0","0","0","2126","0","0","0","Y","0","0","0","1","02126","1","","2.0","","2","N","N","","0","","0","0","0","","0","","","1","1","0","0","0","0","0","2","0","1","","","","N","","","","","","","","","",""
"2008024680","","1","0","0","0","0","0","0","0","0","7","0","","02","2","2008","1","40.627222","-80.046594","1015","11","0","0","0","0","0","0","0","0","1","0","0","0","","","0","","0","","40 37:38.000","3","0","80 02:47.737","0","0","0","0","2216","0","0","0","Y","0","0","0","4","02505","0","","5.0","","1","N","N","","0","","0","0","0","","0","N","","1","0","0","0","0","0","0","1","0","1","","","","N","","","","","","","","","",""
"2008024685","","2","0","0","0","0","0","0","0","0","1","0","","02","2","2008","1","40.5319","-79.7117","0930","11","0","0","0","0","0","0","1","0","3","0","0","0","","","0","","0","","40 31:54.840","5","0","79 42:42.120","0","0","0","0","2466","0","0","0","Y","0","0","0","2","02466","0","","1.0","","2","N","N","","0","","0","0","0","","0","Y","","2","0","0","0","0","0","0","1","0","2","","","","N","","","","","","","","","",""
"2008024686","","1","0","0","0","0","0","0","0","0","4","0","","02","2","2008","1","40.42167","-80.049914","1158","11","0","0","1","0","0","1","0","0","","0","0","0","","","0","","1","","40 25:18.013","","0","80 02:59.690","0","0","0","0","2435","0","0","0","N","0","0","0","5","02435","0","","1.0","","9","N","N","","0","","0","0","1","","2","","","2","0","0","0","0","0","0","2","0","2","","","","N","","","","","","","","","",""
"2008024694","","2","0","0","0","0","0","0","0","0","4","0","","02","2","2008","1","40.3976","-80.106","1225","11","0","0","0","0","0","0","1","0","2","0","0","0","","","2","","2","","40 23:51.360","4","2","80 06:21.600","8","0","0","0","2102","0","0","0","N","0","0","0","2","02102","0","","1.0","","9","N","N","","0","","0","0","0","","0","N","","2","2","0","0","0","2","0","2","0","2","","","","N","","","","","","","","","",""