"CRN","ARRIVAL_TM","AUTOMOBILE_COUNT","BELTED_DEATH_COUNT","BELTED_SUSP_SERIOUS_INJ_COUNT","BICYCLE_COUNT","BICYCLE_DEATH_COUNT","BICYCLE_SUSP_SERIOUS_INJ_COUNT","BUS_COUNT","CHLDPAS_DEATH_COUNT","CHLDPAS_SUSP_SERIOUS_INJ_COUNT","COLLISION_TYPE","COMM_VEH_COUNT","CONS_ZONE_SPD_LIM","COUNTY","CRASH_MONTH","CRASH_YEAR","DAY_OF_WEEK","DEC_LATITUDE","DEC_LONGITUDE","DISPATCH_TM","DISTRICT","DRIVER_COUNT_16YR","DRIVER_COUNT_17YR","DRIVER_COUNT_18YR","DRIVER_COUNT_19YR","DRIVER_COUNT_20YR","DRIVER_COUNT_50_64YR","DRIVER_COUNT_65_74YR","DRIVER_COUNT_75PLUS","EST_HRS_CLOSED","FATAL_COUNT","HEAVY_TRUCK_COUNT","HORSE_BUGGY_COUNT","HOUR_OF_DAY","ILLUMINATION","INJURY_COUNT","INTERSECTION_RELATED","INTERSECT_TYPE","LANE_CLOSED","LATITUDE","LN_CLOSE_DIR","LOCATION_TYPE","LONGITUDE","MAX_SEVERITY_LEVEL","MCYCLE_DEATH_COUNT","MCYCLE_SUSP_SERIOUS_INJ_COUNT","MOTORCYCLE_COUNT","MUNICIPALITY","NONMOTR_COUNT","NONMOTR_DEATH_COUNT","NONMOTR_SUSP_SERIOUS_INJ_COUNT","NTFY_HIWY_MAINT","PED_COUNT","PED_DEATH_COUNT","PED_SUSP_SERIOUS_INJ_COUNT","PERSON_COUNT","POLICE_AGCY","POSSIBLE_INJ_COUNT","RDWY_SURF_TYPE_CD","RELATION_TO_ROAD","ROADWAY_CLEARED","ROAD_CONDITION","SCH_BUS_IND","SCH_ZONE_IND","SECONDARY_CRASH","SMALL_TRUCK_COUNT","SPEC_JURIS_CD","SUSP_MINOR_INJ_COUNT","SUSP_SERIOUS_INJ_COUNT","SUV_COUNT","TCD_FUNC_CD","TCD_TYPE","TFC_DETOUR_IND","TIME_OF_DAY","TOTAL_UNITS","TOT_INJ_COUNT","UNBELTED_OCC_COUNT","UNB_DEATH_COUNT","UNB_SUSP_SERIOUS_INJ_COUNT","UNK_INJ_DEG_COUNT","UNK_INJ_PER_COUNT","URBAN_RURAL","VAN_COUNT","VEHICLE_COUNT","WEATHER1","WEATHER2","WORKERS_PRES","WORK_ZONE_IND","WORK_ZONE_LOC","WORK_ZONE_TYPE","WZ_CLOSE_DETOUR","WZ_FLAGGER","WZ_LAW_OFFCR_IND","WZ_LN_CLOSURE","WZ_MOVING","WZ_OTHER","WZ_SHLDER_MDN","WZ_WORKERS_INJ_KILLED"
"2008026585","","2","0","0","0","0","0","0","0","0","6","0","","02","1","2008","7","40.389607","-79.878501","0423","11","0","0","0","0","0","0","1","0","","0","0","0","","","0","","0","","40 23:22.585","","0","79 52:42.603","0","0","0","0","2473","0","0","0","N","0","0","0","1","02473","0","","6.0","","1","N","N","","0","","0","0","0","","0","","","2","0","0","0","0","0","0","2","0","2","","","","N","","","","","","","","","",""
"2008026586","","1","0","0","0","0","0","0","0","0","2","0","","02","1","2008","7","40.348508","-79.90453","1221","11","0","0","0","0","0","0","0","0","","0","0","0","","","1","","0","","40 20:54.628","","0","79 54:16.308","3","0","0","1","2473","0","0","0","N","0","0","0","2","02473","0","","1.0","","1","N","N","","0","","1","0","0","","0","","","2","1","0","0","0","0","0","2","0","2","","","","N","","","","","","","","","",""
"2008026587","","1","0","0","0","0","0","0","0","0","7","0","","02","1","2008","6","40.359133","-79.873635","2206","11","0","0","0","0","0","0","0","0","2","0","0","0","","","1","","2","","40 21:32.879","6","0","79 52:25.087","8","0","0","0","2473","0","0","0","N","0","0","0","1","02473","0","","5.0","","1","N","N","","0","","0","0","0","","0","Y","","1","1","0","0","0","1","0","2","0","1","","","","N","","","","","","","","","",""
"2008026588","","2","0","0","0","0","0","0","0","0","4","0","","02","1","2008","6","","","1720","11","0","1","0","0","0","0","0","0","","0","0","0","","","1","","1","","","","0","","4","0","0","0","2473","0","0","0","N","0","0","0","4","02473","1","","1.0","","1","N","N","","0","","0","0","0","","2","","","2","1","3","0","0","0","0","1","0","2","","","","N","","","","","","","","","",""
"2008026589","","0","0","0","0","0","0","0","0","0","1","0","","02","1","2008","1","40.34889","-79.939012","1627","11","0","0","0","0","0","1","0","0","","0","0","0","","","0","","3","","40 20:56.003","","0","79 56:20.443","0","0","0","0","2473","0","0","0","N","0","0","0","2","02473","0","","1.0","","1","N","N","","0","","0","0","1","","4","","","2","0","1","0","0","0","0","2","1","2","","","","N","","","","","","","","","",""
"2008026590","","0","0","0","0","0","0","0","0","0","7","0","","02","1","2008","3","40.349164","-79.884627","0045","11","0","0","0","0","0","0","0","0","","0","0","0","","","0","","0","","40 20:56.990","","0","79 53:04.657","0","0","0","0","2423","0","0","0","N","0","0","0","1","02304","0","","4.0","","2","N","N","","0","","0","0","1","","0","","","1","0","0","0","0","0","0","2","0","1","","","","N","","","","","","","","","",""
"2008026591","","1","0","0","0","0","0","0","0","0","7","0","","02","1","2008","3","40.347206","-79.844142","0123","11","0","0","0","0","0","1","0","0","","0","0","0","","","0","","0","","40 20:49.941","","0","79 50:38.911","0","0","0","0","2304","0","0","0","N","0","0","0","1","02304","0","","4.0","","2","N","N","","0","","0","0","0","","0","","","1","0","0","0","0","0","0","2","0","1","","","","N","","","","","","","","","",""
"2008026592","","0","0","0","0","0","0","0","0","0","1","0","","02","1","2008","5","","","1555","11","0","0","0","0","0","0","0","0","","0","0","0","","","0","","0","","","","0","","9","0","0","0","2301","0","0","0","N","0","0","0","2","02301","0","","1.0","","1","N","N","","1","","0","0","1","","0","","","2","0","0","0","0","0","1","1","0","2","","","","N","","","","","","","","","",""
"2008026593","","1","0","0","0","0","0","0","0","0","5","0","","02","1","2008","3","40.3876","-79.9333","1253","11","0","0","0","0","0","0","0","0","1","0","0","0","","","1","","0","","40 23:15.360","1","0","79 55:59.880","8","0","0","0","2301","0","0","0","N","0","0","0","2","02301","0","","1.0","","9","N","N","","0","","0","0","0","","0","Y","","2","1","0","0","0","1","1","2","1","2","","","","N","","","","","","","","","",""
"2008026594","","1","0","0","0","0","0","0","0","0","7","0","","02","1","2008","4","","","0930","11","0","0","0","0","0","0","0","0","","0","0","0","","","0","","0","","","","1","","0","0","0","0","2301","0","0","0","N","0","0","0","1","02301","0","","2.0","","2","N","N","","0","","0","0","0","","4","","","1","0","0","0","0","0","0","1","0","1","","","","N","","","","","","","","","",""
"2008026595","","2","0","0","0","0","0","0","0","0","4","0","","02","2","2008","7","40.454029","-79.912399","0641","11","0","0","0","0","0","1","0","0","","0","0","0","","","0","","1","","40 27:14.504","","0","79 54:44.638","0","0","0","0","2301","0","0","0","N","0","0","0","2","02301","0","","1.0","","1","N","N","","0","","0","0","0","","2","","","2","0","0","0","0","0","0","2","0","2","","","","N","","","","","","","","","",""
"2008026610","","1","0","0","0","0","0","0","0","0","1","0","","02","1","2008","3","40.429403","-79.867527","1655","11","0","0","0","0","0","0","0","0","","0","0","0","","","0","","2","","40 25:45.850","","0","79 52:03.097","0","0","0","0","2431","0","0","0","N","0","0","0","1","02431","0","","1.0","","1","N","N","","1","","0","0","0","","0","","","2","0","0","0","0","0","0","2","0","2","","","","N","","","","","","","","","",""
"2008026611","","2","0","0","0","0","0","0","0","0","4","0","","02","1","2008","6","40.422114","-79.854491","1128","11","0","0","0","0","0","0","1","1","","0","0","0","","","0","","2","","40 25:19.611","","0","79 51:16.169","0","0","0","0","2431","0","0","0","N","0","0","0","2","02431","0","","1.0","","9","N","N","","0","","0","0","0","","3","","","2","0","0","0","0","0","0","2","0","2","","","","N","","","","","","","","","",""
"2008026626","","0","0","0","0","0","0","0","0","0","7","0","","02","1","2008","3","40.3498","-79.9308","1033","11","0","0","0","0","0","1","0","0","1","0","0","0","","","0","","0","","40 20:59.280","3","0","79 55:50.880","0","0","0","0","2473","0","0","0","N","0","0","0","1","02473","0","","2.0","","7","N","N","","0","","0","0","0","","0","Y","","1","0","0","0","0","0","0","2","1","1","","","","N","","","","","","","","","",""
"2008026730","","1","0","0","0","0","0","0","0","0","7","0","","02","1","2008","4","40.443154","-80.039731","0037","11","0","0","0","0","0","0","0","0","","0","0","0","","","1","","2","","40 26:35.354","","0","80 02:23.031","4","0","0","0","2301","0","0","0","N","0","0","0","1","02301","1","","5.0","","9","N","N","","0","","0","0","0","","0","","","1","1","1","0","0","0","0","2","0","1","","","","N","","","","","","","","","",""
"2008026733","","2","0","0","0","0","0","0","0","0","1","0","","02","1","2008","4","40.348522","-79.830572","1715","11","0","0","0","0","0","0","1","0","1","0","0","0","","","0","","2","","40 20:54.679","4","0","79 49:50.059","0","0","0","0","2304","0","0","0","N","0","0","0","3","02304","0","","1.0","","1","N","N","","0","","0","0","0","","0","N","","2","0","0","0","0","0","0","2","0","2","","","","N","","","","","","","","","",""
"2008026734","","2","0","0","0","0","0","0","0","0","4","0","","02","1","2008","6","40.341507","-79.843569","1514","11","0","1","0","0","0","1","0","0","1","0","0","0","","","0","","1","","40 20:29.425","7","0","79 50:36.848","0","0","0","0","2304","0","0","0","N","0","0","0","4","02304","0","","1.0","","9","N","N","","0","","0","0","0","","3","Y","","2","0","0","0","0","0","0","2","0","2","","","","N","","","","","","","","","",""
"2008026735","","2","0","0","0","0","0","0","0","0","4","0","","02","1","2008","2","40.340027","-79.82677","1738","11","0","0","0","0","0","1","0","1","","0","0","0","","","1","","1","","40 20:24.097","","0","79 49:36.372","4","0","0","0","2304","0","0","0","N","0","0","0","2","02304","1","","1.0","","1","N","N","","0","","0","0","0","","2","","","2","1","0","0","0","0","0","2","0","2","","","","N","","","","","","","","","",""
"2008026736","","2","0","0","0","0","0","0","0","0","6","0","","02","1","2008","6","40.345156","-79.840536","1845","11","0","0","0","0","0","1","0","0","","0","0","0","","","0","","0","","40 20:42.561","","0","79 50:25.929","0","0","0","0","2304","0","0","0","N","0","0","0","2","02304","0","","6.0","","1","N","N","","0","","0","0","0","","0","","","2","0","2","0","0","0","0","2","0","2","","","","N","","","","","","","","","",""
"2008026737","","1","0","0","0","0","0","0","0","0","1","0","","02","1","2008","2","40.350278","-79.885228","1455","11","0","0","0","0","0","3","0","0","","0","0","0","","","2","","0","","40 21:01.000","","0","79 53:06.822","3","0","0","0","2423","0","0","0","N","0","0","0","4","02304","0","","1.0","","1","N","","","1","","2","0","1","","0","","","3","2","0","0","0","0","0","2","0","3","","","","N","","","","","","","","","",""
"2008026763","","2","0","0","0","0","0","0","0","0","4","0","","02","1","2008","4","40.498","-79.8548","1300","11","0","0","0","0","0","1","0","0","","0","0","0","","","0","","1","","40 29:52.800","","0","79 51:17.280","0","0","0","0","2112","0","0","0","N","0","0","0","2","02112","0","","1.0","","1","N","N","","0","","0","0","0","","0","","","2","0","0","0","0","0","0","2","0","2","","","","N","","","","","","","","","",""
"2008026764","","0","0","1","0","0","0","0","0","0","0","0","","02","1","2008","5","","","0730","11","0","0","0","0","0","1","0","0","2","0","0","0","","","1","","0","","","7","0","","2","0","0","0","2112","0","0","0","N","0","0","0","2","02112","0","","4.0","","1","N","N","","0","","0","1","0","","0","Y","","1","1","0","0","0","0","1","1","1","1","","","","N","","","","","","","","","",""
"2008026833","","1","0","0","0","0","0","0","0","0","7","0","","02","2","2008","6","40.515668","-80.168773","2335","11","0","1","0","0","0","0","0","0","","0","0","0","","","0","","0","","40 30:56.404","","0","80 10:07.582","0","0","0","0","2420","0","0","0","N","0","0","0","1","02420","0","","4.0","","2","N","N","","0","","0","0","0","","0","","","1","0","0","0","0","0","0","2","0","1","","","","N","","","","","","","","","",""
"2008026849","","0","0","0","0","0","0","0","0","0","8","0","","02","2","2008","5","40.5274","-79.7543","0534","11","0","0","0","0","0","0","0","0","1","0","0","0","","","1","","0","","40 31:38.640","6","0","79 45:15.480","3","0","0","0","2466","1","0","0","N","1","0","0","3","02466","0","","1.0","","1","N","N","","0","","1","0","0","","0","N","","2","1","0","0","0","0","0","1","1","1","","","","N","","","","","","","","","",""
"2008026878","","1","0","0","0","0","0","1","0","0","2","1","","02","1","2008","2","40.369043","-80.170341","0805","11","0","0","0","0","0","0","1","0","2","0","0","0","","","0","","0","","40 22:08.556","1","0","80 10:13.228","0","0","0","0","2119","0","0","0","N","0","0","0","2","02119","0","","1.0","","2","Y","N","","0","","0","0","0","","0","N","","2","0","0","0","0","0","0","2","0","2","","","","N","","","","","","","","","",""
"2008026945","","2","0","0","0","0","0","0","0","0","4","0","","02","2","2008","5","40.437089","-79.775117","2352","11","0","0","0","0","1","1","0","0","","0","0","0","","","0","","0","","40 26:13.520","","0","79 46:30.420","0","0","0","0","2446","0","0","0","N","0","0","0","2","02446","0","","1.0","","7","N","N","","0","","0","0","0","","0","","","2","0","0","0","0","0","0","2","0","2","","","","N","","","","","","","","","",""
"2008026951","","0","0","0","0","0","0","0","0","0","7","0","","02","2","2008","5","40.261317","-79.827275","2329","11","0","0","0","0","0","0","0","0","2","0","0","0","","","0","","0","","40 15:40.741","2","0","79 49:38.190","0","0","0","0","2105","0","0","0","N","0","0","0","1","02105","0","","5.0","","7","N","N","","0","","0","0","1","","0","N","","1","0","0","0","0","0","0","1","0","1","","","","N","","","","","","","","","",""
"2008026954","","1","0","0","0","0","0","0","0","0","2","0","","02","2","2008","1","40.481537","-80.034893","0525","11","0","0","0","0","0","0","0","0","2","0","0","0","","","1","","1","","40 28:53.533","2","0","80 02:05.614","3","0","0","0","2301","0","0","0","N","0","0","0","1","02301","0","","6.0","","9","N","N","","1","","1","0","0","","3","Y","","2","1","1","0","0","0","0","2","0","2","","","","N","","","","","","","","","",""
"2008026955","","2","0","0","0","0","0","0","0","0","7","0","","02","1","2008","3","40.4516","-80.0278","1044","11","0","0","0","0","0","0","0","0","","0","0","0","","","0","","0","","40 27:05.760","","0","80 01:40.080","0","0","0","0","2301","0","0","0","N","0","0","0","2","02301","0","","4.0","","6","N","N","","0","","0","0","0","","0","","","2","0","0","0","0","0","0","2","0","2","","","","N","","","","","","","","","",""
"2008026956","","1","0","0","0","0","0","0","0","0","7","0","","02","1","2008","3","40.4541","-79.9948","1101","11","0","0","0","0","0","0","0","0","","0","0","0","","","0","","6","","40 27:14.760","","1","79 59:41.280","0","0","0","0","2301","0","0","0","N","0","0","0","1","02301","0","","5.0","","2","N","N","","0","","0","0","0","","0","","","1","0","0","0","0","0","0","2","0","1","","","","N","","","","","","","","","",""
"2008026957","","2","0","0","0","0","0","0","0","0","5","0","","02","1","2008","3","40.479444","-80.043609","2233","11","0","0","0","0","0","0","0","0","9","0","0","0","","","0","","0","","40 28:45.998","4","0","80 02:36.993","9","0","0","0","2301","0","0","0","N","0","0","0","4","02301","0","","1.0","","6","N","N","","0","","0","0","0","","0","N","","2","0","0","0","0","0","4","2","0","2","","","","N","","","","","","","","","",""
"2008026958","","1","0","0","0","0","0","0","0","0","4","0","","02","1","2008","5","40.4488","-80.0205","1635","11","0","0","0","0","0","0","0","0","","0","0","0","","","0","","2","","40 26:55.680","","2","80 01:13.800","0","0","0","0","2301","0","0","0","N","0","0","0","3","02301","0","","1.0","","1","N","N","","1","","0","0","0","","0","","","2","0","0","0","0","0","0","2","0","2","","","","N","","","","","","","","","",""
"2008026959","","1","0","0","0","0","0","0","0","0","2","0","","02","1","2008","5","40.457246","-79.997838","0952","11","0","0","0","0","0","1","1","0","1","0","0","0","","","1","","10","","40 27:26.085","1","0","79 59:52.216","8","0","0","0","2301","0","0","0","N","0","0","0","2","02301","0","","1.0","","9","N","N","","0","","0","0","1","","2","Y","","2","1","0","0","0","1","0","2","0","2","","","","N","","","","","","","","","",""
"2008026974","","1","0","0","0","0","0","0","0","0","2","0","","02","2","2008","5","40.285724","-80.015812","2243","11","0","0","0","0","0","0","0","0","2","0","0","0","","","1","","0","","40 17:08.606","1","0","80 00:56.922","3","0","0","0","2219","0","0","0","N","0","0","0","4","02219","0","","1.0","","7","N","N","","0","","1","0","1","","0","N","","2","1","0","0","0","0","0","2","0","2","","","","N","","","","","","","","","",""
"2008026987","","1","0","0","0","0","0","0","0","0","7","0","","02","2","2008","6","40.610145","-80.07014","0643","11","0","0","0","0","0","1","0","0","2","0","1","0","","","1","","0","","40 36:36.522","1","0","80 04:12.504","4","0","0","0","2481","0","0","0","N","0","0","0","2","02481","1","","2.0","","7","N","N","","0","","0","0","0","","0","N","","2","1","0","0","0","0","0","2","0","2","","","","N","","","","","","","","","",""
"2008026988","","2","0","0","0","0","0","0","0","0","2","0","","02","2","2008","1","40.601007","-80.075151","0823","11","0","0","0","0","0","1","0","1","2","0","0","0","","","1","","0","","40 36:03.624","6","0","80 04:30.545","4","0","0","0","2481","0","0","0","N","0","0","0","4","02481","1","","1.0","","2","N","N","","0","","0","0","0","","0","Y","","2","1","2","0","0","0","0","2","0","2","","","","N","","","","","","","","","",""
"2008026991","","1","0","0","0","0","0","0","0","0","7","0","","02","2","2008","7","","","0159","11","0","0","0","0","0","0","0","0","","0","0","0","","","0","","0","","","","0","","0","0","0","0","2415","0","0","0","N","0","0","0","2","02415","0","","2.0","","2","N","N","","0","","0","0","0","","0","","","1","0","0","0","0","0","0","1","0","1","","","","N","","","","","","","","","",""
"2008027063","","1","0","0","0","0","0","0","0","0","1","0","","02","2","2008","5","40.612778","-79.960634","1319","11","0","0","0","0","0","1","0","0","","0","0","0","","","1","","0","","40 36:46.000","","0","79 57:38.284","4","0","0","0","2207","0","0","0","N","0","0","0","2","02207","1","","1.0","","1","N","N","","0","","0","0","1","","0","","","2","1","0","0","0","0","0","2","0","2","","","","N","","","","","","","","","",""
"2008027072","","0","0","0","0","0","0","0","0","0","7","0","","02","2","2008","7","40.388173","-80.056013","1351","11","0","0","0","0","0","1","0","0","","0","0","0","","","0","","2","","40 23:17.423","","0","80 03:21.647","0","0","0","0","2109","0","0","0","N","0","0","0","2","02109","0","","4.0","","1","N","N","","0","","0","0","1","","0","","","1","0","0","0","0","0","0","2","0","1","","","","N","","","","","","","","","",""
"2008027073","","1","0","0","0","0","0","0","0","0","7","0","","02","2","2008","2","40.375577","-80.036458","0004","11","0","0","1","0","0","0","0","0","2","0","0","0","","","0","","2","","40 22:32.076","6","0","80 02:11.248","0","0","0","0","2109","0","0","0","N","0","0","0","1","02109","0","","2.0","","9","N","N","","0","","0","0","0","","0","Y","","1","0","0","0","0","0","0","2","0","1","","","","N","","","","","","","","","",""
"2008027074","","2","0","0","0","0","0","0","0","0","6","0","","02","2","2008","2","40.387982","-80.042584","1004","11","0","0","0","0","0","1","0","0","2","0","0","0","","","1","","0","","40 23:16.734","4","0","80 02:33.302","8","0","0","0","2109","0","0","0","N","0","0","0","2","02109","0","","1.0","","1","N","N","","0","","0","0","0","","0","N","","2","1","0","0","0","1","0","2","0","2","","","","N","","","","","","","","","",""
"2008027086","","1","0","0","0","0","0","0","0","0","4","0","","02","1","2008","6","40.438358","-80.001603","1012","11","0","0","0","0","0","1","0","0","","0","0","0","","","0","","0","","40 26:18.089","","0","80 00:05.771","0","0","0","0","2301","0","0","0","N","0","0","0","3","02301","0","","1.0","","1","N","N","","1","","0","0","0","","0","","","2","0","0","0","0","0","0","2","0","2","","","","N","","","","","","","","","",""
"2008027087","","2","0","0","0","0","0","0","0","0","4","0","","02","1","2008","6","40.47153","-79.959709","1628","11","0","0","0","0","0","0","0","0","","0","0","0","","","0","","1","","40 28:17.509","","0","79 57:34.954","0","0","0","0","2301","0","0","0","N","0","0","0","3","02301","0","","1.0","","1","N","N","","0","","0","0","0","","2","","","2","0","1","0","0","0","0","2","0","2","","","","N","","","","","","","","","",""
"2008027088","","0","0","0","0","0","0","0","0","0","4","0","","02","1","2008","7","40.464596","-79.965849","0405","11","0","0","0","0","0","0","0","0","","0","1","0","","","0","","0","","40 27:52.544","","0","79 57:57.056","0","0","0","0","2301","0","0","0","N","0","0","0","1","02301","0","","1.0","","1","N","N","","1","","0","0","0","","0","","","3","0","0","0","0","0","0","2","0","3","","","","N","","","","","","","","","",""
"2008027089","","0","0","1","0","0","0","0","0","0","7","0","","02","1","2008","1","40.446622","-79.98959","1617","11","0","0","0","0","0","0","0","0","1","0","0","0","","","2","","0","","40 26:47.840","3","0","79 59:22.524","2","0","0","0","2301","0","0","0","N","0","0","0","2","02301","0","","5.0","","1","N","N","","0","","0","1","1","","0","N","","1","2","0","0","0","1","0","2","0","1","","","","N","","","","","","","","","",""
"2008027137","","1","0","0","0","0","0","0","0","0","7","0","","02","1","2008","3","40.481525","-80.042225","1750","11","0","0","0","0","0","0","0","0","1","0","0","0","","","0","","0","","40 28:53.490","4","0","80 02:32.011","0","0","0","0","2301","0","0","0","N","0","0","0","3","02301","0","","4.0","","2","N","N","","0","","0","0","0","","0","N","","1","0","0","0","0","0","0","2","0","1","","05","","N","","","","","","","","","",""
"2008027138","","0","0","0","0","0","0","0","0","0","7","0","","02","1","2008","5","40.4833","-80.0045","2052","11","0","0","0","0","0","0","0","0","2","0","0","0","","","1","","0","","40 28:59.880","7","0","80 00:16.200","4","0","0","0","2301","0","0","0","N","0","0","0","2","02301","1","","2.0","","1","N","N","","0","","0","0","0","","0","N","","1","1","0","0","0","0","1","2","1","1","","","","N","","","","","","","","","",""
"2008027139","","1","0","0","0","0","0","0","0","0","7","0","","02","1","2008","6","40.463723","-80.028516","0153","11","0","0","0","0","0","0","0","0","","0","0","0","","","0","","3","","40 27:49.404","","0","80 01:42.658","0","0","0","0","2301","0","0","0","N","0","0","0","1","02301","0","","4.0","","2","N","N","","0","","0","0","0","","0","","","1","0","0","0","0","0","0","2","0","1","","","","N","","","","","","","","","",""
"2008027140","","2","0","0","0","0","0","0","0","0","2","0","","02","1","2008","3","40.451508","-80.018919","0743","11","0","0","0","0","0","0","0","0","","0","0","0","","","1","","1","","40 27:05.428","","0","80 01:08.107","8","0","0","0","2301","0","0","0","N","0","0","0","2","02301","0","","1.0","","9","N","N","","0","","0","0","0","","2","","","2","1","0","0","0","1","0","2","0","2","","","","N","","","","","","","","","",""
"2008027141","","1","0","0","0","0","0","0","0","0","1","0","","02","1","2008","4","40.483827","-80.01309","0849","11","0","0","0","0","0","0","0","0","","0","0","0","","","1","","3","","40 29:01.777","","0","80 00:47.125","8","0","0","0","2301","0","0","0","N","0","0","0","2","02301","0","","1.0","","1","N","N","","0","","0","0","1","","0","","","2","1","0","0","0","1","0","2","0","2","","","","N","","","","","","","","","",""
"2008027142","","2","0","0","0","0","0","0","0","0","4","0","","02","1","2008","4","40.465705","-80.026315","1621","11","0","0","0","0","0","0","0","0","1","0","0","0","","","1","","0","","40 27:56.539","6","0","80 01:34.733","3","0","0","0","2301","0","0","0","N","0","0","0","2","02301","0","","3.0","","1","N","N","","0","","1","0","0","","0","Y","","2","1","0","0","0","0","0","2","0","2","","","","N","","","","","","","","","",""
"2008027143","","1","0","0","0","0","0","0","0","0","7","0","","02","2","2008","7","40.487802","-80.011639","9999","11","0","0","0","0","0","0","0","0","","0","0","0","","","2","","0","","40 29:16.087","","0","80 00:41.900","3","0","0","0","2301","0","0","0","N","0","0","0","2","02301","1","","5.0","","2","N","N","","0","","1","0","0","","0","","","1","2","0","0","0","0","0","2","0","1","","","","N","","","","","","","","","",""
"2008027260","","1","0","0","0","0","0","0","0","0","1","0","","02","2","2008","6","40.441841","-79.879209","0026","11","0","0","0","0","0","0","0","0","","0","0","0","","","0","","0","","40 26:30.627","","0","79 52:45.152","0","0","0","0","2301","0","0","0","","0","0","0","2","02301","0","","2.0","","1","N","N","","1","","0","0","0","","0","","","2","0","0","0","0","0","0","2","0","2","","","","N","","","","","","","","","",""
"2008027264","","1","0","0","0","0","0","0","0","0","4","1","","02","1","2008","3","40.418027","-79.993156","1154","11","0","0","0","0","0","0","1","0","","0","0","0","","","0","","1","","40 25:04.897","","0","79 59:35.361","0","0","0","0","2301","0","0","0","N","0","0","0","2","02301","0","","1.0","","7","N","N","","0","","0","0","0","","3","","","2","0","0","0","0","0","0","2","1","2","","","","N","","","","","","","","","",""
"2008027265","","0","0","0","0","0","0","0","0","0","7","0","","02","1","2008","6","40.441558","-80.029886","9999","11","0","1","0","0","0","0","0","0","2","0","0","0","","","0","","0","","40 26:29.608","5","0","80 01:47.589","0","0","0","0","2301","0","0","0","N","0","0","0","3","02301","0","","4.0","","2","N","N","","0","","0","0","1","","0","Y","","1","0","0","0","0","0","0","2","0","1","","","","N","","","","","","","","","",""
"2008027266","","2","0","0","0","0","0","0","0","0","2","0","","02","1","2008","6","40.441558","-80.029886","1118","11","0","0","0","0","0","0","1","0","2","0","0","0","","","0","","0","","40 26:29.608","5","0","80 01:47.589","0","0","0","0","2301","0","0","0","N","0","0","0","2","02301","0","","1.0","","2","N","N","","0","","0","0","0","","0","Y","","2","0","0","0","0","0","0","2","0","2","","","","N","","","","","","","","","",""
"2008027267","","2","0","0","0","0","0","0","0","0","2","0","","02","1","2008","6","40.420497","-79.98245","1554","11","0","0","0","0","1","0","0","0","","0","0","0","","","0","","0","","40 25:13.789","","0","79 58:56.820","0","0","0","0","2301","0","0","0","N","0","0","0","2","02301","0","","1.0","","9","N","N","","0","","0","0","0","","0","","","2","0","0","0","0","0","0","2","0","2","","","","N","","","","","","","","","",""
"2008027268","","0","0","0","0","0","0","0","0","0","4","0","","02","1","2008","7","40.4435","-80.006","1434","11","0","0","0","0","0","1","0","0","","0","0","0","","","1","","0","","40 26:36.600","","0","80 00:21.600","4","0","0","0","2301","0","0","0","N","0","0","0","3","02301","1","","1.0","","1","N","N","","1","","0","0","0","","0","","","2","1","1","0","0","0","0","2","1","2","","","","N","","","","","","","","","",""
"2008027269","","2","0","0","0","0","0","0","0","0","4","0","","02","1","2008","1","40.419767","-79.929219","1035","11","0","0","0","0","0","1","1","0","","0","0","0","","","4","","2","","40 25:11.161","","0","79 55:45.188","4","0","0","0","2301","0","0","0","N","0","0","0","5","02301","4","","1.0","","9","N","N","","0","","0","0","0","","3","","","2","4","1","0","0","0","0","2","0","2","","","","N","","","","","","","","","",""
"2008027270","","0","0","0","0","0","0","1","0","0","4","1","","02","1","2008","6","40.43531","-79.91899","1757","11","0","0","0","0","0","0","0","0","","0","0","0","","","0","","1","","40 26:07.116","","0","79 55:08.364","0","0","0","0","2301","0","0","0","N","0","0","0","3","02301","0","","1.0","","1","N","N","","0","","0","0","0","","2","","","3","0","0","0","0","0","0","2","2","3","","","","N","","","","","","","","","",""
"2008027271","","2","0","0","0","0","0","0","0","0","1","0","","02","1","2008","1","40.384743","-79.995011","1513","11","0","0","0","0","0","0","0","2","","0","0","0","","","0","","2","","40 23:05.074","","0","79 59:42.040","0","0","0","0","2301","0","0","0","N","0","0","0","2","02301","0","","1.0","","9","N","N","","0","","0","0","0","","2","","","2","0","0","0","0","0","0","2","0","2","","","","N","","","","","","","","","",""
"2008027272","","1","0","0","0","0","0","0","0","0","7","0","","02","1","2008","1","40.4298","-80.0249","1801","11","0","0","0","0","0","0","0","0","1","0","0","0","","","0","","6","","40 25:47.280","2","2","80 01:29.640","0","0","0","0","2301","0","0","0","N","0","0","0","2","02301","0","","7.0","","9","N","N","","0","","0","0","0","","4","N","","1","0","0","0","0","0","0","2","0","1","","","","N","","","","","","","","","",""
"2008027273","","1","0","0","0","0","0","0","0","0","4","0","","02","1","2008","5","40.399133","-80.025152","1715","11","0","0","0","0","0","0","0","0","","0","0","0","","","0","","2","","40 23:56.877","","0","80 01:30.546","0","0","0","0","2301","0","0","0","N","0","0","0","2","02301","0","","1.0","","1","N","N","","0","","0","0","1","","3","","","2","0","0","0","0","0","0","2","0","2","","","","N","","","","","","","","","",""