"CRN","ARRIVAL_TM","AUTOMOBILE_COUNT","BELTED_DEATH_COUNT","BELTED_SUSP_SERIOUS_INJ_COUNT","BICYCLE_COUNT","BICYCLE_DEATH_COUNT","BICYCLE_SUSP_SERIOUS_INJ_COUNT","BUS_COUNT","CHLDPAS_DEATH_COUNT","CHLDPAS_SUSP_SERIOUS_INJ_COUNT","COLLISION_TYPE","COMM_VEH_COUNT","CONS_ZONE_SPD_LIM","COUNTY","CRASH_MONTH","CRASH_YEAR","DAY_OF_WEEK","DEC_LATITUDE","DEC_LONGITUDE","DISPATCH_TM","DISTRICT","DRIVER_COUNT_16YR","DRIVER_COUNT_17YR","DRIVER_COUNT_18YR","DRIVER_COUNT_19YR","DRIVER_COUNT_20YR","DRIVER_COUNT_50_64YR","DRIVER_COUNT_65_74YR","DRIVER_COUNT_75PLUS","EST_HRS_CLOSED","FATAL_COUNT","HEAVY_TRUCK_COUNT","HORSE_BUGGY_COUNT","HOUR_OF_DAY","ILLUMINATION","INJURY_COUNT","INTERSECTION_RELATED","INTERSECT_TYPE","LANE_CLOSED","LATITUDE","LN_CLOSE_DIR","LOCATION_TYPE","LONGITUDE","MAX_SEVERITY_LEVEL","MCYCLE_DEATH_COUNT","MCYCLE_SUSP_SERIOUS_INJ_COUNT","MOTORCYCLE_COUNT","MUNICIPALITY","NONMOTR_COUNT","NONMOTR_DEATH_COUNT","NONMOTR_SUSP_SERIOUS_INJ_COUNT","NTFY_HIWY_MAINT","PED_COUNT","PED_DEATH_COUNT","PED_SUSP_SERIOUS_INJ_COUNT","PERSON_COUNT","POLICE_AGCY","POSSIBLE_INJ_COUNT","RDWY_SURF_TYPE_CD","RELATION_TO_ROAD","ROADWAY_CLEARED","ROAD_CONDITION","SCH_BUS_IND","SCH_ZONE_IND","SECONDARY_CRASH","SMALL_TRUCK_COUNT","SPEC_JURIS_CD","SUSP_MINOR_INJ_COUNT","SUSP_SERIOUS_INJ_COUNT","SUV_COUNT","TCD_FUNC_CD","TCD_TYPE","TFC_DETOUR_IND","TIME_OF_DAY","TOTAL_UNITS","TOT_INJ_COUNT","UNBELTED_OCC_COUNT","UNB_DEATH_COUNT","UNB_SUSP_SERIOUS_INJ_COUNT","UNK_INJ_DEG_COUNT","UNK_INJ_PER_COUNT","URBAN_RURAL","VAN_COUNT","VEHICLE_COUNT","WEATHER1","WEATHER2","WORKERS_PRES","WORK_ZONE_IND","WORK_ZONE_LOC","WORK_ZONE_TYPE","WZ_CLOSE_DETOUR","WZ_FLAGGER","WZ_LAW_OFFCR_IND","WZ_LN_CLOSURE","WZ_MOVING","WZ_OTHER","WZ_SHLDER_MDN","WZ_WORKERS_INJ_KILLED"
"2008027702","","1","0","0","0","0","0","0","0","0","7","0","","02","2","2008","6","40.627778","-79.766116","1634","11","0","0","0","0","1","0","0","0","2","0","0","0","","","0","","0","","40 37:40.000","6","0","79 45:58.018","0","0","0","0","2202","0","0","0","N","0","0","0","4","02202","0","","5.0","","2","N","N","","0","","0","0","0","","0","N","","1","0","0","0","0","0","0","1","0","1","","","","N","","","","","","","","","",""
"2008027703","","1","0","0","0","0","0","0","0","0","7","0","","02","2","2008","6","40.618056","-79.868299","1718","11","0","0","0","0","0","0","0","0","2","0","0","0","","","0","","0","","40 37:05.000","2","0","79 52:05.875","0","0","0","0","2220","0","0","0","N","0","0","0","1","02220","0","","5.0","","6","N","N","","0","","0","0","0","","0","N","","1","0","0","0","0","0","0","2","0","1","","","","N","","","","","","","","","",""
"2008027704","","0","0","0","0","0","0","0","0","0","7","0","","02","2","2008","6","40.519167","-80.283528","1534","11","0","0","0","0","0","0","0","0","1","0","0","0","","","0","","0","","40 31:09.000","3","0","80 17:00.700","0","0","0","0","2203","0","0","0","N","0","0","0","1","02203","0","","4.0","","2","N","N","","1","","0","0","0","","0","N","","1","0","0","0","0","0","0","1","0","1","","","","N","","","","","","","","","",""
"2008027705","","1","0","0","0","0","0","0","0","0","7","0","","02","2","2008","6","40.518887","-79.862631","1815","11","0","0","0","0","0","0","0","0","","0","0","0","","","0","","0","","40 31:07.994","","0","79 51:45.471","0","0","0","0","2112","0","0","0","N","0","0","0","1","02112","0","","5.0","","2","N","N","","0","","0","0","0","","0","","","1","0","0","0","0","0","0","2","0","1","","","","N","","","","","","","","","",""
"2008027707","","1","0","0","0","0","0","0","0","0","7","0","","02","2","2008","6","40.490183","-80.058618","1910","11","0","0","0","0","0","0","0","0","1","0","0","0","","","0","","0","","40 29:24.658","5","0","80 03:31.024","0","0","0","0","2404","0","0","0","N","0","0","0","2","02404","0","","2.0","","2","N","N","","0","","0","0","0","","0","Y","","1","0","0","0","0","0","0","2","0","1","","","","N","","","","","","","","","",""
"2008027714","","0","0","0","0","0","0","0","0","0","7","0","","02","2","2008","6","40.437157","-79.844741","1817","11","0","0","0","0","0","0","0","0","","0","0","0","","","1","","0","","40 26:13.765","","0","79 50:41.067","8","0","0","0","2419","0","0","0","N","0","0","0","1","02419","0","","5.0","","2","N","N","","0","","0","0","1","","0","","","1","1","0","0","0","1","0","2","0","1","","","","N","","","","","","","","","",""
"2008027721","","1","0","0","0","0","0","0","0","0","7","0","","02","2","2008","6","40.372615","-79.807055","0514","11","0","0","0","0","0","0","0","0","","0","0","0","","","0","","2","","40 22:21.414","","0","79 48:25.398","0","0","0","0","2111","0","0","0","N","0","0","0","0","02111","0","","5.0","","7","N","N","","0","","0","0","0","","0","","","1","0","0","0","0","0","0","2","0","1","","","","N","","","","","","","","","",""
"2008027728","","1","0","0","0","0","0","0","0","0","7","0","","02","2","2008","6","40.500508","-79.837541","0726","11","0","0","0","0","0","0","0","0","","0","0","0","","","0","","0","","40 30:01.828","","0","79 50:15.147","0","0","0","0","2113","0","0","0","N","0","0","0","1","02113","0","","5.0","","6","N","N","","0","","0","0","0","","0","","","1","0","0","0","0","0","0","2","0","1","","","","N","","","","","","","","","",""
"2008027729","","1","0","0","0","0","0","0","0","0","7","0","","02","2","2008","7","40.543611","-79.771533","0146","11","0","0","0","0","0","0","0","0","","0","0","0","","","0","","3","","40 32:37.000","","0","79 46:17.517","9","0","0","0","2462","0","0","0","N","0","0","0","1","02462","0","","4.0","","2","N","N","","0","","0","0","0","","0","","","1","0","0","0","0","0","1","2","0","1","","","","N","","","","","","","","","",""
"2008027730","","1","0","0","0","0","0","0","0","0","7","0","","02","2","2008","6","40.387119","-79.799514","2308","11","0","0","0","0","0","0","0","0","3","0","0","0","","","1","","2","","40 23:13.630","5","0","79 47:58.250","3","0","0","0","2424","0","0","0","N","0","0","0","1","02424","0","","5.0","","6","N","N","","0","","1","0","0","","0","Y","","1","1","1","0","0","0","0","2","0","1","","","","N","","","","","","","","","",""
"2008027731","","1","0","0","0","0","0","0","0","0","7","0","","02","2","2008","6","40.384996","-79.797889","0651","11","0","0","0","0","0","0","0","0","","0","0","0","","","0","","0","","40 23:05.985","","0","79 47:52.400","0","0","0","0","2111","0","0","0","N","0","0","0","1","02111","0","","5.0","","7","N","N","","0","","0","0","0","","0","","","1","0","1","0","0","0","0","2","0","1","","","","N","","","","","","","","","",""
"2008027734","","1","0","0","0","0","0","0","0","0","7","0","","02","2","2008","6","40.587222","-79.878439","2249","11","0","0","0","0","0","0","0","0","2","0","0","0","","","0","","0","","40 35:14.000","2","0","79 52:42.382","0","0","0","0","2209","0","0","0","Y","0","0","0","1","02209","0","","4.0","","2","N","N","","0","","0","0","0","","0","Y","","1","0","0","0","0","0","0","1","0","1","","","","N","","","","","","","","","",""
"2008027736","","2","0","0","0","0","0","0","0","0","2","0","","02","2","2008","7","40.393109","-79.805088","0245","11","0","0","0","0","0","0","0","0","2","0","0","0","","","2","","2","","40 23:35.192","7","0","79 48:18.316","8","0","0","0","2479","0","0","0","N","0","0","0","2","02111","0","","1.0","","6","N","N","","0","","0","0","0","","2","N","","2","2","1","0","0","2","0","2","0","2","","","","N","","","","","","","","","",""
"2008027740","","1","0","0","0","0","0","0","0","0","5","0","","02","2","2008","6","40.474289","-79.750812","1314","11","0","0","0","1","0","1","0","0","","0","0","0","","","0","","0","","40 28:27.442","","0","79 45:02.922","0","0","0","0","2466","0","0","0","N","0","0","0","2","02466","0","","1.0","","6","N","N","","0","","0","0","0","","0","","","2","0","1","0","0","0","0","2","1","2","","","","N","","","","","","","","","",""
"2008027754","","0","0","0","0","0","0","0","0","0","7","0","","02","2","2008","7","40.38916","-79.821164","0832","11","0","0","0","0","0","1","0","0","","0","0","0","","","0","","3","","40 23:20.976","","0","79 49:16.190","0","0","0","0","2111","0","0","0","N","0","0","0","1","02111","0","","4.0","","6","N","N","","0","","0","0","1","","0","","","1","0","0","0","0","0","0","2","0","1","","","","N","","","","","","","","","",""
"2008027759","","1","0","0","0","0","0","0","0","0","7","0","","02","2","2008","7","40.357568","-80.000504","0938","11","0","0","0","0","0","1","0","0","","0","0","0","","","0","","10","","40 21:27.245","","7","80 00:01.815","0","0","0","0","2476","0","0","0","N","0","0","0","1","02476","0","","4.0","","9","N","N","","0","","0","0","0","","0","","","1","0","0","0","0","0","0","2","0","1","","","","N","","","","","","","","","",""
"2008027762","","2","0","0","0","0","0","0","0","0","1","0","","02","2","2008","6","40.53424","-80.051048","1518","11","0","0","0","0","0","0","0","0","1","0","0","0","","","1","","0","","40 32:03.265","4","0","80 03:03.771","3","0","0","0","2116","0","0","0","N","0","0","0","2","02116","0","","1.0","","9","N","N","","0","","1","0","0","","0","N","","2","1","0","0","0","0","0","2","0","2","","","","N","","","","","","","","","",""
"2008027769","","2","0","0","0","0","0","0","0","0","4","0","","02","2","2008","5","40.382222","-79.819278","0759","11","0","0","1","0","0","0","0","0","1","0","0","0","","","0","","2","","40 22:56.000","4","0","79 49:09.399","0","0","0","0","2111","0","0","0","N","0","0","0","2","02111","0","","1.0","","2","","N","","0","","0","0","0","","3","Y","","2","0","0","0","0","0","0","2","0","2","","","","N","","","","","","","","","",""
"2008027783","","1","0","0","0","0","0","0","0","0","1","0","","02","2","2008","7","40.457491","-80.192741","1210","11","0","0","0","0","1","0","0","0","2","0","0","0","","","0","","1","","40 27:26.969","4","0","80 11:33.867","0","0","0","0","2203","0","0","0","N","0","0","0","4","02203","0","","1.0","","9","N","N","","0","","0","0","1","","0","N","","2","0","0","0","0","0","0","2","0","2","","","","N","","","","","","","","","",""
"2008027790","","1","0","0","0","0","0","0","0","0","7","0","","02","2","2008","6","40.649122","-79.934448","2122","11","0","0","0","0","0","0","1","0","3","0","0","0","","","0","","0","","40 38:56.839","7","0","79 56:04.012","0","0","0","0","2217","0","0","0","N","0","0","0","1","02505","0","","2.0","","2","N","N","","0","","0","0","0","","0","Y","","1","0","0","0","0","0","0","2","0","1","","","","N","","","","","","","","","",""
"2008027793","","2","0","0","0","0","0","0","0","0","1","0","","02","2","2008","6","40.448284","-79.784173","1941","11","0","0","0","0","0","0","0","0","","0","0","0","","","0","","0","","40 26:53.822","","0","79 47:03.022","0","0","0","0","2446","0","0","0","N","0","0","0","3","02446","0","","1.0","","2","N","N","","1","","0","0","0","","0","","","3","0","0","0","0","0","0","2","0","3","","","","N","","","","","","","","","",""
"2008027797","","2","0","0","0","0","0","0","0","0","4","0","","02","2","2008","2","40.448415","-79.761143","1524","11","0","0","0","1","0","0","0","1","2","0","0","0","","","1","","1","","40 26:54.295","7","0","79 45:40.113","8","0","0","0","2446","0","0","0","N","0","0","0","2","02446","0","","1.0","","1","N","N","","0","","0","0","0","","3","N","","2","1","0","0","0","1","0","2","0","2","","","","N","","","","","","","","","",""
"2008027801","","0","0","0","0","0","0","0","0","0","7","0","","02","2","2008","6","40.627222","-80.046594","1608","11","0","0","0","0","0","0","0","0","1","0","0","0","","","2","","0","","40 37:38.000","6","0","80 02:47.737","8","0","0","0","2216","0","0","0","N","0","0","0","3","02505","0","","5.0","","2","N","N","","0","","0","0","0","","0","N","","1","2","3","0","0","2","0","1","1","1","","","","N","","","","","","","","","",""
"2008027806","","0","0","0","0","0","0","0","0","0","7","0","","02","2","2008","3","40.359415","-80.030544","0830","11","0","0","0","0","0","1","0","0","","0","0","0","","","1","","2","","40 21:33.894","","0","80 01:49.958","4","0","0","0","2416","0","0","0","N","0","0","0","1","02416","1","","5.0","","7","N","N","","0","","0","0","0","","3","","","1","1","0","0","0","0","0","2","1","1","","","","N","","","","","","","","","",""
"2008027817","","3","0","0","0","0","0","0","0","0","1","0","","02","2","2008","6","40.556632","-79.788667","1945","11","0","0","1","0","0","0","0","0","","0","0","0","","","0","","0","","40 33:23.875","","0","79 47:19.201","0","0","0","0","2121","0","0","0","N","0","0","0","6","02121","0","","1.0","","2","N","N","","0","","0","0","0","","0","","","3","0","0","0","0","0","0","2","0","3","","","","N","","","","","","","","","",""
"2008027824","","1","0","0","0","0","0","0","0","0","7","0","","02","2","2008","6","40.261856","-79.828114","1822","11","0","0","0","0","0","0","0","0","2","0","0","0","","","0","","0","","40 15:42.681","6","0","79 49:41.210","0","0","0","0","2105","0","0","0","N","0","0","0","1","02105","0","","4.0","","2","N","N","","0","","0","0","0","","0","Y","","1","0","0","0","0","0","0","2","0","1","","","","N","","","","","","","","","",""
"2008027828","","1","0","0","0","0","0","0","0","0","4","0","","02","2","2008","4","40.373889","-80.099062","1933","11","0","1","0","0","0","0","0","0","","0","0","0","","","0","","2","","40 22:26.000","","0","80 05:56.622","0","0","0","0","2102","0","0","0","N","0","0","0","4","02102","0","","1.0","","1","N","N","","0","","0","0","0","","2","","","2","0","0","0","0","0","0","2","1","2","","","","N","","","","","","","","","",""
"2008027835","","0","0","0","0","0","0","0","0","0","7","0","","02","2","2008","7","40.635","-79.939496","0059","11","0","0","0","0","0","0","0","0","","0","0","0","","","1","","0","","40 38:06.000","","0","79 56:22.184","4","0","0","0","2217","0","0","0","N","0","0","0","1","02505","1","","5.0","","9","N","N","","1","","0","0","0","","0","","","1","1","1","0","0","0","0","2","0","1","","","","N","","","","","","","","","",""
"2008027841","","1","0","0","0","0","0","0","0","0","7","0","","02","2","2008","6","40.630687","-79.834443","1742","11","0","0","0","1","0","0","0","0","3","0","0","0","","","0","","0","","40 37:50.474","5","0","79 50:03.996","0","0","0","0","2220","0","0","0","N","0","0","0","1","02220","0","","2.0","","2","N","N","","0","","0","0","0","","0","Y","","1","0","0","0","0","0","0","1","0","1","","","","N","","","","","","","","","",""
"2008027889","","1","0","0","0","0","0","0","0","0","7","0","","02","2","2008","3","40.6138","-79.9574","0741","11","0","0","0","0","0","0","0","0","","0","0","0","","","0","","0","","40 36:49.680","","0","79 57:26.640","0","0","0","0","2207","0","0","0","N","0","0","0","1","68T02","0","","2.0","","6","N","N","","0","","0","0","0","","0","","","1","0","0","0","0","0","0","2","0","1","","","","N","","","","","","","","","",""
"2008027890","","0","0","0","0","0","0","0","0","0","7","0","","02","2","2008","3","40.6129","-79.9687","1010","11","0","0","0","0","0","0","0","0","1","0","0","0","","","0","","0","","40 36:46.440","3","0","79 58:07.320","0","0","0","0","2207","0","0","0","N","0","0","0","1","68T02","0","","3.0","","7","N","N","","0","","0","0","1","","0","N","","1","0","0","0","0","0","0","2","0","1","","","","N","","","","","","","","","",""
"2008027892","","1","0","0","0","0","0","0","0","0","4","0","","02","2","2008","7","40.5214","-79.9596","1414","11","0","0","0","0","0","1","0","0","","0","0","0","","","1","","0","","40 31:17.040","","0","79 57:34.560","3","0","0","0","2118","0","0","0","N","0","0","0","2","02118","0","","1.0","","1","N","N","","0","","1","0","0","","0","","","2","1","0","0","0","0","0","2","1","2","","","","N","","","","","","","","","",""
"2008027893","","0","0","0","0","0","0","0","0","0","1","2","","02","2","2008","3","40.5875","-79.8802","1657","11","0","0","0","0","0","0","0","0","3","0","2","0","","","0","","0","","40 35:15.000","3","0","79 52:48.720","0","0","0","0","2209","0","0","0","N","0","0","0","2","68T02","0","","1.0","","6","N","N","","0","","0","0","0","","9","N","","2","0","0","0","0","0","0","2","0","2","","","","N","","","","","","","","","",""
"2008027904","","0","0","0","0","0","0","0","0","0","2","0","","02","2","2008","6","40.4893","-79.7066","1826","11","0","0","0","0","0","1","0","0","3","0","0","0","","","2","","0","","40 29:21.480","6","0","79 42:23.760","8","0","0","0","2466","0","0","0","N","0","0","0","4","02466","0","","1.0","","2","N","N","","1","","0","0","1","","0","Y","","2","2","0","0","0","2","2","2","0","2","","","","N","","","","","","","","","",""
"2008027908","","1","0","0","0","0","0","0","0","0","1","0","","02","2","2008","1","40.504722","-80.084405","0817","11","0","0","0","0","1","1","0","0","","0","0","0","","","0","","2","","40 30:17.000","","0","80 05:03.859","0","0","0","0","2405","0","0","0","N","0","0","0","6","02215","0","","1.0","","1","N","N","","1","","0","0","0","","2","","","2","0","5","0","0","0","0","2","0","2","","","","N","","","","","","","","","",""
"2008027915","","2","0","0","0","0","0","0","0","0","1","0","","02","2","2008","6","40.3865","-79.967","1350","11","0","0","0","0","0","1","1","0","","0","0","0","","","0","","0","","40 23:11.400","","0","79 58:01.200","0","0","0","0","2403","0","0","0","N","0","0","0","2","02403","0","","1.0","","1","N","N","","0","","0","0","0","","0","","","2","0","0","0","0","0","0","2","0","2","","","","N","","","","","","","","","",""
"2008027916","","2","0","0","0","0","0","0","0","0","4","0","","02","2","2008","5","40.548498","-80.028104","1735","11","0","0","0","0","1","1","0","0","1","0","0","0","","","1","","3","","40 32:54.592","4","0","80 01:41.174","8","0","0","0","2116","0","0","0","N","0","0","0","3","02116","0","","1.0","","9","N","N","","0","","0","0","0","","0","N","","2","1","0","0","0","1","0","2","0","2","","","","N","","","","","","","","","",""
"2008027917","","1","0","0","0","0","0","0","0","0","7","0","","02","2","2008","1","40.510038","-79.998981","0842","11","0","0","0","0","0","1","0","0","3","0","0","0","","","0","","0","","40 30:36.136","6","0","79 59:56.331","0","0","0","0","2116","0","0","0","N","0","0","0","1","02116","0","","5.0","","2","N","N","","0","","0","0","0","","0","Y","","1","0","0","0","0","0","0","2","0","1","","","","N","","","","","","","","","",""
"2008027919","","1","0","0","0","0","0","0","0","0","6","0","","02","2","2008","5","40.378798","-79.909022","0809","11","0","0","0","0","0","1","0","0","","0","0","0","","","0","","2","","40 22:43.672","","0","79 54:32.479","0","0","0","0","2448","0","0","0","N","0","0","0","2","02448","0","","1.0","","98","N","N","","1","","0","0","0","","3","","","2","0","1","0","0","0","0","2","0","2","","","","N","","","","","","","","","",""
"2008027920","","1","0","0","0","0","0","0","0","0","7","0","","02","2","2008","5","","","1000","11","0","0","0","0","0","0","0","0","","0","0","0","","","0","","0","","","","0","","0","0","0","0","2116","0","0","0","N","0","0","0","1","02116","0","","5.0","","9","N","N","","0","","0","0","0","","0","","","1","0","0","0","0","0","0","1","0","1","","","","N","","","","","","","","","",""
"2008027924","","2","0","0","0","0","0","0","0","0","4","0","","02","2","2008","1","40.641944","-79.938472","0756","11","0","0","0","0","1","0","0","0","","0","0","0","","","0","","1","","40 38:31.000","","0","79 56:18.498","0","0","0","0","2217","0","0","0","N","0","0","0","5","02505","0","","1.0","","1","N","N","","0","","0","0","0","","2","","","2","0","0","0","0","0","0","2","0","2","","","","N","","","","","","","","","",""
"2008027929","","1","0","0","0","0","0","0","0","0","4","0","","02","2","2008","1","40.435189","-79.768672","1125","11","0","0","0","0","0","0","1","1","1","0","0","0","","","0","","0","","40 26:06.680","4","0","79 46:07.220","0","0","0","0","2446","0","0","0","N","0","0","0","2","02446","0","","1.0","","1","N","N","","0","","0","0","1","","0","N","","2","0","0","0","0","0","0","2","0","2","","","","N","","","","","","","","","",""
"2008027931","","0","0","0","0","0","0","0","0","0","1","0","","02","2","2008","1","40.372483","-80.120446","1100","11","0","0","0","0","0","1","0","0","","0","0","0","","","1","","2","","40 22:20.938","","0","80 07:13.605","8","0","0","0","2102","0","0","0","N","0","0","0","4","02102","0","","1.0","","1","N","N","","1","","0","0","1","","3","","","2","1","1","0","0","1","3","2","0","2","","","","N","","","","","","","","","",""
"2008027938","","1","0","0","0","0","0","0","0","0","7","0","","02","2","2008","6","40.373069","-79.800561","1857","11","0","0","0","0","0","0","0","0","","0","0","0","","","0","","0","","40 22:23.050","","0","79 48:02.021","0","0","0","0","2111","0","0","0","N","0","0","0","2","02111","0","","2.0","","2","N","N","","0","","0","0","0","","0","","","1","0","0","0","0","0","0","2","0","1","","","","N","","","","","","","","","",""
"2008027942","","1","0","0","0","0","0","1","0","0","6","1","","02","2","2008","7","40.541927","-79.815106","1956","11","0","0","0","0","0","1","0","0","","0","0","0","","","0","","0","","40 32:30.938","","0","79 48:54.380","0","0","0","0","2301","0","0","0","N","0","0","0","2","02503","0","","1.0","","1","N","N","","0","","0","0","0","","0","","","2","0","0","0","0","0","0","2","0","2","","","","N","","","","","","","","","",""
"2008027948","","1","0","0","0","0","0","0","0","0","4","0","","02","2","2008","1","40.343333","-79.970225","1500","11","0","0","0","0","1","1","0","0","1","0","0","0","","","0","","1","","40 20:36.000","5","0","79 58:12.810","0","0","0","0","2403","0","0","0","N","0","0","0","4","02403","0","","1.0","","1","N","N","","0","","0","0","1","","2","N","","2","0","0","0","0","0","0","2","0","2","","","","N","","","","","","","","","",""
"2008027951","","1","0","0","0","0","0","0","0","0","1","0","","02","2","2008","5","40.475702","-80.098963","2209","11","0","0","0","0","0","0","0","0","","0","0","0","","","1","","1","","40 28:32.527","","0","80 05:56.266","4","0","0","0","2126","0","0","0","N","0","0","0","4","02126","1","","2.0","","2","N","N","","1","","0","0","0","","2","","","2","1","3","0","0","0","0","2","0","2","","","","N","","","","","","","","","",""
"2008027953","","1","0","0","0","0","0","0","0","0","1","0","","02","2","2008","6","40.391786","-80.036467","2045","11","0","0","0","0","0","1","0","0","","0","0","0","","","0","","0","","40 23:30.428","","0","80 02:11.280","0","0","0","0","2422","0","0","0","N","0","0","0","1","02422","0","","1.0","","2","N","N","","1","","0","0","0","","0","","","2","0","0","0","0","0","0","2","0","2","","","","N","","","","","","","","","",""
"2008027980","","1","0","0","0","0","0","0","0","0","7","0","","02","2","2008","7","40.419256","-79.745725","0343","11","0","0","0","0","0","0","0","0","2","0","0","0","","","0","","0","","40 25:09.320","3","0","79 44:44.610","0","0","0","0","2446","0","0","0","N","0","0","0","2","02446","0","","4.0","","2","N","N","","0","","0","0","0","","0","N","","1","0","0","0","0","0","0","2","0","1","","","","N","","","","","","","","","",""
"2008027984","","1","0","0","0","0","0","0","0","0","7","0","","02","2","2008","7","40.382961","-79.806999","0204","11","0","0","0","0","0","0","0","0","","0","0","0","","","0","","1","","40 22:58.659","","0","79 48:25.196","0","0","0","0","2424","0","0","0","N","0","0","0","1","02424","0","","2.0","","7","N","N","","0","","0","0","0","","0","","","1","0","0","0","0","0","0","2","0","1","","","","N","","","","","","","","","",""
"2008027996","","2","0","0","0","0","0","0","0","0","6","0","","02","2","2008","7","40.445825","-79.71383","1243","11","0","0","0","0","0","2","0","0","","0","0","0","","","0","","1","","40 26:44.971","","0","79 42:49.787","0","0","0","0","2466","0","0","0","N","0","0","0","3","02466","0","","1.0","","9","N","N","","0","","0","0","0","","2","","","2","0","2","0","0","0","0","2","0","2","","","","N","","","","","","","","","",""
"2008027997","","1","0","0","0","0","0","0","0","0","7","0","","02","2","2008","5","40.571424","-80.071573","0743","11","0","0","0","0","0","0","0","0","1","0","0","0","","","1","","0","","40 34:17.125","1","0","80 04:17.661","4","0","0","0","2481","0","0","0","N","0","0","0","1","02481","1","","2.0","","1","N","N","","0","","0","0","0","","0","N","","1","1","0","0","0","0","0","2","0","1","","","","N","","","","","","","","","",""
"2008028029","","1","0","0","0","0","0","0","0","0","7","0","","02","2","2008","1","40.6543","-80.0107","0836","11","0","0","0","0","0","0","0","0","1","0","0","0","","","1","","0","","40 39:15.480","2","0","80 00:38.520","3","0","0","0","2216","0","0","0","N","0","0","0","2","02505","0","","5.0","","2","N","N","","0","","1","0","0","","0","N","","1","1","0","0","0","0","0","1","0","1","","","","N","","","","","","","","","",""
"2008028040","","1","0","0","0","0","0","0","0","0","7","0","","02","2","2008","6","40.642038","-80.072389","0932","11","0","0","0","0","0","0","0","0","","0","0","0","","","0","","2","","40 38:31.336","","0","80 04:20.600","0","0","0","0","2412","0","0","0","N","0","0","0","1","02505","0","","5.0","","2","N","N","","0","","0","0","0","","0","","","1","0","0","0","0","0","0","2","0","1","","","","N","","","","","","","","","",""
"2008028047","","1","0","0","0","0","0","0","0","0","7","0","","02","2","2008","6","40.641846","-80.135107","0953","11","0","0","0","0","0","1","0","0","","0","0","0","","","0","","0","","40 38:30.647","","0","80 08:06.386","0","0","0","0","2212","0","0","0","N","0","0","0","1","02505","0","","5.0","","2","N","N","","0","","0","0","0","","0","","","1","0","0","0","0","0","0","1","0","1","","","","N","","","","","","","","","",""
"2008028048","","2","0","0","0","0","0","0","0","0","1","0","","02","2","2008","2","40.596667","-79.982731","0810","11","0","0","1","0","0","0","0","0","","0","0","0","","","1","","0","","40 35:48.000","","0","79 58:57.832","8","0","0","0","2207","0","0","0","N","0","0","0","2","02207","0","","1.0","","9","N","N","","0","","0","0","0","","0","","","2","1","0","0","0","1","0","1","0","2","","","","N","","","","","","","","","",""
"2008028057","","2","0","0","0","0","0","0","0","0","1","0","","02","2","2008","6","40.520823","-80.025258","1445","11","0","0","0","0","0","0","0","1","","0","0","0","","","0","","1","","40 31:14.962","","0","80 01:30.930","0","0","0","0","2474","0","0","0","N","0","0","0","2","02474","0","","1.0","","9","N","N","","0","","0","0","0","","2","","","2","0","0","0","0","0","0","2","0","2","","","","N","","","","","","","","","",""
"2008028061","","3","0","0","0","0","0","0","0","0","1","0","","02","2","2008","5","40.381944","-79.819117","0821","11","0","0","0","0","1","0","0","0","","0","0","0","","","0","","0","","40 22:55.000","","0","79 49:08.820","0","0","0","0","2111","0","0","0","N","0","0","0","3","02111","0","","1.0","","2","N","N","","0","","0","0","0","","0","","","3","0","0","0","0","0","0","2","0","3","","","","N","","","","","","","","","",""
"2008028066","","2","0","0","0","0","0","0","0","0","6","0","","02","2","2008","6","40.539","-79.998472","0924","11","0","1","0","0","0","0","0","0","1","0","0","0","","","0","","0","","40 32:20.400","1","0","79 59:54.500","0","0","0","0","2116","0","0","0","N","0","0","0","1","02116","0","","1.0","","2","N","N","","0","","0","0","0","","0","N","","2","0","0","0","0","0","0","2","0","2","","","","N","","","","","","","","","",""
"2008028068","","1","0","0","0","0","0","0","0","0","4","0","","02","2","2008","2","40.603972","-79.918108","1223","11","0","0","0","0","0","0","2","0","1","0","0","0","","","0","","2","","40 36:14.299","4","0","79 55:05.188","0","0","0","0","2220","0","0","0","N","0","0","0","2","02220","0","","1.0","","9","N","N","","0","","0","0","1","","3","N","","2","0","0","0","0","0","0","2","0","2","","","","N","","","","","","","","","",""
"2008028078","","2","0","0","0","0","0","0","0","0","4","0","","02","2","2008","2","40.382961","-79.806999","1435","11","0","0","1","0","0","0","0","0","1","0","0","0","","","0","","1","","40 22:58.659","1","0","79 48:25.196","0","0","0","0","2424","0","0","0","N","0","0","0","3","02424","0","","1.0","","1","N","N","","0","","0","0","0","","0","Y","","2","0","1","0","0","0","0","2","0","2","","","","N","","","","","","","","","",""
"2008028082","","1","0","0","0","0","0","0","0","0","4","0","","02","2","2008","1","40.498844","-80.066972","1423","11","1","0","0","0","0","0","0","0","","0","0","0","","","0","","2","","40 29:55.838","","0","80 04:01.099","0","0","0","0","2402","0","0","0","N","0","0","0","3","02402","0","","1.0","","1","N","N","","0","","0","0","1","","3","","","2","0","0","0","0","0","0","2","0","2","","","","N","","","","","","","","","",""