"CRN","ARRIVAL_TM","AUTOMOBILE_COUNT","BELTED_DEATH_COUNT","BELTED_SUSP_SERIOUS_INJ_COUNT","BICYCLE_COUNT","BICYCLE_DEATH_COUNT","BICYCLE_SUSP_SERIOUS_INJ_COUNT","BUS_COUNT","CHLDPAS_DEATH_COUNT","CHLDPAS_SUSP_SERIOUS_INJ_COUNT","COLLISION_TYPE","COMM_VEH_COUNT","CONS_ZONE_SPD_LIM","COUNTY","CRASH_MONTH","CRASH_YEAR","DAY_OF_WEEK","DEC_LATITUDE","DEC_LONGITUDE","DISPATCH_TM","DISTRICT","DRIVER_COUNT_16YR","DRIVER_COUNT_17YR","DRIVER_COUNT_18YR","DRIVER_COUNT_19YR","DRIVER_COUNT_20YR","DRIVER_COUNT_50_64YR","DRIVER_COUNT_65_74YR","DRIVER_COUNT_75PLUS","EST_HRS_CLOSED","FATAL_COUNT","HEAVY_TRUCK_COUNT","HORSE_BUGGY_COUNT","HOUR_OF_DAY","ILLUMINATION","INJURY_COUNT","INTERSECTION_RELATED","INTERSECT_TYPE","LANE_CLOSED","LATITUDE","LN_CLOSE_DIR","LOCATION_TYPE","LONGITUDE","MAX_SEVERITY_LEVEL","MCYCLE_DEATH_COUNT","MCYCLE_SUSP_SERIOUS_INJ_COUNT","MOTORCYCLE_COUNT","MUNICIPALITY","NONMOTR_COUNT","NONMOTR_DEATH_COUNT","NONMOTR_SUSP_SERIOUS_INJ_COUNT","NTFY_HIWY_MAINT","PED_COUNT","PED_DEATH_COUNT","PED_SUSP_SERIOUS_INJ_COUNT","PERSON_COUNT","POLICE_AGCY","POSSIBLE_INJ_COUNT","RDWY_SURF_TYPE_CD","RELATION_TO_ROAD","ROADWAY_CLEARED","ROAD_CONDITION","SCH_BUS_IND","SCH_ZONE_IND","SECONDARY_CRASH","SMALL_TRUCK_COUNT","SPEC_JURIS_CD","SUSP_MINOR_INJ_COUNT","SUSP_SERIOUS_INJ_COUNT","SUV_COUNT","TCD_FUNC_CD","TCD_TYPE","TFC_DETOUR_IND","TIME_OF_DAY","TOTAL_UNITS","TOT_INJ_COUNT","UNBELTED_OCC_COUNT","UNB_DEATH_COUNT","UNB_SUSP_SERIOUS_INJ_COUNT","UNK_INJ_DEG_COUNT","UNK_INJ_PER_COUNT","URBAN_RURAL","VAN_COUNT","VEHICLE_COUNT","WEATHER1","WEATHER2","WORKERS_PRES","WORK_ZONE_IND","WORK_ZONE_LOC","WORK_ZONE_TYPE","WZ_CLOSE_DETOUR","WZ_FLAGGER","WZ_LAW_OFFCR_IND","WZ_LN_CLOSURE","WZ_MOVING","WZ_OTHER","WZ_SHLDER_MDN","WZ_WORKERS_INJ_KILLED"
"2008028975","","1","0","0","0","0","0","0","0","0","7","0","","02","2","2008","3","40.373986","-79.810473","2052","11","0","0","1","0","0","0","0","0","","0","0","0","","","0","","0","","40 22:26.349","","0","79 48:37.702","0","0","0","0","2111","0","0","0","N","0","0","0","1","02111","0","","5.0","","7","N","N","","0","","0","0","0","","0","","","1","0","0","0","0","0","0","2","0","1","","","","N","","","","","","","","","",""
"2008028994","","0","0","0","0","0","0","0","0","0","7","0","","02","2","2008","3","40.479026","-79.872106","0623","11","0","0","0","0","0","0","0","0","2","0","0","0","","","1","","0","","40 28:44.493","4","0","79 52:19.581","4","0","0","0","2113","0","0","0","N","0","0","0","1","02113","1","","5.0","","6","N","N","","1","","0","0","0","","0","Y","","1","1","0","0","0","0","0","2","0","1","","05","","N","","","","","","","","","",""
"2008028996","","0","0","0","0","0","0","0","0","0","4","0","","02","2","2008","6","40.3825","-79.857189","1052","11","0","0","0","0","0","0","0","0","1","0","0","0","","","0","","0","","40 22:57.000","1","0","79 51:25.880","0","0","0","0","2303","0","0","0","N","0","0","0","2","02303","0","","1.0","","9","N","N","","2","","0","0","0","","0","N","","2","0","0","0","0","0","0","2","0","2","","","","N","","","","","","","","","",""
"2008028997","","1","0","0","0","0","0","0","0","0","7","0","","02","2","2008","4","40.473889","-79.809878","0026","11","0","0","1","0","0","0","0","0","1","0","0","0","","","1","","0","","40 28:26.000","5","0","79 48:35.559","8","0","0","0","2113","0","0","0","N","0","0","0","1","02113","0","","5.0","","7","N","N","","0","","0","0","0","","0","Y","","1","1","0","0","0","1","0","2","0","1","","","","N","","","","","","","","","",""
"2008028998","","0","0","0","0","0","0","0","0","0","7","0","","02","2","2008","3","40.43507","-79.837699","0306","11","0","0","0","0","0","0","0","0","","0","0","0","","","0","","0","","40 26:06.252","","0","79 50:15.716","0","0","0","0","2419","0","0","0","N","0","0","0","1","02419","0","","5.0","","7","N","N","","1","","0","0","0","","0","","","1","0","0","0","0","0","0","2","0","1","","","","N","","","","","","","","","",""
"2008029004","","2","0","0","0","0","0","0","0","0","2","0","","02","2","2008","5","40.408056","-80.077155","0424","11","0","0","1","0","0","0","0","0","","0","0","0","","","0","","2","","40 24:29.000","","0","80 04:37.757","0","0","0","0","2415","0","0","0","N","0","0","0","2","02415","0","","1.0","","7","N","N","","0","","0","0","0","","0","","","2","0","0","0","0","0","0","2","0","2","","","","N","","","","","","","","","",""
"2008029047","","1","0","0","0","0","0","0","0","0","1","0","","02","2","2008","3","40.4375","-79.739589","1149","11","0","0","0","0","0","1","0","0","1","0","0","0","","","2","","2","","40 26:15.000","3","0","79 44:22.520","8","0","0","0","2446","0","0","0","N","0","0","0","3","02446","0","","1.0","","9","N","N","","0","","0","0","1","","2","N","","2","2","0","0","0","2","0","2","0","2","","","","N","","","","","","","","","",""
"2008029072","","0","0","0","0","0","0","0","0","0","1","0","","02","1","2008","2","40.3335","-79.8478","1637","11","0","0","0","0","0","2","0","0","2","0","0","0","","","0","","0","","40 20:00.600","2","0","79 50:52.080","0","0","0","0","2304","0","0","0","N","0","0","0","3","02304","0","","1.0","","1","N","N","","1","","0","0","1","","0","Y","","3","0","0","0","0","0","0","2","1","3","","","","N","","","","","","","","","",""
"2008029084","","1","0","0","0","0","0","0","0","0","7","0","","02","1","2008","3","40.4306","-79.8389","0009","11","0","0","0","0","1","0","0","0","","0","0","0","","","0","","0","","40 25:50.160","","0","79 50:20.040","0","0","0","0","2113","0","0","0","N","0","0","0","1","02113","0","","2.0","","2","N","N","","0","","0","0","0","","0","","","1","0","0","0","0","0","0","2","0","1","","","","N","","","","","","","","","",""
"2008029099","","1","0","0","0","0","0","0","0","0","7","0","25","02","1","2008","3","40.4503","-79.9992","0854","11","0","0","0","0","0","0","0","0","","0","0","0","","","0","","0","","40 27:01.080","","2","79 59:57.120","0","0","0","0","2301","0","0","0","N","0","0","0","2","02301","0","","7.0","","7","N","N","","0","","0","0","0","","1","","","1","0","0","0","0","0","0","2","0","1","","","Y","Y","3","1","","","N","","","","Y",""
"2008029103","","2","0","0","0","0","0","0","0","0","1","0","","02","1","2008","5","40.548889","-80.196525","1531","11","0","0","0","0","1","0","0","0","1","0","0","0","","","2","","2","","40 32:56.000","1","0","80 11:47.491","3","0","0","0","2427","0","0","0","N","0","0","0","2","02427","0","","1.0","","9","N","N","","0","","2","0","0","","0","N","","2","2","2","0","0","0","0","2","0","2","","","","N","","","","","","","","","",""
"2008029140","","1","0","0","0","0","0","0","0","0","0","0","","02","1","2008","6","40.439559","-79.990494","1140","11","0","0","0","0","0","0","0","0","","0","0","0","","","0","","0","","40 26:22.413","","0","79 59:25.780","0","0","0","0","2301","0","0","0","N","0","0","0","1","02301","0","","1.0","","1","N","N","","0","","0","0","2","","0","","","3","0","0","0","0","0","0","2","0","3","","","","N","","","","","","","","","",""
"2008029145","","0","0","0","0","0","0","0","0","0","4","0","","02","1","2008","3","40.449195","-80.004952","1054","11","0","0","0","0","0","0","0","0","","0","0","0","","","0","","1","","40 26:57.102","","0","80 00:17.827","0","0","0","0","2301","0","0","0","N","0","0","0","4","02301","0","","1.0","","9","N","N","","0","","0","0","1","","2","","","2","0","0","0","0","0","0","2","1","2","","","","N","","","","","","","","","",""
"2008029190","","1","0","0","0","0","0","0","0","0","4","0","","02","1","2008","3","40.457312","-79.922418","0749","11","0","0","0","0","0","0","0","0","","0","0","0","","","0","","0","","40 27:26.323","","0","79 55:20.704","0","0","0","0","2301","0","0","0","N","0","0","0","2","02301","0","","1.0","","9","N","N","","0","","0","0","1","","0","","","2","0","0","0","0","0","0","2","0","2","","","","N","","","","","","","","","",""
"2008029191","","4","0","0","0","0","0","0","0","0","4","0","","02","1","2008","3","40.424722","-80.01891","0927","11","0","0","0","0","0","0","1","1","","0","0","0","","","2","","0","","40 25:29.000","","0","80 01:08.077","3","0","0","0","2301","0","0","0","N","0","0","0","5","02301","0","","1.0","","2","N","N","","0","","2","0","0","","0","","","4","2","1","0","0","0","0","2","0","4","","","","N","","","","","","","","","",""
"2008029192","","1","0","0","0","0","0","0","0","0","4","0","","02","2","2008","6","40.523696","-79.840653","1326","11","0","0","0","0","0","0","0","0","1","0","0","0","","","0","","0","","40 31:25.306","1","0","79 50:26.352","0","0","0","0","2401","0","0","0","N","0","0","0","2","02401","0","","1.0","","2","N","N","","0","","0","0","1","","0","N","","2","0","0","0","0","0","0","2","0","2","","","","N","","","","","","","","","",""
"2008029193","","1","0","0","0","0","0","0","0","0","2","0","","02","2","2008","5","40.295725","-79.989014","0833","11","0","0","0","0","0","0","0","0","1","0","0","0","","","3","","0","","40 17:44.610","6","0","79 59:20.450","4","0","0","0","2219","0","0","0","N","0","0","0","3","02219","3","","1.0","","1","N","N","","0","","0","0","1","","0","Y","","2","3","0","0","0","0","0","2","0","2","","","","N","","","","","","","","","",""
"2008029194","","1","0","0","0","0","0","0","0","0","7","0","","02","1","2008","2","40.573272","-80.036292","2328","11","0","0","1","0","0","0","0","0","","0","0","0","","","0","","0","","40 34:23.779","","0","80 02:10.651","0","0","0","0","2108","0","0","0","N","0","0","0","1","02108","0","","5.0","","2","N","N","","0","","0","0","0","","0","","","1","0","0","0","0","0","0","2","0","1","","","","N","","","","","","","","","",""
"2008029195","","0","0","0","0","0","0","0","0","0","7","0","","02","1","2008","7","40.459819","-79.956317","9999","11","0","0","0","0","0","0","0","0","1","0","0","0","","","0","","0","","40 27:35.350","1","3","79 57:22.740","9","0","0","0","2301","0","0","0","N","0","0","0","1","02301","0","","4.0","","1","N","N","","0","","0","0","1","","0","N","","1","0","0","0","0","0","1","2","0","1","","","","N","","","","","","","","","",""
"2008029196","","4","0","0","0","0","0","0","0","0","4","0","","02","1","2008","4","40.441104","-79.993517","0105","11","0","0","0","0","0","0","0","0","1","0","0","0","","","2","","1","","40 26:27.973","3","0","79 59:36.660","3","0","0","0","2301","0","0","0","N","0","0","0","4","02301","0","","1.0","","1","N","N","","0","","2","0","0","","2","N","","4","2","0","0","0","0","0","2","0","4","","","","N","","","","","","","","","",""
"2008029199","","0","0","0","0","0","0","0","0","0","7","0","","02","1","2008","3","40.422867","-79.991771","1227","11","0","0","0","0","0","1","0","0","","0","0","0","","","0","","2","","40 25:22.321","","0","79 59:30.375","0","0","0","0","2301","0","0","0","N","0","0","0","1","02301","0","","5.0","","2","N","N","","1","","0","0","0","","0","","","1","0","0","0","0","0","0","2","0","1","","","","N","","","","","","","","","",""
"2008029201","","1","0","0","0","0","0","0","0","0","7","0","","02","1","2008","1","40.4592","-79.9077","0731","11","0","0","0","0","0","0","0","0","","0","0","0","","","0","","0","","40 27:33.120","","0","79 54:27.720","0","0","0","0","2301","0","0","0","Y","0","0","0","2","02301","0","","2.0","","2","N","N","","0","","0","0","0","","0","","","1","0","0","0","0","0","0","2","0","1","","","","N","","","","","","","","","",""
"2008029202","","2","0","0","0","0","0","0","0","0","1","0","","02","1","2008","3","40.439278","-79.985027","1152","11","0","0","0","0","0","0","0","0","","0","0","0","","","1","","1","","40 26:21.400","","0","79 59:06.097","8","0","0","0","2301","0","0","0","N","0","0","0","2","02301","0","","1.0","","6","N","N","","0","","0","0","0","","0","","","2","1","0","0","0","1","1","2","0","2","","","","N","","","","","","","","","",""
"2008029203","","1","0","0","0","0","0","0","0","0","4","0","","02","1","2008","7","40.433037","-80.029231","1337","11","0","0","0","0","0","1","0","0","1","0","0","0","","","2","","1","","40 25:58.933","7","0","80 01:45.231","4","0","0","0","2301","0","0","0","N","0","0","0","3","02301","2","","1.0","","1","N","N","","0","","0","0","0","","3","Y","","2","2","2","0","0","0","0","2","1","2","","","","N","","","","","","","","","",""
"2008029204","","0","0","0","0","0","0","0","0","0","0","0","","02","1","2008","7","40.448227","-79.986908","2354","11","0","0","0","0","0","0","0","0","2","0","0","0","","","0","","2","","40 26:53.617","2","0","79 59:12.868","0","0","0","0","2301","0","0","0","N","0","0","0","2","02301","0","","1.0","","1","N","N","","0","","0","0","1","","0","Y","","2","0","0","0","0","0","0","2","0","1","","","","N","","","","","","","","","",""
"2008029216","","2","0","0","0","0","0","0","0","0","4","0","","02","2","2008","3","40.615069","-80.060856","1205","11","0","0","0","0","0","0","0","0","1","0","0","0","","","0","","0","","40 36:54.247","2","0","80 03:39.081","0","0","0","0","2216","0","0","0","N","0","0","0","2","02505","0","","1.0","","1","N","N","","0","","0","0","0","","0","N","","2","0","0","0","0","0","0","2","0","2","","","","N","","","","","","","","","",""
"2008029217","","2","0","0","0","0","0","0","0","0","4","0","","02","2","2008","3","40.671389","-79.995698","1331","11","0","0","0","0","0","0","0","1","","0","0","0","","","1","","2","","40 40:17.000","","0","79 59:44.514","4","0","0","0","2216","0","0","0","N","0","0","0","3","02505","1","","1.0","","6","N","N","","0","","0","0","0","","3","","","2","1","0","0","0","0","0","1","0","2","","","","N","","","","","","","","","",""
"2008029223","","0","0","0","0","0","0","0","0","0","4","1","","02","2","2008","3","40.376111","-79.798305","1308","11","0","0","0","0","0","1","0","0","2","0","1","0","","","0","","0","","40 22:34.000","4","0","79 47:53.897","0","0","0","0","2111","0","0","0","N","0","0","0","2","02111","0","","1.0","","1","N","N","","0","","0","0","1","","0","Y","","2","0","0","0","0","0","0","2","0","2","","","","N","","","","","","","","","",""
"2008029233","","1","0","0","0","0","0","0","0","0","7","0","","02","2","2008","4","40.601111","-79.888119","0734","11","0","0","0","0","0","0","0","0","","0","0","0","","","1","","0","","40 36:04.000","","0","79 53:17.228","4","0","0","0","2220","0","0","0","N","0","0","0","1","02220","1","","5.0","","7","N","N","","0","","0","0","0","","0","","","1","1","1","0","0","0","0","2","0","1","","","","N","","","","","","","","","",""
"2008029241","0857","0","0","0","0","0","0","0","0","0","7","0","","02","2","2008","4","40.6575","-79.964509","0857","11","0","0","0","0","0","0","0","0","1","0","0","0","","","2","","0","","40 39:27.000","3","0","79 57:52.232","4","0","0","0","2217","0","0","0","N","0","0","0","3","02505","2","","4.0","","2","N","N","","0","","0","0","1","","0","N","","1","2","1","0","0","0","0","1","0","1","","","","N","","","","","","","","","",""
"2008029258","1212","1","0","0","0","0","0","0","0","0","4","0","","02","2","2008","4","40.3259","-79.7933","1212","11","0","0","0","0","0","2","0","0","1","0","0","0","","","0","","0","","40 19:33.240","6","0","79 47:35.880","0","0","0","0","2477","0","0","0","N","0","0","0","2","02477","0","","1.0","","9","N","N","","1","","0","0","0","","0","N","","2","0","0","0","0","0","0","2","0","2","","","","N","","","","","","","","","",""
"2008029269","1604","2","0","0","0","0","0","0","0","0","4","0","","02","2","2008","4","40.34","-79.96737","1602","11","1","0","0","0","0","0","0","0","1","0","0","0","","","1","","2","","40 20:24.000","2","0","79 58:02.531","8","0","0","0","2454","0","0","0","N","0","0","0","5","02454","0","","1.0","","1","N","N","","0","","0","0","1","","2","Y","","3","1","0","0","0","1","0","2","0","3","","","","N","","","","","","","","","",""
"2008029276","0807","1","0","0","0","0","0","0","0","0","7","0","","02","2","2008","3","40.4668","-80.1965","0803","11","0","0","0","0","0","0","0","0","","0","0","0","","","0","","0","","40 28:00.480","","0","80 11:47.400","0","0","0","0","2213","0","0","0","N","0","0","0","1","02213","0","","2.0","","6","N","N","","0","","0","0","0","","0","","","1","0","0","0","0","0","0","2","0","1","","","","N","","","","","","","","","",""
"2008029330","1458","0","0","0","0","0","0","0","0","0","1","0","","02","2","2008","4","40.613333","-79.954922","1454","11","0","0","0","0","0","0","0","1","1","0","0","0","","","2","","2","","40 36:48.000","4","0","79 57:17.720","3","0","0","0","2207","0","0","0","N","0","0","0","3","02207","0","","1.0","","1","N","N","","1","","2","0","0","","0","N","","2","2","0","0","0","0","0","2","1","2","","","","N","","","","","","","","","",""
"2008029339","1241","1","0","0","0","0","0","0","0","0","4","0","","02","2","2008","4","40.526944","-80.053763","1232","11","0","0","0","0","0","0","0","0","1","0","0","0","","","1","","2","","40 31:37.000","6","0","80 03:13.545","4","0","0","0","2116","0","0","0","N","0","0","0","4","02116","1","","1.0","","9","N","N","","1","","0","0","0","","3","N","","2","1","2","0","0","0","0","2","0","2","","","","N","","","","","","","","","",""
"2008029343","1752","1","0","0","0","0","0","0","0","0","7","0","","02","2","2008","3","40.490778","-80.111244","1750","11","0","0","0","0","0","0","0","0","2","0","0","0","","","1","","0","","40 29:26.800","5","0","80 06:40.478","2","0","0","0","2126","0","0","0","N","0","0","0","2","02126","0","","2.0","","2","N","N","","0","","0","1","0","","0","Y","","1","1","1","0","1","0","0","2","0","1","","","","N","","","","","","","","","",""
"2008029346","2200","1","0","0","0","0","0","0","0","0","7","0","","02","2","2008","4","40.4904","-79.9069","2155","11","0","0","0","0","0","0","0","0","1","0","0","0","","","0","","0","","40 29:25.440","2","0","79 54:24.840","0","0","0","0","2112","0","0","0","","0","0","0","1","02112","0","","2.0","","1","N","N","","0","","0","0","0","","0","N","","1","0","0","0","0","0","0","2","0","1","","","","N","","","","","","","","","",""
"2008029366","0745","2","0","0","0","0","0","0","0","0","4","0","","02","2","2008","5","40.403323","-79.890158","0742","11","0","0","0","0","0","0","0","0","","0","0","0","","","0","","1","","40 24:11.963","","0","79 53:24.570","9","0","0","0","2475","0","0","0","","0","0","0","2","02475","0","","1.0","","2","","","","0","","0","0","0","","3","","","2","0","0","0","0","0","1","2","0","2","","","","N","","","","","","","","","",""
"2008029435","0840","1","0","0","0","0","0","0","0","0","7","0","","02","2","2008","4","40.28253","-79.911143","0837","11","0","1","0","0","0","0","0","0","2","0","0","0","","","2","","0","","40 16:57.108","5","0","79 54:40.113","3","0","0","0","2440","0","0","0","N","0","0","0","2","02440","0","","5.0","","2","N","N","","0","","2","0","0","","0","Y","","1","2","1","0","0","0","0","2","0","1","","","","N","","","","","","","","","",""
"2008029438","0816","2","0","0","0","0","0","0","0","0","6","0","","02","2","2008","5","40.431944","-79.839186","0813","11","0","0","0","0","0","0","0","0","","0","0","0","","","0","","2","","40 25:55.000","","0","79 50:21.070","0","0","0","0","2419","0","0","0","N","0","0","0","2","02419","0","","1.0","","1","N","N","","0","","0","0","0","","3","","","2","0","0","0","0","0","0","2","0","2","","","","N","","","","","","","","","",""
"2008029508","1905","1","0","0","0","0","0","0","0","0","4","0","","02","2","2008","4","40.382961","-79.806999","1905","11","0","0","0","0","0","0","0","0","","0","0","0","","","1","","1","","40 22:58.659","","0","79 48:25.196","8","0","0","0","2424","0","0","0","N","0","0","0","3","02424","0","","1.0","","2","N","N","","0","","0","0","1","","3","","","2","1","3","0","0","1","0","2","0","2","","","","N","","","","","","","","","",""
"2008029512","1128","1","0","0","0","0","0","0","0","0","4","1","","02","2","2008","5","40.525651","-79.822919","1112","11","0","0","0","0","0","0","0","1","","0","1","0","","","0","","2","","40 31:32.345","","0","79 49:22.510","0","0","0","0","2466","0","0","0","N","0","0","0","2","02466","0","","1.0","","1","N","N","","0","","0","0","0","","3","","","2","0","0","0","0","0","0","1","0","2","","","","N","","","","","","","","","",""
"2008029523","1426","0","0","0","0","0","0","0","0","0","4","1","","02","2","2008","4","40.3394","-80.078","1426","11","0","0","0","0","0","1","0","0","","0","1","0","","","2","","0","","40 20:21.840","","0","80 04:40.800","3","0","0","0","2123","0","0","0","N","0","0","0","2","02123","1","","1.0","","1","N","N","","0","","1","0","1","","0","","","2","2","1","0","0","0","0","2","0","2","","","","N","","","","","","","","","",""
"2008029525","1550","0","0","0","0","0","0","0","0","0","1","0","","02","2","2008","4","40.6237","-80.0537","1547","11","1","0","0","0","0","1","0","0","","0","0","0","","","1","","0","","40 37:25.320","","0","80 03:13.320","8","0","0","0","2216","0","0","0","N","0","0","0","2","02505","0","","1.0","","1","N","N","","1","","0","0","0","","0","","","2","1","0","0","0","1","0","1","1","2","","","","N","","","","","","","","","",""
"2008029528","0054","1","0","0","0","0","0","0","0","0","7","0","","02","2","2008","4","40.523889","-80.023624","0050","11","0","0","0","0","0","0","0","0","","0","0","0","","","0","","0","","40 31:26.000","","0","80 01:25.047","0","0","0","0","2116","0","0","0","N","0","0","0","1","02116","0","","4.0","","2","N","N","","0","","0","0","0","","0","","","1","0","0","0","0","0","0","2","0","1","","","","N","","","","","","","","","",""
"2008029529","1456","2","0","0","0","0","0","0","0","0","7","0","","02","2","2008","5","40.61582","-80.057164","1445","11","0","0","0","0","0","0","1","0","","0","0","0","","","0","","10","","40 36:56.952","","7","80 03:25.790","0","0","0","0","2216","0","0","0","N","0","0","0","1","02505","0","","5.0","","1","N","N","","0","","0","0","0","","0","","","2","0","0","0","0","0","0","2","0","2","","","","N","","","","","","","","","",""
"2008029532","1600","2","0","0","0","0","0","0","0","0","1","0","","02","2","2008","5","40.3625","-80.0004","1557","11","0","0","0","0","0","0","0","1","","0","0","0","","","1","","2","","40 21:45.000","","0","80 00:01.440","8","0","0","0","2476","0","0","0","N","0","0","0","2","02476","0","","1.0","","1","N","N","","0","","0","0","0","","0","","","2","1","0","0","0","1","0","2","0","2","","","","N","","","","","","","","","",""
"2008029535","1857","0","0","0","0","0","0","0","0","0","1","0","","02","2","2008","3","40.652222","-79.921791","1842","11","0","0","0","0","0","0","0","0","2","0","0","0","","","1","","0","","40 39:08.000","6","0","79 55:18.447","4","0","0","0","2220","0","0","0","N","0","0","0","3","02220","1","","1.0","","7","N","N","","1","","0","0","0","","0","N","","2","1","0","0","0","0","0","2","1","2","","","","N","","","","","","","","","",""
"2008029537","1936","0","0","0","0","0","0","0","0","0","4","0","","02","2","2008","6","40.419926","-79.881726","1936","11","0","0","0","0","0","0","0","0","","0","0","0","","","0","","2","","40 25:11.733","","0","79 52:54.213","0","0","0","0","2463","0","0","0","N","0","0","0","1","02463","0","","1.0","","2","N","N","","0","","0","0","0","","0","","","1","0","0","0","0","0","0","2","1","1","","","","N","","","","","","","","","",""
"2008029539","1611","1","0","0","0","0","0","0","0","0","2","0","","02","2","2008","5","40.516602","-79.965728","1607","11","0","0","0","0","0","0","0","0","1","0","0","0","","","0","","2","","40 30:59.767","2","0","79 57:56.620","0","0","0","0","2118","0","0","0","N","0","0","0","2","02118","0","","1.0","","2","N","N","","0","","0","0","1","","3","N","","2","0","0","0","0","0","0","2","0","2","","","","N","","","","","","","","","",""
"2008029540","1718","2","0","0","0","0","0","0","0","0","4","0","","02","2","2008","5","40.550249","-80.190412","1718","11","0","0","0","0","0","0","0","1","","0","0","0","","","0","","1","","40 33:00.896","","0","80 11:25.483","9","0","0","0","2427","0","0","0","N","0","0","0","2","02427","0","","1.0","","1","N","N","","0","","0","0","0","","3","","","2","0","1","0","0","0","2","2","0","2","","","","N","","","","","","","","","",""
"2008029543","1831","1","0","0","0","0","0","0","0","0","8","0","","02","2","2008","2","40.622365","-79.726741","1829","11","0","0","0","0","0","0","1","0","1","1","0","0","","","0","","0","","40 37:20.515","2","0","79 43:36.267","1","0","0","0","2106","1","1","0","N","1","1","0","2","02106","0","2","1.0","","1","N","N","","0","0","0","0","0","","0","Y","","2","0","0","0","0","0","0","2","0","1","","","","N","","","","","","","","","",""
"2008029544","1605","0","0","0","0","0","0","0","0","0","7","0","","02","1","2008","2","40.615013","-79.720207","1600","11","0","0","0","0","1","0","0","0","","0","0","0","","","0","","0","","40 36:54.046","","0","79 43:12.745","0","0","0","0","2106","0","0","0","N","0","0","0","1","02106","0","","5.0","","1","N","N","","0","","0","0","1","","0","","","1","0","0","0","0","0","0","2","0","1","","","","N","","","","","","","","","",""
"2008029545","1639","0","0","0","0","0","0","0","0","0","99","0","","02","1","2008","5","40.624119","-79.723951","1636","11","0","0","0","0","0","1","0","0","","0","0","0","","","0","","0","","40 37:26.828","","0","79 43:26.224","0","0","0","0","2106","0","0","0","N","0","0","0","1","02106","0","","1.0","","1","N","N","","0","","0","0","0","","0","","","1","0","1","0","0","0","0","2","1","1","","","","N","","","","","","","","","",""
"2008029546","1800","1","0","0","0","0","0","0","0","0","1","0","","02","2","2008","3","40.3667","-80.014393","1754","11","0","0","0","0","0","0","0","0","","0","0","0","","","0","","0","","40 22:00.119","","0","80 00:51.813","0","0","0","0","2407","0","0","0","N","0","0","0","3","02407","0","","1.0","","1","N","N","","0","","0","0","0","","0","","","2","0","0","0","0","0","0","2","1","2","","","","N","","","","","","","","","",""
"2008029547","1004","1","0","0","0","0","0","0","0","0","1","1","","02","2","2008","4","40.311944","-80.066016","0955","11","0","0","0","0","0","0","0","0","1","0","1","0","","","0","","2","","40 18:43.000","3","0","80 03:57.658","0","0","0","0","2407","0","0","0","N","0","0","0","2","02407","0","","1.0","","9","N","N","","0","","0","0","0","","2","N","","2","0","0","0","0","0","0","2","0","2","","","","N","","","","","","","","","",""
"2008029548","1422","2","0","0","0","0","0","0","0","0","4","0","","02","2","2008","4","40.312222","-80.018144","1415","11","1","0","0","0","0","1","0","0","1","0","0","0","","","0","","2","","40 18:44.000","3","0","80 01:05.318","0","0","0","0","2407","0","0","0","N","0","0","0","3","02407","0","","1.0","","9","N","N","","0","","0","0","0","","3","N","","2","0","0","0","0","0","0","2","0","2","","","","N","","","","","","","","","",""
"2008029549","2133","1","0","0","0","0","0","0","0","0","7","0","","02","2","2008","4","40.340709","-80.028696","2131","11","0","1","0","0","0","0","0","0","","0","0","0","","","1","","0","","40 20:26.552","","0","80 01:43.305","4","0","0","0","2407","0","0","0","N","0","0","0","1","02407","1","","5.0","","7","N","N","","0","","0","0","0","","0","","","1","1","0","0","0","0","0","2","0","1","","","","N","","","","","","","","","",""
"2008029550","1752","0","0","0","0","0","0","0","0","0","7","0","","02","2","2008","6","40.31174","-80.026563","1750","11","0","0","0","0","0","0","0","0","","0","0","0","","","0","","0","","40 18:42.264","","0","80 01:35.626","0","0","0","0","2407","0","0","0","N","0","0","0","1","02407","0","","5.0","","2","N","N","","0","","0","0","1","","0","","","1","0","0","0","0","0","0","2","0","1","","","","N","","","","","","","","","",""
"2008029551","0705","1","0","0","0","0","0","0","0","0","4","0","","02","2","2008","3","40.3441","-80.0258","0701","11","0","0","0","0","0","1","0","0","2","0","0","0","","","1","","0","","40 20:38.760","3","0","80 01:32.880","3","0","0","0","2407","0","0","0","N","0","0","0","3","02407","0","","1.0","","6","N","N","","1","","1","0","1","","0","Y","","3","1","0","0","0","0","0","2","0","3","","","","N","","","","","","","","","",""
"2008029576","1925","0","0","0","0","0","0","0","0","0","4","0","","02","2","2008","5","40.445806","-79.712931","1918","11","0","0","0","0","0","0","0","0","","0","0","0","","","2","","0","","40 26:44.901","","0","79 42:46.552","8","0","0","0","2446","0","0","0","N","0","0","0","5","02446","0","","1.0","","1","N","N","","0","","0","0","2","","3","","","2","2","0","0","0","2","0","2","0","2","","","","N","","","","","","","","","",""
"2008029582","1105","1","0","0","0","0","0","0","0","0","4","0","","02","1","2008","1","40.3821","-79.8821","1703","11","0","0","0","0","0","0","0","1","1","0","0","0","","","1","","0","","40 22:55.560","6","0","79 52:55.560","4","0","0","0","2473","0","0","0","N","0","0","0","3","02473","1","","1.0","","9","N","N","","1","","0","0","0","","0","Y","","2","1","0","0","0","0","0","2","0","2","","","","N","","","","","","","","","",""