"CRN","ARRIVAL_TM","AUTOMOBILE_COUNT","BELTED_DEATH_COUNT","BELTED_SUSP_SERIOUS_INJ_COUNT","BICYCLE_COUNT","BICYCLE_DEATH_COUNT","BICYCLE_SUSP_SERIOUS_INJ_COUNT","BUS_COUNT","CHLDPAS_DEATH_COUNT","CHLDPAS_SUSP_SERIOUS_INJ_COUNT","COLLISION_TYPE","COMM_VEH_COUNT","CONS_ZONE_SPD_LIM","COUNTY","CRASH_MONTH","CRASH_YEAR","DAY_OF_WEEK","DEC_LATITUDE","DEC_LONGITUDE","DISPATCH_TM","DISTRICT","DRIVER_COUNT_16YR","DRIVER_COUNT_17YR","DRIVER_COUNT_18YR","DRIVER_COUNT_19YR","DRIVER_COUNT_20YR","DRIVER_COUNT_50_64YR","DRIVER_COUNT_65_74YR","DRIVER_COUNT_75PLUS","EST_HRS_CLOSED","FATAL_COUNT","HEAVY_TRUCK_COUNT","HORSE_BUGGY_COUNT","HOUR_OF_DAY","ILLUMINATION","INJURY_COUNT","INTERSECTION_RELATED","INTERSECT_TYPE","LANE_CLOSED","LATITUDE","LN_CLOSE_DIR","LOCATION_TYPE","LONGITUDE","MAX_SEVERITY_LEVEL","MCYCLE_DEATH_COUNT","MCYCLE_SUSP_SERIOUS_INJ_COUNT","MOTORCYCLE_COUNT","MUNICIPALITY","NONMOTR_COUNT","NONMOTR_DEATH_COUNT","NONMOTR_SUSP_SERIOUS_INJ_COUNT","NTFY_HIWY_MAINT","PED_COUNT","PED_DEATH_COUNT","PED_SUSP_SERIOUS_INJ_COUNT","PERSON_COUNT","POLICE_AGCY","POSSIBLE_INJ_COUNT","RDWY_SURF_TYPE_CD","RELATION_TO_ROAD","ROADWAY_CLEARED","ROAD_CONDITION","SCH_BUS_IND","SCH_ZONE_IND","SECONDARY_CRASH","SMALL_TRUCK_COUNT","SPEC_JURIS_CD","SUSP_MINOR_INJ_COUNT","SUSP_SERIOUS_INJ_COUNT","SUV_COUNT","TCD_FUNC_CD","TCD_TYPE","TFC_DETOUR_IND","TIME_OF_DAY","TOTAL_UNITS","TOT_INJ_COUNT","UNBELTED_OCC_COUNT","UNB_DEATH_COUNT","UNB_SUSP_SERIOUS_INJ_COUNT","UNK_INJ_DEG_COUNT","UNK_INJ_PER_COUNT","URBAN_RURAL","VAN_COUNT","VEHICLE_COUNT","WEATHER1","WEATHER2","WORKERS_PRES","WORK_ZONE_IND","WORK_ZONE_LOC","WORK_ZONE_TYPE","WZ_CLOSE_DETOUR","WZ_FLAGGER","WZ_LAW_OFFCR_IND","WZ_LN_CLOSURE","WZ_MOVING","WZ_OTHER","WZ_SHLDER_MDN","WZ_WORKERS_INJ_KILLED"
"2008029583","1302","2","0","0","0","0","0","0","0","0","1","0","","02","1","2008","4","40.3487","-79.9408","1300","11","0","0","0","0","0","0","2","0","1","0","0","0","","","0","","0","","40 20:55.320","3","0","79 56:26.880","0","0","0","0","2473","0","0","0","N","0","0","0","4","02473","0","","1.0","","1","N","N","","0","","0","0","1","","0","Y","","3","0","0","0","0","0","0","2","0","3","","","","N","","","","","","","","","",""
"2008029584","1035","0","0","0","0","0","0","0","0","0","1","0","","02","1","2008","2","40.34889","-79.939012","1031","11","0","0","0","0","0","0","0","0","1","0","0","0","","","1","","1","","40 20:56.003","2","0","79 56:20.443","8","0","0","0","2473","0","0","0","N","0","0","0","3","02473","0","","1.0","","1","N","N","","2","","0","0","0","","2","N","","2","1","0","0","0","1","0","2","0","2","","","","N","","","","","","","","","",""
"2008029585","0047","0","0","0","0","0","0","0","0","0","7","0","","02","1","2008","1","40.441558","-80.029886","0045","11","0","0","0","0","0","0","0","0","","0","0","0","","","0","","0","","40 26:29.608","","0","80 01:47.589","9","0","0","0","2301","0","0","0","N","0","0","0","1","02301","0","","5.0","","1","N","N","","0","","0","0","0","","0","","","1","0","0","0","0","0","1","2","1","1","","","","N","","","","","","","","","",""
"2008029586","2353","1","0","0","0","0","0","0","0","0","1","0","","02","1","2008","6","40.400927","-80.0484","2343","11","0","0","0","0","0","1","0","0","","0","0","0","","","0","","1","","40 24:03.337","","0","80 02:54.240","0","0","0","0","2301","0","0","0","N","0","0","0","2","02301","0","","1.0","","1","N","N","","0","","0","0","0","","1","","","2","0","0","0","0","0","0","2","1","2","","","","N","","","","","","","","","",""
"2008029587","1635","1","0","0","0","0","0","0","0","0","8","0","","02","2","2008","6","40.444097","-79.954431","1630","11","0","0","0","0","0","0","0","0","","0","0","0","","","1","","0","","40 26:38.750","","0","79 57:15.950","8","0","0","0","2301","1","0","0","N","1","0","0","2","02301","0","","1.0","","9","N","N","","0","","0","0","0","","0","","","2","1","0","0","0","1","0","2","0","1","","","","N","","","","","","","","","",""
"2008029588","1611","2","0","0","0","0","0","0","0","0","4","0","","02","1","2008","2","40.424916","-79.952061","1609","11","0","0","0","0","0","2","0","0","1","0","0","0","","","0","","1","","40 25:29.698","7","0","79 57:07.420","0","0","0","0","2301","0","0","0","N","0","0","0","2","02301","0","","1.0","","1","N","N","","0","","0","0","0","","2","N","","2","0","0","0","0","0","0","2","0","2","","","","N","","","","","","","","","",""
"2008029589","1243","2","0","0","0","0","0","0","0","0","4","0","","02","2","2008","6","40.438031","-79.916137","1241","11","0","0","0","0","0","0","0","0","","0","0","0","","","0","","1","","40 26:16.911","","0","79 54:58.093","0","0","0","0","2301","0","0","0","N","0","0","0","2","02301","0","","1.0","","9","N","N","","0","","0","0","0","","2","","","2","0","0","0","0","0","0","2","0","2","","","","N","","","","","","","","","",""
"2008029590","1816","1","0","0","0","0","0","0","0","0","8","0","","02","2","2008","6","40.435847","-79.895992","1810","11","0","0","0","0","0","0","0","0","1","0","0","0","","","1","","1","","40 26:09.049","2","0","79 53:45.571","8","0","0","0","2301","1","0","0","N","1","0","0","2","02301","0","","1.0","","9","N","N","","0","","0","0","0","","0","Y","","2","1","0","0","0","1","1","2","0","1","","","","N","","","","","","","","","",""
"2008029591","0657","0","0","0","0","0","0","0","0","0","7","0","","02","2","2008","1","40.438034","-79.909289","0651","11","0","0","0","0","0","0","0","0","1","0","0","0","","","0","","0","","40 26:16.922","3","0","79 54:33.440","0","0","0","0","2301","0","0","0","N","0","0","0","1","02301","0","","4.0","","2","N","N","","0","","0","0","0","","0","N","","1","0","0","0","0","0","0","2","1","1","","","","N","","","","","","","","","",""
"2008029592","1028","0","0","0","0","0","0","0","0","0","1","0","","02","2","2008","7","40.43476","-79.922837","1025","11","0","0","0","0","0","0","0","0","","0","0","0","","","2","","1","","40 26:05.136","","0","79 55:22.213","8","0","0","0","2301","0","0","0","N","0","0","0","4","02301","0","","1.0","","1","N","N","","2","","0","0","0","","2","","","2","2","0","0","0","2","0","2","0","2","","","","N","","","","","","","","","",""
"2008029593","1309","1","0","0","1","0","0","0","0","0","8","0","","02","2","2008","1","40.448562","-79.899553","1300","11","0","0","0","0","0","0","0","1","","0","0","0","","","1","","2","","40 26:54.823","","0","79 53:58.389","8","0","0","0","2301","1","0","0","N","0","0","0","2","02301","0","","1.0","","1","N","N","","0","","0","0","0","","0","","","2","1","0","0","0","1","0","2","0","1","","","","N","","","","","","","","","",""
"2008029594","2122","1","0","0","0","0","0","0","0","0","8","0","","02","2","2008","5","40.328333","-79.94483","2120","11","0","0","0","0","0","0","0","0","2","0","0","0","","","1","","0","","40 19:42.000","1","0","79 56:41.389","8","0","0","0","2454","1","0","0","N","1","0","0","2","02454","0","","1.0","","1","N","N","","0","","0","0","0","","2","N","","2","1","0","0","0","1","0","2","0","1","","","","N","","","","","","","","","",""
"2008029605","0904","0","0","0","0","0","0","0","0","0","1","0","","02","1","2008","2","40.424444","-79.859642","0902","11","0","0","0","0","0","0","0","0","2","0","0","0","","","1","","1","","40 25:28.000","4","0","79 51:34.711","4","0","0","0","2431","0","0","0","N","0","0","0","3","02431","1","","1.0","","1","N","N","","1","","0","0","1","","2","N","","2","1","0","0","0","0","0","2","0","2","","","","N","","","","","","","","","",""
"2008029606","0958","1","0","0","0","0","0","0","0","0","4","0","","02","1","2008","3","40.432523","-79.864662","0957","11","0","0","0","0","0","0","0","0","2","0","0","0","","","0","","2","","40 25:57.082","6","0","79 51:52.783","0","0","0","0","2431","0","0","0","","0","0","0","4","02431","0","","1.0","","7","N","N","","1","","0","0","0","","0","Y","","2","0","0","0","0","0","0","2","0","2","","","","N","","","","","","","","","",""
"2008029608","1949","0","0","0","0","0","0","0","0","0","7","0","","02","2","2008","4","40.384293","-80.044957","1947","11","0","0","0","0","0","0","0","0","2","0","0","0","","","1","","0","","40 23:03.455","3","0","80 02:41.844","4","0","0","0","2109","0","0","0","N","0","0","0","1","02109","1","","4.0","","9","N","N","","0","","0","0","1","","0","Y","","1","1","1","0","0","0","0","2","0","1","","","","N","","","","","","","","","",""
"2008029639","0533","0","0","0","0","0","0","0","0","0","7","0","","02","2","2008","6","40.376624","-79.938558","0528","11","0","0","0","0","0","0","0","0","3","0","0","0","","","0","","0","","40 22:35.845","5","0","79 56:18.808","0","0","0","0","2301","0","0","0","N","0","0","0","1","02301","0","","2.0","","2","N","N","","1","","0","0","0","","0","Y","","1","0","0","0","0","0","0","2","0","1","","","","N","","","","","","","","","",""
"2008029704","1528","2","0","0","0","0","0","0","0","0","4","0","","02","2","2008","3","40.464865","-79.823808","1525","11","0","0","0","0","0","1","0","1","","0","0","0","","","0","","2","","40 27:53.514","","0","79 49:25.708","0","0","0","0","2113","0","0","0","N","0","0","0","2","02113","0","","1.0","","9","N","N","","0","","0","0","0","","3","","","2","0","0","0","0","0","0","2","0","2","","","","N","","","","","","","","","",""
"2008029705","1508","1","0","0","0","0","0","0","0","0","1","0","","02","2","2008","4","40.460387","-79.842373","1506","11","0","1","0","0","0","2","0","0","2","0","0","0","","","0","","0","","40 27:37.393","6","0","79 50:32.544","0","0","0","0","2113","0","0","0","N","0","0","0","4","02113","0","","1.0","","9","N","N","","1","","0","0","0","","0","N","","3","0","0","0","0","0","0","2","1","3","","","","N","","","","","","","","","",""
"2008029706","0409","2","0","0","0","0","0","0","0","0","5","0","","02","1","2008","5","40.457854","-79.856275","0356","11","0","0","0","0","0","0","0","0","1","0","0","0","","","0","","0","","40 27:28.274","3","0","79 51:22.590","9","0","0","0","2113","0","0","0","N","0","0","0","1","02113","0","","2.0","","1","N","N","","1","","0","0","0","","0","N","","3","0","0","0","0","0","1","2","0","3","","","","N","","","","","","","","","",""
"2008029707","2314","2","0","0","0","0","0","0","0","0","4","0","","02","1","2008","2","40.4685","-79.8094","2258","11","0","0","0","0","0","0","0","0","","0","0","0","","","1","","2","","40 28:06.600","","0","79 48:33.840","3","0","0","0","2113","0","0","0","N","0","0","0","2","02113","0","","1.0","","2","N","N","","0","","1","0","0","","3","","","2","1","0","0","0","0","1","2","0","2","","","","N","","","","","","","","","",""
"2008029747","2350","1","0","0","0","0","0","0","0","0","4","0","","02","2","2008","3","40.355246","-80.050289","2347","11","0","0","0","0","0","0","0","0","2","0","0","0","","","2","","1","","40 21:18.886","3","0","80 03:01.041","4","0","0","0","2109","0","0","0","N","0","0","0","2","02109","2","","1.0","","9","N","N","","0","","0","0","0","","2","Y","","2","2","0","0","0","0","0","2","1","2","","","","N","","","","","","","","","",""
"2008029748","1702","2","0","0","0","0","0","0","0","0","4","0","","02","2","2008","5","40.3549","-80.0502","1700","11","0","0","0","0","0","1","0","1","1","0","0","0","","","1","","0","","40 21:17.640","2","0","80 03:00.720","8","0","0","0","2109","0","0","0","N","0","0","0","3","02109","0","","1.0","","1","N","N","","0","","0","0","0","","0","N","","2","1","0","0","0","1","0","2","0","2","","","","N","","","","","","","","","",""
"2008029750","1256","1","0","0","0","0","0","0","0","0","7","0","","02","2","2008","1","40.36615","-80.052863","1253","11","0","1","0","0","0","0","0","0","3","0","0","0","","","0","","0","","40 21:58.140","5","0","80 03:10.306","0","0","0","0","2109","0","0","0","N","0","0","0","1","02109","0","","5.0","","1","N","N","","0","","0","0","0","","0","Y","","1","0","0","0","0","0","0","2","0","1","","","","N","","","","","","","","","",""
"2008029771","0615","1","0","0","0","0","0","0","0","0","7","0","","02","1","2008","7","40.447956","-80.002082","0613","11","0","0","0","0","0","0","0","0","","0","0","0","","","1","","1","","40 26:52.641","","0","80 00:07.495","4","0","0","0","2301","0","0","0","N","0","0","0","1","02301","1","","5.0","","1","N","N","","0","","0","0","0","","0","","","1","1","0","0","0","0","0","2","0","1","","","","N","","","","","","","","","",""
"2008029855","2345","1","0","0","0","0","0","0","0","0","7","0","","02","2","2008","3","40.652222","-80.010525","2345","11","0","0","0","0","0","0","0","0","","0","0","0","","","0","","0","","40 39:08.000","","0","80 00:37.890","0","0","0","0","2216","0","0","0","N","0","0","0","1","02505","0","","5.0","","7","N","N","","0","","0","0","0","","0","","","1","0","0","0","0","0","0","1","0","1","","","","N","","","","","","","","","",""
"2008029857","2321","1","0","0","0","0","0","0","0","0","7","0","","02","2","2008","3","40.5424","-79.8319","2312","11","0","0","0","0","0","1","0","0","2","0","0","0","","","0","","0","","40 32:32.640","3","0","79 49:54.840","0","0","0","0","2208","0","0","0","N","0","0","0","1","02208","0","","2.0","","9","N","N","","0","","0","0","0","","0","N","","1","0","0","0","0","0","0","2","0","1","","","","N","","","","","","","","","",""
"2008029858","0235","1","0","0","0","0","0","0","0","0","7","0","","02","2","2008","1","40.2125","-79.848244","0230","11","0","0","0","0","1","0","0","0","2","0","0","0","","","1","","0","","40 12:45.000","4","0","79 50:53.677","8","0","0","0","2204","0","0","0","N","0","0","0","1","02204","0","","5.0","","1","N","N","","0","","0","0","0","","0","Y","","1","1","0","0","0","1","0","1","0","1","","","","N","","","","","","","","","",""
"2008029859","0628","1","0","0","0","0","0","0","0","0","1","0","","02","2","2008","5","40.578611","-79.969156","0623","11","0","0","1","0","0","1","0","0","","0","0","0","","","0","","1","","40 34:43.000","","0","79 58:08.961","0","0","0","0","2207","0","0","0","N","0","0","0","2","02207","0","","1.0","","2","N","N","","1","","0","0","0","","2","","","2","0","0","0","0","0","0","2","0","2","","","","N","","","","","","","","","",""
"2008029864","1648","1","0","0","0","0","0","0","0","0","1","0","","02","2","2008","3","40.441883","-79.994348","1638","11","0","0","0","0","0","0","1","0","1","0","0","0","","","1","","3","","40 26:30.780","2","0","79 59:39.652","4","0","0","0","2301","0","0","0","","0","0","0","3","02301","1","","1.0","","9","","","","0","","0","0","0","","0","N","","2","1","0","0","0","0","0","2","1","2","","","","N","","","","","","","","","",""
"2008029865","1850","1","0","0","0","0","0","0","0","0","8","0","","02","2","2008","4","40.441091","-79.993568","1831","11","0","0","0","0","0","0","0","0","","0","0","0","","","1","","3","","40 26:27.929","","0","79 59:36.844","8","0","0","0","2301","1","0","0","N","1","0","0","2","02301","0","","1.0","","9","N","N","","0","","0","0","0","","2","","","2","1","0","0","0","1","0","2","0","1","","05","","N","","","","","","","","","",""
"2008029866","2030","1","0","0","0","0","0","0","0","0","1","0","","02","1","2008","4","40.450018","-79.903719","2027","11","0","0","0","0","0","1","0","0","","0","0","0","","","1","","1","","40 27:00.064","","0","79 54:13.387","8","0","0","0","2301","0","0","0","","0","0","0","2","02301","0","","1.0","","1","","","","0","","0","0","0","","2","","","2","1","0","0","0","1","0","2","1","2","","","","N","","","","","","","","","",""
"2008029878","1554","2","0","0","0","0","0","0","0","0","2","0","","02","2","2008","6","40.420174","-80.007565","1550","11","0","0","0","0","0","2","0","0","","0","0","0","","","1","","2","","40 25:12.626","","0","80 00:27.234","3","0","0","0","2301","0","0","0","N","0","0","0","3","02301","0","","1.0","","9","N","N","","0","","1","0","1","","0","","","3","1","0","0","0","0","0","2","0","3","","","","N","","","","","","","","","",""
"2008029879","0851","0","0","0","0","0","0","0","0","0","7","0","","02","2","2008","7","40.397652","-79.991195","0841","11","0","0","0","0","0","0","0","0","","0","0","0","","","0","","0","","40 23:51.547","","0","79 59:28.302","9","0","0","0","2301","0","0","0","","0","0","0","2","02301","0","","4.0","","2","N","N","","1","","0","0","0","","0","","","1","0","0","0","0","0","2","2","0","1","","","","N","","","","","","","","","",""
"2008029880","1635","2","0","0","0","0","0","0","0","0","4","0","","02","2","2008","7","40.407318","-80.033545","1635","11","0","0","0","0","0","0","1","0","1","0","0","0","","","0","","1","","40 24:26.344","1","0","80 02:00.761","0","0","0","0","2301","0","0","0","N","0","0","0","4","02301","0","","1.0","","1","N","N","","0","","0","0","0","","2","N","","2","0","0","0","0","0","0","2","0","2","","","","N","","","","","","","","","",""
"2008029881","0306","0","0","0","0","0","0","0","0","0","6","0","","02","2","2008","1","40.428724","-79.987465","0304","11","0","0","0","0","0","0","0","0","","0","0","0","","","2","","2","","40 25:43.406","","0","79 59:14.875","4","0","0","0","2301","0","0","0","N","0","0","0","4","02301","1","","1.0","","1","N","N","","0","","0","0","2","","3","","","2","2","0","0","0","1","1","2","0","2","","","","N","","","","","","","","","",""
"2008029882","0844","2","0","0","0","0","0","0","0","0","1","0","","02","2","2008","1","40.436012","-80.014928","0836","11","0","0","0","0","0","0","0","0","","0","0","0","","","0","","0","","40 26:09.643","","0","80 00:53.740","0","0","0","0","2301","0","0","0","N","0","0","0","1","02301","0","","2.0","","1","N","N","","0","","0","0","0","","0","","","2","0","0","0","0","0","0","2","0","2","","","","N","","","","","","","","","",""
"2008029883","1902","1","0","0","0","0","0","0","0","0","4","0","","02","2","2008","7","40.410032","-80.023729","1855","11","0","0","0","0","0","0","0","0","","0","0","0","","","0","","0","","40 24:36.115","","0","80 01:25.424","0","0","0","0","2301","0","0","0","","0","0","0","1","02301","0","","6.0","","1","","","","0","","0","0","1","","0","","","2","0","0","0","0","0","0","2","0","2","","","","N","","","","","","","","","",""
"2008029884","1705","2","0","0","0","0","0","0","0","0","4","0","","02","2","2008","6","40.427155","-79.976389","1701","11","0","0","0","0","0","0","0","0","","0","0","0","","","0","","1","","40 25:37.758","","0","79 58:35.000","0","0","0","0","2301","0","0","0","N","0","0","0","2","02301","0","","1.0","","9","N","N","","0","","0","0","0","","0","","","2","0","0","0","0","0","0","2","0","2","","","","N","","","","","","","","","",""
"2008029885","1428","0","0","0","0","0","0","0","0","0","1","0","","02","1","2008","3","40.576459","-80.025834","1425","11","0","0","0","0","0","0","0","2","","0","0","0","","","1","","1","","40 34:35.251","","0","80 01:33.003","4","0","0","2","2108","0","0","0","N","0","0","0","2","02108","1","","1.0","","1","N","N","","0","","0","0","0","","2","","","2","1","0","0","0","0","0","2","0","2","","","","N","","","","","","","","","",""
"2008029886","0933","0","0","0","0","0","0","0","0","0","4","0","","02","1","2008","4","40.6123","-80.0543","0929","11","0","0","0","0","0","0","0","0","","0","0","0","","","1","","1","","40 36:44.280","","0","80 03:15.480","4","0","0","0","2108","0","0","0","N","0","0","0","3","02108","1","","1.0","","1","N","N","","0","","0","0","0","","2","","","2","1","0","0","0","0","1","2","2","2","","","","N","","","","","","","","","",""
"2008029887","1808","2","0","0","0","0","0","0","0","0","4","0","","02","2","2008","1","40.568006","-80.049508","1759","11","0","0","0","0","1","0","0","0","","0","0","0","","","1","","1","","40 34:04.821","","0","80 02:58.228","4","0","0","0","2108","0","0","0","N","0","0","0","8","02108","1","","1.0","","1","N","N","","0","","0","0","0","","3","","","2","1","2","0","0","0","0","2","0","2","","","","N","","","","","","","","","",""
"2008029888","0715","4","0","0","0","0","0","0","0","0","1","0","","02","2","2008","3","40.411014","-80.005934","0705","11","0","0","0","0","0","1","0","0","","0","0","0","","","2","","1","","40 24:39.651","","0","80 00:21.361","4","0","0","0","2301","0","0","0","","0","0","0","4","02301","1","","1.0","","9","","","","0","","0","0","0","","2","","","4","2","0","0","0","1","0","2","0","4","","","","N","","","","","","","","","",""
"2008029899","1458","2","0","0","0","0","0","0","0","0","4","0","","02","1","2008","4","40.464976","-79.919877","1450","11","0","0","0","0","0","0","1","1","1","0","0","0","","","1","","1","","40 27:53.913","4","0","79 55:11.557","4","0","0","0","2301","0","0","0","N","0","0","0","3","02301","1","","1.0","","1","N","N","","1","","0","0","0","","2","N","","3","1","0","0","0","0","0","2","0","3","","","","N","","","","","","","","","",""
"2008029900","1610","2","0","0","0","0","0","0","0","0","4","0","","02","2","2008","7","40.46586","-79.922782","1606","11","0","0","0","0","0","0","0","0","1","0","0","0","","","2","","1","","40 27:57.096","4","0","79 55:22.015","3","0","0","0","2301","0","0","0","N","0","0","0","3","02301","1","","1.0","","1","N","Y","","0","","1","0","0","","2","Y","","2","2","2","0","0","0","0","2","0","2","","","","N","","","","","","","","","",""
"2008029902","1338","1","0","0","0","0","0","0","0","0","7","0","","02","1","2008","4","40.469669","-79.921032","1326","11","0","0","0","1","0","0","0","0","","0","0","0","","","0","","1","","40 28:10.808","","0","79 55:15.715","0","0","0","0","2301","0","0","0","N","0","0","0","2","02301","0","","4.0","","1","N","N","","0","","0","0","0","","2","","","1","0","0","0","0","0","0","2","0","1","","","","N","","","","","","","","","",""
"2008029903","1159","2","0","0","0","0","0","0","0","0","2","0","","02","2","2008","6","40.461207","-79.920834","1156","11","0","0","0","0","0","0","0","1","1","0","0","0","","","1","","2","","40 27:40.345","3","0","79 55:15.002","8","0","0","0","2301","0","0","0","N","0","0","0","2","02301","0","","1.0","","9","N","N","","0","","0","0","0","","2","N","","2","1","0","0","0","1","0","2","0","2","","","","N","","","","","","","","","",""
"2008029928","0949","1","0","0","0","0","0","0","0","0","1","0","","02","2","2008","6","40.344167","-79.814598","0948","11","0","0","0","0","0","0","0","0","","0","0","0","","","0","","0","","40 20:39.000","","0","79 48:52.552","0","0","0","0","2477","0","0","0","N","0","0","0","2","02477","0","","1.0","","1","N","N","","0","","0","0","1","","0","","","2","0","0","0","0","0","0","2","0","2","","","","N","","","","","","","","","",""
"2008029939","1350","1","0","0","0","0","0","0","0","0","7","0","","02","2","2008","6","40.421166","-79.998992","1340","11","0","0","0","0","0","0","0","0","","0","0","0","","","1","","0","","40 25:16.197","","0","79 59:56.370","4","0","0","0","2301","0","0","0","N","0","0","0","1","02503","1","","5.0","","7","N","N","","0","","0","0","0","","0","","","1","1","1","0","0","0","0","2","0","1","","","","N","","","","","","","","","",""
"2008029942","1815","0","0","0","0","0","0","0","0","0","7","0","","02","2","2008","6","40.370968","-79.854814","1815","11","0","0","0","0","0","0","0","0","","0","0","0","","","0","","2","","40 22:15.484","","0","79 51:17.330","0","0","0","0","2303","0","0","0","N","0","0","0","1","02303","0","","2.0","","2","N","N","","1","","0","0","0","","3","","","1","0","0","0","0","0","0","2","0","1","","","","N","","","","","","","","","",""
"2008029943","1307","0","0","0","0","0","0","0","0","0","8","1","","02","2","2008","6","40.363611","-79.842953","1305","11","0","0","0","0","0","0","0","0","2","0","0","0","","","1","","1","","40 21:49.000","2","0","79 50:34.629","8","0","0","0","2303","1","0","0","N","1","0","0","2","02303","0","","1.0","","6","N","N","","0","","0","0","0","","2","N","","2","1","0","0","0","1","0","2","0","1","","","","N","","","","","","","","","",""
"2008029946","1433","1","0","0","0","0","0","0","0","0","7","0","","02","2","2008","6","40.483889","-79.715793","1429","11","0","0","0","0","0","0","0","0","1","0","0","0","","","1","","0","","40 29:02.000","4","0","79 42:56.855","3","0","0","0","2466","0","0","0","N","0","0","0","1","02466","0","","4.0","","7","N","N","","0","","1","0","0","","0","N","","1","1","0","0","0","0","0","2","0","1","","","","N","","","","","","","","","",""
"2008029948","1450","0","0","0","0","0","0","0","0","0","4","0","","02","2","2008","6","40.4872","-80.293","1445","11","0","0","0","0","0","0","1","0","2","0","0","0","","","2","","0","","40 29:13.920","6","0","80 17:34.800","4","0","0","0","2203","0","0","0","N","0","0","0","2","02203","2","","1.0","","7","N","N","","1","","0","0","0","","0","N","","2","2","0","0","0","0","0","2","1","2","","","","N","","","","","","","","","",""
"2008029951","1630","1","0","0","0","0","0","0","0","0","4","0","","02","2","2008","6","40.385629","-79.82018","1622","11","0","0","0","0","0","0","1","0","","0","0","0","","","0","","2","","40 23:08.264","","0","79 49:12.648","0","0","0","0","2111","0","0","0","N","0","0","0","2","02111","0","","1.0","","7","N","N","","1","","0","0","0","","3","","","2","0","0","0","0","0","0","2","0","2","","","","N","","","","","","","","","",""
"2008029956","1721","1","0","0","0","0","0","0","0","0","4","0","","02","1","2008","7","40.629444","-79.718353","1718","11","0","0","0","0","0","0","0","0","","0","0","0","","","0","","1","","40 37:46.000","","0","79 43:06.072","0","0","0","0","2106","0","0","0","N","0","0","0","3","02106","0","","1.0","","1","N","N","","1","","0","0","0","","2","","","2","0","0","0","0","0","0","2","0","2","","","","N","","","","","","","","","",""
"2008029957","0024","2","0","0","0","0","0","0","0","0","4","0","","02","1","2008","4","40.617423","-79.733968","0021","11","0","0","0","0","0","0","1","0","","0","0","0","","","2","","2","","40 37:02.724","","0","79 44:02.283","4","0","0","0","2106","0","0","0","N","0","0","0","2","02106","1","","1.0","","7","N","N","","0","","0","0","0","","3","","","2","2","0","0","0","1","0","2","0","2","","","","N","","","","","","","","","",""
"2008029958","1318","2","0","0","0","0","0","0","0","0","1","0","","02","1","2008","4","40.632619","-79.714748","1314","11","0","1","0","0","0","0","0","0","","0","0","0","","","0","","2","","40 37:57.429","","0","79 42:53.091","9","0","0","0","2106","0","0","0","Y","0","0","0","2","02106","0","","1.0","","1","N","N","","0","","0","0","0","","0","","","2","0","0","0","0","0","2","2","0","2","","","","N","","","","","","","","","",""
"2008029959","1800","2","0","0","0","0","0","0","0","0","4","0","","02","1","2008","4","40.622488","-79.726414","1755","11","0","0","0","0","0","1","0","0","","0","0","0","","","1","","1","","40 37:20.958","","0","79 43:35.089","8","0","0","0","2106","0","0","0","N","0","0","0","2","02106","0","","1.0","","1","N","N","","0","","0","0","0","","0","","","2","1","0","0","0","1","0","2","0","2","","","","N","","","","","","","","","",""
"2008029960","0654","0","0","0","0","0","0","0","0","0","2","1","","02","2","2008","6","40.655833","-79.707444","0652","11","0","0","0","0","0","0","0","0","","0","1","0","","","2","","2","","40 39:21.000","","0","79 42:26.797","4","0","0","0","2106","0","0","0","N","0","0","0","2","02106","1","","1.0","","6","N","N","","1","","0","0","0","","0","","","2","2","0","0","0","1","0","1","0","2","","","","N","","","","","","","","","",""
"2008029961","0809","1","0","0","0","0","0","0","0","0","2","0","","02","2","2008","6","40.6676","-79.7163","0713","11","0","0","0","0","0","0","0","0","","0","0","0","","","1","","7","","40 40:03.360","","2","79 42:58.680","2","0","0","0","2106","0","0","0","N","0","0","0","2","02106","0","","1.0","","2","N","N","","0","","0","1","1","","3","","","2","1","0","0","0","0","0","2","0","2","","","","N","","","","","","","","","",""
"2008029962","1230","2","0","0","0","0","0","0","0","0","4","0","","02","2","2008","5","40.629586","-79.717599","1226","11","0","0","0","0","0","1","0","0","","0","0","0","","","2","","2","","40 37:46.511","","0","79 43:03.357","3","0","0","0","2106","0","0","0","N","0","0","0","2","02106","0","","1.0","","1","N","N","","0","","2","0","0","","2","","","2","2","0","0","0","0","0","2","0","2","","","","N","","","","","","","","","",""
"2008029963","0823","2","0","0","0","0","0","0","0","0","4","0","","02","2","2008","6","40.636667","-79.714719","0820","11","0","0","0","0","0","0","0","0","1","0","0","0","","","2","","2","","40 38:12.000","6","0","79 42:52.988","3","0","0","0","2106","0","0","0","N","0","0","0","2","02106","0","","1.0","","1","N","N","","0","","2","0","0","","3","Y","","2","2","0","0","0","0","0","2","0","2","","","","N","","","","","","","","","",""
"2008029964","1946","1","0","0","0","0","0","0","0","0","7","0","","02","2","2008","6","","","1946","11","0","1","0","0","0","0","0","0","1","0","0","0","","","0","","0","","","1","0","","0","0","0","0","2115","0","0","0","N","0","0","0","1","02115","0","","4.0","","2","N","N","","0","","0","0","0","","0","N","","1","0","0","0","0","0","0","1","0","1","","","","N","","","","","","","","","",""