"CRN","ARRIVAL_TM","AUTOMOBILE_COUNT","BELTED_DEATH_COUNT","BELTED_SUSP_SERIOUS_INJ_COUNT","BICYCLE_COUNT","BICYCLE_DEATH_COUNT","BICYCLE_SUSP_SERIOUS_INJ_COUNT","BUS_COUNT","CHLDPAS_DEATH_COUNT","CHLDPAS_SUSP_SERIOUS_INJ_COUNT","COLLISION_TYPE","COMM_VEH_COUNT","CONS_ZONE_SPD_LIM","COUNTY","CRASH_MONTH","CRASH_YEAR","DAY_OF_WEEK","DEC_LATITUDE","DEC_LONGITUDE","DISPATCH_TM","DISTRICT","DRIVER_COUNT_16YR","DRIVER_COUNT_17YR","DRIVER_COUNT_18YR","DRIVER_COUNT_19YR","DRIVER_COUNT_20YR","DRIVER_COUNT_50_64YR","DRIVER_COUNT_65_74YR","DRIVER_COUNT_75PLUS","EST_HRS_CLOSED","FATAL_COUNT","HEAVY_TRUCK_COUNT","HORSE_BUGGY_COUNT","HOUR_OF_DAY","ILLUMINATION","INJURY_COUNT","INTERSECTION_RELATED","INTERSECT_TYPE","LANE_CLOSED","LATITUDE","LN_CLOSE_DIR","LOCATION_TYPE","LONGITUDE","MAX_SEVERITY_LEVEL","MCYCLE_DEATH_COUNT","MCYCLE_SUSP_SERIOUS_INJ_COUNT","MOTORCYCLE_COUNT","MUNICIPALITY","NONMOTR_COUNT","NONMOTR_DEATH_COUNT","NONMOTR_SUSP_SERIOUS_INJ_COUNT","NTFY_HIWY_MAINT","PED_COUNT","PED_DEATH_COUNT","PED_SUSP_SERIOUS_INJ_COUNT","PERSON_COUNT","POLICE_AGCY","POSSIBLE_INJ_COUNT","RDWY_SURF_TYPE_CD","RELATION_TO_ROAD","ROADWAY_CLEARED","ROAD_CONDITION","SCH_BUS_IND","SCH_ZONE_IND","SECONDARY_CRASH","SMALL_TRUCK_COUNT","SPEC_JURIS_CD","SUSP_MINOR_INJ_COUNT","SUSP_SERIOUS_INJ_COUNT","SUV_COUNT","TCD_FUNC_CD","TCD_TYPE","TFC_DETOUR_IND","TIME_OF_DAY","TOTAL_UNITS","TOT_INJ_COUNT","UNBELTED_OCC_COUNT","UNB_DEATH_COUNT","UNB_SUSP_SERIOUS_INJ_COUNT","UNK_INJ_DEG_COUNT","UNK_INJ_PER_COUNT","URBAN_RURAL","VAN_COUNT","VEHICLE_COUNT","WEATHER1","WEATHER2","WORKERS_PRES","WORK_ZONE_IND","WORK_ZONE_LOC","WORK_ZONE_TYPE","WZ_CLOSE_DETOUR","WZ_FLAGGER","WZ_LAW_OFFCR_IND","WZ_LN_CLOSURE","WZ_MOVING","WZ_OTHER","WZ_SHLDER_MDN","WZ_WORKERS_INJ_KILLED"
"2008030499","1209","3","0","0","0","0","0","0","0","0","1","0","","02","2","2008","1","40.432667","-79.924845","1206","11","0","0","0","0","0","0","0","0","","0","0","0","","","0","","0","","40 25:57.601","","0","79 55:29.442","0","0","0","0","2301","0","0","0","N","0","0","0","2","02301","0","","2.0","","2","N","N","","0","","0","0","0","","0","","","3","0","0","0","0","0","0","2","0","3","","","","N","","","","","","","","","",""
"2008030500","1425","2","0","0","0","0","0","0","0","0","4","0","","02","2","2008","7","40.449027","-79.951897","1410","11","0","0","0","0","0","0","0","0","","0","0","0","","","0","","1","","40 26:56.497","","0","79 57:06.829","0","0","0","0","2301","0","0","0","N","0","0","0","2","02301","0","","1.0","","1","N","N","","0","","0","0","0","","3","","","2","0","0","0","0","0","0","2","0","2","","","","N","","","","","","","","","",""
"2008030501","2252","1","0","0","0","0","0","0","0","0","8","0","","02","2","2008","7","40.438067","-79.922993","2247","11","0","0","0","0","0","1","0","0","","0","0","0","","","1","","1","","40 26:17.041","","0","79 55:22.774","4","0","0","0","2301","1","0","0","N","1","0","0","2","02301","1","","1.0","","1","N","N","","0","","0","0","0","","2","","","2","1","0","0","0","0","0","2","0","1","","","","N","","","","","","","","","",""
"2008030502","0415","1","0","0","0","0","0","0","0","0","0","1","","02","2","2008","3","40.3802","-79.9262","0408","11","0","0","0","0","0","1","0","0","","0","1","0","","","0","","0","","40 22:48.720","","0","79 55:34.320","0","0","0","0","2301","0","0","0","N","0","0","0","2","02301","0","","1.0","","9","N","N","","0","","0","0","0","","0","","","2","0","0","0","0","0","0","2","0","2","","","","N","","","","","","","","","",""
"2008030503","1332","1","0","0","0","0","0","0","0","0","4","0","","02","2","2008","2","40.4515","-79.9081","1322","11","0","0","0","0","0","0","0","0","","0","0","0","","","0","","1","","40 27:05.400","","0","79 54:29.160","0","0","0","0","2301","0","0","0","N","0","0","0","2","02301","0","","1.0","","1","N","N","","0","","0","0","1","","2","","","2","0","0","0","0","0","0","2","0","2","","","","N","","","","","","","","","",""
"2008030515","9999","1","0","0","0","0","0","0","0","0","7","0","","02","2","2008","2","40.46254","-79.804128","0412","11","0","0","0","0","0","0","0","0","","0","0","0","","","0","","0","","40 27:45.144","","0","79 48:14.860","0","0","0","0","2113","0","0","0","N","0","0","0","1","02113","0","","2.0","","9","N","N","","0","","0","0","0","","0","","","1","0","1","0","0","0","0","2","0","1","","","","N","","","","","","","","","",""
"2008030516","0537","1","0","0","0","0","0","0","0","0","2","0","","02","2","2008","4","40.5006","-79.7964","0526","11","0","0","0","0","0","1","0","0","3","0","0","0","","","1","","0","","40 30:02.160","3","0","79 47:47.040","8","0","0","0","2113","0","0","0","N","0","0","0","2","02113","0","","5.0","","2","N","N","","0","","0","0","1","","0","N","","2","1","0","0","0","1","0","2","0","2","","","","N","","","","","","","","","",""
"2008030527","1030","0","0","0","0","0","0","0","0","0","7","0","","02","1","2008","3","40.611","-79.8946","1020","11","0","0","0","0","0","0","0","0","9","0","0","0","","","0","","0","","40 36:39.600","3","0","79 53:40.560","0","0","0","0","2220","0","0","0","N","0","0","0","1","02220","0","","2.0","","7","N","N","","0","","0","0","1","","0","N","","1","0","0","0","0","0","0","1","0","1","","","","N","","","","","","","","","",""
"2008030529","1411","1","0","0","0","0","0","0","0","0","7","0","","02","2","2008","3","40.4267","-79.8625","1409","11","0","0","0","0","0","0","0","1","1","0","0","0","","","0","","0","","40 25:36.120","4","0","79 51:45.000","0","0","0","0","2431","0","0","0","N","0","0","0","1","02431","0","","4.0","","6","N","N","","0","","0","0","0","","0","N","","1","0","0","0","0","0","0","2","0","1","","","","N","","","","","","","","","",""
"2008030545","1225","0","0","0","0","0","0","0","0","0","1","0","","02","2","2008","2","40.374957","-80.071794","1223","11","0","0","0","0","0","0","0","0","2","0","0","0","","","0","","0","","40 22:29.844","3","0","80 04:18.457","0","0","0","0","2109","0","0","0","N","0","0","0","3","02109","0","","1.0","","1","N","N","","0","","0","0","2","","0","N","","2","0","0","0","0","0","0","2","0","2","","","","N","","","","","","","","","",""
"2008030592","0758","0","0","0","0","0","0","0","0","0","1","0","","02","2","2008","4","40.313889","-79.829124","0756","11","0","0","0","0","0","0","1","0","1","0","0","0","","","0","","0","","40 18:50.000","1","3","79 49:44.846","0","0","0","0","2469","0","0","0","N","0","0","0","2","02469","0","","1.0","","1","N","N","","1","","0","0","1","","0","Y","","2","0","1","0","0","0","0","2","0","2","","","","N","","","","","","","","","",""
"2008030596","0943","1","0","0","0","0","0","0","0","0","7","0","","02","2","2008","7","40.3171","-79.862","0939","11","0","0","1","0","0","0","0","0","1","0","0","0","","","0","","0","","40 19:01.560","4","0","79 51:43.200","0","0","0","0","2443","0","0","0","N","0","0","0","1","02443","0","","2.0","","1","N","N","","0","","0","0","0","","0","N","","1","0","0","0","0","0","0","2","0","1","","","","N","","","","","","","","","",""
"2008030597","1014","1","0","0","0","0","0","0","0","0","1","0","","02","1","2008","4","40.3167","-79.8602","1014","11","0","0","0","0","0","0","0","0","","0","0","0","","","0","","0","","40 19:00.120","","0","79 51:36.720","0","0","0","0","2443","0","0","0","N","0","0","0","4","02443","0","","1.0","","9","N","N","","1","","0","0","0","","0","","","2","0","0","0","0","0","0","2","0","2","","","","N","","","","","","","","","",""
"2008030642","9999","1","0","0","0","0","0","0","0","0","0","0","","02","1","2008","3","","","1443","11","0","0","0","0","0","1","0","0","","0","0","0","","","0","","0","","","","0","","0","0","0","0","2304","0","0","0","N","0","0","0","1","02304","0","","1.0","","9","N","N","","0","","0","0","0","","0","","","1","0","0","0","0","0","0","1","0","1","","","","N","","","","","","","","","",""
"2008030646","1729","1","0","0","0","0","0","0","0","0","2","0","","02","2","2008","3","40.591667","-80.053579","1726","11","0","0","0","0","0","1","0","0","3","0","0","0","","","4","","0","","40 35:30.000","6","0","80 03:12.885","2","0","0","0","2108","0","0","0","N","0","0","0","4","02108","3","","1.0","","6","N","N","","0","","0","1","1","","0","Y","","2","4","2","0","1","0","0","2","0","2","","","","N","","","","","","","","","",""
"2008030657","0857","0","0","0","0","0","0","0","0","0","4","0","","02","2","2008","3","40.45275","-80.206778","0852","11","0","0","0","0","0","2","0","0","","0","0","0","","","0","","0","","40 27:09.900","","7","80 12:24.400","0","0","0","0","2214","0","0","0","N","0","0","0","3","02214","0","","1.0","","7","N","N","","1","","0","0","1","","0","","","2","0","0","0","0","0","0","2","0","2","","","","N","","","","","","","","","",""
"2008030676","1840","1","0","0","0","0","0","0","0","0","1","0","","02","2","2008","2","40.465278","-80.060473","1840","11","0","0","0","0","0","0","0","0","1","0","0","0","","","0","","2","","40 27:55.000","4","0","80 03:37.701","0","0","0","0","2444","0","0","0","N","0","0","0","1","02444","0","","1.0","","1","N","N","","0","","0","0","0","","2","N","","3","0","0","0","0","0","0","2","0","3","","","","N","","","","","","","","","",""
"2008030702","1126","1","0","0","0","0","0","0","0","0","2","0","","02","2","2008","3","40.476979","-79.907998","1116","11","0","0","0","0","0","0","0","0","1","0","0","0","","","1","","0","","40 28:37.124","1","0","79 54:28.791","8","0","0","0","2301","0","0","0","N","0","0","0","2","02301","0","","1.0","","7","N","N","","0","","0","0","0","","0","N","","2","1","1","0","0","1","0","2","1","2","","","","N","","","","","","","","","",""
"2008030872","1220","1","0","0","0","0","0","0","0","0","1","0","","02","1","2008","2","40.335833","-80.132521","1215","11","0","0","0","0","0","1","0","0","","0","0","0","","","0","","2","","40 20:09.000","","0","80 07:57.074","0","0","0","0","2119","0","0","0","N","0","0","0","2","02119","0","","1.0","","1","N","N","","0","","0","0","0","","0","","","2","0","0","0","0","0","0","2","1","2","","","","N","","","","","","","","","",""
"2008030873","0759","1","0","0","0","0","0","0","0","0","7","0","","02","1","2008","6","40.376685","-80.158037","0757","11","0","0","0","1","0","0","0","0","","0","0","0","","","0","","0","","40 22:36.065","","0","80 09:28.932","0","0","0","0","2119","0","0","0","N","0","0","0","3","02119","0","","5.0","","1","N","N","","1","","0","0","0","","0","","","2","0","0","0","0","0","0","2","0","2","","","","N","","","","","","","","","",""
"2008030874","1550","1","0","0","0","0","0","1","0","0","1","1","","02","1","2008","3","40.3775","-80.160333","1545","11","0","0","0","0","0","1","0","0","1","0","0","0","","","1","","0","","40 22:39.000","3","0","80 09:37.197","4","0","0","0","2119","0","0","0","N","0","0","0","34","02119","1","","1.0","","9","Y","N","","0","","0","0","0","","0","N","","2","1","0","0","0","0","0","2","0","2","","","","N","","","","","","","","","",""
"2008030875","2330","0","0","0","0","0","0","0","0","0","0","0","","02","1","2008","3","40.319722","-80.119181","2324","11","0","0","0","0","0","0","0","0","","0","0","0","","","0","","0","","40 19:11.000","","0","80 07:09.053","0","0","0","0","2119","0","0","0","N","0","0","0","1","02119","0","","4.0","","2","N","N","","1","","0","0","0","","0","","","1","0","0","0","0","0","0","2","0","1","","","","N","","","","","","","","","",""
"2008030877","1330","0","0","0","0","0","0","0","0","0","7","0","","02","2","2008","4","40.319722","-80.119292","1325","11","0","0","0","0","0","0","0","0","9","0","0","0","","","1","","0","","40 19:11.000","4","0","80 07:09.451","4","0","0","0","2119","0","0","0","N","0","0","0","1","02119","1","","4.0","","9","N","N","","1","","0","0","0","","0","N","","1","1","0","0","0","0","0","2","0","1","","","","N","","","","","","","","","",""
"2008030878","0813","1","0","0","0","0","0","0","0","0","7","0","","02","2","2008","3","40.3525","-80.142364","0810","11","0","0","0","0","0","0","1","0","1","0","0","0","","","0","","0","","40 21:09.000","3","0","80 08:32.509","0","0","0","0","2119","0","0","0","N","0","0","0","1","02119","0","","4.0","","7","N","N","","0","","0","0","0","","0","N","","1","0","0","0","0","0","0","2","0","1","","","","N","","","","","","","","","",""
"2008030879","1715","1","0","0","0","0","0","0","0","0","7","0","","02","2","2008","7","40.345153","-80.15456","1710","11","1","0","0","0","0","0","0","0","","0","0","0","","","0","","0","","40 20:42.549","","0","80 09:16.415","0","0","0","0","2119","0","0","0","N","0","0","0","1","02119","0","","2.0","","9","N","N","","0","","0","0","0","","0","","","1","0","0","0","0","0","0","2","0","1","","","","N","","","","","","","","","",""
"2008030898","0932","0","0","0","0","0","0","0","0","0","4","0","","02","2","2008","3","40.387111","-80.206401","0914","11","0","0","0","0","0","0","0","0","","0","0","0","","","0","","2","","40 23:13.599","","0","80 12:23.043","0","0","0","0","2214","0","0","0","N","0","0","0","2","02214","0","","1.0","","7","N","N","","1","","0","0","1","","3","","","2","0","0","0","0","0","0","2","0","2","","","","N","","","","","","","","","",""
"2008030921","0935","1","0","0","0","0","0","0","0","0","5","0","","02","2","2008","5","40.538056","-79.839551","0930","11","0","0","0","0","0","1","0","0","","0","0","0","","","0","","1","","40 32:17.001","","0","79 50:22.383","0","0","0","0","2208","0","0","0","N","0","0","0","5","02208","0","","1.0","","1","N","N","","1","","0","0","1","","2","","","3","0","1","0","0","0","0","2","0","3","","","","N","","","","","","","","","",""
"2008030929","0645","1","0","0","0","0","0","0","0","0","7","0","","02","3","2008","7","40.456988","-79.758086","0641","11","0","0","0","0","0","0","1","0","","0","0","0","","","2","","0","","40 27:25.156","","0","79 45:29.109","4","0","0","0","2446","0","0","0","N","0","0","0","2","02446","2","","5.0","","2","N","N","","0","","0","0","0","","0","","","1","2","0","0","0","0","0","2","0","1","","","","N","","","","","","","","","",""
"2008030930","1259","1","0","0","0","0","0","0","0","0","7","0","","02","2","2008","6","40.402478","-80.102936","1255","11","0","0","0","0","0","0","0","0","1","0","0","0","","","0","","0","","40 24:08.921","4","0","80 06:10.569","0","0","0","0","2102","0","0","0","N","0","0","0","1","02102","0","","2.0","","7","N","N","","0","","0","0","0","","0","N","","1","0","0","0","0","0","0","2","0","1","","","","N","","","","","","","","","",""
"2008030935","1252","1","0","0","0","0","0","0","0","0","7","0","","02","2","2008","6","40.477222","-79.745762","1247","11","0","0","0","0","0","0","0","0","","0","0","0","","","0","","0","","40 28:38.000","","0","79 44:44.742","0","0","0","0","2466","0","0","0","N","0","0","0","1","02466","0","","3.0","","2","N","N","","0","","0","0","0","","0","","","1","0","0","0","0","0","0","2","0","1","","","","N","","","","","","","","","",""
"2008030977","1712","2","0","0","0","0","0","0","0","0","4","0","","02","2","2008","6","40.5146","-80.1536","1712","11","0","0","0","0","0","0","1","0","1","0","0","0","","","2","","0","","40 30:52.560","3","0","80 09:12.960","4","0","0","0","2420","0","0","0","N","0","0","0","2","02420","2","","1.0","","1","N","N","","0","","0","0","0","","0","N","","2","2","0","0","0","0","0","2","0","2","","","","N","","","","","","","","","",""
"2008030978","2042","2","0","0","0","0","0","0","0","0","5","0","","02","2","2008","5","40.513611","-80.156181","2039","11","0","0","0","0","0","1","0","0","2","0","0","0","","","0","","1","","40 30:49.000","7","0","80 09:22.252","0","0","0","0","2420","0","0","0","N","0","0","0","2","02420","0","","1.0","","9","N","N","","0","","0","0","0","","2","N","","2","0","0","0","0","0","0","2","0","2","","","","N","","","","","","","","","",""
"2008030980","1815","1","0","0","0","0","0","0","0","0","99","0","","02","1","2008","5","40.653964","-79.838761","1809","11","0","0","0","0","0","0","0","0","3","0","0","0","","","0","","1","","40 39:14.269","2","0","79 50:19.541","0","0","0","0","2220","0","0","0","","0","0","0","3","02220","0","","1.0","","1","N","N","","0","","0","0","0","","3","N","","2","0","0","0","0","0","0","1","1","2","","","","N","","","","","","","","","",""
"2008030981","0831","1","0","0","0","0","0","0","0","0","7","0","","02","2","2008","7","40.621389","-79.866551","0826","11","0","0","0","0","0","1","0","0","1","0","0","0","","","1","","0","","40 37:17.000","5","0","79 51:59.583","8","0","0","0","2220","0","0","0","N","0","0","0","1","02220","0","","2.0","","7","N","N","","0","","0","0","0","","0","N","","1","1","0","0","0","1","0","2","0","1","","","","N","","","","","","","","","",""
"2008031007","1210","1","0","0","0","0","0","0","0","0","7","0","","02","2","2008","3","40.475702","-79.864637","1206","11","0","0","0","0","0","0","0","0","","0","0","0","","","0","","2","","40 28:32.527","","0","79 51:52.693","0","0","0","0","2113","0","0","0","N","0","0","0","1","02113","0","","2.0","","7","N","N","","0","","0","0","0","","0","","","1","0","0","0","0","0","0","2","0","1","","","","N","","","","","","","","","",""
"2008031010","1013","0","0","0","0","0","0","0","0","0","7","0","","02","2","2008","3","40.457978","-79.843036","1012","11","0","0","0","0","0","0","0","0","1","0","0","0","","","1","","2","","40 27:28.721","3","0","79 50:34.931","4","0","0","0","2113","0","0","0","N","0","0","0","1","02113","1","","2.0","","7","N","N","","0","","0","0","1","","0","N","","1","1","0","0","0","0","0","2","0","1","","","","N","","","","","","","","","",""
"2008031019","1327","2","0","0","0","0","0","0","0","0","1","0","","02","2","2008","5","40.314722","-79.885342","1326","11","0","0","0","0","0","1","0","0","","0","0","0","","","1","","2","","40 18:53.000","","3","79 53:07.231","8","0","0","0","2433","0","0","0","N","0","0","0","4","02433","0","","1.0","","1","N","N","","0","","0","0","0","","2","","","2","1","0","0","0","1","1","2","0","2","","","","N","","","","","","","","","",""
"2008031020","0309","1","0","0","0","0","0","0","0","0","7","0","","02","2","2008","7","40.485123","-79.830952","0302","11","0","0","0","0","1","0","0","0","1","0","0","0","","","0","","1","","40 29:06.443","5","0","79 49:51.426","0","0","0","0","2113","0","0","0","Y","0","0","0","1","02113","0","","2.0","","1","N","N","","0","","0","0","0","","3","Y","","1","0","1","0","0","0","0","2","0","1","","","","N","","","","","","","","","",""
"2008031021","0711","1","0","0","0","0","0","0","0","0","7","0","","02","2","2008","7","40.4935","-79.81","0707","11","0","0","0","1","0","0","0","0","1","0","0","0","","","1","","0","","40 29:36.600","2","0","79 48:36.000","4","0","0","0","2113","0","0","0","N","0","0","0","1","02113","1","","2.0","","2","N","N","","0","","0","0","0","","0","N","","1","1","0","0","0","0","0","2","0","1","","","","N","","","","","","","","","",""
"2008031022","2100","0","0","0","0","0","0","0","0","0","7","0","","02","1","2008","5","40.462619","-79.804038","2055","11","0","0","0","0","0","0","0","0","3","0","0","0","","","0","","0","","40 27:45.428","6","0","79 48:14.536","0","0","0","0","2113","0","0","0","N","0","0","0","1","02113","0","","2.0","","1","N","N","","0","","0","0","1","","0","Y","","1","0","0","0","0","0","0","2","0","1","","","","N","","","","","","","","","",""
"2008031023","1738","1","0","0","0","0","0","0","0","0","4","0","","02","2","2008","3","40.5119","-79.801","1735","11","0","0","0","0","0","0","0","0","2","0","0","0","","","3","","0","","40 30:42.840","1","0","79 48:03.600","3","0","0","0","2113","0","0","0","N","0","0","0","4","02113","2","","1.0","","6","N","N","","1","","1","0","0","","0","Y","","2","3","3","0","0","0","0","2","0","2","","","","N","","","","","","","","","",""
"2008031024","0940","1","0","0","0","0","0","0","0","0","5","0","","02","2","2008","4","40.4903","-79.816","0930","11","0","0","0","1","0","0","0","0","1","0","0","0","","","0","","0","","40 29:25.080","6","0","79 48:57.600","0","0","0","0","2113","0","0","0","N","0","0","0","2","02113","0","","1.0","","7","N","N","","1","","0","0","0","","0","N","","2","0","0","0","0","0","0","2","0","2","","","","N","","","","","","","","","",""
"2008031025","1009","1","0","0","0","0","0","0","0","0","7","0","","02","2","2008","6","40.472195","-79.838191","1002","11","0","0","0","1","0","0","0","0","","0","0","0","","","0","","0","","40 28:19.902","","0","79 50:17.487","0","0","0","0","2113","0","0","0","N","0","0","0","1","02113","0","","4.0","","2","N","N","","0","","0","0","0","","0","","","1","0","0","0","0","0","0","2","0","1","","","","N","","","","","","","","","",""
"2008031026","0925","2","0","0","0","0","0","0","0","0","7","0","","02","2","2008","7","40.473936","-79.814409","0918","11","0","0","0","0","0","1","0","0","","0","0","0","","","0","","0","","40 28:26.169","","0","79 48:51.872","0","0","0","0","2113","0","0","0","N","0","0","0","1","02113","0","","5.0","","2","N","N","","0","","0","0","0","","0","","","2","0","0","0","0","0","0","2","0","2","","","","N","","","","","","","","","",""
"2008031027","1158","1","0","0","0","0","0","0","0","0","2","0","","02","2","2008","1","40.4611","-79.8711","1155","11","0","0","0","0","0","1","0","0","1","0","0","0","","","1","","0","","40 27:39.960","6","0","79 52:15.960","8","0","0","0","2113","0","0","0","N","0","0","0","2","02113","0","","1.0","","2","N","N","","0","","0","0","1","","0","N","","2","1","0","0","0","1","1","2","0","2","","","","N","","","","","","","","","",""
"2008031028","0041","2","0","0","0","0","0","0","0","0","1","0","","02","2","2008","4","40.485338","-79.837096","0334","11","0","0","0","0","0","0","0","0","","0","0","0","","","0","","0","","40 29:07.216","","1","79 50:13.545","0","0","0","0","2113","0","0","0","N","0","0","0","1","02113","0","","1.0","","9","N","N","","0","","0","0","0","","0","","","2","0","0","0","0","0","0","2","0","2","","","","N","","","","","","","","","",""
"2008031029","1428","1","0","0","0","0","0","0","0","0","7","0","","02","2","2008","3","40.481529","-79.876121","1418","11","0","0","0","0","0","0","0","0","1","0","0","0","","","1","","2","","40 28:53.504","6","0","79 52:34.034","8","0","0","0","2113","0","0","0","Y","0","0","0","1","02113","0","","2.0","","7","N","N","","0","","0","0","0","","2","N","","1","1","0","0","0","1","0","2","0","1","","","","N","","","","","","","","","",""
"2008031030","1212","1","0","0","0","0","0","0","0","0","7","0","","02","2","2008","4","40.4736","-79.8455","1211","11","0","0","0","0","0","1","0","0","1","0","0","0","","","1","","0","","40 28:24.960","6","0","79 50:43.800","8","0","0","0","2113","0","0","0","N","0","0","0","1","02113","0","","4.0","","6","N","N","","0","","0","0","0","","0","N","","1","1","0","0","0","1","0","2","0","1","","","","N","","","","","","","","","",""
"2008031031","0813","1","0","0","0","0","0","1","0","0","1","1","","02","1","2008","2","40.464888","-79.828453","0803","11","0","0","0","0","0","1","0","0","1","0","0","0","","","2","","0","","40 27:53.598","4","0","79 49:42.430","8","0","0","0","2113","0","0","0","N","0","0","0","2","02113","0","","1.0","","1","Y","N","","0","","0","0","0","","0","N","","2","2","0","0","0","2","0","2","0","2","","","","N","","","","","","","","","",""
"2008031032","0737","0","0","0","0","0","0","0","0","0","1","0","","02","2","2008","4","40.454544","-79.823444","0733","11","0","0","0","0","0","0","0","0","2","0","0","0","","","0","","0","","40 27:16.358","1","0","79 49:24.400","0","0","0","0","2113","0","0","0","N","0","0","0","2","02113","0","","1.0","","9","N","N","","0","","0","0","1","","0","Y","","2","0","0","0","0","0","0","2","1","2","","","","N","","","","","","","","","",""
"2008031033","1355","0","0","0","0","0","0","0","0","0","7","0","","02","2","2008","4","40.4638","-79.8061","1352","11","0","1","0","0","0","0","0","0","1","0","0","0","","","0","","0","","40 27:49.680","5","0","79 48:21.960","0","0","0","0","2113","0","0","0","N","0","0","0","1","02113","0","","4.0","","8","N","N","","0","","0","0","2","","0","N","","2","0","0","0","0","0","0","2","0","2","","","","N","","","","","","","","","",""
"2008031034","1608","1","0","0","0","0","0","0","0","0","1","0","","02","2","2008","4","40.4611","-79.8663","1601","11","0","0","0","0","0","0","1","0","","0","0","0","","","1","","1","","40 27:39.960","","0","79 51:58.680","8","0","0","0","2113","0","0","0","N","0","0","0","3","02113","0","","1.0","","9","N","N","","0","","0","0","1","","2","","","3","1","1","0","0","1","0","2","1","3","","","","N","","","","","","","","","",""
"2008031035","0219","1","0","0","0","0","0","0","0","0","7","0","","02","2","2008","7","40.466548","-79.837743","0215","11","0","0","0","0","0","0","0","0","5","0","0","0","","","0","","0","","40 27:59.573","6","0","79 50:15.873","0","0","0","0","2113","0","0","0","N","0","0","0","2","02113","0","","2.0","","9","N","N","","0","","0","0","0","","0","Y","","1","0","0","0","0","0","0","2","0","1","","","","N","","","","","","","","","",""
"2008031036","0143","1","0","0","0","0","0","0","0","0","7","0","","02","2","2008","1","40.4847","-79.856","0136","11","0","0","0","0","0","0","0","0","","0","0","0","","","0","","0","","40 29:04.920","","0","79 51:21.600","0","0","0","0","2113","0","0","0","N","0","0","0","1","02113","0","","5.0","","1","N","N","","0","","0","0","0","","0","","","1","0","0","0","0","0","0","2","0","1","","","","N","","","","","","","","","",""
"2008031038","2001","1","0","0","0","0","0","0","0","0","7","0","","02","2","2008","2","40.462559","-79.837439","1958","11","0","0","0","0","0","0","0","0","","0","0","0","","","1","","2","","40 27:45.212","","0","79 50:14.780","8","0","0","0","2113","0","0","0","N","0","0","0","1","02113","0","","5.0","","1","N","N","","0","","0","0","0","","0","","","1","1","0","0","0","1","0","2","0","1","","","","N","","","","","","","","","",""
"2008031039","0312","1","0","0","0","0","0","0","0","0","7","0","","02","2","2008","7","40.465596","-79.799136","0308","11","0","0","0","1","0","0","0","0","","0","0","0","","","0","","0","","40 27:56.145","","0","79 47:56.889","0","0","0","0","2113","0","0","0","N","0","0","0","1","02113","0","","4.0","","1","N","N","","0","","0","0","0","","0","","","1","0","0","0","0","0","0","2","0","1","","","","N","","","","","","","","","",""
"2008031040","0924","2","0","0","0","0","0","0","0","0","4","0","","02","2","2008","1","40.474765","-79.822072","0915","11","0","0","0","0","1","0","0","0","","0","0","0","","","0","","0","","40 28:29.155","","0","79 49:19.460","0","0","0","0","2113","0","0","0","N","0","0","0","2","02113","0","","1.0","","1","N","N","","0","","0","0","0","","0","","","2","0","0","0","0","0","0","1","0","2","","","","N","","","","","","","","","",""
"2008031099","1430","0","0","0","0","0","0","0","0","0","7","0","","02","1","2008","6","","","1424","11","0","0","0","0","0","0","1","0","","0","0","0","","","0","","3","","40 26:43.44","","0","80 00:34.20","9","0","0","0","2301","0","0","0","N","0","0","0","1","02301","0","","4.0","","1","N","N","","0","","0","0","0","","0","","","1","0","0","0","0","0","1","2","1","1","","","","N","","","","","","","","","",""
"2008031132","1523","2","0","0","0","0","0","0","0","0","4","0","","02","2","2008","1","40.543889","-80.192639","1521","11","0","0","0","0","0","2","0","0","1","0","0","0","","","3","","1","","40 32:38.000","1","0","80 11:33.499","3","0","0","0","2427","0","0","0","N","0","0","0","4","02427","1","","1.0","","9","N","N","","0","","2","0","0","","2","N","","2","3","0","0","0","0","0","2","0","2","","","","N","","","","","","","","","",""
"2008031158","2316","1","0","0","0","0","0","0","0","0","7","0","","02","1","2008","2","40.381531","-80.034561","2312","11","0","0","0","0","0","0","0","0","","0","0","0","","","0","","0","","40 22:53.511","","0","80 02:04.419","0","0","0","0","2109","0","0","0","N","0","0","0","1","02109","0","","5.0","","2","N","N","","0","","0","0","0","","0","","","1","0","0","0","0","0","0","2","0","1","","","","N","","","","","","","","","",""
"2008031159","0800","1","0","0","0","0","0","0","0","0","7","0","","02","2","2008","4","40.377393","-80.032221","0756","11","0","0","1","0","0","0","0","0","2","0","0","0","","","1","","0","","40 22:38.614","5","0","80 01:55.995","8","0","0","0","2109","0","0","0","N","0","0","0","1","02109","0","","5.0","","1","N","N","","0","","0","0","0","","0","Y","","1","1","1","0","0","1","0","2","0","1","","","","N","","","","","","","","","",""
"2008031160","1200","1","0","0","0","0","0","0","0","0","4","0","","02","2","2008","7","40.355248","-80.050289","1156","11","0","0","0","0","0","0","0","1","2","0","0","0","","","1","","1","","40 21:18.892","2","0","80 03:01.041","8","0","0","0","2109","0","0","0","N","0","0","0","3","02109","0","","1.0","","1","N","N","","0","","0","0","1","","2","N","","2","1","1","0","0","1","0","2","0","2","","","","N","","","","","","","","","",""