"CRN","ARRIVAL_TM","AUTOMOBILE_COUNT","BELTED_DEATH_COUNT","BELTED_SUSP_SERIOUS_INJ_COUNT","BICYCLE_COUNT","BICYCLE_DEATH_COUNT","BICYCLE_SUSP_SERIOUS_INJ_COUNT","BUS_COUNT","CHLDPAS_DEATH_COUNT","CHLDPAS_SUSP_SERIOUS_INJ_COUNT","COLLISION_TYPE","COMM_VEH_COUNT","CONS_ZONE_SPD_LIM","COUNTY","CRASH_MONTH","CRASH_YEAR","DAY_OF_WEEK","DEC_LATITUDE","DEC_LONGITUDE","DISPATCH_TM","DISTRICT","DRIVER_COUNT_16YR","DRIVER_COUNT_17YR","DRIVER_COUNT_18YR","DRIVER_COUNT_19YR","DRIVER_COUNT_20YR","DRIVER_COUNT_50_64YR","DRIVER_COUNT_65_74YR","DRIVER_COUNT_75PLUS","EST_HRS_CLOSED","FATAL_COUNT","HEAVY_TRUCK_COUNT","HORSE_BUGGY_COUNT","HOUR_OF_DAY","ILLUMINATION","INJURY_COUNT","INTERSECTION_RELATED","INTERSECT_TYPE","LANE_CLOSED","LATITUDE","LN_CLOSE_DIR","LOCATION_TYPE","LONGITUDE","MAX_SEVERITY_LEVEL","MCYCLE_DEATH_COUNT","MCYCLE_SUSP_SERIOUS_INJ_COUNT","MOTORCYCLE_COUNT","MUNICIPALITY","NONMOTR_COUNT","NONMOTR_DEATH_COUNT","NONMOTR_SUSP_SERIOUS_INJ_COUNT","NTFY_HIWY_MAINT","PED_COUNT","PED_DEATH_COUNT","PED_SUSP_SERIOUS_INJ_COUNT","PERSON_COUNT","POLICE_AGCY","POSSIBLE_INJ_COUNT","RDWY_SURF_TYPE_CD","RELATION_TO_ROAD","ROADWAY_CLEARED","ROAD_CONDITION","SCH_BUS_IND","SCH_ZONE_IND","SECONDARY_CRASH","SMALL_TRUCK_COUNT","SPEC_JURIS_CD","SUSP_MINOR_INJ_COUNT","SUSP_SERIOUS_INJ_COUNT","SUV_COUNT","TCD_FUNC_CD","TCD_TYPE","TFC_DETOUR_IND","TIME_OF_DAY","TOTAL_UNITS","TOT_INJ_COUNT","UNBELTED_OCC_COUNT","UNB_DEATH_COUNT","UNB_SUSP_SERIOUS_INJ_COUNT","UNK_INJ_DEG_COUNT","UNK_INJ_PER_COUNT","URBAN_RURAL","VAN_COUNT","VEHICLE_COUNT","WEATHER1","WEATHER2","WORKERS_PRES","WORK_ZONE_IND","WORK_ZONE_LOC","WORK_ZONE_TYPE","WZ_CLOSE_DETOUR","WZ_FLAGGER","WZ_LAW_OFFCR_IND","WZ_LN_CLOSURE","WZ_MOVING","WZ_OTHER","WZ_SHLDER_MDN","WZ_WORKERS_INJ_KILLED"
"2008031760","1617","2","0","0","0","0","0","0","0","0","4","0","","02","2","2008","6","40.6317","-79.9407","1617","11","0","0","0","0","0","0","1","0","3","0","0","0","","","0","","2","","40 37:54.120","1","1","79 56:26.520","0","0","0","0","2217","0","0","0","N","0","0","0","2","02505","0","","1.0","","7","N","N","","0","","0","0","0","","0","N","","2","0","0","0","0","0","0","2","0","2","","","","N","","","","","","","","","",""
"2008031769","1649","1","0","0","0","0","0","0","0","0","4","0","","02","2","2008","6","40.551111","-79.958866","1644","11","0","0","0","0","0","0","0","0","2","0","0","0","","","1","","0","","40 33:04.000","1","0","79 57:31.918","4","0","0","0","2118","0","0","0","N","0","0","0","3","02118","1","","1.0","","7","N","N","","1","","0","0","0","","0","N","","2","1","0","0","0","0","0","2","0","2","","","","N","","","","","","","","","",""
"2008031770","1525","2","0","0","0","0","0","0","0","0","2","0","","02","2","2008","6","40.387356","-79.831928","1523","11","0","0","0","0","0","0","0","0","2","0","0","0","","","0","","0","","40 23:14.481","2","0","79 49:54.940","0","0","0","0","2111","0","0","0","N","0","0","0","4","02111","0","","1.0","","2","N","N","","0","","0","0","0","","0","Y","","2","0","0","0","0","0","0","2","0","2","","","","N","","","","","","","","","",""
"2008031795","2147","1","0","0","0","0","0","0","0","0","7","0","","02","2","2008","4","40.480402","-79.836763","2143","11","0","0","0","0","0","0","0","0","2","0","0","0","","","1","","0","","40 28:49.448","3","0","79 50:12.346","4","0","0","0","2113","0","0","0","N","0","0","0","1","02113","1","","5.0","","1","N","N","","0","","0","0","0","","0","N","","1","1","1","0","0","0","0","2","0","1","","","","N","","","","","","","","","",""
"2008031796","1702","1","0","0","0","0","0","0","0","0","4","0","","02","2","2008","6","40.4611","-79.8714","1700","11","0","0","0","0","0","1","0","0","","0","0","0","","","0","","0","","40 27:39.960","","7","79 52:17.040","0","0","0","0","2113","0","0","0","N","0","0","0","2","02113","0","","6.0","","7","N","N","","1","","0","0","0","","0","","","2","0","1","0","0","0","0","2","0","2","","","","N","","","","","","","","","",""
"2008031804","0137","0","0","0","0","0","0","0","0","0","7","0","","02","3","2008","7","","","0137","11","0","0","0","0","0","0","0","0","1","0","0","0","","","0","","0","","","2","0","","0","0","0","0","2403","0","0","0","N","0","0","0","1","02403","0","","5.0","","2","N","N","","0","","0","0","1","","0","N","","1","0","0","0","0","0","0","1","0","1","","","","N","","","","","","","","","",""
"2008031807","1621","1","0","0","0","0","0","1","0","0","1","1","","02","2","2008","6","40.458006","-79.851882","1620","11","0","0","0","0","0","0","1","0","2","0","0","0","","","2","","2","","40 27:28.821","4","0","79 51:06.775","4","0","0","0","2113","0","0","0","N","0","0","0","20","02113","2","","1.0","","7","Y","N","","0","","0","0","0","","0","N","","2","2","1","0","0","0","0","2","0","2","","","","N","","","","","","","","","",""
"2008031808","1743","1","0","0","0","0","0","0","0","0","7","0","","02","3","2008","1","40.51882","-80.028238","1740","11","0","0","0","1","0","0","0","0","","0","0","0","","","0","","2","","40 31:07.752","","0","80 01:41.656","0","0","0","0","2474","0","0","0","N","0","0","0","2","02474","0","","2.0","","1","N","N","","0","","0","0","0","","0","","","1","0","0","0","0","0","0","2","0","1","","","","N","","","","","","","","","",""
"2008031815","0411","1","0","0","0","0","0","0","0","0","7","0","","02","3","2008","1","40.390115","-79.904971","0410","11","0","0","0","0","0","0","0","0","3","0","0","0","","","1","","0","","40 23:24.414","5","0","79 54:17.896","3","0","0","0","2448","0","0","0","N","0","0","0","1","02448","0","","5.0","","1","N","N","","0","","1","0","0","","0","N","","1","1","0","0","0","0","0","2","0","1","","","","N","","","","","","","","","",""
"2008031819","0427","1","0","0","0","0","0","0","0","0","7","0","","02","3","2008","7","40.289896","-79.997222","0424","11","0","0","1","0","0","0","0","0","","0","0","0","","","0","","2","","40 17:23.627","","0","79 59:49.998","0","0","0","0","2219","0","0","0","N","0","0","0","1","02219","0","","4.0","","7","N","N","","0","","0","0","0","","0","","","1","0","0","0","0","0","0","2","0","1","","","","N","","","","","","","","","",""
"2008031820","0051","3","0","0","0","0","0","0","0","0","6","0","","02","2","2008","6","40.500801","-80.067006","0049","11","0","0","0","0","0","0","0","0","1","0","0","0","","","1","","0","","40 30:02.883","3","0","80 04:01.221","4","0","0","0","2402","0","0","0","N","0","0","0","1","02402","1","","6.0","","1","N","N","","0","","0","0","0","","0","N","","3","1","0","0","0","0","0","2","0","3","","","","N","","","","","","","","","",""
"2008031833","0143","1","0","0","0","0","0","0","0","0","7","0","","02","3","2008","7","40.538333","-79.962394","0138","11","0","0","0","0","0","0","0","0","1","0","0","0","","","0","","0","","40 32:18.000","2","0","79 57:44.618","0","0","0","0","2118","0","0","0","N","0","0","0","1","02118","0","","9.0","","6","N","N","","0","","0","0","0","","0","N","","1","0","1","0","0","0","0","2","0","1","","","","N","","","","","","","","","",""
"2008031835","2136","0","0","0","0","0","0","0","0","0","8","0","","02","3","2008","7","40.3424","-79.9672","2133","11","0","0","0","0","0","1","0","0","1","0","0","0","","","1","","0","","40 20:32.640","1","0","79 58:01.920","3","0","0","0","2403","1","0","0","N","1","0","0","2","02403","0","","1.0","","1","","N","","1","","1","0","0","","0","N","","2","1","0","0","0","0","0","2","0","1","","","","N","","","","","","","","","",""
"2008031869","1623","2","0","0","0","0","0","0","0","0","6","0","","02","2","2008","4","40.390183","-79.952888","1620","11","0","0","0","0","0","1","0","0","2","0","0","0","","","0","","0","","40 23:24.658","4","0","79 57:10.398","9","0","0","0","2403","0","0","0","N","0","0","0","2","02403","0","","1.0","","9","N","N","","0","","0","0","0","","0","N","","2","0","0","0","0","0","1","2","0","2","","","","N","","","","","","","","","",""
"2008031876","0830","0","0","0","0","0","0","1","0","0","1","1","","02","3","2008","2","40.651944","-80.054886","0828","11","0","0","0","0","0","0","1","0","","0","0","0","","","0","","1","","40 39:07.000","","0","80 03:17.589","0","0","0","0","2216","0","0","0","N","0","0","0","11","02505","0","","1.0","","1","Y","N","","0","","0","0","0","","3","","","2","0","0","0","0","0","0","2","1","2","","","","N","","","","","","","","","",""
"2008031884","0820","2","0","0","0","0","0","0","0","0","1","0","","02","3","2008","2","40.401389","-80.062721","0820","11","0","0","0","0","0","1","0","0","","0","0","0","","","1","","0","","40 24:05.000","","0","80 03:45.796","8","0","0","0","2117","0","0","0","N","0","0","0","4","02117","0","","1.0","","1","N","N","","0","","0","0","1","","0","","","3","1","1","0","0","1","0","2","0","3","","","","N","","","","","","","","","",""
"2008031918","0712","0","0","0","0","0","0","0","0","0","7","0","","02","3","2008","7","40.577778","-79.953693","0708","11","0","0","0","0","0","0","0","0","","0","0","0","","","1","","2","","40 34:40.000","","0","79 57:13.296","8","0","0","0","2207","0","0","0","Y","0","0","0","1","02207","0","","5.0","","7","N","N","","1","","0","0","0","","0","","","1","1","1","0","0","1","0","2","0","1","","","","N","","","","","","","","","",""
"2008031921","1651","0","0","0","0","0","0","0","0","0","7","0","","02","3","2008","2","40.528164","-79.92422","1641","11","0","0","0","0","0","0","0","0","2","0","0","0","","","2","","0","","40 31:41.391","5","0","79 55:27.192","8","0","0","0","2112","0","0","0","N","0","0","0","3","02112","0","","2.0","","9","N","N","","1","","0","0","1","","0","Y","","2","2","1","0","0","2","0","2","0","2","","","","N","","","","","","","","","",""
"2008031923","1745","0","0","0","0","0","0","0","0","0","2","0","","02","2","2008","6","40.481438","-80.140617","1742","11","0","0","0","0","0","2","0","0","1","0","0","0","","","0","","2","","40 28:53.176","2","0","80 08:26.221","0","0","0","0","2115","0","0","0","N","0","0","0","2","02115","0","","1.0","","7","N","N","","0","","0","0","2","","3","N","","2","0","0","0","0","0","0","2","0","2","","","","N","","","","","","","","","",""
"2008031924","0005","2","0","0","0","0","0","0","0","0","1","0","","02","3","2008","7","40.447928","-80.162433","0004","11","0","0","0","0","0","0","0","0","1","0","0","0","","","1","","1","","40 26:52.539","2","6","80 09:44.759","4","0","0","0","2115","0","0","0","N","0","0","0","2","02115","1","","1.0","","9","N","N","","0","","0","0","0","","2","N","","2","1","0","0","0","0","0","2","0","2","","","","N","","","","","","","","","",""
"2008031925","1825","2","0","0","0","0","0","0","0","0","1","0","","02","2","2008","3","40.544516","-80.221591","1816","11","0","0","0","0","0","2","0","0","2","0","0","0","","","0","","0","","40 32:40.256","6","0","80 13:17.727","0","0","0","0","2213","0","0","0","Y","0","0","0","5","02213","0","","1.0","","7","N","N","","0","","0","0","1","","0","Y","","3","0","0","0","0","0","0","2","0","3","","","","N","","","","","","","","","",""
"2008031926","2028","2","0","0","0","0","0","0","0","0","4","0","","02","3","2008","7","40.533889","-80.229035","2024","11","0","0","0","0","0","0","0","0","","0","0","0","","","0","","1","","40 32:02.000","","0","80 13:44.527","0","0","0","0","2213","0","0","0","N","0","0","0","4","02213","0","","1.0","","1","N","N","","0","","0","0","0","","3","","","2","0","1","0","0","0","0","2","0","2","","","","N","","","","","","","","","",""
"2008031927","0748","0","0","0","0","0","0","0","0","0","7","0","","02","3","2008","7","40.4676","-80.1586","0743","11","0","0","0","0","0","0","0","0","","0","0","0","","","0","","0","","40 28:03.360","","0","80 09:30.960","0","0","0","0","2213","0","0","0","N","0","0","0","1","02213","0","","4.0","","2","N","N","","0","","0","0","1","","0","","","1","0","0","0","0","0","0","2","0","1","","","","N","","","","","","","","","",""
"2008031928","2021","1","0","0","0","0","0","0","0","0","1","0","","02","2","2008","3","40.5022","-80.222","2017","11","0","0","0","0","0","1","0","0","1","0","0","0","","","1","","0","","40 30:07.920","5","0","80 13:19.200","3","0","0","0","2213","0","0","0","N","0","0","0","3","02213","0","","1.0","","7","N","N","","0","","1","0","1","","0","N","","2","1","0","0","0","0","0","2","0","2","","","","N","","","","","","","","","",""
"2008031929","2142","1","0","0","0","0","0","0","0","0","7","0","","02","2","2008","6","40.540025","-80.242469","9999","11","0","0","0","0","0","0","0","0","","0","0","0","","","0","","0","","40 32:24.090","","0","80 14:32.888","0","0","0","0","2213","0","0","0","N","0","0","0","1","02213","0","","4.0","","3","N","N","","0","","0","0","0","","0","","","1","0","0","0","0","0","0","2","0","1","","","","N","","","","","","","","","",""
"2008031930","1358","1","0","0","0","0","0","0","0","0","4","1","","02","2","2008","6","40.513056","-80.222429","1356","11","0","0","0","0","0","1","0","0","3","0","1","0","","","1","","1","","40 30:47.000","5","0","80 13:20.743","8","0","0","0","2213","0","0","0","N","0","0","0","2","02213","0","","1.0","","6","N","N","","0","","0","0","0","","2","N","","2","1","0","0","0","1","0","2","0","2","","","","N","","","","","","","","","",""
"2008031931","1400","1","0","0","0","0","0","0","0","0","1","0","","02","2","2008","6","40.530278","-80.232241","1348","11","0","0","0","0","0","0","0","0","1","0","0","0","","","0","","0","","40 31:49.000","4","0","80 13:56.069","0","0","0","0","2213","0","0","0","N","0","0","0","2","02213","0","","1.0","","7","N","N","","1","","0","0","0","","0","Y","","2","0","0","0","0","0","0","2","0","2","","","","N","","","","","","","","","",""
"2008031959","1730","1","0","0","0","0","0","0","0","0","4","0","","02","3","2008","2","40.500278","-79.865577","1720","11","0","0","0","0","0","0","0","0","","0","0","0","","","0","","2","","40 30:01.000","","0","79 51:56.077","0","0","0","0","2112","0","0","0","N","0","0","0","3","02112","0","","1.0","","1","N","N","","1","","0","0","0","","3","","","2","0","0","0","0","0","0","2","0","2","","","","N","","","","","","","","","",""
"2008032013","1259","3","0","0","0","0","0","0","0","0","1","0","","02","2","2008","6","","","1240","11","0","0","0","0","0","0","0","0","1","0","0","0","","","0","","0","","40 26:07.80","4","0","79 59:54.96","0","0","0","0","2301","0","0","0","N","0","0","0","4","68B03","0","","1.0","","9","N","N","","0","","0","0","1","","0","N","","4","0","0","0","0","0","0","2","0","4","","","","N","","","","","","","","","",""
"2008032014","1802","2","0","0","0","0","0","0","0","0","5","0","","02","2","2008","7","","","1733","11","0","0","0","0","0","0","0","0","","0","0","0","","","0","","0","","40 25:38.64","","0","79 57:07.92","9","0","0","0","2301","0","0","0","N","0","0","0","2","68B03","0","","1.0","","1","N","N","","0","","0","0","0","","0","","","2","0","0","0","0","0","1","2","0","2","","","","N","","","","","","","","","",""
"2008032015","1947","1","0","0","0","0","0","0","0","0","4","0","","02","2","2008","7","","","1947","11","0","0","1","0","0","0","0","0","3","0","0","0","","","0","","0","","40 25:05.52","1","0","80 03:16.20","0","0","0","0","2435","0","0","0","N","0","0","0","7","68B03","0","","1.0","","1","N","N","","0","","0","0","1","","0","N","","3","0","0","0","0","0","0","2","1","3","","","","N","","","","","","","","","",""
"2008032016","1249","1","0","0","0","0","0","0","0","0","7","0","","02","2","2008","3","","","1238","11","0","0","0","0","0","0","0","1","1","0","0","0","","","1","","7","","40 26:54.96","2","2","80 00:27.00","8","0","0","0","2301","0","0","0","Y","0","0","0","1","68B03","0","","7.0","","1","N","N","","0","","0","0","0","","0","N","","1","1","1","0","0","1","0","2","0","1","","","","N","","","","","","","","","",""
"2008032017","0940","2","0","0","0","0","0","0","0","0","1","0","","02","2","2008","4","","","0906","11","0","0","0","0","0","0","0","1","2","0","0","0","","","1","","3","","40 26:19.68","4","0","79 45:07.56","4","0","0","0","2446","0","0","0","N","0","0","0","3","68B03","1","","1.0","","6","N","N","","0","","0","0","0","","0","Y","","2","1","0","0","0","0","0","2","0","2","","","","N","","","","","","","","","",""
"2008032018","0900","1","0","0","0","0","0","0","0","0","1","0","","02","2","2008","6","40.429722","-80.028639","0853","11","0","0","0","0","0","0","0","0","","0","0","0","","","0","","0","","40 25:47.000","","2","80 01:43.102","0","0","0","0","2301","0","0","0","N","0","0","0","3","68B03","0","","1.0","","1","N","N","","0","","0","0","2","","4","","","3","0","0","0","0","0","0","2","0","3","","","","N","","","","","","","","","",""
"2008032019","1452","0","0","0","0","0","0","1","0","0","4","1","","02","2","2008","6","","","1442","11","0","0","0","0","0","0","0","0","3","0","0","0","","","5","","0","","40 26:26.88","4","0","79 45:37.08","4","0","0","0","2446","0","0","0","N","0","0","0","16","68B03","5","","1.0","","6","Y","N","","0","","0","0","1","","0","N","","2","5","0","0","0","0","0","2","0","2","","","","N","","","","","","","","","",""
"2008032020","1609","1","0","0","0","0","0","0","0","0","4","0","","02","2","2008","6","40.40403","-80.106734","1544","11","0","0","0","0","0","0","0","0","3","0","0","0","","","0","","0","","40 24:14.507","2","0","80 06:24.243","0","0","0","0","2102","0","0","0","N","0","0","0","4","68B03","0","","1.0","","2","N","N","","0","","0","0","1","","0","N","","2","0","0","0","0","0","0","2","0","2","","","","N","","","","","","","","","",""
"2008032021","1730","1","0","0","0","0","0","0","0","0","7","0","","02","2","2008","6","40.527377","-80.130126","1707","11","0","0","0","0","0","0","0","0","","0","0","0","","","1","","0","","40 31:38.558","","0","80 07:48.455","4","0","0","0","2125","0","0","0","Y","0","0","0","1","68B03","1","","2.0","","6","N","N","","0","","0","0","0","","0","","","1","1","0","0","0","0","0","2","0","1","","","","N","","","","","","","","","",""
"2008032022","1730","1","0","0","0","0","0","0","0","0","7","0","","02","2","2008","6","","","1720","11","0","0","0","1","0","0","0","0","","0","0","0","","","0","","0","","40 28:40.44","","0","80 15:13.68","0","0","0","0","2203","0","0","0","N","0","0","0","5","68B03","0","","4.0","","6","N","N","","0","","0","0","0","","0","","","1","0","0","0","0","0","0","2","0","1","","","","N","","","","","","","","","",""
"2008032024","0227","0","0","0","0","0","0","0","0","0","7","0","","02","3","2008","7","","","0222","11","0","0","0","0","0","0","0","0","1","0","0","0","","","1","","0","","40 25:30.36","4","0","80 06:59.04","3","0","0","0","2102","0","0","0","N","0","0","0","1","68B03","0","","3.0","","2","N","N","","0","","1","0","1","","0","N","","1","1","0","0","0","0","0","2","0","1","","","","N","","","","","","","","","",""
"2008032025","0948","1","0","0","0","0","0","0","0","0","7","0","","02","3","2008","7","","","0920","11","0","0","0","0","0","0","0","0","","0","0","0","","","0","","0","","40 31:54.84","","0","80 04:22.08","0","0","0","0","2215","0","0","0","Y","0","0","0","1","68B03","0","","3.0","","9","N","N","","0","","0","0","0","","0","","","1","0","0","0","0","0","0","2","0","1","","","","N","","","","","","","","","",""
"2008032075","0539","0","0","0","0","0","0","0","0","0","7","0","","02","2","2008","6","40.52203","-79.97854","0534","11","0","0","0","0","0","0","0","0","2","0","0","0","","","0","","0","","40 31:19.308","6","0","79 58:42.744","0","0","0","0","2118","0","0","0","N","0","0","0","1","02118","0","","2.0","","6","N","N","","0","","0","0","1","","0","N","","1","0","0","0","0","0","0","2","0","1","","","","N","","","","","","","","","",""
"2008032076","2104","1","0","0","0","0","0","0","0","0","7","0","","02","2","2008","6","40.629444","-79.717599","2104","11","0","0","0","0","1","0","0","0","","0","0","0","","","1","","1","","40 37:46.000","","0","79 43:03.357","8","0","0","0","2106","0","0","0","N","0","0","0","4","02106","0","","2.0","","7","N","N","","0","","0","0","1","","2","","","2","1","0","0","0","1","0","2","0","2","","","","N","","","","","","","","","",""
"2008032131","1419","0","0","0","0","0","0","0","0","0","7","0","","02","3","2008","2","40.352222","-79.798886","1349","11","0","0","0","0","0","0","0","0","","0","0","0","","","4","","0","","40 21:08.000","","0","79 47:55.989","4","0","0","0","2477","0","0","0","N","0","0","0","4","02501","4","","2.0","","1","N","N","","0","","0","0","1","","0","","","1","4","4","0","0","0","0","2","0","1","","","","N","","","","","","","","","",""
"2008032160","0804","0","0","0","0","0","0","0","0","0","7","0","","02","3","2008","7","40.591389","-79.772932","0745","11","0","0","0","0","0","1","0","0","2","0","0","0","","","1","","0","","40 35:29.000","2","0","79 46:22.555","4","0","0","0","2104","0","0","0","N","0","0","0","1","68D02","1","","4.0","","6","N","N","","0","","0","0","1","","0","N","","1","1","0","0","0","0","0","2","0","1","","","","N","","","","","","","","","",""
"2008032392","1100","0","0","0","0","0","0","0","0","0","7","1","","02","2","2008","6","40.608","-79.9444","1045","11","0","0","0","0","0","0","0","0","","0","1","0","","","0","","0","","40 36:28.800","","0","79 56:39.840","0","0","0","0","2207","0","0","0","N","0","0","0","1","68T02","0","","4.0","","1","N","N","","0","","0","0","0","","0","","","1","0","0","0","0","0","0","2","0","1","","","","N","","","","","","","","","",""
"2008032393","1327","1","0","0","0","0","0","0","0","0","7","0","","02","2","2008","6","40.6132","-79.9557","1314","11","0","0","0","0","0","1","0","0","","0","0","0","","","0","","0","","40 36:47.520","","0","79 57:20.520","0","0","0","0","2207","0","0","0","N","0","0","0","1","68T02","0","","4.0","","7","N","N","","0","","0","0","0","","0","","","1","0","0","0","0","0","0","2","0","1","","","","N","","","","","","","","","",""
"2008032395","1552","1","0","0","0","0","0","0","0","0","7","0","","02","2","2008","6","40.4434","-79.7534","1459","11","0","0","0","1","0","0","0","0","","0","0","0","","","0","","0","","40 26:36.240","","0","79 45:12.240","0","0","0","0","2446","0","0","0","N","0","0","0","1","68T02","0","","3.0","","9","N","N","","0","","0","0","0","","0","","","1","0","0","0","0","0","0","2","0","1","","","","N","","","","","","","","","",""
"2008032396","1721","1","0","0","0","0","0","0","0","0","7","0","","02","2","2008","6","40.6093","-79.9478","1711","11","0","0","0","0","0","0","0","0","","0","0","0","","","0","","0","","40 36:33.480","","0","79 56:52.080","0","0","0","0","2207","0","0","0","N","0","0","0","3","68T02","0","","2.0","","6","N","N","","0","","0","0","0","","0","","","1","0","0","0","0","0","0","2","0","1","","","","N","","","","","","","","","",""
"2008032405","1150","1","0","0","0","0","0","0","0","0","7","0","","02","1","2008","3","40.356944","-79.935446","1143","11","0","0","0","0","0","0","0","0","","0","0","0","","","1","","0","","40 21:25.000","","0","79 56:07.604","3","0","0","0","2473","0","0","0","Y","0","0","0","1","02473","0","","2.0","","7","N","N","","0","","1","0","0","","0","","","1","1","0","0","0","0","0","2","0","1","","","","N","","","","","","","","","",""
"2008032406","1117","1","0","0","0","0","0","0","0","0","4","1","","02","1","2008","4","40.432222","-79.864847","1116","11","0","0","0","0","0","1","0","0","2","0","1","0","","","1","","1","","40 25:56.000","6","0","79 51:53.450","3","0","0","0","2431","0","0","0","N","0","0","0","3","02431","0","","1.0","","1","N","N","","0","","1","0","1","","2","N","","3","1","0","0","0","0","0","2","0","3","","","","N","","","","","","","","","",""
"2008032407","1610","2","0","0","0","0","0","0","0","0","4","0","","02","2","2008","4","40.414167","-79.846276","1607","11","0","0","0","0","0","0","1","0","2","0","0","0","","","1","","2","","40 24:51.000","6","0","79 50:46.595","8","0","0","0","2431","0","0","0","N","0","0","0","2","02431","0","","1.0","","98","N","N","","0","","0","0","0","","3","Y","","2","1","0","0","0","1","1","2","0","2","","","","N","","","","","","","","","",""
"2008032425","2101","0","0","0","0","0","0","0","0","0","6","0","","02","2","2008","3","40.464444","-80.057974","2101","11","0","0","0","0","2","0","0","0","","0","0","0","","","5","","1","","40 27:52.000","","0","80 03:28.705","4","0","0","0","2444","0","0","0","N","0","0","0","6","02444","5","","1.0","","9","N","N","","0","","0","0","2","","2","","","2","5","0","0","0","0","0","2","0","2","","","","N","","","","","","","","","",""
"2008032431","1037","3","0","0","0","0","0","0","0","0","5","0","","02","2","2008","1","40.463183","-79.943131","1035","11","0","0","0","1","0","0","0","0","","0","0","0","","","0","","0","","40 27:47.460","","0","79 56:35.270","0","0","0","0","2301","0","0","0","N","0","0","0","2","02301","0","","1.0","","9","N","N","","0","","0","0","0","","0","","","3","0","0","0","0","0","0","2","0","3","","","","N","","","","","","","","","",""
"2008032439","0854","1","0","0","0","0","0","0","0","0","2","0","","02","1","2008","3","40.393024","-80.063374","0850","11","0","0","0","0","0","0","0","0","","0","0","0","","","0","","2","","40 23:34.886","","0","80 03:48.148","0","0","0","0","2109","0","0","0","Y","0","0","0","2","02109","0","","1.0","","9","N","N","","0","","0","0","0","","0","","","2","0","0","0","0","0","0","2","1","2","","","","N","","","","","","","","","",""
"2008032446","1259","1","0","0","0","0","0","0","0","0","6","0","","02","2","2008","3","40.349444","-80.112282","1258","11","0","0","0","0","0","0","0","0","","0","0","0","","","0","","0","","40 20:58.000","","0","80 06:44.214","9","0","0","0","2119","0","0","0","N","0","0","0","2","02119","0","","1.0","","9","N","N","","0","","0","0","0","","0","","","2","0","0","0","0","0","1","2","0","2","","","","N","","","","","","","","","",""
"2008032479","0343","0","0","0","0","0","0","0","0","0","1","0","","02","2","2008","7","40.485226","-79.837126","0325","11","0","0","0","0","0","0","0","0","","0","0","0","","","0","","0","","40 29:06.813","","0","79 50:13.653","0","0","0","0","2113","0","0","0","N","0","0","0","1","02113","0","","4.0","","2","N","N","","1","","0","0","1","","0","","","2","0","0","0","0","0","0","2","0","2","","","","N","","","","","","","","","",""
"2008032495","0852","0","0","0","0","0","0","0","0","0","7","0","","02","2","2008","1","40.47025","-79.908534","0842","11","0","0","0","0","0","0","0","0","","0","0","0","","","0","","2","","40 28:12.900","","0","79 54:30.724","0","0","0","0","2301","0","0","0","N","0","0","0","1","02301","0","","5.0","","7","N","N","","0","","0","0","0","","0","","","1","0","0","0","0","0","0","2","1","1","","","","N","","","","","","","","","",""
"2008032496","1438","2","0","0","0","0","0","0","0","0","5","0","","02","1","2008","5","40.478908","-80.043019","1435","11","0","0","0","0","1","0","1","0","","0","0","0","","","2","","1","","40 28:44.067","","0","80 02:34.868","4","0","0","0","2301","0","0","0","N","0","0","0","3","02301","2","","1.0","","1","N","N","","0","","0","0","0","","0","","","2","2","0","0","0","0","0","2","0","2","","","","N","","","","","","","","","",""
"2008032513","0035","1","0","0","0","0","0","0","0","0","7","0","","02","2","2008","1","40.415824","-80.012993","0025","11","0","0","1","0","0","0","0","0","","0","0","0","","","0","","3","","40 24:56.966","","0","80 00:46.774","0","0","0","0","2301","0","0","0","","0","0","0","1","02301","0","","2.0","","2","N","N","","0","","0","0","0","","3","","","1","0","0","0","0","0","0","2","0","1","","","","N","","","","","","","","","",""
"2008032514","1244","1","0","0","0","0","0","0","0","0","4","0","","02","2","2008","2","40.605514","-80.051113","1241","11","0","0","0","0","0","0","0","0","1","0","0","0","","","0","","0","","40 36:19.850","2","0","80 03:04.006","0","0","0","0","2108","0","0","0","N","0","0","0","2","02108","0","","1.0","","1","N","N","","1","","0","0","0","","0","N","","2","0","0","0","0","0","0","2","0","2","","","","N","","","","","","","","","",""
"2008032515","0215","1","0","0","0","0","0","0","0","0","0","0","","02","2","2008","7","40.425539","-79.980861","0210","11","0","0","0","0","0","0","0","0","","0","0","0","","","1","","0","","40 25:31.941","","0","79 58:51.101","4","0","0","0","2301","0","0","0","N","0","0","0","2","02301","1","","2.0","","2","N","N","","0","","0","0","0","","0","","","1","1","0","0","0","0","0","2","0","1","","","","N","","","","","","","","","",""
"2008032535","0924","2","0","0","0","0","0","0","0","0","4","0","","02","3","2008","3","40.616111","-80.055298","0921","11","0","0","0","0","0","0","1","0","1","0","0","0","","","0","","1","","40 36:58.000","1","0","80 03:19.073","0","0","0","0","2216","0","0","0","N","0","0","0","2","02505","0","","1.0","","9","N","N","","0","","0","0","0","","2","N","","2","0","0","0","0","0","0","2","0","2","","","","N","","","","","","","","","",""