"CRN","ARRIVAL_TM","AUTOMOBILE_COUNT","BELTED_DEATH_COUNT","BELTED_SUSP_SERIOUS_INJ_COUNT","BICYCLE_COUNT","BICYCLE_DEATH_COUNT","BICYCLE_SUSP_SERIOUS_INJ_COUNT","BUS_COUNT","CHLDPAS_DEATH_COUNT","CHLDPAS_SUSP_SERIOUS_INJ_COUNT","COLLISION_TYPE","COMM_VEH_COUNT","CONS_ZONE_SPD_LIM","COUNTY","CRASH_MONTH","CRASH_YEAR","DAY_OF_WEEK","DEC_LATITUDE","DEC_LONGITUDE","DISPATCH_TM","DISTRICT","DRIVER_COUNT_16YR","DRIVER_COUNT_17YR","DRIVER_COUNT_18YR","DRIVER_COUNT_19YR","DRIVER_COUNT_20YR","DRIVER_COUNT_50_64YR","DRIVER_COUNT_65_74YR","DRIVER_COUNT_75PLUS","EST_HRS_CLOSED","FATAL_COUNT","HEAVY_TRUCK_COUNT","HORSE_BUGGY_COUNT","HOUR_OF_DAY","ILLUMINATION","INJURY_COUNT","INTERSECTION_RELATED","INTERSECT_TYPE","LANE_CLOSED","LATITUDE","LN_CLOSE_DIR","LOCATION_TYPE","LONGITUDE","MAX_SEVERITY_LEVEL","MCYCLE_DEATH_COUNT","MCYCLE_SUSP_SERIOUS_INJ_COUNT","MOTORCYCLE_COUNT","MUNICIPALITY","NONMOTR_COUNT","NONMOTR_DEATH_COUNT","NONMOTR_SUSP_SERIOUS_INJ_COUNT","NTFY_HIWY_MAINT","PED_COUNT","PED_DEATH_COUNT","PED_SUSP_SERIOUS_INJ_COUNT","PERSON_COUNT","POLICE_AGCY","POSSIBLE_INJ_COUNT","RDWY_SURF_TYPE_CD","RELATION_TO_ROAD","ROADWAY_CLEARED","ROAD_CONDITION","SCH_BUS_IND","SCH_ZONE_IND","SECONDARY_CRASH","SMALL_TRUCK_COUNT","SPEC_JURIS_CD","SUSP_MINOR_INJ_COUNT","SUSP_SERIOUS_INJ_COUNT","SUV_COUNT","TCD_FUNC_CD","TCD_TYPE","TFC_DETOUR_IND","TIME_OF_DAY","TOTAL_UNITS","TOT_INJ_COUNT","UNBELTED_OCC_COUNT","UNB_DEATH_COUNT","UNB_SUSP_SERIOUS_INJ_COUNT","UNK_INJ_DEG_COUNT","UNK_INJ_PER_COUNT","URBAN_RURAL","VAN_COUNT","VEHICLE_COUNT","WEATHER1","WEATHER2","WORKERS_PRES","WORK_ZONE_IND","WORK_ZONE_LOC","WORK_ZONE_TYPE","WZ_CLOSE_DETOUR","WZ_FLAGGER","WZ_LAW_OFFCR_IND","WZ_LN_CLOSURE","WZ_MOVING","WZ_OTHER","WZ_SHLDER_MDN","WZ_WORKERS_INJ_KILLED"
"2008033956","0600","3","0","0","0","0","0","0","0","0","1","0","","02","2","2008","6","","","0545","11","0","0","0","0","0","1","0","0","1","0","0","0","","","0","","0","","40 25:05.16","2","0","80 05:16.80","9","0","0","0","2457","0","0","0","N","0","0","0","4","68B03","0","","1.0","","7","N","N","","0","","0","0","0","","0","N","","3","0","0","0","0","0","1","2","0","3","","","","N","","","","","","","","","",""
"2008033957","0630","1","0","0","0","0","0","0","0","0","7","0","","02","2","2008","6","","","0630","11","0","0","0","0","0","0","0","0","","0","0","0","","","0","","0","","40 25:04.80","","0","80 05:16.80","0","0","0","0","2457","0","0","0","N","0","0","0","1","68B03","0","","4.0","","7","N","N","","0","","0","0","0","","0","","","1","0","0","0","0","0","0","2","0","1","","","","N","","","","","","","","","",""
"2008033958","1354","3","0","0","0","0","0","0","0","0","1","0","","02","2","2008","1","","","1347","11","0","0","0","0","0","1","1","0","2","0","0","0","","","1","","0","","40 25:04.44","1","0","80 03:18.72","4","0","0","0","2435","0","0","0","N","0","0","0","8","68B03","1","","1.0","","1","N","N","","0","","0","0","1","","0","N","","5","1","0","0","0","0","0","2","1","5","","","","N","","","","","","","","","",""
"2008033959","0013","0","0","0","0","0","0","0","0","0","7","0","","02","2","2008","3","40.668191","-80.092824","2340","11","0","0","0","0","0","0","0","0","","0","0","0","","","0","","0","","40 40:05.488","","0","80 05:34.167","0","0","0","0","2212","0","0","0","N","0","0","0","1","68B03","0","","5.0","","9","N","N","","0","","0","0","1","","0","","","1","0","0","0","0","0","0","2","0","1","","","","N","","","","","","","","","",""
"2008033960","1218","2","0","0","0","0","0","0","0","0","1","0","","02","3","2008","3","","","1205","11","0","0","0","1","0","0","0","0","","0","0","0","","","0","","0","","40 26:17.52","","4","80 00:44.64","0","0","0","0","2301","0","0","0","N","0","0","0","3","68B03","0","","1.0","","9","N","N","","0","","0","0","0","","0","","","2","0","0","0","0","0","0","2","0","2","","","","N","","","","","","","","","",""
"2008033970","1115","1","0","0","0","0","0","0","0","0","7","0","","02","2","2008","5","40.5825","-79.780495","1115","11","0","0","0","0","0","0","0","0","","0","0","0","","","0","","0","","40 34:57.000","","3","79 46:49.781","0","0","0","0","2104","0","0","0","N","0","0","0","1","68D02","0","","2.0","","1","N","N","","0","","0","0","0","","0","","","1","0","0","0","0","0","0","2","0","1","","","","N","","","","","","","","","",""
"2008033973","0232","0","0","0","0","0","0","0","0","0","7","0","","02","2","2008","3","40.638906","-79.722187","0223","11","0","0","0","0","0","0","0","0","","0","0","0","","","1","","0","","40 38:20.060","","0","79 43:19.872","4","0","0","0","2106","0","0","0","N","0","0","0","1","68D02","1","","2.0","","7","N","N","","1","","0","0","0","","0","","","1","1","0","0","0","0","0","2","0","1","","","","N","","","","","","","","","",""
"2008033974","1604","0","0","0","0","0","0","0","0","0","4","0","","02","3","2008","2","40.490833","-79.884739","1546","11","0","0","0","0","0","2","0","0","1","0","0","0","","","0","","0","","40 29:27.000","1","0","79 53:05.061","0","0","0","0","2112","0","0","0","N","0","0","0","2","68D02","0","","1.0","","1","N","N","","0","","0","0","1","","0","N","","2","0","0","0","0","0","0","2","1","2","","","","N","","","","","","","","","",""
"2008034049","1843","1","0","0","0","0","0","1","0","0","5","1","","02","3","2008","5","40.444895","-79.8855","1840","11","0","0","0","0","0","0","0","0","1","0","0","0","","","0","","1","","40 26:41.622","4","0","79 53:07.800","0","0","0","0","2478","0","0","0","N","0","0","0","2","02503","0","","1.0","","1","N","N","","0","","0","0","0","","3","N","","2","0","0","0","0","0","0","2","0","2","","","","N","","","","","","","","","",""
"2008034102","0945","1","0","0","0","0","0","0","0","0","1","2","","02","2","2008","6","40.6444","-80.0317","0924","11","0","0","0","0","0","2","0","0","3","0","2","0","","","0","","0","","40 38:39.840","4","0","80 01:54.120","0","0","0","0","2216","0","0","0","N","0","0","0","4","68T02","0","","1.0","","6","N","N","","0","","0","0","0","","0","N","","3","0","0","0","0","0","0","2","0","3","","","","N","","","","","","","","","",""
"2008034103","2030","1","0","0","0","0","0","0","0","0","7","1","","02","2","2008","6","40.623","-79.9822","1949","11","0","0","0","0","0","0","0","0","2","0","1","0","","","0","","0","","40 37:22.800","4","0","79 58:55.920","0","0","0","0","2217","0","0","0","N","0","0","0","2","68T02","0","","3.0","","6","N","N","","0","","0","0","0","","0","N","","2","0","0","0","0","0","0","1","0","2","","","","N","","","","","","","","","",""
"2008034112","1836","1","0","1","0","0","0","0","0","0","4","0","","02","3","2008","5","40.613611","-79.947404","1832","11","0","0","0","0","0","0","0","0","2","0","0","0","","","2","","1","","40 36:49.000","2","0","79 56:50.656","2","0","0","0","2207","0","0","0","N","0","0","0","2","02207","1","","1.0","","1","N","N","","0","","0","1","0","","2","Y","","2","2","0","0","0","0","0","2","1","2","","","","N","","","","","","","","","",""
"2008034138","1906","1","0","0","0","0","0","0","0","0","7","0","","02","3","2008","5","40.537193","-79.891561","1857","11","0","0","0","0","0","0","1","0","","0","0","0","","","0","","0","","40 32:13.895","","0","79 53:29.619","0","0","0","0","2432","0","0","0","N","0","0","0","1","02432","0","","5.0","","1","N","N","","0","","0","0","0","","0","","","1","0","0","0","0","0","0","2","0","1","","","","N","","","","","","","","","",""
"2008034140","1640","1","0","0","0","0","0","0","0","0","1","0","","02","3","2008","4","40.493056","-79.94674","1639","11","0","0","0","1","0","0","0","0","","0","0","0","","","1","","0","","40 29:35.000","","0","79 56:48.264","8","0","0","0","2430","0","0","0","N","0","0","0","2","02430","0","","1.0","","1","N","N","","0","","0","0","1","","0","","","2","1","1","0","0","1","0","2","0","2","","","","N","","","","","","","","","",""
"2008034141","1750","2","0","0","0","0","0","0","0","0","4","0","","02","3","2008","5","40.553392","-80.021986","1745","11","0","0","0","0","0","0","0","0","1","0","0","0","","","0","","0","","40 33:12.210","3","0","80 01:19.150","0","0","0","0","2116","0","0","0","N","0","0","0","2","02116","0","","1.0","","1","N","N","","0","","0","0","0","","0","Y","","2","0","0","0","0","0","0","2","0","2","","","","N","","","","","","","","","",""
"2008034142","2118","1","0","0","0","0","0","0","0","0","1","0","","02","3","2008","5","40.3412","-79.9663","2115","11","0","0","0","0","0","0","0","0","1","0","0","0","","","1","","7","","40 20:28.320","3","2","79 57:58.680","4","0","0","0","2454","0","0","0","N","0","0","0","2","02454","1","","1.0","","1","N","N","","0","","0","0","1","","3","N","","2","1","0","0","0","0","0","2","0","2","","","","N","","","","","","","","","",""
"2008034174","0138","1","0","0","0","0","0","0","0","0","8","0","","02","2","2008","1","40.41441","-80.030209","0135","11","0","0","0","0","0","0","0","0","3","1","0","0","","","0","","0","","40 24:51.877","2","0","80 01:48.753","1","0","0","0","2301","1","1","0","N","1","1","0","2","02301","0","2","1.0","","1","N","N","","0","0","0","0","0","","0","Y","","2","0","0","0","0","0","0","2","0","1","","","","N","","","","","","","","","",""
"2008034296","1357","1","0","0","0","0","0","0","0","0","4","0","","02","2","2008","3","40.537867","-79.834763","1355","11","0","0","0","0","0","1","0","0","1","0","0","0","","","1","","10","","40 32:16.321","2","0","79 50:05.146","4","0","0","0","2208","0","0","0","N","0","0","0","2","02208","1","","1.0","","9","N","N","","0","","0","0","0","","2","N","","2","1","1","0","0","0","0","2","1","2","","","","N","","","","","","","","","",""
"2008034305","0740","2","0","0","0","0","0","0","0","0","1","0","","02","3","2008","5","40.5011","-80.0118","0734","11","0","0","0","0","0","1","0","0","","0","0","0","","","0","","0","","40 30:03.960","","0","80 00:42.480","0","0","0","0","2116","0","0","0","N","0","0","0","4","02116","0","","1.0","","1","N","N","","0","","0","0","2","","0","","","4","0","0","0","0","0","0","2","0","4","","","","N","","","","","","","","","",""
"2008034323","1240","2","0","0","0","0","0","0","0","0","1","0","","02","3","2008","5","40.317053","-79.978683","1236","11","0","0","0","0","0","0","0","0","","0","0","0","","","0","","0","","40 19:01.390","","0","79 58:43.258","0","0","0","0","2440","0","0","0","N","0","0","0","2","02440","0","","1.0","","1","N","N","","0","","0","0","0","","0","","","2","0","0","0","0","0","0","2","0","2","","","","N","","","","","","","","","",""
"2008034401","1100","1","0","0","0","0","0","0","0","0","5","0","","02","2","2008","6","40.4285","-79.7519","1056","11","0","0","0","0","0","0","0","0","","0","0","0","","","0","","0","","40 25:42.600","","0","79 45:06.840","0","0","0","0","2446","0","0","0","N","0","0","0","1","02446","0","","1.0","","1","N","N","","0","","0","0","1","","0","","","2","0","0","0","0","0","0","2","0","2","","","","N","","","","","","","","","",""
"2008034412","1042","2","0","0","0","0","0","0","0","0","4","0","","02","3","2008","4","40.336389","-79.971538","1040","11","0","0","0","0","0","1","0","0","","0","0","0","","","3","","2","","40 20:11.000","","0","79 58:17.535","4","0","0","0","2454","0","0","0","N","0","0","0","5","02454","3","","1.0","","1","N","N","","0","","0","0","0","","2","","","2","3","2","0","0","0","0","2","0","2","","","","N","","","","","","","","","",""
"2008034459","1057","1","0","0","0","0","0","0","0","0","0","0","","02","3","2008","6","40.570871","-79.9478","1053","11","0","0","0","0","0","0","1","0","1","0","0","0","","","0","","2","","40 34:15.134","6","0","79 56:52.079","0","0","0","0","2207","0","0","0","N","0","0","0","1","02207","0","","5.0","","9","N","N","","0","","0","0","0","","0","N","","1","0","0","0","0","0","0","2","0","1","","","","N","","","","","","","","","",""
"2008034499","1112","2","0","0","0","0","0","0","0","0","4","0","","02","3","2008","6","40.240833","-79.860117","1109","11","0","0","0","0","0","0","0","0","2","0","0","0","","","3","","1","","40 14:27.000","5","6","79 51:36.421","3","0","0","0","2105","0","0","0","N","0","0","0","5","02105","2","","1.0","","1","N","N","","0","","1","0","0","","3","Y","","2","3","0","0","0","0","0","1","0","2","","","","N","","","","","","","","","",""
"2008034507","2200","2","0","0","0","0","0","0","0","0","7","0","","02","3","2008","5","40.4755","-79.7652","2158","11","0","0","0","0","1","0","0","0","2","0","0","0","","","1","","0","","40 28:31.800","4","0","79 45:54.720","4","0","0","0","2466","0","0","0","N","0","0","0","1","02466","1","","5.0","","1","N","N","","0","","0","0","0","","0","N","","3","1","0","0","0","0","0","2","1","3","","","","N","","","","","","","","","",""
"2008034512","1545","4","0","0","0","0","0","0","0","0","4","0","","02","3","2008","3","40.4089","-79.8959","1543","11","0","0","0","0","1","2","0","0","2","0","0","0","","","0","","0","","40 24:32.040","6","0","79 53:45.240","0","0","0","0","2448","0","0","0","N","0","0","0","5","02448","0","","1.0","","9","N","N","","0","","0","0","0","","2","Y","","4","0","0","0","0","0","0","2","0","4","","","","N","","","","","","","","","",""
"2008034521","1509","1","0","0","0","0","0","0","0","0","1","0","","02","3","2008","5","40.448056","-80.162487","1500","11","0","1","0","0","0","0","0","0","","0","0","0","","","1","","1","","40 26:53.000","","0","80 09:44.953","4","0","0","0","2115","0","0","0","N","0","0","0","3","02115","1","","1.0","","1","N","N","","0","","0","0","1","","2","","","2","1","0","0","0","0","0","2","0","2","","","","N","","","","","","","","","",""
"2008034532","1747","1","0","0","0","0","0","0","0","0","7","0","","02","3","2008","6","40.5164","-80.2721","1741","11","0","0","0","0","0","0","0","0","","0","0","0","","","1","","0","","40 30:59.040","","0","80 16:19.560","4","0","0","0","2203","0","0","0","Y","0","0","0","1","02203","1","","5.0","","6","N","N","","0","","0","0","0","","0","","","1","1","0","0","0","0","0","2","0","1","","","","N","","","","","","","","","",""
"2008034552","1213","2","0","0","0","0","0","0","0","0","1","0","","02","3","2008","6","40.4957","-80.067","1211","11","0","0","0","0","0","1","0","0","2","0","0","0","","","1","","0","","40 29:44.520","2","0","80 04:01.200","8","0","0","0","2402","0","0","0","N","0","0","0","2","02402","0","","1.0","","9","N","N","","0","","0","0","0","","0","N","","2","1","0","0","0","1","0","2","0","2","","","","N","","","","","","","","","",""
"2008034563","1710","1","0","0","0","0","0","1","0","0","6","1","","02","3","2008","6","40.471611","-80.091533","1655","11","0","0","0","0","0","1","0","0","","0","0","0","","","0","","2","","40 28:17.801","","0","80 05:29.519","0","0","0","0","2126","0","0","0","N","0","0","0","2","02503","0","","1.0","","9","N","N","","0","","0","0","0","","0","","","2","0","0","0","0","0","0","2","0","2","","","","N","","","","","","","","","",""
"2008034565","1606","1","0","0","0","0","0","0","0","0","2","0","","02","3","2008","6","40.332565","-79.998932","1602","11","0","0","0","0","0","1","1","0","1","0","0","0","","","1","","2","","40 19:57.234","4","0","79 59:56.156","3","0","0","0","2219","0","0","0","N","0","0","0","2","02219","0","","1.0","","9","N","N","","1","","1","0","0","","0","N","","2","1","0","0","0","0","0","2","0","2","","","","N","","","","","","","","","",""
"2008034569","1730","1","0","0","0","0","0","0","0","0","1","0","","02","3","2008","6","40.403333","-80.057993","1725","11","0","0","0","0","0","0","0","0","1","0","0","0","","","0","","2","","40 24:12.000","1","0","80 03:28.773","0","0","0","0","2117","0","0","0","N","0","0","0","4","02117","0","","1.0","","9","N","N","","1","","0","0","0","","2","N","","2","0","0","0","0","0","0","2","0","2","","","","N","","","","","","","","","",""
"2008034769","0235","1","0","0","0","0","0","0","0","0","7","0","","02","3","2008","7","40.4746","-79.9714","0230","11","0","0","0","0","0","0","0","0","1","0","0","0","","","0","","0","","40 28:28.560","2","0","79 58:17.040","0","0","0","0","2445","0","0","0","N","0","0","0","1","02445","0","","5.0","","9","N","N","","0","","0","0","0","","0","N","","1","0","0","0","0","0","0","2","0","1","","","","N","","","","","","","","","",""
"2008034770","0208","1","0","0","0","0","0","0","0","0","7","0","","02","3","2008","7","40.372384","-79.979246","0204","11","0","0","0","0","0","0","1","0","2","0","0","0","","","1","","2","","40 22:20.581","7","0","79 58:45.287","3","0","0","0","2413","0","0","0","N","0","0","0","1","02413","0","","5.0","","9","N","N","","0","","1","0","0","","3","Y","","1","1","1","0","0","0","0","2","0","1","","","","N","","","","","","","","","",""
"2008034778","1136","1","0","0","0","0","0","0","0","0","5","0","","02","3","2008","2","40.432789","-79.894","1136","11","0","0","0","0","0","1","0","1","","0","0","0","","","0","","0","","40 25:58.040","","0","79 53:38.400","0","0","0","0","2426","0","0","0","N","0","0","0","3","02426","0","","1.0","","1","N","N","","0","","0","0","1","","0","","","2","0","0","0","0","0","0","2","0","2","","","","N","","","","","","","","","",""
"2008034782","1139","1","0","0","0","0","0","0","0","0","4","0","","02","3","2008","3","40.389071","-79.809472","1136","11","0","0","0","0","0","1","0","0","","0","0","0","","","0","","2","","40 23:20.655","","0","79 48:34.099","0","0","0","0","2479","0","0","0","N","0","0","0","2","02111","0","","1.0","","9","N","N","","1","","0","0","0","","3","","","2","0","0","0","0","0","0","2","0","2","","","","N","","","","","","","","","",""
"2008034790","1241","1","0","0","0","0","0","0","0","0","4","1","","02","2","2008","6","40.5378","-79.9625","1237","11","0","0","0","0","0","0","0","1","2","0","1","0","","","1","","0","","40 32:16.080","2","0","79 57:45.000","8","0","0","0","2118","0","0","0","N","0","0","0","3","02118","0","","1.0","","7","N","N","","0","","0","0","0","","0","N","","2","1","0","0","0","1","0","2","0","2","","","","N","","","","","","","","","",""
"2008034795","1542","1","0","0","0","0","0","0","0","0","4","0","","02","3","2008","6","40.3689","-80.1019","1536","11","1","0","0","0","0","0","0","0","","0","0","0","","","1","","2","","40 22:08.040","","0","80 06:06.840","4","0","0","0","2102","0","0","0","N","0","0","0","3","02102","1","","1.0","","9","N","N","","1","","0","0","0","","3","","","2","1","0","0","0","0","0","2","0","2","","","","N","","","","","","","","","",""
"2008034800","0951","2","0","0","0","0","0","0","0","0","1","0","","02","3","2008","7","40.328611","-79.944899","0949","11","0","0","0","0","0","0","0","0","1","0","0","0","","","0","","2","","40 19:43.000","1","0","79 56:41.636","0","0","0","0","2454","0","0","0","N","0","0","0","3","02454","0","","1.0","","9","N","N","","0","","0","0","0","","2","Y","","2","0","0","0","0","0","0","2","0","2","","","","N","","","","","","","","","",""
"2008034804","1329","2","0","0","0","0","0","0","0","0","4","0","","02","3","2008","3","","","1326","11","0","0","0","1","0","0","0","0","","0","0","0","","","0","","1","","","","7","","0","0","0","0","2118","0","0","0","N","0","0","0","3","02118","0","","1.0","","9","N","N","","0","","0","0","0","","8","","","2","0","0","0","0","0","0","1","0","2","","","","N","","","","","","","","","",""
"2008034816","1510","2","0","0","0","0","0","0","0","0","4","0","","02","3","2008","4","40.5333","-79.9593","1505","11","0","0","0","0","0","0","0","1","","0","0","0","","","1","","0","","40 31:59.880","","0","79 57:33.480","4","0","0","0","2118","0","0","0","N","0","0","0","2","02118","1","","1.0","","1","N","N","","0","","0","0","0","","0","","","2","1","0","0","0","0","0","2","0","2","","","","N","","","","","","","","","",""
"2008034832","0010","0","0","0","0","0","0","0","0","0","7","0","","02","3","2008","7","40.273611","-79.947341","0002","11","0","0","0","0","0","0","0","0","","0","0","0","","","0","","0","","40 16:25.000","","0","79 56:50.426","0","0","0","0","2440","0","0","0","N","0","0","0","2","02440","0","","5.0","","6","N","N","","0","","0","0","1","","0","","","1","0","1","0","0","0","0","1","0","1","","","","N","","","","","","","","","",""
"2008034833","2244","0","0","0","0","0","0","0","0","0","7","0","","02","3","2008","5","40.5106","-79.9386","2241","11","0","0","0","0","0","1","0","0","2","0","0","0","","","1","","0","","40 30:38.160","4","0","79 56:18.960","8","0","0","0","2118","0","0","0","N","0","0","0","1","02118","0","","2.0","","1","N","N","","1","","0","0","0","","0","N","","1","1","0","0","0","1","0","2","0","1","","","","N","","","","","","","","","",""
"2008034844","1528","1","0","0","0","0","0","0","0","0","7","0","","02","3","2008","7","40.458838","-79.826393","1518","11","0","0","0","0","0","0","0","0","","0","0","0","","","2","","0","","40 27:31.816","","0","79 49:35.014","4","0","0","0","2113","0","0","0","N","0","0","0","4","02113","2","","5.0","","7","N","N","","0","","0","0","0","","0","","","1","2","4","0","0","0","0","2","0","1","","","","N","","","","","","","","","",""
"2008034845","0932","1","0","0","0","0","0","0","0","0","5","0","","02","3","2008","7","","","0929","11","0","0","0","0","0","1","0","0","","0","0","0","","","1","","0","","","","0","","4","0","0","0","2481","0","0","0","N","0","0","0","2","02481","1","","1.0","","2","N","N","","1","","0","0","0","","0","","","2","1","0","0","0","0","0","1","0","2","","","","N","","","","","","","","","",""
"2008034848","1924","0","0","0","0","0","0","0","0","0","4","0","","02","3","2008","6","40.338333","-80.017787","1920","11","0","0","0","0","0","0","1","0","1","0","0","0","","","1","","0","","40 20:18.000","6","0","80 01:04.034","3","0","0","0","2219","0","0","0","N","0","0","0","4","02219","0","","1.0","","9","N","N","","0","","1","0","2","","0","N","","2","1","0","0","0","0","0","2","0","2","","","","N","","","","","","","","","",""
"2008034849","2052","1","0","0","0","0","0","0","0","0","7","0","","02","2","2008","3","40.5302","-80.0702","2044","11","0","0","0","0","0","1","0","0","","0","0","0","","","0","","0","","40 31:48.720","","0","80 04:12.720","0","0","0","0","2215","0","0","0","N","0","0","0","3","02215","0","","5.0","","7","N","N","","0","","0","0","1","","0","","","2","0","0","0","0","0","0","2","0","2","","","","N","","","","","","","","","",""
"2008034854","1736","1","0","0","0","0","0","0","0","0","7","0","","02","3","2008","7","40.650739","-79.839621","1730","11","0","0","1","0","0","0","0","0","3","0","0","0","","","2","","0","","40 39:02.662","5","0","79 50:22.635","4","0","0","0","2220","0","0","0","N","0","0","0","5","02220","2","","4.0","","7","N","N","","0","","0","0","0","","0","Y","","1","2","0","0","0","0","0","1","0","1","","","","N","","","","","","","","","",""
"2008034868","0302","1","0","0","0","0","0","0","0","0","7","0","","02","3","2008","1","40.503684","-79.982552","0255","11","0","0","0","0","0","0","0","0","","0","0","0","","","0","","0","","40 30:13.262","","0","79 58:57.187","0","0","0","0","2118","0","0","0","N","0","0","0","1","02118","0","","4.0","","9","N","N","","0","","0","0","0","","0","","","1","0","0","0","0","0","0","2","0","1","","","","N","","","","","","","","","",""
"2008034869","1225","2","0","0","0","0","0","0","0","0","4","0","","02","3","2008","7","40.615833","-80.093251","1223","11","0","0","0","0","0","2","0","0","1","0","0","0","","","0","","1","","40 36:57.000","4","0","80 05:35.703","0","0","0","0","2212","0","0","0","N","0","0","0","3","02505","0","","1.0","","9","N","N","","0","","0","0","0","","2","N","","2","0","0","0","0","0","0","2","0","2","","","","N","","","","","","","","","",""
"2008034871","1547","0","0","0","0","0","0","0","0","0","7","0","","02","3","2008","7","40.236944","-79.861404","1543","11","0","0","0","0","1","0","0","0","","0","0","0","","","0","","0","","40 14:13.000","","0","79 51:41.055","0","0","0","0","2204","0","0","0","N","0","0","0","4","02204","0","","3.0","","9","N","N","","0","","0","0","1","","0","","","1","0","2","0","0","0","0","1","0","1","","","","N","","","","","","","","","",""
"2008034887","0810","1","0","0","0","0","0","0","0","0","7","0","","02","3","2008","1","40.4783","-79.7517","0805","11","0","0","0","0","0","0","0","0","","0","0","0","","","0","","0","","40 28:41.880","","0","79 45:06.120","0","0","0","0","2466","0","0","0","N","0","0","0","1","02466","0","","2.0","","7","N","N","","0","","0","0","0","","0","","","1","0","0","0","0","0","0","2","0","1","","","","N","","","","","","","","","",""
"2008034888","1317","2","0","0","0","0","0","0","0","0","1","0","","02","3","2008","4","40.335833","-79.972776","1315","11","0","0","0","1","0","0","0","0","","0","0","0","","","0","","2","","40 20:09.000","","0","79 58:21.994","0","0","0","0","2454","0","0","0","N","0","0","0","2","02454","0","","1.0","","9","N","N","","0","","0","0","0","","3","","","2","0","0","0","0","0","0","2","0","2","","","","N","","","","","","","","","",""
"2008034895","1254","2","0","0","0","0","0","0","0","0","4","0","","02","3","2008","7","40.3635","-79.7735","1252","11","0","0","0","0","0","1","0","0","1","0","0","0","","","1","","2","","40 21:48.600","6","0","79 46:24.600","8","0","0","0","2111","0","0","0","N","0","0","0","4","02111","0","","1.0","","2","N","N","","0","","0","0","0","","3","N","","3","1","0","0","0","1","0","2","1","3","","","","N","","","","","","","","","",""
"2008034907","1638","1","0","0","0","0","0","0","0","0","7","0","","02","3","2008","7","40.483056","-80.288751","1635","11","0","0","0","0","0","1","0","0","1","0","0","0","","","0","","0","","40 28:59.000","3","0","80 17:19.504","0","0","0","0","2203","0","0","0","N","0","0","0","1","02203","0","","5.0","","6","N","N","","0","","0","0","0","","0","N","","1","0","0","0","0","0","0","1","0","1","","","","N","","","","","","","","","",""
"2008034910","1957","1","0","0","0","0","0","0","0","0","7","0","","02","3","2008","4","40.607065","-80.02827","1952","11","0","0","1","0","0","0","0","0","","0","0","0","","","0","","0","","40 36:25.433","","0","80 01:41.772","0","0","0","0","2108","0","0","0","N","0","0","0","1","02501","0","","5.0","","9","N","N","","0","","0","0","0","","0","","","1","0","0","0","0","0","0","1","0","1","","","","N","","","","","","","","","",""
"2008034914","1646","1","0","0","0","0","0","0","0","0","6","0","","02","3","2008","7","40.350103","-79.969126","1645","11","0","0","0","0","1","0","0","0","","0","0","0","","","0","","0","","40 21:00.370","","0","79 58:08.852","0","0","0","0","2403","0","0","0","N","0","0","0","5","02403","0","","1.0","","7","N","N","","0","","0","0","1","","0","","","2","0","0","0","0","0","0","2","0","2","","","","N","","","","","","","","","",""
"2008034918","1256","2","0","0","0","0","0","0","0","0","1","0","","02","3","2008","1","40.544444","-80.040277","1256","11","0","0","0","0","0","2","0","0","2","0","0","0","","","0","","0","","40 32:40.000","4","0","80 02:24.998","0","0","0","0","2116","0","0","0","N","0","0","0","5","02116","0","","1.0","","1","N","N","","1","","0","0","0","","0","N","","3","0","0","0","0","0","0","2","0","3","","","","N","","","","","","","","","",""
"2008034927","1831","1","0","0","0","0","0","0","0","0","7","0","","02","2","2008","6","40.524167","-79.812752","1819","11","0","0","0","0","0","0","0","0","1","0","0","0","","","0","","2","","40 31:27.000","5","0","79 48:45.907","0","0","0","0","2466","0","0","0","N","0","0","0","1","02466","0","","2.0","","7","N","N","","0","","0","0","0","","0","N","","1","0","0","0","0","0","0","2","0","1","","","","N","","","","","","","","","",""
"2008034934","2354","1","0","0","0","0","0","0","0","0","7","0","","02","3","2008","6","40.551111","-79.895741","2347","11","0","0","0","0","0","0","0","0","6","0","0","0","","","0","","2","","40 33:04.000","6","0","79 53:44.666","9","0","0","0","2209","0","0","0","N","0","0","0","1","02209","0","","4.0","","9","N","N","","0","","0","0","0","","0","Y","","1","0","0","0","0","0","1","2","0","1","","","","N","","","","","","","","","",""
"2008034935","0805","1","0","0","0","0","0","0","0","0","7","0","","02","3","2008","1","40.566944","-80.067535","0800","11","0","0","0","0","0","0","0","1","","0","0","0","","","0","","0","","40 34:01.000","","0","80 04:03.127","9","0","0","0","2481","0","0","0","N","0","0","0","1","02481","0","","4.0","","2","N","N","","0","","0","0","0","","0","","","1","0","0","0","0","0","1","2","0","1","","","","N","","","","","","","","","",""
"2008034946","1604","0","0","0","0","0","0","0","0","0","4","0","","02","3","2008","7","40.434578","-79.766469","1600","11","0","0","0","0","0","1","0","0","1","0","0","0","","","1","","2","","40 26:04.482","3","0","79 45:59.289","8","0","0","0","2446","0","0","0","N","0","0","0","2","02446","0","","1.0","","9","N","N","","0","","0","0","2","","3","N","","2","1","0","0","0","1","0","2","0","2","","","","N","","","","","","","","","",""