"CRN","ARRIVAL_TM","AUTOMOBILE_COUNT","BELTED_DEATH_COUNT","BELTED_SUSP_SERIOUS_INJ_COUNT","BICYCLE_COUNT","BICYCLE_DEATH_COUNT","BICYCLE_SUSP_SERIOUS_INJ_COUNT","BUS_COUNT","CHLDPAS_DEATH_COUNT","CHLDPAS_SUSP_SERIOUS_INJ_COUNT","COLLISION_TYPE","COMM_VEH_COUNT","CONS_ZONE_SPD_LIM","COUNTY","CRASH_MONTH","CRASH_YEAR","DAY_OF_WEEK","DEC_LATITUDE","DEC_LONGITUDE","DISPATCH_TM","DISTRICT","DRIVER_COUNT_16YR","DRIVER_COUNT_17YR","DRIVER_COUNT_18YR","DRIVER_COUNT_19YR","DRIVER_COUNT_20YR","DRIVER_COUNT_50_64YR","DRIVER_COUNT_65_74YR","DRIVER_COUNT_75PLUS","EST_HRS_CLOSED","FATAL_COUNT","HEAVY_TRUCK_COUNT","HORSE_BUGGY_COUNT","HOUR_OF_DAY","ILLUMINATION","INJURY_COUNT","INTERSECTION_RELATED","INTERSECT_TYPE","LANE_CLOSED","LATITUDE","LN_CLOSE_DIR","LOCATION_TYPE","LONGITUDE","MAX_SEVERITY_LEVEL","MCYCLE_DEATH_COUNT","MCYCLE_SUSP_SERIOUS_INJ_COUNT","MOTORCYCLE_COUNT","MUNICIPALITY","NONMOTR_COUNT","NONMOTR_DEATH_COUNT","NONMOTR_SUSP_SERIOUS_INJ_COUNT","NTFY_HIWY_MAINT","PED_COUNT","PED_DEATH_COUNT","PED_SUSP_SERIOUS_INJ_COUNT","PERSON_COUNT","POLICE_AGCY","POSSIBLE_INJ_COUNT","RDWY_SURF_TYPE_CD","RELATION_TO_ROAD","ROADWAY_CLEARED","ROAD_CONDITION","SCH_BUS_IND","SCH_ZONE_IND","SECONDARY_CRASH","SMALL_TRUCK_COUNT","SPEC_JURIS_CD","SUSP_MINOR_INJ_COUNT","SUSP_SERIOUS_INJ_COUNT","SUV_COUNT","TCD_FUNC_CD","TCD_TYPE","TFC_DETOUR_IND","TIME_OF_DAY","TOTAL_UNITS","TOT_INJ_COUNT","UNBELTED_OCC_COUNT","UNB_DEATH_COUNT","UNB_SUSP_SERIOUS_INJ_COUNT","UNK_INJ_DEG_COUNT","UNK_INJ_PER_COUNT","URBAN_RURAL","VAN_COUNT","VEHICLE_COUNT","WEATHER1","WEATHER2","WORKERS_PRES","WORK_ZONE_IND","WORK_ZONE_LOC","WORK_ZONE_TYPE","WZ_CLOSE_DETOUR","WZ_FLAGGER","WZ_LAW_OFFCR_IND","WZ_LN_CLOSURE","WZ_MOVING","WZ_OTHER","WZ_SHLDER_MDN","WZ_WORKERS_INJ_KILLED"
"2008035578","1540","1","0","0","0","0","0","0","0","0","1","0","","02","3","2008","2","","","1529","11","0","0","0","0","0","0","0","0","1","0","0","0","","","2","","0","","40 25:13.08","2","0","80 02:16.08","4","0","0","0","2301","0","0","0","N","0","0","0","2","68B03","2","","1.0","","1","N","N","","0","","0","0","1","","0","N","","2","2","0","0","0","0","0","2","0","2","","","","N","","","","","","","","","",""
"2008035579","1651","1","0","0","0","0","0","0","0","0","1","0","","02","3","2008","2","","","1640","11","0","0","0","0","0","0","0","0","","0","0","0","","","0","","0","","40 25:36.84","","0","79 55:10.20","0","0","0","0","2301","0","0","0","N","0","0","0","2","68B03","0","","1.0","","1","N","N","","1","","0","0","0","","0","","","2","0","0","0","0","0","0","2","0","2","","","","N","","","","","","","","","",""
"2008035670","1937","1","0","0","0","0","0","0","0","0","6","0","","02","3","2008","6","40.407222","-79.890172","1936","11","0","0","0","1","0","0","0","0","","0","0","0","","","0","","2","","40 24:26.000","","0","79 53:24.619","0","0","0","0","2448","0","0","0","N","0","0","0","3","02448","0","","1.0","","9","","N","","0","","0","0","1","","0","","","2","0","0","0","0","0","0","2","0","2","","","","N","","","","","","","","","",""
"2008035672","1650","0","0","0","0","0","0","0","0","0","0","0","","02","3","2008","4","40.614167","-79.755736","1645","11","0","0","0","0","0","0","0","0","1","0","0","0","","","2","","0","","40 36:51.000","1","0","79 45:20.650","4","0","0","0","2464","0","0","0","N","0","0","0","2","68D02","2","","1.0","","1","N","N","","0","","0","0","1","","0","N","","1","2","0","0","0","0","0","2","0","1","","","","N","","","","","","","","","",""
"2008035673","1720","1","0","0","0","0","0","0","0","0","7","0","","02","3","2008","7","40.4936","-79.9388","1655","11","0","0","0","0","0","0","0","0","2","0","0","0","","","0","","0","","40 29:36.960","1","2","79 56:19.680","0","0","0","0","2430","0","0","0","Y","0","0","0","1","68D02","0","","4.0","","7","N","N","","0","","0","0","0","","8","Y","","1","0","0","0","0","0","0","2","0","1","","","","N","","","","","","","","","",""
"2008035935","2257","1","0","0","0","0","0","0","0","0","0","0","","02","2","2008","6","40.527445","-79.988523","2254","11","0","0","0","1","0","0","0","0","","0","0","0","","","0","","0","","40 31:38.802","","0","79 59:18.682","0","0","0","0","2116","0","0","0","N","0","0","0","1","02116","0","","1.0","","1","N","N","","0","","0","0","0","","0","","","1","0","0","0","0","0","0","2","0","1","","","","N","","","","","","","","","",""
"2008035989","2324","0","0","0","0","0","0","0","0","0","7","0","","02","2","2008","6","40.423889","-79.772772","2320","11","0","1","0","0","0","0","0","0","2","0","0","0","","","0","","0","","40 25:26.000","7","0","79 46:21.980","0","0","0","0","2446","0","0","0","N","0","0","0","1","02446","0","","5.0","","2","N","N","","0","","0","0","1","","0","Y","","1","0","0","0","0","0","0","2","0","1","","","","N","","","","","","","","","",""
"2008036145","2012","1","0","0","0","0","0","0","0","0","5","1","","02","2","2008","6","40.6107","-79.9511","2010","11","0","0","0","0","1","0","0","0","","0","1","0","","","0","","0","","40 36:38.520","","0","79 57:03.960","0","0","0","0","2207","0","0","0","N","0","0","0","1","68T02","0","","1.0","","6","N","N","","0","","0","0","0","","0","","","2","0","0","0","0","0","0","2","0","2","","","","N","","","","","","","","","",""
"2008036147","1414","0","0","0","0","0","0","0","0","0","7","0","","02","3","2008","6","40.6534","-80.0637","1351","11","0","0","0","0","0","0","0","0","","0","0","0","","","1","","0","","40 39:12.240","","0","80 03:49.320","4","0","0","0","2216","0","0","0","N","0","0","0","1","68T02","1","","3.0","","8","N","N","","1","","0","0","0","","0","","","1","1","1","0","0","0","0","2","0","1","","","","N","","","","","","","","","",""
"2008036151","0815","1","0","0","0","0","0","0","0","0","7","0","55","02","3","2008","7","40.5278","-79.8211","0800","11","0","0","0","0","0","0","0","0","1","0","0","0","","","0","","0","","40 31:40.080","3","0","79 49:15.960","0","0","0","0","2466","0","0","0","N","0","0","0","1","68T02","0","","4.0","","8","N","N","","0","","0","0","0","","0","N","","1","0","0","0","0","0","0","1","0","1","","","Y","Y","4","1","N","N","N","N","Y","N","Y",""
"2008036152","1301","1","0","0","0","0","0","0","0","0","7","0","","02","3","2008","7","40.4434","-79.7534","1300","11","0","0","0","0","0","0","0","0","","0","0","0","","","0","","0","","40 26:36.240","","0","79 45:12.240","0","0","0","0","2446","0","0","0","N","0","0","0","1","68T02","0","","2.0","","7","N","N","","0","","0","0","0","","0","","","1","0","0","0","0","0","0","2","0","1","","","","N","","","","","","","","","",""
"2008036153","1339","1","0","0","0","0","0","0","0","0","7","0","","02","3","2008","7","40.4846","-79.7743","1256","11","0","0","0","0","0","0","0","0","","0","0","0","","","0","","0","","40 29:04.560","","0","79 46:27.480","0","0","0","0","2466","0","0","0","N","0","0","0","2","68T02","0","","3.0","","9","N","N","","0","","0","0","0","","0","","","1","0","0","0","0","0","0","2","0","1","","","","N","","","","","","","","","",""
"2008036194","0623","3","0","0","0","0","0","0","0","0","1","0","","02","2","2008","5","40.4798","-79.9659","0619","11","0","0","0","0","0","1","0","0","2","0","0","0","","","2","","0","","40 28:47.280","2","0","79 57:57.240","8","0","0","0","2118","0","0","0","N","0","0","0","4","02118","0","","1.0","","1","N","N","","1","","0","0","0","","0","N","","4","2","0","0","0","2","1","2","0","4","","","","N","","","","","","","","","",""
"2008036195","2335","0","0","0","0","0","0","0","0","0","4","0","","02","1","2008","2","40.357215","-79.956571","2331","11","0","0","0","1","0","0","0","0","","0","0","0","","","0","","0","","40 21:25.975","","0","79 57:23.657","9","0","0","0","2403","0","0","0","N","0","0","0","2","02403","0","","1.0","","2","N","N","","1","","0","0","1","","0","","","2","0","0","0","0","0","2","2","0","2","","","","N","","","","","","","","","",""
"2008036198","0737","1","0","0","0","0","0","0","0","0","7","0","","02","2","2008","4","40.502551","-79.973619","0730","11","0","0","0","0","0","0","0","0","1","0","0","0","","","0","","0","","40 30:09.183","4","0","79 58:25.028","0","0","0","0","2118","0","0","0","N","0","0","0","1","02118","0","","5.0","","2","N","N","","0","","0","0","0","","0","N","","1","0","0","0","0","0","0","2","0","1","","","","N","","","","","","","","","",""
"2008036233","1025","0","0","0","0","0","0","0","0","0","7","0","","02","3","2008","4","40.2746","-79.8381","1022","11","0","0","0","0","0","0","1","0","","0","0","0","","","1","","0","","40 16:28.560","","0","79 50:17.160","8","0","0","0","2105","0","0","0","N","0","0","0","1","02105","0","","5.0","","1","N","N","","0","","0","0","1","","0","","","1","1","0","0","0","1","0","2","0","1","","","","N","","","","","","","","","",""
"2008036235","0858","2","0","0","0","0","0","0","0","0","4","0","","02","3","2008","2","40.534167","-80.049973","0853","11","0","0","1","0","0","0","0","0","1","0","0","0","","","1","","3","","40 32:03.000","4","0","80 02:59.901","8","0","0","0","2116","0","0","0","N","0","0","0","2","02116","0","","1.0","","9","N","N","","0","","0","0","0","","2","N","","2","1","0","0","0","1","0","2","0","2","","","","N","","","","","","","","","",""
"2008036236","0652","1","0","0","0","0","0","0","0","0","4","0","","02","3","2008","4","40.4484","-79.7611","0652","11","0","0","0","0","0","0","1","0","2","0","0","0","","","1","","1","","40 26:54.240","4","0","79 45:39.960","8","0","0","0","2446","0","0","0","N","0","0","0","2","02446","0","","1.0","","1","N","N","","0","","0","0","1","","3","Y","","2","1","0","0","0","1","0","2","0","2","","","","N","","","","","","","","","",""
"2008036257","1412","1","0","0","0","0","0","0","0","0","7","0","","02","3","2008","4","40.6635","-79.7432","1409","11","0","0","0","0","0","1","0","0","","0","0","0","","","1","","0","","40 39:48.600","","0","79 44:35.520","8","0","0","0","2202","0","0","0","Y","0","0","0","1","02202","0","","4.0","","1","N","N","","0","","0","0","0","","0","","","1","1","0","0","0","1","0","1","0","1","","","","N","","","","","","","","","",""
"2008036261","0213","2","0","0","0","0","0","0","0","0","7","0","","02","3","2008","7","40.283333","-79.911","0208","11","0","0","0","1","0","0","0","0","2","0","0","0","","","1","","0","","40 17:00.000","1","0","79 54:39.600","8","0","0","0","2440","0","0","0","Y","0","0","0","3","02440","0","","3.0","","2","N","N","","0","","0","0","0","","0","N","","2","1","0","0","0","1","0","2","0","2","","","","N","","","","","","","","","",""
"2008036267","1715","0","0","0","0","0","0","0","0","0","1","0","","02","3","2008","4","40.357203","-79.990918","1715","11","0","0","0","0","0","0","0","0","","0","0","0","","","0","","2","","40 21:25.930","","0","79 59:27.304","0","0","0","0","2476","0","0","0","N","0","0","0","2","02476","0","","1.0","","1","N","N","","0","","0","0","1","","3","","","2","0","0","0","0","0","0","2","1","2","","","","N","","","","","","","","","",""
"2008036269","1649","1","0","0","0","0","0","0","0","0","1","0","","02","3","2008","4","40.275","-79.8934","1646","11","0","0","0","0","0","0","0","0","","0","0","0","","","0","","6","","40 16:30.000","","2","79 53:36.240","0","0","0","0","2440","0","0","0","N","0","0","0","2","02440","0","","7.0","","1","N","N","","0","","0","0","1","","3","","","2","0","0","0","0","0","0","2","0","2","","","","N","","","","","","","","","",""
"2008036270","1030","0","0","0","0","0","0","0","0","0","4","0","","02","2","2008","6","40.523765","-80.071929","0930","11","0","0","0","0","0","1","0","0","2","0","0","0","","","3","","1","","40 31:25.554","1","0","80 04:18.945","3","0","0","0","2215","0","0","0","N","0","0","0","3","02481","0","","1.0","","9","N","N","","0","","3","0","2","","2","N","","3","3","0","0","0","0","0","2","1","3","","","","N","","","","","","","","","",""
"2008036309","2231","1","0","1","0","0","0","0","0","0","7","0","","02","3","2008","2","","","2218","11","0","0","0","0","0","0","0","0","","0","0","0","","","1","","0","","40 26:45.24","","0","80 00:34.56","2","0","0","0","2116","0","0","0","N","0","0","0","1","68B03","0","","2.0","","1","N","N","","0","","0","1","0","","0","","","1","1","0","0","0","0","0","2","0","1","","","","N","","","","","","","","","",""
"2008036310","0735","0","0","0","0","0","0","0","0","0","1","0","","02","3","2008","4","","","0705","11","0","0","0","0","0","2","0","0","1","0","0","0","","","1","","0","","40 25:46.20","4","0","79 52:40.08","4","0","0","0","2426","0","0","0","N","0","0","0","3","68B03","1","","1.0","","1","N","N","","2","","0","0","1","","0","N","","3","1","0","0","0","0","0","2","0","3","","","","N","","","","","","","","","",""
"2008036312","0645","1","0","0","0","0","0","0","0","0","7","0","","02","3","2008","7","40.505556","-80.137493","0620","11","0","0","0","0","0","0","0","0","3","0","0","0","","","1","","0","","40 30:20.000","1","0","80 08:14.976","4","0","0","0","2115","0","0","0","Y","0","0","0","1","68B03","1","","4.0","","2","N","N","","0","","0","0","0","","0","N","","1","1","0","0","0","0","0","2","0","1","","","","N","","","","","","","","","",""
"2008036313","0853","1","0","0","0","0","0","0","0","0","1","0","","02","3","2008","2","","","0826","11","0","0","0","0","0","0","0","0","1","0","0","0","","","0","","0","","40 25:42.96","4","4","79 56:08.52","0","0","0","0","2301","0","0","0","N","0","0","0","2","68B03","0","","1.0","","9","N","N","","0","","0","0","1","","0","N","","2","0","0","0","0","0","0","2","0","2","","","","N","","","","","","","","","",""
"2008036314","1529","1","0","0","0","0","0","0","0","0","1","0","","02","3","2008","3","","","1444","11","0","0","0","0","0","0","0","0","","0","0","0","","","1","","0","","40 25:42.96","","0","79 56:06.72","4","0","0","0","2301","0","0","0","N","0","0","0","2","68B03","1","","1.0","","1","N","N","","0","","0","0","1","","0","","","2","1","0","0","0","0","0","2","0","2","","","","N","","","","","","","","","",""
"2008036438","1035","1","0","0","0","0","0","0","0","0","7","1","","02","3","2008","3","40.6009","-79.9323","1011","11","0","0","0","0","0","0","0","0","1","0","1","0","","","1","","0","","40 36:03.240","3","0","79 55:56.280","4","0","0","0","2207","0","0","0","N","0","0","0","2","68T02","1","","2.0","","9","N","N","","0","","0","0","0","","0","N","","2","1","0","0","0","0","0","2","0","2","","05","","N","","","","","","","","","",""
"2008036439","2320","1","0","0","0","0","0","0","0","0","7","0","55","02","3","2008","3","40.5293","-79.8215","2306","11","0","0","0","0","0","0","0","0","","0","0","0","","","0","","0","","40 31:45.480","","0","79 49:17.400","0","0","0","0","2466","0","0","0","N","0","0","0","1","68T02","0","","3.0","","8","N","N","","0","","0","0","0","","0","","","1","0","0","0","0","0","0","1","0","1","","","N","Y","8","1","N","N","N","N","N","N","Y",""
"2008036450","2145","1","0","0","0","0","0","0","0","0","7","0","","02","3","2008","3","40.540068","-79.908414","2141","11","0","0","0","0","0","0","0","0","6","0","0","0","","","0","","0","","40 32:24.244","5","0","79 54:30.290","9","0","0","0","2432","0","0","0","N","0","0","0","1","02432","0","","2.0","","1","N","N","","0","","0","0","0","","0","Y","","1","0","0","0","0","0","1","2","0","1","","","","N","","","","","","","","","",""
"2008036451","2228","2","0","0","0","0","0","0","0","0","1","0","","02","3","2008","2","40.493549","-79.975553","2224","11","0","0","0","0","0","0","0","0","","0","0","0","","","0","","10","","40 29:36.778","","0","79 58:31.989","0","0","0","0","2445","0","0","0","N","0","0","0","2","02445","0","","1.0","","1","N","N","","0","","0","0","0","","0","","","2","0","0","0","0","0","0","2","0","2","","","","N","","","","","","","","","",""
"2008036452","1915","2","0","0","0","0","0","0","0","0","5","0","","02","3","2008","4","40.5407","-80.006647","1856","11","0","1","0","0","0","0","0","0","","0","0","0","","","0","","10","","40 32:26.520","","7","80 00:23.929","0","0","0","0","2116","0","0","0","N","0","0","0","3","02116","0","","1.0","","1","N","N","","0","","0","0","0","","0","","","2","0","0","0","0","0","0","2","0","2","","","","N","","","","","","","","","",""
"2008036455","1956","1","0","0","0","0","0","0","0","0","2","0","","02","3","2008","3","40.443314","-79.828249","1951","11","0","1","0","0","0","0","0","0","","0","0","0","","","2","","0","","40 26:35.929","","0","79 49:41.697","4","0","0","0","2419","0","0","0","N","0","0","0","3","02419","2","","1.0","","1","N","N","","0","","0","0","1","","0","","","2","2","0","0","0","0","0","2","0","2","","","","N","","","","","","","","","",""
"2008036456","1845","1","0","0","0","0","0","0","0","0","7","0","","02","3","2008","4","40.409008","-79.891914","1841","11","0","0","0","0","0","0","1","0","","0","0","0","","","0","","0","","40 24:32.427","","0","79 53:30.889","0","0","0","0","2448","0","0","0","N","0","0","0","1","02448","0","","2.0","","1","N","N","","0","","0","0","0","","0","","","1","0","0","0","0","0","0","2","0","1","","","","N","","","","","","","","","",""
"2008036457","2115","1","0","0","0","0","0","0","0","0","7","0","","02","3","2008","6","40.671042","-80.134584","2107","11","0","0","1","0","0","0","0","0","1","0","0","0","","","0","","2","","40 40:15.751","6","0","80 08:04.502","0","0","0","0","2212","0","0","0","N","0","0","0","2","02505","0","","4.0","","2","N","N","","0","","0","0","0","","0","N","","1","0","0","0","0","0","0","1","0","1","","","","N","","","","","","","","","",""
"2008036460","0316","0","0","0","0","0","0","0","0","0","7","0","","02","3","2008","1","40.438889","-80.073315","0315","11","0","0","0","0","0","0","0","0","","0","0","0","","","0","","0","","40 26:20.000","","0","80 04:23.935","0","0","0","0","2421","0","0","0","N","0","0","0","1","02421","0","","5.0","","1","N","N","","1","","0","0","0","","0","","","1","0","0","0","0","0","0","2","0","1","","","","N","","","","","","","","","",""
"2008036501","0714","0","0","0","0","0","0","0","0","0","7","0","","02","3","2008","5","40.41179","-80.080224","0710","11","0","0","0","0","0","0","0","0","","0","0","0","","","1","","0","","40 24:42.445","","0","80 04:48.805","3","0","0","0","2415","0","0","0","N","0","0","0","1","02415","0","","4.0","","1","N","N","","1","","1","0","0","","0","","","1","1","1","0","0","0","0","2","0","1","","","","N","","","","","","","","","",""
"2008036505","1304","0","0","0","0","0","0","0","0","0","7","0","","02","3","2008","4","40.420527","-79.792663","1304","11","0","0","0","0","0","0","0","0","","0","0","0","","","1","","2","","40 25:13.897","","0","79 47:33.586","8","0","0","0","2446","0","0","0","N","0","0","0","1","02446","0","","2.0","","1","N","N","","0","","0","0","1","","0","","","1","1","0","0","0","1","0","2","0","1","","","","N","","","","","","","","","",""
"2008036506","0715","1","0","0","0","0","0","0","0","0","1","0","","02","3","2008","5","40.624167","-80.053862","0706","11","0","1","0","0","0","0","0","0","","0","0","0","","","1","","2","","40 37:27.000","","0","80 03:13.902","4","0","0","0","2216","0","0","0","N","0","0","0","2","02505","1","","1.0","","1","N","N","","1","","0","0","0","","3","","","2","1","0","0","0","0","0","2","0","2","","","","N","","","","","","","","","",""
"2008036533","0105","1","0","0","0","0","0","0","0","0","7","0","","02","3","2008","3","40.316111","-80.043338","0102","11","0","0","0","0","0","0","0","0","","0","0","0","","","0","","0","","40 18:58.000","","0","80 02:36.017","0","0","0","0","2407","0","0","0","N","0","0","0","1","02407","0","","4.0","","9","N","N","","0","","0","0","0","","0","","","1","0","1","0","0","0","0","2","0","1","","","","N","","","","","","","","","",""
"2008036555","1617","1","0","0","0","0","0","0","0","0","1","0","","02","3","2008","4","","","1600","11","0","0","0","0","0","0","0","0","","0","0","0","","","1","","0","","40 26:28.68","","0","80 09:27.00","4","0","0","0","2115","0","0","0","N","0","0","0","4","68B03","1","","1.0","","1","N","N","","1","","0","0","1","","0","","","3","1","1","0","0","0","0","2","0","3","","","","N","","","","","","","","","",""
"2008036627","1622","1","0","0","0","0","0","0","0","0","4","0","","02","3","2008","5","","","1620","11","0","0","0","0","0","0","0","0","1","0","0","0","","","0","","2","","","4","0","","0","0","0","0","2111","0","0","0","N","0","0","0","2","02111","0","","1.0","","1","N","N","","1","","0","0","0","","3","N","","2","0","1","0","0","0","0","1","0","2","","","","N","","","","","","","","","",""
"2008036628","1621","1","0","0","0","0","0","0","0","0","7","0","","02","3","2008","5","40.4388","-79.7536","1618","11","0","0","0","0","0","0","1","0","","0","0","0","","","1","","0","","40 26:19.680","","0","79 45:12.960","8","0","0","0","2419","0","0","0","N","0","0","0","1","02419","0","","5.0","","1","N","N","","0","","0","0","0","","0","","","1","1","0","0","0","1","0","2","0","1","","","","N","","","","","","","","","",""
"2008036629","1638","1","0","0","0","0","0","0","0","0","6","0","","02","3","2008","5","40.501368","-80.061389","1636","11","0","0","0","0","0","1","0","0","2","0","0","0","","","1","","0","","40 30:04.925","4","0","80 03:40.999","4","0","0","0","2404","0","0","0","N","0","0","0","2","02404","1","","1.0","","1","N","N","","1","","0","0","0","","0","Y","","2","1","0","0","0","0","1","2","0","2","","","","N","","","","","","","","","",""
"2008036630","1513","0","0","0","0","0","0","0","0","0","7","0","","02","3","2008","5","40.507614","-79.774977","1510","11","1","0","0","0","0","0","0","0","1","0","0","0","","","0","","0","","40 30:27.411","3","0","79 46:29.918","0","0","0","0","2466","0","0","0","N","0","0","0","2","02466","0","","5.0","","1","N","N","","0","","0","0","1","","0","N","","1","0","0","0","0","0","0","2","0","1","","","","N","","","","","","","","","",""
"2008036635","1710","1","0","0","0","0","0","0","0","0","4","0","","02","3","2008","4","40.3875","-80.090909","1705","11","0","1","0","0","0","0","0","0","","0","0","0","","","0","","2","","40 23:15.000","","0","80 05:27.271","0","0","0","0","2437","0","0","0","N","0","0","0","2","02437","0","","1.0","","1","N","N","","1","","0","0","0","","2","","","2","0","0","0","0","0","0","2","0","2","","","","N","","","","","","","","","",""
"2008036663","2343","0","0","0","0","0","0","0","0","0","7","0","","02","3","2008","5","40.397934","-79.853283","2339","11","0","0","0","0","0","1","0","0","","0","0","0","","","0","","0","","40 23:52.561","","0","79 51:11.818","9","0","0","0","2449","0","0","0","N","0","0","0","1","02449","0","","2.0","","1","N","N","","1","","0","0","0","","0","","","1","0","0","0","0","0","1","2","0","1","","","","N","","","","","","","","","",""
"2008036668","1430","1","0","0","0","0","0","0","0","0","1","0","","02","3","2008","5","40.386667","-80.043741","1428","11","0","0","0","0","0","1","0","0","","0","0","0","","","1","","2","","40 23:12.000","","0","80 02:37.469","3","0","0","0","2109","0","0","0","N","0","0","0","2","02109","0","","1.0","","1","N","N","","1","","1","0","0","","2","","","2","1","0","0","0","0","0","2","0","2","","","","N","","","","","","","","","",""
"2008036670","1516","2","0","0","0","0","0","0","0","0","1","0","","02","3","2008","4","40.335833","-80.074544","1516","11","0","0","0","0","0","0","0","1","","0","0","0","","","0","","2","","40 20:09.000","","0","80 04:28.359","0","0","0","0","2123","0","0","0","N","0","0","0","2","02123","0","","1.0","","1","N","N","","0","","0","0","0","","0","","","2","0","0","0","0","0","0","2","0","2","","","","N","","","","","","","","","",""
"2008036682","0912","1","0","0","0","0","0","0","0","0","1","0","","02","3","2008","6","40.592059","-80.01445","0911","11","0","0","0","0","0","0","0","0","","0","0","0","","","2","","1","","40 35:31.412","","0","80 00:52.020","8","0","0","0","2108","0","0","0","N","0","0","0","3","02501","0","","1.0","","1","","N","","0","","0","0","0","","2","","","2","2","0","0","0","2","0","1","1","2","","","","N","","","","","","","","","",""
"2008036685","1230","2","0","0","0","0","0","0","0","0","6","0","","02","3","2008","6","40.672783","-80.069408","1222","11","1","0","0","0","0","0","0","0","1","0","0","0","","","0","","1","","40 40:22.017","2","0","80 04:09.870","0","0","0","0","2216","0","0","0","N","0","0","0","2","02505","0","","1.0","","9","N","N","","0","","0","0","0","","3","N","","2","0","0","0","0","0","0","2","0","2","","","","N","","","","","","","","","",""
"2008036692","2348","1","0","0","0","0","0","0","0","0","7","0","","02","2","2008","6","40.527683","-79.888397","2343","11","0","0","0","0","0","0","0","0","2","0","0","0","","","2","","0","","40 31:39.657","6","0","79 53:18.230","3","0","0","0","2432","0","0","0","N","0","0","0","2","02432","1","","5.0","","9","N","N","","0","","1","0","0","","0","N","","1","2","1","0","0","0","0","2","0","1","","","","N","","","","","","","","","",""
"2008036701","1123","1","0","0","0","0","0","0","0","0","7","0","","02","3","2008","6","","","1050","11","0","0","0","0","0","0","0","0","2","0","0","0","","","2","","0","","","1","0","","8","0","0","0","2102","0","0","0","N","0","0","0","2","02102","0","","2.0","","1","N","N","","0","","0","0","0","","0","N","","1","2","0","0","0","2","0","1","0","1","","","","N","","","","","","","","","",""
"2008036702","1200","1","0","0","0","0","0","0","0","0","4","0","","02","3","2008","5","40.349131","-80.049933","1154","11","0","0","0","0","0","0","0","1","1","0","0","0","","","0","","2","","40 20:56.871","4","0","80 02:59.758","0","0","0","0","2407","0","0","0","N","0","0","0","2","02407","0","","1.0","","1","N","N","","1","","0","0","0","","2","N","","2","0","0","0","0","0","0","2","0","2","","","","N","","","","","","","","","",""
"2008036732","0934","0","0","0","0","0","0","0","0","0","5","1","","02","3","2008","3","40.448611","-80.012779","0846","11","0","0","0","0","0","0","0","0","3","0","1","0","","","0","","0","","40 26:55.000","2","0","80 00:46.005","0","0","0","0","2301","0","0","0","Y","0","0","0","2","68B03","0","","1.0","","1","Y","Y","","0","","0","0","0","","0","N","","2","0","0","0","0","0","0","2","1","2","","","","N","","","","","","","","","",""
"2008036847","2019","2","0","0","0","0","0","0","0","0","1","0","","02","3","2008","5","40.524444","-79.962089","2019","11","0","0","1","0","0","0","0","0","","0","0","0","","","2","","2","","40 31:28.000","","0","79 57:43.522","4","0","0","0","2118","0","0","0","N","0","0","0","4","02118","2","","1.0","","1","N","N","","0","","0","0","0","","2","","","2","2","0","0","0","0","0","2","0","2","","","","N","","","","","","","","","",""
"2008036849","1603","1","0","0","0","0","0","0","0","0","1","0","","02","3","2008","5","40.3675","-80.1044","1603","11","0","0","0","0","0","0","0","0","1","0","0","0","","","0","","0","","40 22:03.000","6","0","80 06:15.840","0","0","0","0","2102","0","0","0","N","0","0","0","2","02102","0","","1.0","","1","N","N","","0","","0","0","1","","0","N","","2","0","0","0","0","0","0","2","0","2","","","","N","","","","","","","","","",""
"2008036851","0330","1","0","0","0","0","0","0","0","0","7","0","","02","3","2008","1","40.394444","-79.797255","0315","11","0","0","0","0","0","0","0","0","","0","0","0","","","0","","0","","40 23:40.000","","0","79 47:50.118","0","0","0","0","2446","0","0","0","N","0","0","0","1","02446","0","","4.0","","2","N","N","","0","","0","0","0","","0","","","1","0","1","0","0","0","0","2","0","1","","","","N","","","","","","","","","",""
"2008036854","2332","0","0","0","0","0","0","0","0","0","7","0","","02","3","2008","6","40.291996","-79.892575","2330","11","0","0","0","0","0","0","0","0","3","0","0","0","","","0","","0","","40 17:31.185","6","0","79 53:33.270","0","0","0","0","2302","0","0","0","N","0","0","0","1","02302","0","","5.0","","9","N","N","","0","","0","0","0","","0","Y","","1","0","0","0","0","0","0","2","1","1","","","","N","","","","","","","","","",""
"2008036861","1238","2","0","0","0","0","0","0","0","0","4","0","","02","3","2008","6","40.641944","-79.938393","1238","11","0","0","0","0","0","1","1","0","","0","0","0","","","0","","1","","40 38:31.000","","0","79 56:18.213","0","0","0","0","2217","0","0","0","N","0","0","0","3","02505","0","","1.0","","9","N","N","","0","","0","0","0","","2","","","2","0","0","0","0","0","0","2","0","2","","","","N","","","","","","","","","",""
"2008036872","0759","2","0","0","0","0","0","0","0","0","4","0","","02","3","2008","6","40.486671","-80.054569","0759","11","0","0","0","0","0","1","0","0","1","0","0","0","","","2","","0","","40 29:12.015","5","0","80 03:16.449","4","0","0","0","2404","0","0","0","N","0","0","0","2","02404","2","","1.0","","1","N","N","","0","","0","0","0","","0","N","","2","2","0","0","0","0","0","2","0","2","","","","N","","","","","","","","","",""
"2008036895","1837","2","0","0","0","0","0","0","0","0","1","0","","02","3","2008","7","40.559444","-79.959163","1832","11","0","1","0","0","0","0","1","0","1","0","0","0","","","1","","2","","40 33:34.000","1","0","79 57:32.985","4","0","0","0","2207","0","0","0","N","0","0","0","4","02207","1","","1.0","","7","N","N","","0","","0","0","0","","2","N","","2","1","0","0","0","0","0","2","0","2","","","","N","","","","","","","","","",""