"CRN","ARRIVAL_TM","AUTOMOBILE_COUNT","BELTED_DEATH_COUNT","BELTED_SUSP_SERIOUS_INJ_COUNT","BICYCLE_COUNT","BICYCLE_DEATH_COUNT","BICYCLE_SUSP_SERIOUS_INJ_COUNT","BUS_COUNT","CHLDPAS_DEATH_COUNT","CHLDPAS_SUSP_SERIOUS_INJ_COUNT","COLLISION_TYPE","COMM_VEH_COUNT","CONS_ZONE_SPD_LIM","COUNTY","CRASH_MONTH","CRASH_YEAR","DAY_OF_WEEK","DEC_LATITUDE","DEC_LONGITUDE","DISPATCH_TM","DISTRICT","DRIVER_COUNT_16YR","DRIVER_COUNT_17YR","DRIVER_COUNT_18YR","DRIVER_COUNT_19YR","DRIVER_COUNT_20YR","DRIVER_COUNT_50_64YR","DRIVER_COUNT_65_74YR","DRIVER_COUNT_75PLUS","EST_HRS_CLOSED","FATAL_COUNT","HEAVY_TRUCK_COUNT","HORSE_BUGGY_COUNT","HOUR_OF_DAY","ILLUMINATION","INJURY_COUNT","INTERSECTION_RELATED","INTERSECT_TYPE","LANE_CLOSED","LATITUDE","LN_CLOSE_DIR","LOCATION_TYPE","LONGITUDE","MAX_SEVERITY_LEVEL","MCYCLE_DEATH_COUNT","MCYCLE_SUSP_SERIOUS_INJ_COUNT","MOTORCYCLE_COUNT","MUNICIPALITY","NONMOTR_COUNT","NONMOTR_DEATH_COUNT","NONMOTR_SUSP_SERIOUS_INJ_COUNT","NTFY_HIWY_MAINT","PED_COUNT","PED_DEATH_COUNT","PED_SUSP_SERIOUS_INJ_COUNT","PERSON_COUNT","POLICE_AGCY","POSSIBLE_INJ_COUNT","RDWY_SURF_TYPE_CD","RELATION_TO_ROAD","ROADWAY_CLEARED","ROAD_CONDITION","SCH_BUS_IND","SCH_ZONE_IND","SECONDARY_CRASH","SMALL_TRUCK_COUNT","SPEC_JURIS_CD","SUSP_MINOR_INJ_COUNT","SUSP_SERIOUS_INJ_COUNT","SUV_COUNT","TCD_FUNC_CD","TCD_TYPE","TFC_DETOUR_IND","TIME_OF_DAY","TOTAL_UNITS","TOT_INJ_COUNT","UNBELTED_OCC_COUNT","UNB_DEATH_COUNT","UNB_SUSP_SERIOUS_INJ_COUNT","UNK_INJ_DEG_COUNT","UNK_INJ_PER_COUNT","URBAN_RURAL","VAN_COUNT","VEHICLE_COUNT","WEATHER1","WEATHER2","WORKERS_PRES","WORK_ZONE_IND","WORK_ZONE_LOC","WORK_ZONE_TYPE","WZ_CLOSE_DETOUR","WZ_FLAGGER","WZ_LAW_OFFCR_IND","WZ_LN_CLOSURE","WZ_MOVING","WZ_OTHER","WZ_SHLDER_MDN","WZ_WORKERS_INJ_KILLED"
"2008039482","","1","0","0","0","0","0","0","0","0","7","0","","02","2","2008","5","40.324167","-79.818158","1208","11","0","0","0","0","0","0","0","1","","1","0","0","","","0","","0","","40 19:27.000","","0","79 49:05.369","1","0","0","0","2304","0","0","0","","0","0","0","1","02304","0","2","4.0","","1","N","N","","0","0","0","0","0","","0","","","1","0","1","1","0","0","0","2","0","1","","","","N","","","","","","","","","",""
"2008039496","","1","0","0","0","0","0","0","0","0","4","0","","02","3","2008","3","40.528974","-79.990268","0746","11","0","0","0","0","0","0","0","0","","0","0","0","","","0","","2","","40 31:44.307","","0","79 59:24.965","9","0","0","0","2116","0","0","0","N","0","0","0","2","02116","0","","1.0","","1","N","N","","1","","0","0","0","","3","","","2","0","0","0","0","0","1","2","0","2","","","","N","","","","","","","","","",""
"2008039499","","1","0","0","0","0","0","0","0","0","7","0","","02","3","2008","4","40.4794","-79.9662","2349","11","0","0","0","0","0","0","1","0","","0","0","0","","","0","","0","","40 28:45.840","","0","79 57:58.320","0","0","0","0","2445","0","0","0","Y","0","0","0","1","02445","0","","5.0","","9","N","N","","0","","0","0","0","","0","","","1","0","0","0","0","0","0","2","0","1","","","","N","","","","","","","","","",""
"2008039507","","2","0","0","0","0","0","0","0","0","5","0","","02","3","2008","3","40.406","-79.8866","1213","11","0","0","0","0","0","1","0","0","1","0","0","0","","","0","","0","","40 24:21.600","2","0","79 53:11.760","0","0","0","0","2475","0","0","0","N","0","0","0","1","02475","0","","6.0","","9","N","N","","0","","0","0","0","","0","N","","2","0","0","0","0","0","0","2","0","2","","","","N","","","","","","","","","",""
"2008039519","","1","0","0","0","0","0","0","0","0","6","0","","02","3","2008","2","40.51864","-79.763857","0909","11","0","0","0","0","0","0","0","0","","0","0","0","","","0","","0","","40 31:07.104","","0","79 45:49.885","0","0","0","0","2466","0","0","0","N","0","0","0","1","02466","0","","1.0","","1","N","N","","0","","0","0","1","","0","","","2","0","0","0","0","0","0","2","0","2","","","","N","","","","","","","","","",""
"2008039528","","1","0","1","0","0","0","0","0","0","4","0","","02","3","2008","5","40.526013","-79.842703","1023","11","0","0","0","0","0","0","0","1","1","0","0","0","","","1","","1","","40 31:33.646","4","0","79 50:33.732","2","0","0","0","2451","0","0","0","","0","0","0","2","02451","0","","1.0","","1","N","N","","1","","0","1","0","","3","N","","2","1","0","0","0","0","0","2","0","2","","","","N","","","","","","","","","",""
"2008039532","","1","0","0","0","0","0","0","0","0","7","0","","02","3","2008","3","40.303659","-79.962897","1436","11","0","0","0","0","0","0","0","0","1","0","0","0","","","1","","0","","40 18:13.173","6","0","79 57:46.429","8","0","0","0","2440","0","0","0","N","0","0","0","1","02440","0","","5.0","","9","N","N","","0","","0","0","0","","0","Y","","1","1","0","0","0","1","0","2","0","1","","","","N","","","","","","","","","",""
"2008039536","","1","0","0","0","0","0","0","0","0","7","0","","02","3","2008","5","40.427373","-79.76145","1022","11","0","0","0","0","0","1","0","0","1","0","0","0","","","0","","0","","40 25:38.544","1","0","79 45:41.221","0","0","0","0","2446","0","0","0","N","0","0","0","1","02446","0","","5.0","","1","N","N","","0","","0","0","0","","0","N","","1","0","0","0","0","0","0","2","0","1","","","","N","","","","","","","","","",""
"2008039544","","1","0","0","0","0","0","0","0","0","1","0","","02","3","2008","5","40.618333","-79.833733","1524","11","0","0","0","0","0","1","0","0","1","0","0","0","","","1","","0","","40 37:06.000","1","0","79 50:01.439","4","0","0","0","2220","0","0","0","N","0","0","0","3","02220","1","","1.0","","1","N","N","","0","","0","0","1","","0","N","","2","1","0","0","0","0","0","2","0","2","","","","N","","","","","","","","","",""
"2008039551","","2","0","0","0","0","0","0","0","0","4","0","","02","3","2008","5","40.435833","-79.735368","1624","11","0","0","0","0","0","0","0","0","","0","0","0","","","0","","0","","40 26:09.000","","0","79 44:07.323","0","0","0","0","2446","0","0","0","N","0","0","0","3","02446","0","","1.0","","1","N","N","","0","","0","0","0","","0","","","2","0","0","0","0","0","0","2","0","2","","","","N","","","","","","","","","",""
"2008039553","","2","0","0","0","0","0","0","0","0","4","0","","02","3","2008","4","40.331276","-80.052771","1450","11","0","0","0","1","0","1","0","0","1","0","0","0","","","0","","2","","40 19:52.595","5","0","80 03:09.976","0","0","0","0","2407","0","0","0","N","0","0","0","3","02407","0","","1.0","","9","N","N","","0","","0","0","0","","3","Y","","2","0","0","0","0","0","0","2","0","2","","","","N","","","","","","","","","",""
"2008039565","","0","0","0","0","0","0","0","0","0","2","0","","02","3","2008","5","40.5039","-80.1394","1515","11","0","0","0","0","0","0","1","0","2","0","0","0","","","0","","3","","40 30:14.040","6","0","80 08:21.840","0","0","0","0","2126","0","0","0","N","0","0","0","7","02126","0","","1.0","","1","N","N","","0","","0","0","1","","0","N","","2","0","0","0","0","0","0","2","1","2","","","","N","","","","","","","","","",""
"2008039572","","0","0","0","0","0","0","0","0","0","7","0","","02","3","2008","5","40.500128","-80.042286","1941","11","0","0","0","0","0","0","0","0","","0","0","0","","","0","","0","","40 30:00.460","","0","80 02:32.230","0","0","0","0","2116","0","0","0","N","0","0","0","1","02116","0","","5.0","","1","N","N","","0","","0","0","1","","0","","","1","0","0","0","0","0","0","2","0","1","","","","N","","","","","","","","","",""
"2008039574","","2","0","0","0","0","0","0","0","0","99","0","","02","3","2008","5","40.274469","-79.883514","1858","11","0","0","0","0","0","0","0","0","2","0","0","0","","","1","","3","","40 16:28.089","5","0","79 53:00.651","8","0","0","0","2428","0","0","0","N","0","0","0","2","02428","0","","1.0","","1","N","N","","0","","0","0","0","","0","Y","","2","1","1","0","0","1","0","2","0","2","","","","N","","","","","","","","","",""
"2008039580","","1","0","0","0","0","0","0","0","0","7","0","","02","2","2008","6","40.498714","-80.046175","1709","11","0","0","0","0","0","0","0","0","","0","0","0","","","1","","0","","40 29:55.370","","0","80 02:46.230","8","0","0","0","2116","0","0","0","N","0","0","0","1","02116","0","","2.0","","7","N","N","","0","","0","0","0","","0","","","1","1","0","0","0","1","0","2","0","1","","","","N","","","","","","","","","",""
"2008039581","","1","0","0","0","0","0","0","0","0","8","0","","02","3","2008","4","40.497347","-80.059113","1501","11","0","0","0","0","0","0","0","0","","0","0","0","","","0","","0","","40 29:50.448","","0","80 03:32.806","0","0","0","0","2404","1","0","0","N","1","0","0","2","02404","0","","1.0","","9","N","N","","0","","0","0","0","","0","","","2","0","0","0","0","0","0","2","0","1","","","","N","","","","","","","","","",""
"2008039584","","1","0","0","0","0","0","0","0","0","7","0","","02","3","2008","5","40.630278","-79.941125","0615","11","0","0","0","0","0","0","0","0","1","0","0","0","","","0","","0","","40 37:49.000","2","0","79 56:28.049","0","0","0","0","2217","0","0","0","Y","0","0","0","1","02505","0","","2.0","","1","N","N","","0","","0","0","0","","0","N","","1","0","0","0","0","0","0","2","0","1","","","","N","","","","","","","","","",""
"2008039588","","1","0","0","0","0","0","0","0","0","7","0","","02","3","2008","5","40.6619","-80.0443","2235","11","0","1","0","0","0","0","0","0","","0","0","0","","","0","","0","","40 39:42.840","","0","80 02:39.480","0","0","0","0","2216","0","0","0","N","0","0","0","1","02505","0","","5.0","","9","N","N","","0","","0","0","0","","0","","","1","0","0","0","0","0","0","2","0","1","","","","N","","","","","","","","","",""
"2008039596","","2","0","0","0","0","0","0","0","0","5","0","","02","3","2008","2","40.5412","-79.786","1614","11","0","0","0","0","0","0","1","0","1","0","0","0","","","1","","0","","40 32:28.320","6","0","79 47:09.600","3","0","0","0","2462","0","0","0","N","0","0","0","2","02462","0","","1.0","","1","N","N","","0","","1","0","0","","0","N","","2","1","1","0","0","0","0","2","0","2","","","","N","","","","","","","","","",""
"2008039597","","1","0","0","0","0","0","0","0","0","7","0","","02","3","2008","1","40.369395","-80.030878","0056","11","0","0","0","0","0","0","0","0","1","0","0","0","","","0","","0","","40 22:09.823","2","0","80 01:51.162","0","0","0","0","2416","0","0","0","N","0","0","0","1","02416","0","","5.0","","1","N","N","","0","","0","0","0","","0","N","","1","0","0","0","0","0","0","2","0","1","","","","N","","","","","","","","","",""
"2008039600","","1","0","0","0","0","0","0","0","0","7","0","","02","3","2008","6","40.54","-79.9723","0136","11","0","0","0","0","0","0","0","0","2","0","0","0","","","0","","0","","40 32:24.000","1","0","79 58:20.280","0","0","0","0","2118","0","0","0","Y","0","0","0","2","02118","0","","5.0","","1","N","N","","0","","0","0","0","","0","N","","1","0","1","0","0","0","0","2","0","1","","","","N","","","","","","","","","",""
"2008039602","","2","0","0","0","0","0","0","0","0","4","0","","02","3","2008","5","40.430444","-79.797553","1415","11","0","1","0","0","0","1","0","0","1","0","0","0","","","2","","0","","40 25:49.598","4","7","79 47:51.190","8","0","0","0","2446","0","0","0","N","0","0","0","4","02446","0","","6.0","","1","N","N","","0","","0","0","0","","0","N","","2","2","0","0","0","2","0","2","0","2","","","","N","","","","","","","","","",""
"2008039607","","1","0","0","0","0","0","0","0","0","1","0","","02","3","2008","5","40.658611","-79.974433","1029","11","0","0","0","0","0","1","0","0","","0","0","0","","","1","","0","","40 39:31.000","","0","79 58:27.960","8","0","0","0","2217","0","0","0","N","0","0","0","2","02505","0","","1.0","","1","N","N","","1","","0","0","0","","0","","","2","1","0","0","0","1","0","2","0","2","","","","N","","","","","","","","","",""
"2008039619","","1","0","0","0","0","0","0","0","0","1","0","","02","3","2008","5","40.420833","-80.053316","1250","11","0","0","0","0","0","0","0","0","1","0","0","0","","","1","","1","","40 25:15.000","1","0","80 03:11.939","4","0","0","0","2435","0","0","0","N","0","0","0","6","02435","1","","1.0","","1","N","N","","2","","0","0","0","","2","Y","","3","1","0","0","0","0","0","2","0","3","","","","N","","","","","","","","","",""
"2008039622","","1","0","0","0","0","0","0","0","0","7","0","","02","3","2008","6","40.634597","-80.087919","0719","11","0","0","0","0","0","0","0","0","","0","0","0","","","1","","2","","40 38:04.549","","0","80 05:16.508","8","0","0","0","2412","0","0","0","N","0","0","0","1","02505","0","","5.0","","1","N","N","","0","","0","0","0","","0","","","1","1","0","0","0","1","0","2","0","1","","","","N","","","","","","","","","",""
"2008039623","","1","0","0","0","0","0","0","0","0","6","0","","02","3","2008","6","40.3334","-79.7825","9999","11","0","0","0","0","0","1","0","0","2","0","0","0","","","1","","0","","40 20:00.240","1","0","79 46:57.000","4","0","0","0","2477","0","0","0","Y","0","0","0","2","02477","1","","1.0","","2","N","N","","1","","0","0","0","","0","N","","2","1","0","0","0","0","0","2","0","2","","","","N","","","","","","","","","",""
"2008039630","","2","0","0","0","0","0","0","0","0","1","0","","02","3","2008","6","40.345278","-79.972971","1059","11","0","0","0","0","0","0","0","1","2","0","0","0","","","1","","0","","40 20:43.000","2","6","79 58:22.696","8","0","0","0","2403","0","0","0","N","0","0","0","4","02403","0","","1.0","","1","","","","1","","0","0","0","","0","N","","3","1","0","0","0","1","0","2","0","3","","","","N","","","","","","","","","",""
"2008039632","","0","0","0","0","0","0","0","0","0","1","0","","02","3","2008","6","40.470219","-80.100041","1215","11","0","0","0","0","0","2","0","0","9","0","0","0","","","0","","0","","40 28:12.789","2","0","80 06:00.147","9","0","0","0","2126","0","0","0","N","0","0","0","2","02126","0","","1.0","","1","N","N","","1","","0","0","0","","0","N","","2","0","0","0","0","0","1","2","1","2","","","","N","","","","","","","","","",""
"2008039634","","2","0","0","0","0","0","0","0","0","1","0","","02","3","2008","6","","","1229","11","0","0","0","0","0","0","0","0","2","0","0","0","","","0","","0","","","5","0","","0","0","0","0","2403","0","0","0","N","0","0","0","2","02403","0","","1.0","","1","N","N","","0","","0","0","0","","0","Y","","2","0","0","0","0","0","0","1","0","2","","","","N","","","","","","","","","",""
"2008039635","","3","0","0","0","0","0","0","0","0","1","0","","02","3","2008","4","40.421417","-79.798947","1449","11","0","0","1","0","0","1","1","0","2","0","0","0","","","1","","0","","40 25:17.100","4","0","79 47:56.210","8","0","0","0","2446","0","0","0","N","0","0","0","4","02446","0","","1.0","","9","N","N","","1","","0","0","0","","0","N","","4","1","0","0","0","1","0","2","0","4","","","","N","","","","","","","","","",""
"2008039640","","1","0","0","0","0","0","0","0","0","1","1","","02","3","2008","5","40.408039","-79.88973","1711","11","0","0","0","0","0","2","0","0","1","0","1","0","","","0","","0","","40 24:28.940","3","0","79 53:23.029","0","0","0","0","2448","0","0","0","N","0","0","0","2","02448","0","","1.0","","1","N","N","","0","","0","0","0","","0","N","","2","0","0","0","0","0","0","2","0","2","","","","N","","","","","","","","","",""
"2008039645","","2","0","0","0","0","0","0","0","0","4","0","","02","3","2008","6","40.341251","-79.96201","1610","11","0","0","0","0","0","2","0","0","1","0","0","0","","","0","","1","","40 20:28.503","3","0","79 57:43.236","0","0","0","0","2454","0","0","0","N","0","0","0","2","02454","0","","1.0","","1","N","N","","0","","0","0","0","","3","N","","2","0","0","0","0","0","0","2","0","2","","","","N","","","","","","","","","",""
"2008039653","","0","0","0","0","0","0","0","0","0","7","0","","02","3","2008","5","40.405943","-79.895842","1154","11","0","0","1","0","0","0","0","0","2","0","0","0","","","3","","0","","40 24:21.396","7","0","79 53:45.030","8","0","0","0","2448","0","0","0","N","0","0","0","3","02448","0","","2.0","","1","N","N","","0","","0","0","1","","0","Y","","1","3","3","0","0","3","0","2","0","1","","","","N","","","","","","","","","",""
"2008039654","","1","0","0","0","0","0","0","0","0","7","0","","02","3","2008","6","40.372615","-79.807055","1630","11","0","0","0","0","0","0","0","0","1","0","0","0","","","1","","2","","40 22:21.414","7","0","79 48:25.398","8","0","0","0","2111","0","0","0","N","0","0","0","1","02111","0","","5.0","","1","N","N","","0","","0","0","0","","3","Y","","1","1","0","0","0","1","0","2","0","1","","","","N","","","","","","","","","",""
"2008039655","","2","0","0","0","0","0","0","0","0","1","0","","02","3","2008","6","40.3186","-79.8992","1617","11","0","0","0","0","0","1","0","0","","0","0","0","","","1","","0","","40 19:06.960","","1","79 53:57.120","4","0","0","0","2440","0","0","0","N","0","0","0","4","02440","1","","1.0","","1","N","","","0","","0","0","0","","0","","","3","1","0","0","0","0","0","2","1","3","","","","N","","","","","","","","","",""
"2008039660","","0","0","0","0","0","0","0","0","0","7","0","","02","3","2008","6","40.598889","-79.889198","0548","11","0","0","0","0","0","0","0","0","","0","0","0","","","0","","0","","40 35:56.000","","0","79 53:21.111","0","0","0","0","2220","0","0","0","Y","0","0","0","1","02220","0","","4.0","","2","N","N","","1","","0","0","0","","0","","","1","0","1","0","0","0","0","2","0","1","","","","N","","","","","","","","","",""
"2008039664","","1","0","0","0","0","0","0","0","0","7","0","","02","3","2008","2","","","0229","11","0","0","0","0","0","0","0","0","","0","0","0","","","0","","0","","40 27:29.16","","0","80 11:18.60","0","0","0","0","2203","0","0","0","N","0","0","0","1","02203","0","","2.0","","1","N","N","","0","","0","0","0","","0","","","1","0","0","0","0","0","0","2","0","1","","","","N","","","","","","","","","",""
"2008039674","","0","0","0","0","0","0","0","0","0","7","0","","02","3","2008","6","40.222778","-79.964593","0900","11","0","0","0","0","0","0","0","0","2","0","0","0","","","3","","0","","40 13:22.000","5","0","79 57:52.534","4","0","0","0","2204","0","0","0","N","0","0","0","3","02204","3","","4.0","","9","N","N","","0","","0","0","1","","0","Y","","1","3","0","0","0","0","0","1","0","1","","","","N","","","","","","","","","",""
"2008039679","","2","0","0","0","0","0","0","0","0","5","0","","02","3","2008","6","40.408001","-79.842024","1355","11","0","0","0","0","0","0","0","0","","0","0","0","","","0","","0","","40 24:28.802","","0","79 50:31.285","0","0","0","0","2449","0","0","0","N","0","0","0","2","02449","0","","1.0","","1","N","N","","0","","0","0","0","","0","","","2","0","2","0","0","0","0","2","0","2","","","","N","","","","","","","","","",""
"2008039680","","2","0","0","0","0","0","0","0","0","1","0","","02","3","2008","6","40.332778","-79.946091","1223","11","0","0","0","0","0","1","0","0","1","0","0","0","","","0","","0","","40 19:58.000","1","0","79 56:45.926","0","0","0","0","2454","0","0","0","N","0","0","0","5","02454","0","","1.0","","1","N","N","","0","","0","0","0","","0","N","","2","0","0","0","0","0","0","2","0","2","","","","N","","","","","","","","","",""
"2008039681","","2","0","0","0","0","0","0","0","0","4","0","","02","3","2008","5","40.332778","-79.946091","0905","11","0","0","0","0","1","0","1","0","2","0","0","0","","","2","","0","","40 19:58.000","1","0","79 56:45.926","3","0","0","0","2454","0","0","0","N","0","0","0","2","02454","1","","1.0","","1","N","","","0","","1","0","0","","2","Y","","2","2","1","0","0","0","0","2","0","2","","","","N","","","","","","","","","",""
"2008039694","","0","0","0","0","0","0","0","0","0","4","0","","02","3","2008","3","40.530126","-80.018094","1039","11","0","0","1","0","0","1","0","0","2","0","0","0","","","0","","2","","40 31:48.454","1","0","80 01:05.137","0","0","0","0","2116","0","0","0","N","0","0","0","2","02116","0","","1.0","","9","N","N","","0","","0","0","2","","9","Y","","2","0","0","0","0","0","0","2","0","2","","","","N","","","","","","","","","",""
"2008039725","","2","0","0","0","0","0","0","0","0","1","0","","02","3","2008","2","","","1155","11","0","0","0","0","0","0","0","0","","0","0","0","","","2","","0","","40 25:45.12","","0","80 01:43.68","4","0","0","0","2301","0","0","0","N","0","0","0","5","68B03","2","","1.0","","1","N","N","","0","","0","0","0","","0","","","2","2","0","0","0","0","0","2","0","2","","","","N","","","","","","","","","",""
"2008039726","","3","0","0","0","0","0","0","0","0","1","0","","02","3","2008","3","40.397917","-80.104283","0823","11","0","0","0","0","0","0","0","0","","0","0","0","","","0","","0","","40 23:52.501","","0","80 06:15.419","0","0","0","0","2102","0","0","0","N","0","0","0","3","68B03","0","","1.0","","9","N","N","","0","","0","0","0","","0","","","3","0","0","0","0","0","0","2","0","3","","","","N","","","","","","","","","",""
"2008039727","","3","0","0","0","0","0","0","0","0","1","0","","02","3","2008","3","","","1701","11","0","0","0","0","0","1","0","0","2","0","0","0","","","0","","6","","40 26:53.52","1","2","80 00:29.16","9","0","0","0","2301","0","0","0","N","0","0","0","4","68B03","0","","1.0","","9","N","N","","0","","0","0","0","","4","N","","3","0","0","0","0","0","1","2","0","3","","","","N","","","","","","","","","",""
"2008039868","","1","0","0","0","0","0","0","0","0","4","0","","02","3","2008","7","40.599444","-79.947399","1905","11","0","0","0","0","0","0","0","0","","0","0","0","","","0","","1","","40 35:58.000","","0","79 56:50.636","0","0","0","0","2207","0","0","0","N","0","0","0","3","02207","0","","1.0","","1","N","N","","0","","0","0","1","","2","","","2","0","0","0","0","0","0","2","0","2","","","","N","","","","","","","","","",""
"2008039876","","2","0","0","0","0","0","0","0","0","2","0","","02","3","2008","7","40.449789","-79.799692","1358","11","0","0","0","0","0","1","1","0","","0","0","0","","","2","","0","","40 26:59.240","","7","79 47:58.890","4","0","0","0","2446","0","0","0","N","0","0","0","2","02446","2","","1.0","","1","N","N","","0","","0","0","0","","3","","","2","2","0","0","0","0","0","2","0","2","","","","N","","","","","","","","","",""
"2008039880","","1","0","0","0","0","0","0","0","0","7","0","","02","3","2008","1","40.651667","-80.054003","0743","11","0","0","0","0","0","0","0","0","","0","0","0","","","1","","0","","40 39:06.000","","0","80 03:14.412","8","0","0","0","2216","0","0","0","N","0","0","0","1","02505","0","","2.0","","1","N","N","","0","","0","0","0","","0","","","1","1","0","0","0","1","0","2","0","1","","","","N","","","","","","","","","",""
"2008039893","","1","0","0","0","0","0","0","0","0","4","0","55","02","3","2008","6","40.535","-79.8216","1751","11","0","0","0","0","0","0","0","0","2","0","0","0","","","0","","0","","40 32:06.000","3","0","79 49:17.760","0","0","0","0","2466","0","0","0","N","0","0","0","2","68T02","0","","1.0","","8","N","N","","0","","0","0","1","","8","N","","2","0","0","0","0","0","0","1","0","2","","","N","Y","4","1","N","N","N","N","N","N","Y",""
"2008039905","","0","0","0","0","0","0","0","0","0","7","0","","02","2","2008","7","40.350046","-79.871306","0738","11","0","0","0","0","0","0","0","0","1","0","0","0","","","0","","3","","40 21:00.164","3","0","79 52:16.702","0","0","0","0","2304","0","0","0","N","0","0","0","1","02304","0","","5.0","","2","N","N","","0","","0","0","0","","2","N","","1","0","0","0","0","0","0","2","1","1","","","","N","","","","","","","","","",""
"2008039906","","2","0","0","0","0","0","0","0","0","4","0","","02","2","2008","3","40.44435","-79.978923","2352","11","0","0","0","1","0","0","0","0","","0","0","0","","","0","","2","","40 26:39.660","","0","79 58:44.122","0","0","0","0","2301","0","0","0","N","0","0","0","3","02301","0","","1.0","","9","N","N","","0","","0","0","0","","3","","","2","0","1","0","0","0","0","2","0","2","","","","N","","","","","","","","","",""
"2008039907","","1","0","0","0","0","0","0","0","0","7","0","","02","2","2008","3","40.404804","-80.018994","0228","11","0","0","0","0","0","0","0","0","","0","0","0","","","0","","0","","40 24:17.293","","0","80 01:08.380","0","0","0","0","2301","0","0","0","N","0","0","0","1","02301","0","","4.0","","7","N","N","","0","","0","0","0","","0","","","1","0","0","0","0","0","0","2","0","1","","","","N","","","","","","","","","",""
"2008039908","","2","0","0","0","0","0","0","0","0","4","0","","02","3","2008","7","","","0218","11","0","0","0","0","0","0","0","0","","0","0","0","","","0","","0","","","","0","","0","0","0","0","2301","0","0","0","N","0","0","0","2","02301","0","","1.0","","2","N","N","","0","","0","0","0","","0","","","2","0","0","0","0","0","0","1","0","2","","","","N","","","","","","","","","",""
"2008039909","","1","0","0","0","0","0","0","0","0","1","0","","02","3","2008","2","","","1520","11","0","0","0","0","0","2","0","0","1","0","0","0","","","0","","0","","","1","0","","0","0","0","0","2301","0","0","0","N","0","0","0","5","02301","0","","1.0","","1","N","N","","0","","0","0","1","","0","N","","2","0","0","0","0","0","0","1","0","2","","","","N","","","","","","","","","",""
"2008039910","","2","0","0","0","0","0","0","0","0","4","0","","02","2","2008","4","40.451509","-79.908149","1809","11","0","0","0","0","0","0","0","0","2","0","0","0","","","0","","1","","40 27:05.433","1","0","79 54:29.335","0","0","0","0","2301","0","0","0","N","0","0","0","4","02301","0","","1.0","","9","N","N","","0","","0","0","0","","2","Y","","2","0","0","0","0","0","0","2","0","2","","","","N","","","","","","","","","",""
"2008039911","","0","0","0","0","0","0","0","0","0","7","0","","02","3","2008","3","40.468054","-80.002436","2210","11","0","0","0","0","0","0","0","0","1","0","0","0","","","1","","0","","40 28:04.994","3","0","80 00:08.769","4","0","0","0","2301","0","0","0","N","0","0","0","2","02301","1","","5.0","","9","N","N","","0","","0","0","1","","0","N","","1","1","1","0","0","0","0","2","0","1","","","","N","","","","","","","","","",""
"2008040006","","0","0","0","0","0","0","0","0","0","7","0","","02","2","2008","4","40.4597","-79.8427","0227","11","0","0","0","1","0","0","0","0","1","0","0","0","","","0","","0","","40 27:34.920","2","0","79 50:33.720","0","0","0","0","2113","0","0","0","N","0","0","0","1","02113","0","","5.0","","7","N","N","","0","","0","0","1","","0","N","","1","0","0","0","0","0","0","2","0","1","","","","N","","","","","","","","","",""
"2008040017","","1","0","0","0","0","0","0","0","0","7","0","","02","2","2008","6","40.430451","-79.857181","2038","11","0","0","0","0","0","0","0","0","","0","0","0","","","0","","0","","40 25:49.623","","0","79 51:25.851","0","0","0","0","2431","0","0","0","N","0","0","0","1","02431","0","","5.0","","2","N","N","","0","","0","0","0","","0","","","1","0","0","0","0","0","0","2","0","1","","","","N","","","","","","","","","",""
"2008040034","","1","0","0","0","0","0","0","0","0","4","0","","02","2","2008","3","40.370873","-80.045383","1923","11","0","0","0","0","0","1","0","0","3","0","0","0","","","0","","0","","40 22:15.142","6","0","80 02:43.378","0","0","0","0","2109","0","0","0","N","0","0","0","1","02109","0","","1.0","","1","N","N","","0","","0","0","1","","0","Y","","2","0","0","0","0","0","0","2","0","2","","","","N","","","","","","","","","",""
"2008040151","","0","0","0","0","0","0","0","0","0","1","0","","02","3","2008","2","40.3158","-79.8318","1410","11","0","0","0","0","0","1","1","0","1","0","0","0","","","2","","0","","40 18:56.880","1","0","79 49:54.480","4","0","0","0","2469","0","0","0","N","0","0","0","4","02469","2","","1.0","","9","N","N","","0","","0","0","2","","2","Y","","2","2","0","0","0","0","0","2","0","2","","","","N","","","","","","","","","",""
"2008040152","","2","0","0","0","0","0","0","0","0","1","0","","02","3","2008","6","40.313889","-79.829124","1625","11","0","1","0","0","0","2","0","0","","0","0","0","","","6","","0","","40 18:50.000","","3","79 49:44.846","4","0","0","0","2469","0","0","0","N","0","0","0","6","02469","6","","1.0","","9","N","N","","0","","0","0","2","","0","","","4","6","0","0","0","0","0","2","0","4","","","","N","","","","","","","","","",""
"2008040153","","2","0","0","0","0","0","0","0","0","1","0","","02","2","2008","7","40.318596","-79.835586","1821","11","0","0","0","0","0","0","0","0","2","0","0","0","","","0","","0","","40 19:06.945","5","0","79 50:08.109","0","0","0","0","2469","0","0","0","N","0","0","0","1","02469","0","","2.0","","1","N","N","","0","","0","0","0","","0","Y","","2","0","0","0","0","0","0","2","0","2","","","","N","","","","","","","","","",""
"2008040186","","1","0","0","0","0","0","0","0","0","7","0","","02","2","2008","3","40.346667","-80.151265","2356","11","0","0","0","0","0","0","0","0","","0","0","0","","","1","","0","","40 20:48.000","","0","80 09:04.553","8","0","0","0","2119","0","0","0","N","0","0","0","1","02119","0","","2.0","","9","N","N","","0","","0","0","0","","0","","","1","1","1","0","0","1","0","2","0","1","","","","N","","","","","","","","","",""