"CRN","ARRIVAL_TM","AUTOMOBILE_COUNT","BELTED_DEATH_COUNT","BELTED_SUSP_SERIOUS_INJ_COUNT","BICYCLE_COUNT","BICYCLE_DEATH_COUNT","BICYCLE_SUSP_SERIOUS_INJ_COUNT","BUS_COUNT","CHLDPAS_DEATH_COUNT","CHLDPAS_SUSP_SERIOUS_INJ_COUNT","COLLISION_TYPE","COMM_VEH_COUNT","CONS_ZONE_SPD_LIM","COUNTY","CRASH_MONTH","CRASH_YEAR","DAY_OF_WEEK","DEC_LATITUDE","DEC_LONGITUDE","DISPATCH_TM","DISTRICT","DRIVER_COUNT_16YR","DRIVER_COUNT_17YR","DRIVER_COUNT_18YR","DRIVER_COUNT_19YR","DRIVER_COUNT_20YR","DRIVER_COUNT_50_64YR","DRIVER_COUNT_65_74YR","DRIVER_COUNT_75PLUS","EST_HRS_CLOSED","FATAL_COUNT","HEAVY_TRUCK_COUNT","HORSE_BUGGY_COUNT","HOUR_OF_DAY","ILLUMINATION","INJURY_COUNT","INTERSECTION_RELATED","INTERSECT_TYPE","LANE_CLOSED","LATITUDE","LN_CLOSE_DIR","LOCATION_TYPE","LONGITUDE","MAX_SEVERITY_LEVEL","MCYCLE_DEATH_COUNT","MCYCLE_SUSP_SERIOUS_INJ_COUNT","MOTORCYCLE_COUNT","MUNICIPALITY","NONMOTR_COUNT","NONMOTR_DEATH_COUNT","NONMOTR_SUSP_SERIOUS_INJ_COUNT","NTFY_HIWY_MAINT","PED_COUNT","PED_DEATH_COUNT","PED_SUSP_SERIOUS_INJ_COUNT","PERSON_COUNT","POLICE_AGCY","POSSIBLE_INJ_COUNT","RDWY_SURF_TYPE_CD","RELATION_TO_ROAD","ROADWAY_CLEARED","ROAD_CONDITION","SCH_BUS_IND","SCH_ZONE_IND","SECONDARY_CRASH","SMALL_TRUCK_COUNT","SPEC_JURIS_CD","SUSP_MINOR_INJ_COUNT","SUSP_SERIOUS_INJ_COUNT","SUV_COUNT","TCD_FUNC_CD","TCD_TYPE","TFC_DETOUR_IND","TIME_OF_DAY","TOTAL_UNITS","TOT_INJ_COUNT","UNBELTED_OCC_COUNT","UNB_DEATH_COUNT","UNB_SUSP_SERIOUS_INJ_COUNT","UNK_INJ_DEG_COUNT","UNK_INJ_PER_COUNT","URBAN_RURAL","VAN_COUNT","VEHICLE_COUNT","WEATHER1","WEATHER2","WORKERS_PRES","WORK_ZONE_IND","WORK_ZONE_LOC","WORK_ZONE_TYPE","WZ_CLOSE_DETOUR","WZ_FLAGGER","WZ_LAW_OFFCR_IND","WZ_LN_CLOSURE","WZ_MOVING","WZ_OTHER","WZ_SHLDER_MDN","WZ_WORKERS_INJ_KILLED"
"2008041524","","1","0","0","0","0","0","0","0","0","7","0","","02","2","2008","1","40.416664","-79.988238","0046","11","0","0","0","0","0","0","0","0","1","0","0","0","","","2","","0","","40 24:59.992","1","0","79 59:17.655","4","0","0","0","2301","0","0","0","","0","0","0","2","02301","2","","5.0","","2","","","","0","","0","0","0","","0","N","","1","2","1","0","0","0","0","2","0","1","","","","N","","","","","","","","","",""
"2008041525","","1","0","0","0","0","0","0","0","0","7","0","","02","2","2008","1","40.406403","-80.003787","0300","11","0","0","0","0","0","0","0","0","9","0","0","0","","","2","","0","","40 24:23.049","4","0","80 00:13.634","8","0","0","0","2301","0","0","0","N","0","0","0","2","02301","0","","3.0","","2","N","N","","0","","0","0","0","","0","Y","","1","2","1","0","0","2","0","2","0","1","","","","N","","","","","","","","","",""
"2008041526","","1","0","0","0","0","0","0","0","0","7","0","","02","2","2008","1","40.414958","-80.011375","0414","11","0","0","0","0","0","0","0","0","","0","0","0","","","0","","0","","40 24:53.848","","0","80 00:40.950","0","0","0","0","2301","0","0","0","N","0","0","0","1","02301","0","","4.0","","2","N","N","","0","","0","0","0","","0","","","1","0","0","0","0","0","0","2","0","1","","","","N","","","","","","","","","",""
"2008041527","","2","0","0","0","0","0","0","0","0","1","0","","02","2","2008","1","40.424805","-79.979558","0310","11","0","0","1","0","0","0","0","0","","0","0","0","","","0","","3","","40 25:29.298","","0","79 58:46.408","9","0","0","0","2301","0","0","0","","0","0","0","4","02301","0","","1.0","","1","","","","0","","0","0","0","","3","","","2","0","0","0","0","0","1","2","0","2","","","","N","","","","","","","","","",""
"2008041528","","0","0","0","0","0","0","0","0","0","7","0","","02","2","2008","3","40.424722","-80.018975","0343","11","0","0","0","0","0","0","0","0","1","0","0","0","","","0","","0","","40 25:29.000","4","0","80 01:08.311","0","0","0","0","2301","0","0","0","N","0","0","0","2","02301","0","","4.0","","6","N","N","","0","","0","0","1","","0","N","","1","0","0","0","0","0","0","2","0","1","","","","N","","","","","","","","","",""
"2008041529","","1","0","0","0","0","0","0","0","0","4","0","","02","2","2008","5","40.426227","-79.96752","1520","11","0","0","0","0","0","0","0","1","1","0","0","0","","","0","","1","","40 25:34.417","6","0","79 58:03.072","0","0","0","0","2301","0","0","0","N","0","0","0","2","02301","0","","1.0","","1","N","N","","0","","0","0","1","","3","N","","2","0","0","0","0","0","0","2","0","2","","","","N","","","","","","","","","",""
"2008041530","","2","0","0","0","0","0","0","0","0","1","0","","02","2","2008","5","40.432834","-80.005073","1818","11","0","0","0","0","0","0","0","0","","0","0","0","","","0","","3","","40 25:58.201","","0","80 00:18.261","0","0","0","0","2301","0","0","0","N","0","0","0","3","02301","0","","1.0","","1","N","N","","0","","0","0","0","","2","","","2","0","0","0","0","0","0","2","0","2","","","","N","","","","","","","","","",""
"2008041531","","1","0","0","0","0","0","0","0","0","1","1","","02","2","2008","6","40.410432","-79.990382","1146","11","0","0","0","0","0","1","0","0","","0","1","0","","","0","","2","","40 24:37.555","","0","79 59:25.375","0","0","0","0","2301","0","0","0","N","0","0","0","2","02301","0","","1.0","","9","N","N","","0","","0","0","0","","0","","","2","0","2","0","0","0","0","2","0","2","","","","N","","","","","","","","","",""
"2008041532","","2","0","0","0","0","0","0","0","0","1","0","","02","2","2008","1","40.384574","-79.977209","1200","11","0","0","0","0","0","0","0","0","","0","0","0","","","0","","0","","40 23:04.468","","0","79 58:37.952","0","0","0","0","2301","0","0","0","N","0","0","0","2","02301","0","","1.0","","1","N","N","","0","","0","0","0","","0","","","2","0","0","0","0","0","0","2","0","2","","","","N","","","","","","","","","",""
"2008041533","","1","0","0","0","0","0","0","0","0","8","0","","02","2","2008","2","40.428671","-79.989762","0919","11","0","0","0","0","0","1","0","0","1","0","0","0","","","1","","1","","40 25:43.217","7","0","79 59:23.143","3","0","0","0","2301","1","0","0","N","1","0","0","2","02301","0","","1.0","","1","N","N","","0","","1","0","0","","3","N","","2","1","0","0","0","0","0","2","0","1","","","","N","","","","","","","","","",""
"2008041534","","2","0","0","0","0","0","0","0","0","4","0","","02","2","2008","3","40.426251","-80.007779","0312","11","0","0","0","0","0","0","0","0","","0","0","0","","","0","","0","","40 25:34.503","","0","80 00:28.004","9","0","0","0","2301","0","0","0","","0","0","0","1","02301","0","","3.0","","6","N","N","","0","","0","0","0","","0","","","3","0","0","0","0","0","1","2","0","3","","","","N","","","","","","","","","",""
"2008041535","","1","0","0","0","0","0","0","0","0","7","0","","02","2","2008","3","40.40863","-80.028653","2030","11","0","0","0","0","0","0","0","0","","0","0","0","","","0","","0","","40 24:31.068","","0","80 01:43.150","0","0","0","0","2301","0","0","0","","0","0","0","1","02301","0","","5.0","","2","","","","0","","0","0","0","","0","","","1","0","0","0","0","0","0","2","0","1","","","","N","","","","","","","","","",""
"2008041536","","1","0","0","0","0","0","0","0","0","8","0","","02","2","2008","3","40.4159","-79.970796","2144","11","0","0","0","0","0","0","0","0","","0","0","0","","","1","","0","","40 24:57.240","","0","79 58:14.865","4","0","0","0","2301","1","0","0","","1","0","0","2","02301","1","","1.0","","7","","","","0","","0","0","0","","0","","","2","1","0","0","0","0","1","2","0","1","","","","N","","","","","","","","","",""
"2008041537","","0","0","0","0","0","0","0","0","0","7","0","","02","2","2008","6","40.39626","-79.996808","1805","11","0","0","0","0","0","0","0","0","","0","0","0","","","1","","0","","40 23:46.535","","0","79 59:48.510","8","0","0","0","2301","0","0","0","N","0","0","0","1","02301","0","","2.0","","2","N","N","","0","","0","0","1","","3","","","1","1","0","0","0","1","0","2","0","1","","","","N","","","","","","","","","",""
"2008041538","","0","0","0","0","0","0","0","0","0","8","0","","02","2","2008","2","40.395124","-79.986798","1916","11","0","0","0","0","0","0","0","0","","0","0","0","","","1","","1","","40 23:42.446","","0","79 59:12.472","8","0","0","0","2301","1","0","0","N","1","0","0","3","02301","0","","1.0","","1","N","N","","0","","0","0","0","","0","","","2","1","0","0","0","1","0","2","1","1","","","","N","","","","","","","","","",""
"2008041539","","2","0","0","0","0","0","0","0","0","2","0","","02","2","2008","3","40.450696","-79.983047","0228","11","0","0","0","0","0","0","0","0","","0","0","0","","","0","","0","","40 27:02.505","","0","79 58:58.969","0","0","0","0","2301","0","0","0","N","0","0","0","2","02301","0","","1.0","","9","N","N","","0","","0","0","0","","0","","","2","0","0","0","0","0","0","2","0","2","","","","N","","","","","","","","","",""
"2008041540","","3","0","0","0","0","0","0","0","0","5","0","","02","3","2008","1","40.421534","-79.982665","1114","11","0","0","0","0","0","0","0","1","","0","0","0","","","0","","0","","40 25:17.522","","0","79 58:57.594","9","0","0","0","2301","0","0","0","N","0","0","0","1","02301","0","","6.0","","1","N","N","","0","","0","0","0","","0","","","5","0","0","0","0","0","1","2","2","5","","","","N","","","","","","","","","",""
"2008041541","","2","0","0","0","0","0","0","0","0","1","0","","02","3","2008","2","","","0738","11","0","0","0","0","0","1","0","0","","0","0","0","","","0","","10","","40 26:22.20","","3","80 00:37.08","0","0","0","0","2301","0","0","0","N","0","0","0","2","02301","0","","1.0","","1","N","N","","0","","0","0","0","","4","","","2","0","0","0","0","0","0","2","0","2","","","","N","","","","","","","","","",""
"2008041542","","2","0","0","0","0","0","0","0","0","2","0","","02","3","2008","4","40.393557","-80.019747","1109","11","0","0","0","0","0","1","0","0","","0","0","0","","","2","","0","","40 23:36.805","","0","80 01:11.089","3","0","0","0","2301","0","0","0","N","0","0","0","2","02301","0","","1.0","","1","N","N","","0","","2","0","0","","0","","","2","2","1","0","0","0","0","2","0","2","","","","N","","","","","","","","","",""
"2008041543","","1","0","0","0","0","0","0","0","0","0","0","","02","3","2008","3","40.391687","-80.023586","1745","11","0","0","0","0","0","0","0","0","","0","0","0","","","0","","0","","40 23:30.073","","0","80 01:24.909","0","0","0","0","2301","0","0","0","N","0","0","0","1","02301","0","","1.0","","9","N","N","","0","","0","0","0","","0","","","1","0","1","0","0","0","0","2","0","1","","","","N","","","","","","","","","",""
"2008041544","","1","0","0","0","0","0","0","0","0","5","0","","02","3","2008","4","40.413","-80.0079","1902","11","0","0","0","0","0","0","1","0","1","0","0","0","","","0","","7","","40 24:46.800","4","2","80 00:28.440","0","0","0","0","2301","0","0","0","N","0","0","0","2","02301","0","","7.0","","1","N","N","","0","","0","0","1","","0","N","","2","0","0","0","0","0","0","2","0","2","","","","N","","","","","","","","","",""
"2008041545","","1","0","0","0","0","0","0","0","0","7","0","","02","3","2008","5","40.4084","-80.0046","2358","11","0","0","0","0","0","0","0","0","2","0","0","0","","","1","","0","","40 24:30.240","2","0","80 00:16.560","4","0","0","0","2301","0","0","0","N","0","0","0","1","02301","1","","4.0","","1","N","N","","0","","0","0","0","","0","Y","","1","1","0","0","0","0","0","2","0","1","","","","N","","","","","","","","","",""
"2008041546","","1","0","0","0","0","0","0","0","0","1","0","","02","2","2008","6","40.432664","-79.924925","1500","11","0","0","0","0","1","0","0","0","","0","0","0","","","0","","0","","40 25:57.590","","0","79 55:29.730","0","0","0","0","2301","0","0","0","N","0","0","0","1","02301","0","","2.0","","2","N","N","","0","","0","0","1","","0","","","2","0","0","0","0","0","0","2","0","2","","","","N","","","","","","","","","",""
"2008041547","","1","0","0","0","0","0","0","0","0","7","0","25","02","3","2008","4","40.453882","-79.913319","1728","11","0","0","0","0","0","0","0","0","9","0","0","0","","","0","","2","","40 27:13.975","2","0","79 54:47.948","0","0","0","0","2301","0","0","0","N","0","0","0","1","02301","0","","5.0","","1","N","N","","0","","0","0","0","","9","N","","1","0","1","0","0","0","0","2","0","1","","","N","Y","2","1","","","N","Y","","","",""
"2008041548","","0","0","0","0","0","0","0","0","0","0","0","","02","2","2008","6","40.411652","-80.00956","1245","11","0","0","0","0","0","0","0","0","1","0","0","0","","","0","","2","","40 24:41.947","1","0","80 00:34.416","0","0","0","0","2301","0","0","0","N","0","0","0","1","02301","0","","1.0","","1","N","N","","0","","0","0","0","","0","N","","1","0","0","0","0","0","0","2","1","1","","","","N","","","","","","","","","",""
"2008041549","","1","0","0","0","0","0","0","0","0","7","0","","02","2","2008","3","40.406259","-80.003643","0826","11","0","0","0","0","0","0","0","0","","0","0","0","","","0","","0","","40 24:22.531","","0","80 00:13.113","0","0","0","0","2301","0","0","0","N","0","0","0","1","02301","0","","2.0","","7","N","N","","0","","0","0","0","","0","","","1","0","0","0","0","0","0","2","0","1","","","","N","","","","","","","","","",""
"2008041550","","2","0","0","0","0","0","0","0","0","1","0","","02","2","2008","6","40.393885","-79.991488","1946","11","0","0","0","0","0","0","0","0","","0","0","0","","","0","","0","","40 23:37.986","","0","79 59:29.356","0","0","0","0","2301","0","0","0","N","0","0","0","3","02301","0","","6.0","","2","N","N","","0","","0","0","0","","0","","","2","0","0","0","0","0","0","2","0","2","","","","N","","","","","","","","","",""
"2008041551","","1","0","0","0","0","0","0","0","0","7","0","","02","2","2008","4","40.419628","-80.01142","0832","11","0","0","0","0","0","0","0","0","","0","0","0","","","0","","2","","40 25:10.662","","0","80 00:41.112","0","0","0","0","2301","0","0","0","N","0","0","0","1","02301","0","","5.0","","2","N","N","","0","","0","0","0","","0","","","1","0","0","0","0","0","0","2","0","1","","","","N","","","","","","","","","",""
"2008041552","","1","0","0","0","0","0","0","0","0","2","0","","02","2","2008","4","40.384284","-79.978343","1756","11","0","0","0","0","0","0","0","0","","0","0","0","","","0","","0","","40 23:03.423","","0","79 58:42.035","0","0","0","0","2301","0","0","0","","0","0","0","2","02301","0","","1.0","","2","","","","0","","0","0","0","","0","","","2","0","0","0","0","0","0","2","1","2","","","","N","","","","","","","","","",""
"2008041553","","2","0","0","0","0","0","0","0","0","1","0","","02","2","2008","4","40.384253","-79.97834","1830","11","0","0","0","0","0","1","0","0","","0","0","0","","","1","","0","","40 23:03.312","","0","79 58:42.025","3","0","0","0","2301","1","0","0","N","1","0","0","2","02301","0","","1.0","","2","N","N","","0","","1","0","0","","0","","","4","1","0","0","0","0","0","2","1","3","","","","N","","","","","","","","","",""
"2008041554","","1","0","0","0","0","0","0","0","0","4","0","","02","2","2008","6","40.394219","-80.030323","1225","11","0","0","0","0","0","0","0","0","","0","0","0","","","0","","2","","40 23:39.188","","0","80 01:49.162","0","0","0","0","2301","0","0","0","N","0","0","0","2","02301","0","","1.0","","1","N","N","","1","","0","0","0","","3","","","2","0","0","0","0","0","0","2","0","2","","","","N","","","","","","","","","",""
"2008041555","","1","0","0","0","0","0","0","0","0","1","0","","02","2","2008","3","40.411043","-79.955537","1305","11","0","0","0","0","0","0","0","0","","0","0","0","","","1","","2","","40 24:39.753","","0","79 57:19.932","4","0","0","0","2301","0","0","0","N","0","0","0","3","02301","1","","1.0","","1","","N","","0","","0","0","1","","2","","","2","1","0","0","0","0","0","2","0","2","","","","N","","","","","","","","","",""
"2008041556","","1","0","0","0","0","0","0","0","0","0","0","","02","3","2008","2","40.453611","-79.978802","2319","11","0","0","0","0","0","0","0","0","","0","0","0","","","0","","0","","40 27:12.999","","7","79 58:43.687","0","0","0","0","2301","0","0","0","N","0","0","0","1","02301","0","","1.0","","1","N","N","","0","","0","0","0","","0","","","1","0","0","0","0","0","0","2","0","1","","","","N","","","","","","","","","",""
"2008041557","","2","0","0","0","0","0","0","0","0","1","0","","02","3","2008","4","40.425799","-80.019809","0843","11","0","0","0","0","0","0","0","0","","0","0","0","","","1","","1","","40 25:32.876","","0","80 01:11.312","8","0","0","0","2301","0","0","0","N","0","0","0","4","02301","0","","1.0","","1","N","N","","0","","0","0","0","","2","","","2","1","0","0","0","1","0","2","0","2","","","","N","","","","","","","","","",""
"2008041586","","1","0","0","0","0","0","0","0","0","7","0","","02","2","2008","3","40.4272","-80.2024","1755","11","0","0","1","0","0","0","0","0","","0","0","0","","","0","","0","","40 25:37.920","","0","80 12:08.640","0","0","0","0","2214","0","0","0","N","0","0","0","1","02214","0","","4.0","","6","N","N","","0","","0","0","0","","0","","","1","0","0","0","0","0","0","1","0","1","","","","N","","","","","","","","","",""
"2008041587","","1","0","0","0","0","0","0","0","0","7","0","","02","2","2008","7","40.432989","-80.26858","1635","11","0","0","0","0","0","0","0","0","","0","0","0","","","0","","2","","40 25:58.760","","0","80 16:06.888","0","0","0","0","2214","0","0","0","N","0","0","0","1","02214","0","","4.0","","1","N","N","","0","","0","0","0","","0","","","1","0","0","0","0","0","0","2","0","1","","","","N","","","","","","","","","",""
"2008041588","","2","0","0","0","0","0","0","0","0","4","0","","02","2","2008","7","40.450565","-80.174348","1915","11","0","0","1","0","0","0","0","0","","0","0","0","","","1","","1","","40 27:02.034","","0","80 10:27.653","8","0","0","0","2214","0","0","0","N","0","0","0","3","02214","0","","1.0","","1","N","N","","0","","0","0","0","","2","","","2","1","0","0","0","1","0","2","0","2","","","","N","","","","","","","","","",""
"2008041589","","0","0","0","0","0","0","0","0","0","7","0","","02","3","2008","7","40.45213","-80.232996","1538","11","0","0","0","0","0","1","0","0","","0","0","0","","","1","","0","","40 27:07.668","","0","80 13:58.785","4","0","0","0","2214","0","0","0","N","0","0","0","1","02214","1","","5.0","","7","N","N","","1","","0","0","0","","0","","","1","1","0","0","0","0","0","2","0","1","","","","N","","","","","","","","","",""
"2008041601","","1","0","0","0","0","0","0","0","0","8","0","","02","3","2008","4","40.439176","-80.211776","1851","11","0","0","0","0","1","0","0","0","","0","0","0","","","1","","1","","40 26:21.034","","0","80 12:42.394","8","0","0","0","2214","1","0","0","N","1","0","0","4","02214","0","","1.0","","1","N","N","","0","","0","0","0","","2","","","2","1","0","0","0","1","0","2","0","1","","","","N","","","","","","","","","",""
"2008041615","","1","0","0","0","0","0","0","0","0","2","1","","02","3","2008","2","40.436507","-79.998704","1047","11","0","0","0","0","0","0","0","0","","0","1","0","","","1","","2","","40 26:11.425","","0","79 59:55.334","2","0","0","0","2301","0","0","0","N","0","0","0","2","02301","0","","1.0","","1","N","N","","0","","0","1","0","","2","","","2","1","0","0","0","0","1","2","0","2","","","","N","","","","","","","","","",""
"2008041616","","1","0","0","0","0","0","0","0","0","7","0","","02","2","2008","3","40.395219","-80.016302","1125","11","0","0","0","0","0","0","0","0","2","0","0","0","","","1","","0","","40 23:42.788","6","0","80 00:58.687","4","0","0","0","2301","0","0","0","N","0","0","0","2","02301","1","","5.0","","2","N","N","","0","","0","0","0","","0","N","","1","1","0","0","0","0","0","2","0","1","","","","N","","","","","","","","","",""
"2008041617","","0","0","0","0","0","0","0","0","0","7","0","","02","2","2008","4","40.433771","-80.037801","0617","11","0","0","0","0","0","0","0","0","","0","0","0","","","1","","0","","40 26:01.575","","0","80 02:16.085","3","0","0","0","2301","0","0","0","N","0","0","0","1","02301","0","","4.0","","2","N","N","","0","","1","0","1","","0","","","1","1","0","0","0","0","0","2","0","1","","","","N","","","","","","","","","",""
"2008041618","","2","0","0","0","0","0","0","0","0","4","0","","02","2","2008","3","40.463938","-79.924451","0545","11","0","0","0","0","0","0","0","0","2","0","0","0","","","2","","1","","40 27:50.176","5","0","79 55:28.022","4","0","0","0","2301","0","0","0","N","0","0","0","2","02301","2","","1.0","","1","N","N","","0","","0","0","0","","2","Y","","2","2","0","0","0","0","0","2","0","2","","","","N","","","","","","","","","",""
"2008041619","","2","0","0","0","0","0","0","0","0","4","0","","02","2","2008","3","40.44638","-79.996629","1330","11","0","0","0","0","0","0","0","0","2","0","0","0","","","1","","2","","40 26:46.969","3","0","79 59:47.863","4","0","0","0","2301","0","0","0","N","0","0","0","2","02301","1","","1.0","","3","N","N","","0","","0","0","0","","2","N","","2","1","0","0","0","0","0","2","0","2","","","","N","","","","","","","","","",""
"2008041620","","2","0","0","0","0","0","0","0","0","4","0","","02","2","2008","1","40.402012","-80.000594","1107","11","0","0","0","0","0","0","1","0","","0","0","0","","","0","","1","","40 24:07.244","","0","80 00:02.140","0","0","0","0","2301","0","0","0","N","0","0","0","2","02301","0","","1.0","","1","N","N","","0","","0","0","0","","1","","","2","0","0","0","0","0","0","2","0","2","","","","N","","","","","","","","","",""
"2008041637","","2","0","0","0","0","0","0","0","0","1","1","","02","2","2008","3","40.4938","-79.9094","0926","11","0","0","0","0","0","1","0","0","","0","0","0","","","0","","7","","40 29:37.680","","2","79 54:33.840","0","0","0","0","2301","0","0","0","N","0","0","0","3","02301","0","","1.0","","9","N","N","","1","","0","0","0","","0","","","3","0","0","0","0","0","0","2","0","3","","","","N","","","","","","","","","",""
"2008041638","","1","0","0","0","0","0","0","0","0","6","0","","02","2","2008","6","40.48771","-79.920116","0815","11","0","0","0","0","0","2","0","0","","0","0","0","","","2","","0","","40 29:15.756","","0","79 55:12.419","4","0","0","0","2301","0","0","0","","0","0","0","2","02301","2","","1.0","","6","","","","0","","0","0","1","","0","","","2","2","0","0","0","0","0","2","0","2","","","","N","","","","","","","","","",""
"2008041639","","1","0","0","0","0","0","0","0","0","7","0","","02","2","2008","1","40.489143","-79.933326","0841","11","0","0","0","0","0","0","1","0","3","0","0","0","","","1","","3","","40 29:20.914","4","0","79 55:59.975","4","0","0","0","2301","0","0","0","N","0","0","0","1","02301","1","","4.0","","2","N","N","","0","","0","0","0","","0","N","","1","1","0","0","0","0","0","2","0","1","","","","N","","","","","","","","","",""
"2008041640","","2","0","0","0","0","0","0","0","0","4","0","","02","2","2008","1","40.459997","-79.945927","1324","11","0","0","0","0","0","1","0","0","","0","0","0","","","0","","1","","40 27:35.989","","0","79 56:45.337","0","0","0","0","2301","0","0","0","N","0","0","0","2","02301","0","","1.0","","1","N","N","","0","","0","0","0","","2","","","2","0","0","0","0","0","0","2","0","2","","","","N","","","","","","","","","",""
"2008041641","","2","0","0","0","0","0","0","0","0","2","0","","02","2","2008","3","40.461803","-79.949247","0925","11","0","0","0","0","0","0","0","0","","0","0","0","","","1","","0","","40 27:42.490","","0","79 56:57.289","8","0","0","0","2301","0","0","0","N","0","0","0","1","02301","0","","6.0","","7","N","N","","0","","0","0","0","","0","","","2","1","1","0","0","1","0","2","0","2","","","","N","","","","","","","","","",""
"2008041642","","1","0","0","0","0","0","0","0","0","7","0","","02","2","2008","3","40.468971","-79.947183","0240","11","0","0","0","0","0","0","0","0","","0","0","0","","","0","","0","","40 28:08.295","","0","79 56:49.858","0","0","0","0","2301","0","0","0","","0","0","0","1","02301","0","","2.0","","7","","","","0","","0","0","0","","0","","","1","0","0","0","0","0","0","2","0","1","","","","N","","","","","","","","","",""
"2008041644","","2","0","0","0","0","0","0","0","0","4","0","","02","2","2008","3","40.444007","-79.925436","1452","11","0","0","0","0","0","0","1","0","","0","0","0","","","1","","2","","40 26:38.426","","0","79 55:31.569","8","0","0","0","2301","0","0","0","N","0","0","0","2","02301","0","","1.0","","1","N","N","","0","","0","0","0","","3","","","2","1","0","0","0","1","0","2","0","2","","","","N","","","","","","","","","",""
"2008041645","","3","0","0","0","0","0","0","0","0","4","0","","02","2","2008","5","40.452414","-79.952368","1330","11","0","0","0","0","1","0","0","0","","0","0","0","","","0","","2","","40 27:08.690","","0","79 57:08.524","0","0","0","0","2301","0","0","0","N","0","0","0","3","02301","0","","2.0","","1","N","N","","0","","0","0","0","","3","","","3","0","0","0","0","0","0","2","0","3","","","","N","","","","","","","","","",""
"2008041646","","1","0","0","0","0","0","0","0","0","5","0","","02","2","2008","6","40.449087","-79.929191","1940","11","0","0","0","0","0","1","0","0","2","0","0","0","","","1","","0","","40 26:56.712","5","0","79 55:45.086","3","0","0","0","2301","0","0","0","N","0","0","0","2","02301","0","","1.0","","7","N","N","","0","","1","0","1","","0","Y","","2","1","0","0","0","0","0","2","0","2","","","","N","","","","","","","","","",""
"2008041647","","3","0","0","0","0","0","0","0","0","1","0","","02","3","2008","4","40.433524","-79.918552","1752","11","0","0","0","0","0","1","0","0","1","0","0","0","","","0","","1","","40 26:00.686","1","0","79 55:06.787","0","0","0","0","2301","0","0","0","N","0","0","0","1","02301","0","","6.0","","1","N","N","","0","","0","0","0","","0","N","","3","0","0","0","0","0","0","2","0","3","","","","N","","","","","","","","","",""
"2008041648","","1","0","0","0","0","0","0","0","0","7","0","","02","3","2008","5","40.424915","-79.952098","0230","11","0","0","0","0","0","0","0","0","3","0","0","0","","","1","","1","","40 25:29.695","7","0","79 57:07.552","2","0","0","0","2301","0","0","0","N","0","0","0","1","02301","0","","4.0","","1","N","N","","0","","0","1","0","","1","Y","","1","1","1","0","1","0","0","2","0","1","","","","N","","","","","","","","","",""
"2008041649","","0","0","0","0","0","0","1","0","0","8","1","","02","2","2008","4","40.439368","-79.961815","0850","11","0","0","0","0","0","1","0","0","","0","0","0","","","1","","2","","40 26:21.724","","0","79 57:42.534","4","0","0","0","2301","1","0","0","N","1","0","0","2","02301","1","","1.0","","2","N","N","","0","","0","0","0","","3","","","2","1","0","0","0","0","0","2","0","1","","","","N","","","","","","","","","",""
"2008041650","","1","0","0","0","0","0","0","0","0","4","0","","02","2","2008","1","40.446046","-79.927267","1544","11","0","0","0","0","0","1","0","0","1","0","0","0","","","1","","1","","40 26:45.765","5","0","79 55:38.161","8","0","0","0","2301","0","0","0","N","0","0","0","2","02301","0","","1.0","","1","N","N","","1","","0","0","0","","3","N","","2","1","0","0","0","1","0","2","0","2","","","","N","","","","","","","","","",""
"2008041651","","2","0","0","0","0","0","0","0","0","2","0","","02","2","2008","5","40.422732","-79.930044","2237","11","0","0","0","0","2","0","0","0","1","0","0","0","","","0","","2","","40 25:21.835","4","0","79 55:48.158","0","0","0","0","2301","0","0","0","N","0","0","0","2","02301","0","","1.0","","7","N","N","","0","","0","0","0","","0","N","","2","0","0","0","0","0","0","2","0","2","","","","N","","","","","","","","","",""
"2008041652","","4","0","0","0","0","0","0","0","0","4","0","","02","2","2008","6","40.440461","-79.953022","1904","11","0","0","0","0","1","0","0","0","3","0","0","0","","","1","","0","","40 26:25.660","6","0","79 57:10.880","3","0","0","0","2301","0","0","0","N","0","0","0","5","02301","0","","7.0","","2","N","N","","0","","1","0","1","","0","Y","","5","1","0","0","0","0","0","2","0","5","","","","N","","","","","","","","","",""
"2008041654","","1","0","0","0","0","0","0","0","0","7","0","","02","2","2008","3","40.424916","-79.952061","1114","11","0","0","0","0","0","0","0","0","2","0","0","0","","","0","","5","","40 25:29.698","3","0","79 57:07.420","0","0","0","0","2301","0","0","0","N","0","0","0","1","02301","0","","4.0","","6","N","N","","0","","0","0","0","","2","N","","1","0","0","0","0","0","0","2","0","1","","","","N","","","","","","","","","",""
"2008041655","","1","0","0","0","0","0","0","0","0","7","0","","02","2","2008","3","40.378378","-79.92232","1454","11","0","0","0","0","0","0","0","0","1","0","0","0","","","0","","0","","40 22:42.159","5","0","79 55:20.351","0","0","0","0","2301","0","0","0","N","0","0","0","1","02301","0","","5.0","","6","N","N","","0","","0","0","0","","0","N","","1","0","1","0","0","0","0","2","0","1","","","","N","","","","","","","","","",""
"2008041656","","0","0","0","0","0","0","0","0","0","0","0","","02","2","2008","4","40.3938","-79.9346","0938","11","0","0","0","0","0","0","0","0","2","0","0","0","","","0","","3","","40 23:37.680","1","3","79 56:04.560","0","0","0","0","2301","0","0","0","N","0","0","0","1","02301","0","","2.0","","2","N","N","","0","","0","0","0","","4","N","","1","0","0","0","0","0","0","2","1","1","","","","N","","","","","","","","","",""