"CRN","ARRIVAL_TM","AUTOMOBILE_COUNT","BELTED_DEATH_COUNT","BELTED_SUSP_SERIOUS_INJ_COUNT","BICYCLE_COUNT","BICYCLE_DEATH_COUNT","BICYCLE_SUSP_SERIOUS_INJ_COUNT","BUS_COUNT","CHLDPAS_DEATH_COUNT","CHLDPAS_SUSP_SERIOUS_INJ_COUNT","COLLISION_TYPE","COMM_VEH_COUNT","CONS_ZONE_SPD_LIM","COUNTY","CRASH_MONTH","CRASH_YEAR","DAY_OF_WEEK","DEC_LATITUDE","DEC_LONGITUDE","DISPATCH_TM","DISTRICT","DRIVER_COUNT_16YR","DRIVER_COUNT_17YR","DRIVER_COUNT_18YR","DRIVER_COUNT_19YR","DRIVER_COUNT_20YR","DRIVER_COUNT_50_64YR","DRIVER_COUNT_65_74YR","DRIVER_COUNT_75PLUS","EST_HRS_CLOSED","FATAL_COUNT","HEAVY_TRUCK_COUNT","HORSE_BUGGY_COUNT","HOUR_OF_DAY","ILLUMINATION","INJURY_COUNT","INTERSECTION_RELATED","INTERSECT_TYPE","LANE_CLOSED","LATITUDE","LN_CLOSE_DIR","LOCATION_TYPE","LONGITUDE","MAX_SEVERITY_LEVEL","MCYCLE_DEATH_COUNT","MCYCLE_SUSP_SERIOUS_INJ_COUNT","MOTORCYCLE_COUNT","MUNICIPALITY","NONMOTR_COUNT","NONMOTR_DEATH_COUNT","NONMOTR_SUSP_SERIOUS_INJ_COUNT","NTFY_HIWY_MAINT","PED_COUNT","PED_DEATH_COUNT","PED_SUSP_SERIOUS_INJ_COUNT","PERSON_COUNT","POLICE_AGCY","POSSIBLE_INJ_COUNT","RDWY_SURF_TYPE_CD","RELATION_TO_ROAD","ROADWAY_CLEARED","ROAD_CONDITION","SCH_BUS_IND","SCH_ZONE_IND","SECONDARY_CRASH","SMALL_TRUCK_COUNT","SPEC_JURIS_CD","SUSP_MINOR_INJ_COUNT","SUSP_SERIOUS_INJ_COUNT","SUV_COUNT","TCD_FUNC_CD","TCD_TYPE","TFC_DETOUR_IND","TIME_OF_DAY","TOTAL_UNITS","TOT_INJ_COUNT","UNBELTED_OCC_COUNT","UNB_DEATH_COUNT","UNB_SUSP_SERIOUS_INJ_COUNT","UNK_INJ_DEG_COUNT","UNK_INJ_PER_COUNT","URBAN_RURAL","VAN_COUNT","VEHICLE_COUNT","WEATHER1","WEATHER2","WORKERS_PRES","WORK_ZONE_IND","WORK_ZONE_LOC","WORK_ZONE_TYPE","WZ_CLOSE_DETOUR","WZ_FLAGGER","WZ_LAW_OFFCR_IND","WZ_LN_CLOSURE","WZ_MOVING","WZ_OTHER","WZ_SHLDER_MDN","WZ_WORKERS_INJ_KILLED"
"2008041657","","1","0","0","0","0","0","0","0","0","7","0","","02","2","2008","6","40.439569","-79.89982","1024","11","0","0","0","0","0","0","0","0","2","0","0","0","","","0","","0","","40 26:22.447","3","0","79 53:59.352","0","0","0","0","2301","0","0","0","N","0","0","0","1","02301","0","","4.0","","2","N","N","","0","","0","0","0","","0","N","","1","0","0","0","0","0","0","2","0","1","","","","N","","","","","","","","","",""
"2008041658","","0","0","0","0","0","0","0","0","0","6","0","","02","2","2008","3","40.434956","-79.992845","0528","11","0","0","0","0","0","2","0","0","1","0","0","0","","","0","","0","","40 26:05.842","6","0","79 59:34.242","0","0","0","0","2301","0","0","0","N","0","0","0","2","02301","0","","1.0","","1","N","N","","1","","0","0","1","","1","N","","2","0","0","0","0","0","0","2","0","2","","","","N","","","","","","","","","",""
"2008041659","","0","0","0","0","0","0","0","0","0","0","1","","02","2","2008","2","40.460764","-79.96994","1523","11","0","0","0","0","0","0","0","0","","0","1","0","","","0","","1","","40 27:38.749","","0","79 58:11.785","0","0","0","0","2301","0","0","0","N","0","0","0","1","02301","0","","1.0","","1","N","N","","0","","0","0","0","","0","","","1","0","0","0","0","0","0","2","0","1","","","","N","","","","","","","","","",""
"2008041660","","2","0","0","0","0","0","0","0","0","4","0","","02","2","2008","1","40.455625","-79.966122","0253","11","0","0","0","0","0","0","0","0","1","0","0","0","","","0","","5","","40 27:20.250","3","0","79 57:58.040","0","0","0","0","2301","0","0","0","N","0","0","0","3","02301","0","","1.0","","1","N","N","","0","","0","0","0","","2","Y","","2","0","0","0","0","0","0","2","0","2","","","","N","","","","","","","","","",""
"2008041661","","0","0","0","0","0","0","0","0","0","8","0","","02","2","2008","4","40.452269","-79.9823","0948","11","0","0","0","0","0","1","0","0","","0","0","0","","","1","","1","","40 27:08.168","","0","79 58:56.280","8","0","0","0","2301","1","0","0","N","1","0","0","2","02301","0","","1.0","","9","N","N","","0","","0","0","0","","2","","","2","1","0","0","0","1","0","2","1","1","","","","N","","","","","","","","","",""
"2008041662","","2","0","0","0","0","0","0","0","0","4","0","","02","2","2008","6","40.44294","-79.967861","1230","11","0","0","0","0","0","0","0","0","1","0","0","0","","","1","","0","","40 26:34.584","4","0","79 58:04.299","8","0","0","0","2301","0","0","0","","0","0","0","6","02301","0","","1.0","","7","","","","0","","0","0","0","","0","Y","","2","1","0","0","0","1","0","2","0","2","","","","N","","","","","","","","","",""
"2008041663","","1","0","0","0","0","0","0","0","0","99","0","","02","2","2008","2","","","0144","11","0","0","0","0","0","0","0","0","","0","0","0","","","0","","0","","","","3","","9","0","0","0","2301","0","0","0","N","0","0","0","1","02301","0","","9.0","","1","N","N","","0","","0","0","0","","0","","","1","0","0","0","0","0","1","1","0","1","","","","N","","","","","","","","","",""
"2008041664","","2","0","0","0","0","0","0","0","0","4","0","","02","3","2008","4","40.469495","-79.962269","0740","11","0","0","0","0","0","0","0","0","","0","0","0","","","1","","1","","40 28:10.182","","0","79 57:44.168","8","0","0","0","2301","0","0","0","N","0","0","0","2","02301","0","","1.0","","9","N","N","","0","","0","0","0","","3","","","2","1","0","0","0","1","0","2","0","2","","","","N","","","","","","","","","",""
"2008041665","","1","0","0","0","0","0","0","0","0","5","0","","02","3","2008","3","40.440445","-79.960321","1615","11","0","0","0","0","0","0","0","0","","0","0","0","","","0","","1","","40 26:25.602","","0","79 57:37.155","9","0","0","0","2301","0","0","0","N","0","0","0","2","02301","0","","1.0","","1","N","N","","1","","0","0","0","","2","","","2","0","0","0","0","0","1","2","0","2","","","","N","","","","","","","","","",""
"2008041674","","2","0","0","0","0","0","0","0","0","1","0","","02","2","2008","1","40.428702","-79.988423","0236","11","0","0","0","0","1","0","0","0","","0","0","0","","","0","","0","","40 25:43.327","","0","79 59:18.323","9","0","0","0","2301","0","0","0","","0","0","0","4","02301","0","","1.0","","1","N","N","","0","","0","0","0","","0","","","2","0","0","0","0","0","1","2","0","2","","","","N","","","","","","","","","",""
"2008041675","","1","0","0","0","0","0","0","0","0","1","0","","02","2","2008","1","40.429116","-79.959322","1645","11","0","0","0","0","0","0","0","0","2","0","0","0","","","0","","0","","40 25:44.817","3","3","79 57:33.560","0","0","0","0","2301","0","0","0","N","0","0","0","2","02301","0","","1.0","","1","N","N","","0","","0","0","1","","0","N","","2","0","0","0","0","0","0","2","0","2","","","","N","","","","","","","","","",""
"2008041676","","1","0","0","0","0","0","0","0","0","7","0","","02","2","2008","3","40.449655","-80.064422","0950","11","0","0","0","0","0","0","0","0","","0","0","0","","","0","","0","","40 26:58.758","","0","80 03:51.919","0","0","0","0","2301","0","0","0","N","0","0","0","1","02301","0","","2.0","","2","N","N","","0","","0","0","0","","0","","","1","0","0","0","0","0","0","2","0","1","","","","N","","","","","","","","","",""
"2008041677","","1","0","0","0","0","0","0","0","0","7","0","","02","2","2008","1","40.44414","-80.028092","0306","11","0","0","0","0","0","0","0","0","4","0","0","0","","","0","","10","","40 26:38.905","4","0","80 01:41.132","0","0","0","0","2301","0","0","0","N","0","0","0","4","02301","0","","3.0","","1","N","N","","0","","0","0","0","","2","N","","1","0","0","0","0","0","0","2","0","1","","","","N","","","","","","","","","",""
"2008041678","","2","0","0","0","0","0","0","0","0","4","0","","02","2","2008","7","40.448652","-80.002304","1933","11","0","0","0","0","0","1","0","0","","0","0","0","","","3","","1","","40 26:55.147","","0","80 00:08.294","4","0","0","0","2301","0","0","0","N","0","0","0","3","02301","3","","1.0","","9","N","N","","0","","0","0","0","","2","","","2","3","0","0","0","0","0","2","0","2","","","","N","","","","","","","","","",""
"2008041679","","0","0","0","0","0","0","0","0","0","7","0","","02","2","2008","4","40.433626","-80.049603","0730","11","0","0","0","0","0","0","0","0","","0","0","0","","","1","","2","","40 26:01.053","","0","80 02:58.570","4","0","0","0","2301","0","0","0","N","0","0","0","1","02301","1","","4.0","","9","N","N","","0","","0","0","1","","0","","","1","1","1","0","0","0","0","2","0","1","","","","N","","","","","","","","","",""
"2008041680","","1","0","0","0","0","0","0","0","0","4","0","","02","2","2008","4","40.448025","-80.062108","1637","11","0","0","0","0","0","0","0","0","","0","0","0","","","0","","2","","40 26:52.890","","0","80 03:43.588","0","0","0","0","2301","0","0","0","N","0","0","0","2","02301","0","","1.0","","1","N","N","","1","","0","0","0","","0","","","2","0","0","0","0","0","0","2","0","2","","","","N","","","","","","","","","",""
"2008041681","","1","0","0","0","0","0","0","0","0","7","0","","02","3","2008","7","40.422279","-80.067172","0230","11","0","0","0","0","0","0","0","0","","0","0","0","","","1","","0","","40 25:20.205","","0","80 04:01.820","4","0","0","0","2301","0","0","0","N","0","0","0","1","02301","1","","2.0","","2","N","N","","0","","0","0","0","","0","","","1","1","0","0","0","0","0","2","0","1","","","","N","","","","","","","","","",""
"2008041682","","0","0","0","0","0","0","0","0","0","7","0","","02","3","2008","7","40.437129","-80.040018","0320","11","0","0","0","0","0","0","0","0","1","0","0","0","","","0","","0","","40 26:13.664","3","0","80 02:24.065","0","0","0","0","2301","0","0","0","N","0","0","0","2","02301","0","","4.0","","2","N","N","","0","","0","0","0","","0","N","","1","0","1","0","0","0","0","2","1","1","","","","N","","","","","","","","","",""
"2008041683","","1","0","0","0","0","0","0","0","0","6","0","","02","2","2008","6","40.443546","-80.054034","1355","11","0","1","0","0","0","0","0","0","1","0","0","0","","","0","","2","","40 26:36.765","5","0","80 03:14.522","0","0","0","0","2301","0","0","0","N","0","0","0","2","02301","0","","1.0","","2","N","N","","0","","0","0","1","","3","Y","","2","0","1","0","0","0","0","2","0","2","","","","N","","","","","","","","","",""
"2008041684","","1","0","0","0","0","0","0","0","0","7","0","","02","2","2008","1","40.428768","-80.040523","1155","11","0","0","0","0","0","0","0","0","3","0","0","0","","","0","","0","","40 25:43.565","7","0","80 02:25.882","0","0","0","0","2301","0","0","0","N","0","0","0","2","02301","0","","5.0","","2","N","N","","0","","0","0","0","","0","Y","","1","0","0","0","0","0","0","2","0","1","","","","N","","","","","","","","","",""
"2008041685","","2","0","0","0","0","0","0","0","0","1","0","","02","2","2008","3","40.448274","-80.044128","1442","11","0","0","0","0","0","0","0","0","","0","0","0","","","0","","0","","40 26:53.786","","0","80 02:38.860","0","0","0","0","2301","0","0","0","N","0","0","0","1","03201","0","","4.0","","7","N","N","","0","","0","0","0","","0","","","2","0","0","0","0","0","0","2","0","2","","","","N","","","","","","","","","",""
"2008041686","","0","0","0","0","0","0","0","0","0","7","0","","02","2","2008","4","40.446251","-80.044061","1227","11","0","0","0","0","0","0","0","0","","0","0","0","","","0","","0","","40 26:46.503","","0","80 02:38.619","0","0","0","0","2301","0","0","0","N","0","0","0","1","02301","0","","5.0","","9","N","N","","0","","0","0","1","","0","","","1","0","0","0","0","0","0","2","0","1","","","","N","","","","","","","","","",""
"2008041687","","0","0","0","0","0","0","0","0","0","7","0","","02","2","2008","4","40.459699","-80.058063","2034","11","0","0","0","0","0","0","0","0","2","0","0","0","","","2","","0","","40 27:34.916","1","0","80 03:29.026","8","0","0","0","2301","0","0","0","N","0","0","0","2","02301","0","","5.0","","2","N","N","","0","","0","0","1","","0","Y","","1","2","1","0","0","2","0","2","0","1","","","","N","","","","","","","","","",""
"2008041688","","2","0","0","0","0","0","0","0","0","4","0","","02","2","2008","1","40.396105","-79.997097","1147","11","0","0","0","0","0","1","0","0","","0","0","0","","","0","","2","","40 23:45.978","","0","79 59:49.549","9","0","0","0","2301","0","0","0","N","0","0","0","3","02301","0","","1.0","","9","N","N","","0","","0","0","0","","3","","","2","0","0","0","0","0","1","2","0","2","","","","N","","","","","","","","","",""
"2008041689","","2","0","0","0","0","0","0","0","0","2","0","","02","2","2008","2","40.423912","-79.9777","0237","11","0","0","0","1","0","0","0","0","3","0","0","0","","","2","","1","","40 25:26.083","7","0","79 58:39.720","3","0","0","0","2301","0","0","0","N","0","0","0","2","02301","0","","1.0","","9","N","N","","0","","2","0","0","","2","Y","","2","2","1","0","0","0","0","2","0","2","","","","N","","","","","","","","","",""
"2008041690","","1","0","0","0","0","0","0","0","0","7","0","","02","2","2008","5","40.454856","-79.945568","0341","11","0","0","0","0","0","0","0","0","4","0","0","0","","","3","","0","","40 27:17.482","3","0","79 56:44.044","2","0","0","0","2301","0","0","0","Y","0","0","0","3","02301","0","","3.0","","1","N","N","","0","","0","3","0","","0","Y","","1","3","3","0","3","0","0","2","0","1","","","","N","","","","","","","","","",""
"2008041691","","1","0","0","0","0","0","0","0","0","7","0","","02","2","2008","3","40.4441","-80.0294","1031","11","0","0","0","0","0","0","0","0","","0","0","0","","","0","","1","","40 26:38.760","","0","80 01:45.840","0","0","0","0","2301","0","0","0","N","0","0","0","1","02301","0","","4.0","","7","N","N","","0","","0","0","0","","0","","","1","0","0","0","0","0","0","2","0","1","","","","N","","","","","","","","","",""
"2008041692","","0","0","0","0","0","0","0","0","0","7","0","","02","2","2008","3","40.452539","-80.070953","1710","11","0","0","0","0","0","1","0","0","2","0","0","0","","","1","","0","","40 27:09.140","7","0","80 04:15.430","4","0","0","0","2301","0","0","0","N","0","0","0","1","02301","1","","2.0","","2","N","N","","1","","0","0","0","","0","N","","1","1","0","0","0","0","0","2","0","1","","","","N","","","","","","","","","",""
"2008041693","","1","0","0","0","0","0","0","0","0","7","0","","02","2","2008","4","40.424573","-80.065918","2230","11","0","0","0","0","0","0","0","0","2","0","0","0","","","0","","0","","40 25:28.462","6","0","80 03:57.304","9","0","0","0","2301","0","0","0","N","0","0","0","1","02301","0","","5.0","","1","N","N","","0","","0","0","0","","0","Y","","1","0","0","0","0","0","1","2","0","1","","","","N","","","","","","","","","",""
"2008041694","","1","0","0","0","0","0","0","0","0","7","0","","02","2","2008","7","40.431635","-79.956772","0122","11","0","0","0","0","0","0","0","0","2","0","0","0","","","0","","2","","40 25:53.886","7","0","79 57:24.379","0","0","0","0","2301","0","0","0","N","0","0","0","1","02301","0","","5.0","","7","N","N","","0","","0","0","0","","0","Y","","1","0","0","0","0","0","0","2","0","1","","","","N","","","","","","","","","",""
"2008041695","","1","0","0","0","0","0","0","0","0","7","0","","02","2","2008","6","40.4273","-80.0302","0043","11","0","0","0","0","0","0","0","0","","0","0","0","","","0","","6","","40 25:38.280","","8","80 01:48.720","0","0","0","0","2301","0","0","0","N","0","0","0","1","02301","0","","7.0","","7","N","N","","0","","0","0","0","","0","","","1","0","0","0","0","0","0","2","0","1","","","","N","","","","","","","","","",""
"2008041699","","0","0","0","0","0","0","0","0","0","4","0","","02","3","2008","2","40.477","-79.7599","1453","11","0","0","0","0","0","0","1","0","","0","0","0","","","0","","2","","40 28:37.200","","0","79 45:35.640","0","0","0","0","2466","0","0","0","N","0","0","0","4","02466","0","","1.0","","1","N","N","","0","","0","0","2","","3","","","2","0","0","0","0","0","0","2","0","2","","","","N","","","","","","","","","",""
"2008041756","","1","0","0","0","0","0","0","0","0","1","0","","02","2","2008","2","40.453","-79.8258","1640","11","0","0","0","0","0","0","0","0","","0","0","0","","","1","","0","","40 27:10.800","","0","79 49:32.880","4","0","0","0","2113","0","0","0","N","0","0","0","3","02113","1","","1.0","","1","N","N","","0","","0","0","0","","0","","","2","1","0","0","0","0","0","2","1","2","","","","N","","","","","","","","","",""
"2008041768","","1","0","0","0","0","0","0","0","0","7","0","","02","2","2008","6","40.479026","-79.872106","0819","11","0","0","0","0","0","0","0","0","","0","0","0","","","0","","0","","40 28:44.493","","0","79 52:19.581","0","0","0","0","2113","0","0","0","N","0","0","0","2","02113","0","","5.0","","2","N","N","","0","","0","0","0","","0","","","1","0","0","0","0","0","0","2","0","1","","05","","N","","","","","","","","","",""
"2008041769","","1","0","0","0","0","0","0","0","0","2","0","","02","2","2008","4","40.498845","-79.841207","0911","11","0","0","0","0","0","0","0","0","1","0","0","0","","","0","","0","","40 29:55.842","5","0","79 50:28.345","0","0","0","0","2113","0","0","0","N","0","0","0","4","02113","0","","1.0","","1","N","N","","1","","0","0","0","","0","Y","","2","0","0","0","0","0","0","2","0","2","","","","N","","","","","","","","","",""
"2008041770","","1","0","0","0","0","0","0","0","0","5","0","","02","2","2008","2","40.4612","-79.871","0833","11","0","0","0","0","0","0","0","0","","0","0","0","","","0","","0","","40 27:40.320","","0","79 52:15.600","0","0","0","0","2113","0","0","0","N","0","0","0","3","02113","0","","1.0","","1","N","N","","0","","0","0","0","","0","","","2","0","0","0","0","0","0","2","1","2","","","","N","","","","","","","","","",""
"2008041771","","1","0","0","0","0","0","0","0","0","7","0","","02","2","2008","3","40.4804","-79.8325","0219","11","0","0","0","0","0","0","0","0","1","0","0","0","","","0","","0","","40 28:49.440","2","0","79 49:57.000","0","0","0","0","2113","0","0","0","N","0","0","0","1","02113","0","","5.0","","1","N","N","","0","","0","0","0","","0","N","","1","0","0","0","0","0","0","2","0","1","","","","N","","","","","","","","","",""
"2008041772","","1","0","0","0","0","0","0","0","0","7","0","","02","2","2008","6","40.442717","-79.807172","1939","11","0","0","0","0","0","0","0","0","","0","0","0","","","0","","0","","40 26:33.780","","0","79 48:25.820","0","0","0","0","2113","0","0","0","N","0","0","0","1","02113","0","","5.0","","2","N","N","","0","","0","0","0","","0","","","1","0","0","0","0","0","0","2","0","1","","","","N","","","","","","","","","",""
"2008041773","","2","0","0","0","0","0","0","0","0","6","0","","02","2","2008","6","40.467424","-79.834584","1402","11","0","0","0","0","0","0","0","0","","0","0","0","","","0","","2","","40 28:02.727","","0","79 50:04.502","0","0","0","0","2113","0","0","0","N","0","0","0","2","02113","0","","1.0","","7","N","N","","0","","0","0","0","","0","","","2","0","0","0","0","0","0","2","0","2","","","","N","","","","","","","","","",""
"2008041776","","0","0","0","0","0","0","0","0","0","7","0","","02","3","2008","3","40.473234","-79.84821","1542","11","0","0","0","0","0","1","0","0","","0","0","0","","","1","","2","","40 28:23.642","","0","79 50:53.557","4","0","0","0","2113","0","0","0","N","0","0","0","1","02113","1","","2.0","","1","Y","N","","0","","0","0","0","","0","","","1","1","0","0","0","0","0","2","1","1","","","","N","","","","","","","","","",""
"2008041782","","1","0","0","0","0","0","0","0","0","1","0","","02","3","2008","2","40.310278","-79.937417","1533","11","0","0","0","0","0","0","0","1","","0","0","0","","","0","","2","","40 18:37.000","","0","79 56:14.701","0","0","0","0","2440","0","0","0","N","0","0","0","3","02440","0","","1.0","","1","N","N","","1","","0","0","0","","0","","","2","0","0","0","0","0","0","2","0","2","","","","N","","","","","","","","","",""
"2008041786","","1","0","0","0","0","0","0","0","0","4","0","","02","3","2008","2","40.340138","-79.967344","1731","11","0","0","2","0","0","0","0","0","1","0","0","0","","","0","","2","","40 20:24.495","3","0","79 58:02.439","0","0","0","0","2454","0","0","0","N","0","0","0","2","02454","0","","1.0","","1","N","N","","0","","0","0","1","","2","N","","2","0","0","0","0","0","0","2","0","2","","","","N","","","","","","","","","",""
"2008041787","","1","0","0","0","0","0","0","0","0","7","0","","02","3","2008","3","40.510556","-80.245182","1600","11","0","1","0","0","0","0","0","0","","0","0","0","","","1","","0","","40 30:38.000","","0","80 14:42.654","4","0","0","0","2213","0","0","0","N","0","0","0","2","02213","1","","5.0","","9","N","N","","0","","0","0","0","","0","","","1","1","0","0","0","0","0","2","0","1","","","","N","","","","","","","","","",""
"2008041788","","1","0","0","0","0","0","0","0","0","4","0","","02","3","2008","7","40.3667","-80.014393","1508","11","0","0","0","0","0","0","0","0","","0","0","0","","","1","","0","","40 22:00.119","","0","80 00:51.813","4","0","0","0","2407","0","0","0","N","0","0","0","3","02407","1","","1.0","","9","N","N","","0","","0","0","1","","0","","","2","1","0","0","0","0","0","2","0","2","","","","N","","","","","","","","","",""
"2008041838","","0","0","0","0","0","0","0","0","0","7","0","","02","2","2008","4","40.437005","-80.212779","0020","11","0","0","0","0","0","0","0","0","1","0","0","0","","","1","","0","","40 26:13.218","4","0","80 12:46.004","4","0","0","0","2214","0","0","0","Y","0","0","0","1","68B03","1","","2.0","","6","N","N","","1","","0","0","0","","0","N","","1","1","0","0","0","0","0","2","0","1","","","","N","","","","","","","","","",""
"2008041840","","1","0","0","0","0","0","0","0","0","5","1","","02","3","2008","4","","","0500","11","0","0","0","0","0","1","0","0","2","0","1","0","","","1","","3","","40 26:43.44","2","3","80 00:34.56","8","0","0","0","2301","0","0","0","N","0","0","0","2","68B03","0","","1.0","","1","N","N","","0","","0","0","0","","0","N","","2","1","0","0","0","1","0","2","0","2","","","","N","","","","","","","","","",""
"2008041841","","1","0","0","0","0","0","0","0","0","5","1","","02","3","2008","4","","","0810","11","0","0","0","0","0","1","0","0","1","0","1","0","","","1","","0","","40 28:17.40","1","0","80 14:50.28","4","0","0","0","2203","0","0","0","N","0","0","0","3","68B03","1","","1.0","","1","N","N","","0","","0","0","0","","0","N","","2","1","0","0","0","0","0","2","0","2","","","","N","","","","","","","","","",""
"2008041842","","1","0","0","0","0","0","0","0","0","1","0","","02","3","2008","6","","","1241","11","0","0","0","0","0","0","0","1","","0","0","0","","","1","","0","","40 27:03.96","","0","79 59:49.92","4","0","0","0","2301","0","0","0","N","0","0","0","2","68B03","1","","1.0","","1","N","N","","0","","0","0","1","","0","","","2","1","0","0","0","0","0","2","0","2","","","","N","","","","","","","","","",""
"2008041843","","1","0","0","0","0","0","0","0","0","7","0","","02","3","2008","7","","","0015","11","0","0","0","0","0","0","0","0","","0","0","0","","","1","","3","","40 26:28.32","","3","80 00:33.12","4","0","0","0","2301","0","0","0","N","0","0","0","1","68B03","1","","7.0","","1","N","N","","0","","0","0","0","","0","","","1","1","0","0","0","0","0","2","0","1","","","","N","","","","","","","","","",""
"2008041844","","1","0","0","0","0","0","0","0","0","1","0","","02","3","2008","7","","","1911","11","0","0","0","0","0","0","0","0","","0","0","0","","","1","","0","","40 26:11.04","","0","80 00:03.96","4","0","0","0","2301","0","0","0","N","0","0","0","2","68B03","1","","1.0","","1","N","N","","0","","0","0","0","","0","","","2","1","0","0","0","0","0","2","1","2","","","","N","","","","","","","","","",""
"2008041845","","1","0","0","0","0","0","0","0","0","1","0","","02","3","2008","5","","","1311","11","0","0","0","0","0","0","0","0","","0","0","0","","","0","","0","","40 25:14.88","","0","80 02:26.88","0","0","0","0","2435","0","0","0","N","0","0","0","3","68B03","0","","1.0","","1","N","N","","0","","0","0","0","","0","","","2","0","0","0","0","0","0","2","1","2","","","","N","","","","","","","","","",""
"2008041847","","2","0","0","0","0","0","0","0","0","1","0","","02","3","2008","6","","","0752","11","0","0","0","0","0","1","0","0","2","0","0","0","","","0","","0","","40 26:20.76","4","0","80 00:27.36","0","0","0","0","2301","0","0","0","N","0","0","0","2","68B03","0","","1.0","","1","N","N","","0","","0","0","0","","0","N","","2","0","0","0","0","0","0","2","0","2","","","","N","","","","","","","","","",""
"2008041848","","1","0","0","0","0","0","0","0","0","1","0","","02","3","2008","6","","","1358","11","0","0","1","0","0","0","0","0","2","0","0","0","","","0","","0","","40 25:31.80","4","3","79 54:21.24","0","0","0","0","2301","0","0","0","N","0","0","0","3","68B03","0","","1.0","","1","N","N","","0","","0","0","1","","0","N","","2","0","0","0","0","0","0","2","0","2","","","","N","","","","","","","","","",""
"2008041849","","2","0","0","0","0","0","0","0","0","1","0","","02","3","2008","6","","","1435","11","0","0","0","0","0","1","0","0","","0","0","0","","","0","","0","","40 34:58.80","","0","80 05:53.88","0","0","0","0","2481","0","0","0","N","0","0","0","3","68B03","0","","1.0","","1","N","N","","0","","0","0","0","","0","","","2","0","0","0","0","0","0","2","0","2","","","","N","","","","","","","","","",""
"2008041850","","0","0","0","0","0","0","0","0","0","5","1","","02","3","2008","7","","","1126","11","0","0","0","0","0","0","0","0","","0","1","0","","","0","","0","","40 25:46.92","","0","80 01:41.16","0","0","0","0","2301","0","0","0","N","0","0","0","2","68B03","0","","1.0","","1","N","N","","1","","0","0","0","","0","","","2","0","0","0","0","0","0","2","0","2","","","","N","","","","","","","","","",""
"2008041851","","0","0","0","0","0","0","0","0","0","1","0","","02","3","2008","1","40.3723","-80.108","1615","11","0","0","0","0","0","1","0","0","","0","0","0","","","1","","0","","40 22:20.280","","2","80 06:28.800","4","0","0","0","2102","0","0","0","N","0","0","0","3","68B03","1","","1.0","","1","N","N","","1","","0","0","1","","4","","","2","1","0","0","0","0","0","2","0","2","","","","N","","","","","","","","","",""
"2008042084","","2","0","0","0","0","0","0","0","0","7","0","","02","3","2008","7","40.4142","-79.7296","1646","11","0","0","0","0","0","1","0","0","1","0","0","0","","","0","","0","","40 24:51.120","4","0","79 43:46.560","0","0","0","0","2446","0","0","0","N","0","0","0","4","68T09","0","","1.0","","1","N","N","","0","","0","0","0","","0","N","","2","0","0","0","0","0","0","2","0","2","","","","N","","","","","","","","","",""
"2008042086","","0","0","0","0","0","0","0","0","0","7","0","","02","3","2008","6","40.49544","-80.026146","0014","11","0","0","0","0","0","0","0","0","","0","0","0","","","0","","3","","40 29:43.584","","0","80 01:34.125","0","0","0","0","2301","0","0","0","N","0","0","0","1","02301","0","","5.0","","1","N","N","","1","","0","0","0","","0","","","1","0","0","0","0","0","0","2","0","1","","","","N","","","","","","","","","",""
"2008042115","","1","0","0","0","0","0","0","0","0","5","0","","02","2","2008","4","40.43708","-79.99833","1358","11","0","0","0","0","0","0","0","0","","0","0","0","","","0","","5","","40 26:13.488","","0","79 59:53.987","0","0","0","0","2301","0","0","0","N","0","0","0","3","02301","0","","1.0","","9","N","N","","0","","0","0","1","","2","","","2","0","0","0","0","0","0","2","0","2","","","","N","","","","","","","","","",""
"2008042116","","3","0","0","0","0","0","0","0","0","7","0","","02","2","2008","1","40.348437","-79.873384","9999","11","0","0","0","0","0","0","0","0","1","0","0","0","","","2","","2","","40 20:54.372","5","0","79 52:24.183","4","0","0","0","2304","0","0","0","N","0","0","0","4","02304","2","","5.0","","2","N","N","","0","","0","0","1","","0","N","","4","2","0","0","0","0","0","2","0","4","","","","N","","","","","","","","","",""
"2008042121","","1","0","0","0","0","0","0","0","0","7","0","","02","2","2008","6","40.53026","-79.916761","2250","11","0","1","0","0","0","0","0","0","3","0","0","0","","","0","","0","","40 31:48.935","7","0","79 55:00.338","0","0","0","0","2112","0","0","0","N","0","0","0","1","02112","0","","4.0","","6","N","N","","0","","0","0","0","","0","Y","","1","0","0","0","0","0","0","2","0","1","","","","N","","","","","","","","","",""
"2008042122","","1","0","0","0","0","0","0","0","0","7","0","","02","2","2008","6","40.4895","-79.9034","0831","11","0","0","0","0","0","0","0","0","2","0","0","0","","","0","","0","","40 29:22.200","5","0","79 54:12.240","0","0","0","0","2112","0","0","0","N","0","0","0","1","02112","0","","5.0","","1","N","N","","0","","0","0","0","","0","Y","","1","0","0","0","0","0","0","2","0","1","","","","N","","","","","","","","","",""
"2008042133","","0","0","0","0","0","0","0","0","0","7","0","","02","2","2008","6","40.361667","-80.178836","1811","11","0","0","0","0","0","0","1","0","1","0","0","0","","","0","","0","","40 21:42.000","1","0","80 10:43.808","0","0","0","0","2119","0","0","0","N","0","0","0","1","02119","0","","4.0","","2","N","N","","1","","0","0","0","","0","N","","1","0","0","0","0","0","0","2","0","1","","","","N","","","","","","","","","",""