"CRN","ARRIVAL_TM","AUTOMOBILE_COUNT","BELTED_DEATH_COUNT","BELTED_SUSP_SERIOUS_INJ_COUNT","BICYCLE_COUNT","BICYCLE_DEATH_COUNT","BICYCLE_SUSP_SERIOUS_INJ_COUNT","BUS_COUNT","CHLDPAS_DEATH_COUNT","CHLDPAS_SUSP_SERIOUS_INJ_COUNT","COLLISION_TYPE","COMM_VEH_COUNT","CONS_ZONE_SPD_LIM","COUNTY","CRASH_MONTH","CRASH_YEAR","DAY_OF_WEEK","DEC_LATITUDE","DEC_LONGITUDE","DISPATCH_TM","DISTRICT","DRIVER_COUNT_16YR","DRIVER_COUNT_17YR","DRIVER_COUNT_18YR","DRIVER_COUNT_19YR","DRIVER_COUNT_20YR","DRIVER_COUNT_50_64YR","DRIVER_COUNT_65_74YR","DRIVER_COUNT_75PLUS","EST_HRS_CLOSED","FATAL_COUNT","HEAVY_TRUCK_COUNT","HORSE_BUGGY_COUNT","HOUR_OF_DAY","ILLUMINATION","INJURY_COUNT","INTERSECTION_RELATED","INTERSECT_TYPE","LANE_CLOSED","LATITUDE","LN_CLOSE_DIR","LOCATION_TYPE","LONGITUDE","MAX_SEVERITY_LEVEL","MCYCLE_DEATH_COUNT","MCYCLE_SUSP_SERIOUS_INJ_COUNT","MOTORCYCLE_COUNT","MUNICIPALITY","NONMOTR_COUNT","NONMOTR_DEATH_COUNT","NONMOTR_SUSP_SERIOUS_INJ_COUNT","NTFY_HIWY_MAINT","PED_COUNT","PED_DEATH_COUNT","PED_SUSP_SERIOUS_INJ_COUNT","PERSON_COUNT","POLICE_AGCY","POSSIBLE_INJ_COUNT","RDWY_SURF_TYPE_CD","RELATION_TO_ROAD","ROADWAY_CLEARED","ROAD_CONDITION","SCH_BUS_IND","SCH_ZONE_IND","SECONDARY_CRASH","SMALL_TRUCK_COUNT","SPEC_JURIS_CD","SUSP_MINOR_INJ_COUNT","SUSP_SERIOUS_INJ_COUNT","SUV_COUNT","TCD_FUNC_CD","TCD_TYPE","TFC_DETOUR_IND","TIME_OF_DAY","TOTAL_UNITS","TOT_INJ_COUNT","UNBELTED_OCC_COUNT","UNB_DEATH_COUNT","UNB_SUSP_SERIOUS_INJ_COUNT","UNK_INJ_DEG_COUNT","UNK_INJ_PER_COUNT","URBAN_RURAL","VAN_COUNT","VEHICLE_COUNT","WEATHER1","WEATHER2","WORKERS_PRES","WORK_ZONE_IND","WORK_ZONE_LOC","WORK_ZONE_TYPE","WZ_CLOSE_DETOUR","WZ_FLAGGER","WZ_LAW_OFFCR_IND","WZ_LN_CLOSURE","WZ_MOVING","WZ_OTHER","WZ_SHLDER_MDN","WZ_WORKERS_INJ_KILLED"
"2008046465","","1","0","0","0","0","0","0","0","0","6","1","","02","4","2008","2","40.528499","-79.850278","1155","11","0","0","0","0","0","1","0","1","1","0","1","0","","","2","","2","","40 31:42.598","3","0","79 51:01.000","8","0","0","0","2208","0","0","0","N","0","0","0","3","02208","0","","1.0","","1","N","N","","0","","0","0","0","","2","N","","2","2","0","0","0","2","0","2","0","2","","","","N","","","","","","","","","",""
"2008046474","","1","0","0","0","0","0","0","0","0","1","0","","02","4","2008","2","40.342546","-79.964601","1332","11","0","0","0","0","0","1","0","1","1","0","0","0","","","1","","1","","40 20:33.167","3","0","79 57:52.562","4","0","0","0","2454","0","0","0","N","0","0","0","4","02454","1","","1.0","","1","N","N","","1","","0","0","0","","3","N","","2","1","1","0","0","0","0","2","0","2","","","","N","","","","","","","","","",""
"2008046490","","1","0","0","0","0","0","0","0","0","7","0","","02","4","2008","7","40.482778","-80.199943","0154","11","0","0","0","0","0","0","0","0","","0","0","0","","","0","","1","","40 28:58.000","","2","80 11:59.795","0","0","0","0","2213","0","0","0","N","0","0","0","1","02213","0","","4.0","","1","N","N","","0","","0","0","0","","0","","","1","0","0","0","0","0","0","2","0","1","","","","N","","","","","","","","","",""
"2008046491","","0","0","0","0","0","0","0","0","0","0","0","","02","4","2008","1","40.485278","-80.186672","1426","11","0","0","0","0","0","1","0","0","2","0","0","0","","","2","","0","","40 29:07.000","4","0","80 11:12.019","3","0","0","1","2213","0","0","0","N","0","0","0","2","02213","1","","4.0","","1","N","N","","0","","1","0","0","","0","Y","","1","2","0","0","0","0","0","2","0","1","","","","N","","","","","","","","","",""
"2008046540","","1","0","0","0","0","0","0","0","0","1","0","","02","4","2008","2","40.2855","-79.9108","1542","11","0","0","0","0","0","0","0","0","","0","0","0","","","2","","0","","40 17:07.800","","0","79 54:38.880","8","0","0","0","2440","0","0","0","N","0","0","0","4","02440","0","","1.0","","1","N","N","","1","","0","0","0","","0","","","2","2","0","0","0","2","0","2","0","2","","","","N","","","","","","","","","",""
"2008046550","","1","0","0","0","0","0","0","0","0","7","0","","02","2","2008","3","40.4302","-79.8639","1044","11","0","0","0","1","0","0","0","0","2","0","0","0","","","1","","0","","40 25:48.720","1","0","79 51:50.040","4","0","0","0","2431","0","0","0","N","0","0","0","3","68B03","1","","2.0","","7","N","N","","1","","0","0","0","","0","N","","2","1","1","0","0","0","0","2","0","2","","","","N","","","","","","","","","",""
"2008046551","","2","0","0","0","0","0","0","0","0","0","2","","02","3","2008","2","","","1005","11","0","0","0","0","0","1","0","0","2","0","2","0","","","1","","0","","40 25:50.88","4","0","79 57:28.44","4","0","0","0","2301","0","0","0","N","0","0","0","5","68B03","1","","1.0","","9","N","N","","0","","0","0","1","","0","N","","5","1","0","0","0","0","0","2","0","5","","","","N","","","","","","","","","",""
"2008046553","","1","0","0","0","0","0","0","0","0","1","0","","02","3","2008","5","","","1931","11","0","0","0","0","0","0","0","0","","0","0","0","","","0","","0","","40 26:07.08","","0","79 58:01.20","9","0","0","0","2301","0","0","0","N","0","0","0","2","68B03","0","","1.0","","1","N","N","","0","","0","0","1","","0","","","2","0","0","0","0","0","1","2","0","2","","","","N","","","","","","","","","",""
"2008046554","","1","0","0","0","0","0","0","0","0","4","0","","02","3","2008","1","","","1900","11","0","0","0","0","0","0","1","0","","0","0","0","","","1","","0","","40 28:44.76","","0","80 15:19.44","4","0","0","0","2203","0","0","0","N","0","0","0","9","68B03","1","","1.0","","1","N","N","","0","","0","0","1","","0","","","2","1","0","0","0","0","0","2","0","2","","","","N","","","","","","","","","",""
"2008046555","","2","0","0","0","0","0","0","0","0","1","0","","02","4","2008","3","","","2101","11","0","0","0","0","0","1","0","0","2","0","0","0","","","0","","6","","40 26:11.76","3","2","80 00:02.88","0","0","0","0","2301","0","0","0","N","0","0","0","2","68B03","0","","1.0","","1","N","N","","0","","0","0","0","","4","N","","2","0","0","0","0","0","0","2","0","2","","","","N","","","","","","","","","",""
"2008046556","","1","0","0","0","0","0","0","0","0","7","0","","02","4","2008","4","40.518023","-80.131021","2350","11","0","0","0","0","0","0","0","0","2","0","0","0","","","1","","2","","40 31:04.882","2","0","80 07:51.677","4","0","0","0","2434","0","0","0","N","0","0","0","1","68B03","1","","4.0","","1","N","N","","0","","0","0","0","","3","N","","1","1","1","0","0","0","0","2","0","1","","","","N","","","","","","","","","",""
"2008046557","","2","0","0","0","0","0","0","0","0","1","0","","02","4","2008","5","","","0812","11","0","0","0","1","0","1","0","0","","0","0","0","","","1","","0","","40 26:44.16","","0","79 50:49.92","4","0","0","0","2419","0","0","0","N","0","0","0","4","68B03","1","","1.0","","1","N","N","","1","","0","0","0","","0","","","3","1","0","0","0","0","0","2","0","3","","","","N","","","","","","","","","",""
"2008046558","","3","0","0","0","0","0","0","0","0","1","0","","02","4","2008","6","","","1553","11","0","0","0","0","0","0","1","0","","0","0","0","","","0","","0","","40 25:31.80","","0","79 54:29.16","0","0","0","0","2301","0","0","0","N","0","0","0","7","68B03","0","","1.0","","1","N","N","","1","","0","0","1","","0","","","5","0","0","0","0","0","0","2","0","5","","","","N","","","","","","","","","",""
"2008046559","","1","0","0","0","0","0","0","0","0","7","0","","02","4","2008","7","40.4192","-80.1031","0320","11","0","0","0","0","0","0","0","0","","0","0","0","","","0","","0","","40 25:09.120","","0","80 06:11.160","0","0","0","0","2115","0","0","0","N","0","0","0","1","68B03","0","","3.0","","1","N","N","","0","","0","0","0","","0","","","1","0","0","0","0","0","0","2","0","1","","","","N","","","","","","","","","",""
"2008046560","","1","0","0","0","0","0","0","0","0","7","0","","02","4","2008","7","","","0420","11","0","0","0","0","0","0","0","0","","0","0","0","","","0","","0","","40 26:02.76","","0","79 59:28.32","0","0","0","0","2301","0","0","0","N","0","0","0","1","68B03","0","","3.0","","1","N","N","","0","","0","0","0","","0","","","1","0","0","0","0","0","0","2","0","1","","","","N","","","","","","","","","",""
"2008046561","","2","0","0","0","0","0","0","0","0","1","0","","02","4","2008","7","","","0901","11","0","0","0","0","0","0","0","0","3","0","0","0","","","1","","0","","40 26:00.60","4","0","79 57:46.44","4","0","0","0","2301","0","0","0","N","0","0","0","5","68B03","1","","1.0","","1","N","N","","1","","0","0","0","","9","Y","","3","1","0","0","0","0","0","2","0","3","","","","N","","","","","","","","","",""
"2008046562","","2","0","0","0","0","0","0","0","0","1","0","","02","4","2008","7","","","0900","11","0","0","0","0","0","1","0","0","2","0","0","0","","","1","","0","","40 25:58.80","4","0","79 57:42.48","4","0","0","0","2301","0","0","0","N","0","0","0","6","68B03","1","","1.0","","1","N","N","","0","","0","0","1","","0","N","","3","1","1","0","0","0","0","2","0","3","","","","N","","","","","","","","","",""
"2008046602","","0","0","0","0","0","0","0","0","0","1","0","45","02","4","2008","4","40.589167","-79.775199","1326","11","0","0","0","0","0","1","0","0","","0","0","0","","","1","","0","","40 35:21.000","","0","79 46:30.717","4","0","0","0","2104","0","0","0","N","0","0","0","4","68D02","1","","1.0","","1","N","N","","0","","0","0","1","","0","","","3","1","1","0","0","0","0","2","2","3","","","Y","Y","4","1","N","N","N","Y","N","N","N",""
"2008046638","","1","0","0","0","0","0","0","0","0","8","0","","02","4","2008","2","40.498714","-80.06215","1544","11","0","0","0","0","0","0","0","1","","0","0","0","","","1","","0","","40 29:55.371","","0","80 03:43.741","3","0","0","0","2402","1","0","0","N","1","0","0","3","02402","0","","1.0","","1","N","N","","0","","1","0","0","","0","","","2","1","0","0","0","0","0","2","0","1","","","","N","","","","","","","","","",""
"2008046827","","0","0","0","0","0","0","0","0","0","7","1","","02","4","2008","2","40.405174","-79.86486","1655","11","0","0","0","0","0","1","0","0","3","0","1","0","","","0","","0","","40 24:18.625","5","1","79 51:53.497","0","0","0","0","2449","0","0","0","N","0","0","0","2","02449","0","","9.0","","1","N","N","","0","","0","0","0","","0","Y","","1","0","0","0","0","0","0","2","0","1","","","","N","","","","","","","","","",""
"2008046831","","0","0","0","0","0","0","0","0","0","7","0","","02","4","2008","3","40.579554","-80.071363","1539","11","0","0","0","0","0","0","1","0","","0","0","0","","","0","","0","","40 34:46.394","","0","80 04:16.906","0","0","0","0","2481","0","0","0","N","0","0","0","1","02481","0","","2.0","","9","N","N","","0","","0","0","1","","0","","","1","0","0","0","0","0","0","2","0","1","","","","N","","","","","","","","","",""
"2008046892","","1","0","0","0","0","0","0","0","0","99","0","","02","3","2008","3","40.6435","-80.0246","1549","11","0","0","0","0","0","0","0","0","","0","0","0","","","0","","0","","40 38:36.600","","0","80 01:28.560","0","0","0","0","2216","0","0","0","N","0","0","0","1","68T02","0","","1.0","","1","N","N","","0","","0","0","0","","0","","","1","0","0","0","0","0","0","2","0","1","","","","N","","","","","","","","","",""
"2008046893","","1","0","0","0","0","0","0","0","0","1","0","40","02","4","2008","3","40.6144","-79.974","1901","11","0","0","0","0","0","1","0","0","","0","0","0","","","1","","0","","40 36:51.840","","0","79 58:26.400","4","0","0","0","2207","0","0","0","N","0","0","0","4","68T02","1","","1.0","","1","N","N","","0","","0","0","0","","0","","","2","1","0","0","0","0","0","2","1","2","","","Y","Y","2","1","N","N","Y","Y","N","N","Y",""
"2008046926","","2","0","0","0","0","0","0","0","0","1","0","","02","4","2008","3","40.4042","-80.0707","0725","11","0","0","0","0","0","0","1","0","","0","0","0","","","0","","0","","40 24:15.120","","0","80 04:14.520","0","0","0","0","2415","0","0","0","N","0","0","0","2","02415","0","","1.0","","1","N","N","","0","","0","0","0","","0","","","2","0","0","0","0","0","0","2","0","2","","","","N","","","","","","","","","",""
"2008046932","","0","0","0","0","0","0","0","0","0","0","0","","02","3","2008","1","40.292618","-79.906048","1601","11","0","0","0","0","0","0","0","0","","0","0","0","","","1","","2","","40 17:33.424","","0","79 54:21.772","8","0","0","0","2440","0","0","0","N","0","0","0","1","02440","0","","1.0","","1","N","N","","0","","0","0","0","","0","","","1","1","0","0","0","1","0","2","0","1","","","","N","","","","","","","","","",""
"2008046941","","1","0","0","0","0","0","0","0","0","4","0","","02","4","2008","2","40.394542","-79.970058","1104","11","0","0","0","0","0","1","0","0","2","0","0","0","","","1","","1","","40 23:40.352","5","0","79 58:12.209","3","0","0","0","2403","0","0","0","N","0","0","0","2","02403","0","","1.0","","1","N","N","","0","","1","0","1","","3","Y","","2","1","0","0","0","0","0","2","0","2","","","","N","","","","","","","","","",""
"2008046949","","2","0","0","0","0","0","0","0","0","1","0","","02","4","2008","2","40.638056","-80.063477","1544","11","0","0","0","0","0","0","0","1","","0","0","0","","","1","","2","","40 38:17.000","","0","80 03:48.517","4","0","0","0","2216","0","0","0","N","0","0","0","2","02505","1","","1.0","","1","N","N","","0","","0","0","0","","2","","","2","1","0","0","0","0","0","2","0","2","","","","N","","","","","","","","","",""
"2008046956","","1","0","0","0","0","0","0","0","0","4","0","","02","4","2008","3","40.4611","-79.824","1420","11","0","0","0","0","1","0","0","0","","0","0","0","","","1","","0","","40 27:39.960","","0","79 49:26.400","3","0","0","1","2113","0","0","0","N","0","0","0","3","02113","0","","1.0","","1","N","N","","0","","1","0","0","","0","","","2","1","0","0","0","0","0","2","0","2","","","","N","","","","","","","","","",""
"2008046967","","0","0","0","0","0","0","1","0","0","4","1","","02","4","2008","3","40.438163","-79.975903","1548","11","0","0","0","0","0","1","0","0","","0","0","0","","","1","","2","","40 26:17.386","","0","79 58:33.250","4","0","0","0","2301","0","0","0","N","0","0","0","8","02503","1","","1.0","","1","N","N","","0","","0","0","1","","3","","","2","1","0","0","0","0","0","2","0","2","","","","N","","","","","","","","","",""
"2008046968","","1","0","0","0","0","0","0","0","0","7","0","","02","4","2008","3","40.3631","-80.0003","1705","11","0","0","0","0","0","0","0","1","","0","0","0","","","1","","0","","40 21:47.160","","0","80 00:01.080","8","0","0","0","2476","0","0","0","N","0","0","0","1","02476","0","","5.0","","1","N","N","","0","","0","0","0","","0","","","1","1","0","0","0","1","0","2","0","1","","","","N","","","","","","","","","",""
"2008046971","","1","0","0","0","0","0","0","0","0","4","0","","02","3","2008","2","40.650833","-79.708446","1201","11","0","0","0","0","0","0","1","0","","0","0","0","","","0","","2","","40 39:03.000","","0","79 42:30.404","0","0","0","0","2106","0","0","0","N","0","0","0","4","02106","0","","1.0","","1","N","N","","0","","0","0","1","","2","","","2","0","0","0","0","0","0","2","0","2","","","","N","","","","","","","","","",""
"2008046972","","0","0","0","0","0","0","0","0","0","4","0","","02","3","2008","4","40.615484","-79.738841","0855","11","0","0","0","0","0","1","0","0","","0","0","0","","","0","","1","","40 36:55.744","","0","79 44:19.828","0","0","0","0","2106","0","0","0","N","0","0","0","2","02106","0","","1.0","","1","N","N","","0","","0","0","2","","3","","","2","0","0","0","0","0","0","2","0","2","","","","N","","","","","","","","","",""
"2008046973","","0","0","0","0","0","0","0","0","0","4","0","","02","3","2008","1","40.650833","-79.708357","1512","11","0","0","0","0","0","0","1","0","1","0","0","0","","","0","","1","","40 39:03.000","1","0","79 42:30.086","0","0","0","0","2106","0","0","0","N","0","0","0","4","02106","0","","1.0","","1","N","N","","0","","0","0","1","","2","N","","2","0","0","0","0","0","0","2","1","2","","","","N","","","","","","","","","",""
"2008046998","","1","0","0","0","0","0","0","0","0","7","0","","02","3","2008","4","","","2045","11","0","0","0","0","0","0","0","0","","0","0","0","","","0","","3","","40 31:42.96","","2","80 04:19.92","0","0","0","0","2215","0","0","0","Y","0","0","0","1","68B03","0","","5.0","","1","N","N","","0","","0","0","0","","0","","","1","0","0","0","0","0","0","2","0","1","","","","N","","","","","","","","","",""
"2008047132","","0","0","0","0","0","0","0","0","0","7","0","","02","4","2008","3","40.526186","-79.843571","1850","11","0","0","0","0","0","0","0","0","1","0","0","0","","","1","","0","","40 31:34.269","5","0","79 50:36.857","2","0","0","0","2466","0","0","0","N","0","0","0","1","02466","0","","2.0","","1","N","N","","0","","0","1","1","","0","Y","","1","1","1","0","1","0","0","2","0","1","","","","N","","","","","","","","","",""
"2008047133","","2","0","0","0","0","0","0","0","0","4","0","","02","4","2008","3","40.409424","-80.081716","1830","11","0","0","0","0","0","1","1","0","","0","0","0","","","1","","1","","40 24:33.928","","0","80 04:54.178","4","0","0","0","2415","0","0","0","N","0","0","0","4","02415","1","","1.0","","1","N","N","","0","","0","0","0","","2","","","2","1","0","0","0","0","0","2","0","2","","","","N","","","","","","","","","",""
"2008047136","","0","0","0","0","0","0","0","0","0","1","0","","02","4","2008","3","40.458118","-79.708279","1720","11","0","0","0","0","0","1","0","0","","0","0","0","","","2","","0","","40 27:29.224","","0","79 42:29.806","4","0","0","0","2466","0","0","0","N","0","0","0","4","02466","1","","1.0","","1","N","N","","1","","0","0","1","","0","","","2","2","0","0","0","1","0","2","0","2","","","","N","","","","","","","","","",""
"2008047167","","2","0","0","0","0","0","0","0","0","4","0","","02","4","2008","3","40.4443","-79.759","1146","11","0","0","0","0","0","0","0","0","","0","0","0","","","0","","1","","40 26:39.480","","0","79 45:32.400","0","0","0","0","2446","0","0","0","N","0","0","0","4","02446","0","","1.0","","1","N","N","","0","","0","0","0","","2","","","2","0","0","0","0","0","0","2","0","2","","","","N","","","","","","","","","",""
"2008047178","","1","0","0","0","0","0","0","0","0","1","0","","02","4","2008","4","40.4235","-80.1063","0816","11","0","0","0","0","0","1","0","0","2","0","0","0","","","2","","0","","40 25:24.600","4","0","80 06:22.680","8","0","0","0","2446","0","0","0","N","0","0","0","5","02446","0","","1.0","","1","N","N","","2","","0","0","0","","0","Y","","4","2","1","0","0","2","0","2","1","4","","","","N","","","","","","","","","",""
"2008047183","","2","0","0","0","0","0","0","0","0","1","0","","02","4","2008","6","40.534035","-80.019122","1308","11","0","0","2","0","0","0","0","0","","0","0","0","","","0","","1","","40 32:02.526","","0","80 01:08.839","0","0","0","0","2116","0","0","0","N","0","0","0","2","02116","0","","1.0","","1","N","N","","0","","0","0","0","","3","","","2","0","0","0","0","0","0","2","0","2","","","","N","","","","","","","","","",""
"2008047185","","1","0","0","0","0","0","0","0","0","1","0","","02","4","2008","4","40.3552","-80.0502","1350","11","0","0","0","0","0","1","0","0","","0","0","0","","","1","","1","","40 21:18.720","","0","80 03:00.720","4","0","0","0","2109","0","0","0","N","0","0","0","5","02109","1","","1.0","","9","N","N","","0","","0","0","1","","2","","","2","1","0","0","0","0","0","2","0","2","","","","N","","","","","","","","","",""
"2008047192","","2","0","0","0","0","0","0","0","0","6","0","","02","4","2008","3","40.398725","-79.820885","1700","11","0","0","0","0","0","0","0","0","2","0","0","0","","","1","","2","","40 23:55.410","1","0","79 49:15.186","4","0","0","0","2111","0","0","0","N","0","0","0","4","02111","1","","1.0","","1","N","N","","1","","0","0","0","","0","Y","","3","1","1","0","0","0","0","2","0","3","","","","N","","","","","","","","","",""
"2008047194","","1","0","0","0","0","0","0","0","0","7","0","","02","4","2008","4","40.3535","-79.8451","1620","11","0","0","0","1","0","0","0","0","1","0","0","0","","","1","","6","","40 21:12.600","1","3","79 50:42.360","4","0","0","0","2304","0","0","0","N","0","0","0","1","02304","1","","2.0","","1","N","N","","0","","0","0","0","","0","N","","1","1","0","0","0","0","0","2","0","1","","","","N","","","","","","","","","",""
"2008047199","","1","0","0","0","0","0","0","0","0","1","0","","02","4","2008","6","40.449454","-80.141004","1626","11","0","0","0","0","0","1","2","0","1","0","0","0","","","0","","0","","40 26:58.034","3","0","80 08:27.614","0","0","0","0","2115","0","0","0","N","0","0","0","4","02115","0","","1.0","","1","N","N","","0","","0","0","3","","2","N","","4","0","0","0","0","0","0","2","0","4","","","","N","","","","","","","","","",""
"2008047241","","2","0","0","0","0","0","0","0","0","1","0","","02","3","2008","6","","","1630","11","0","0","0","0","0","0","0","0","1","0","0","0","","","2","","0","","40 24:52.92","1","0","80 03:42.12","4","0","0","0","2435","0","0","0","N","0","0","0","2","68B03","2","","1.0","","1","N","N","","0","","0","0","0","","0","N","","2","2","0","0","0","0","0","2","0","2","","","","N","","","","","","","","","",""
"2008047242","","1","0","0","0","0","0","0","0","0","7","0","","02","3","2008","6","40.426236","-79.892731","0740","11","0","0","0","0","0","0","0","0","","0","0","0","","","0","","0","","40 25:34.450","","0","79 53:33.832","0","0","0","0","2426","0","0","0","N","0","0","0","1","68B03","0","","2.0","","1","N","N","","0","","0","0","0","","0","","","1","0","0","0","0","0","0","2","0","1","","","","N","","","","","","","","","",""
"2008047243","","2","0","0","0","0","0","0","0","0","5","0","","02","4","2008","1","","","0215","11","0","0","0","0","0","0","0","0","","0","0","0","","","3","","0","","40 26:17.88","","0","79 51:46.80","4","0","0","0","2478","0","0","0","N","0","0","0","4","68B03","2","","1.0","","1","N","N","","0","","0","0","0","","0","","","2","3","3","0","0","1","0","2","0","2","","","","N","","","","","","","","","",""
"2008047244","","0","0","0","0","0","0","0","0","0","7","0","","02","4","2008","2","","","1940","11","0","0","0","0","0","0","0","0","2","0","0","0","","","0","","0","","40 25:48.36","4","0","79 53:00.60","0","0","0","0","2426","0","0","0","N","0","0","0","3","68B03","0","","3.0","","1","N","N","","0","","0","0","1","","0","N","","1","0","0","0","0","0","0","2","0","1","","","","N","","","","","","","","","",""
"2008047245","","1","0","0","0","0","0","0","0","0","1","1","","02","4","2008","3","","","0934","11","0","0","0","0","0","1","0","0","1","0","1","0","","","1","","0","","40 26:21.12","2","3","80 00:38.16","4","0","0","0","2301","0","0","0","N","0","0","0","2","68B03","1","","1.0","","1","N","N","","0","","0","0","0","","9","N","","2","1","0","0","0","0","0","2","0","2","","","","N","","","","","","","","","",""
"2008047246","","2","0","0","0","0","0","0","0","0","1","0","","02","4","2008","3","","","1532","11","0","0","0","0","0","1","0","0","","0","0","0","","","0","","0","","40 26:18.24","","0","79 45:18.72","0","0","0","0","2446","0","0","0","N","0","0","0","3","68B03","0","","1.0","","1","N","N","","0","","0","0","0","","0","","","3","0","0","0","0","0","0","2","1","3","","","","N","","","","","","","","","",""
"2008047253","","0","0","0","0","0","0","0","0","0","5","1","","02","4","2008","4","40.596111","-79.770268","2143","11","0","0","0","0","0","1","0","0","","0","1","0","","","0","","0","","40 35:46.000","","0","79 46:12.965","0","0","0","0","2104","0","0","0","N","0","0","0","2","68D02","0","","1.0","","1","N","N","","1","","0","0","0","","0","","","2","0","0","0","0","0","0","2","0","2","","","","N","","","","","","","","","",""
"2008047254","","1","0","0","0","0","0","0","0","0","1","0","","02","4","2008","5","40.6098","-79.7614","1259","11","0","0","0","0","0","1","0","0","","0","0","0","","","1","","2","","40 36:35.280","","2","79 45:41.040","8","0","0","0","2104","0","0","0","N","0","0","0","2","68D02","0","","1.0","","1","N","N","","1","","0","0","0","","3","","","2","1","0","0","0","1","0","2","0","2","","","","N","","","","","","","","","",""
"2008047306","","3","0","0","0","0","0","0","0","0","4","0","","02","4","2008","3","40.3651","-79.8085","1544","11","0","0","1","0","0","1","0","1","2","0","0","0","","","2","","2","","40 21:54.360","5","0","79 48:30.600","4","0","0","0","2111","0","0","0","N","0","0","0","4","02111","2","","1.0","","1","N","N","","1","","0","0","0","","3","Y","","4","2","1","0","0","0","0","2","0","4","","","","N","","","","","","","","","",""
"2008047309","","1","0","0","0","0","0","0","0","0","1","0","","02","4","2008","4","40.417085","-79.878634","1720","11","0","0","0","0","0","1","0","0","1","0","0","0","","","0","","2","","40 25:01.506","5","0","79 52:43.082","0","0","0","0","2463","0","0","0","N","0","0","0","2","02463","0","","1.0","","1","N","N","","1","","0","0","0","","0","Y","","2","0","0","0","0","0","0","2","0","2","","","","N","","","","","","","","","",""
"2008047310","","0","0","0","0","0","0","0","0","0","7","0","","02","4","2008","4","40.470961","-79.827864","2106","11","0","0","0","0","0","1","0","0","6","0","0","0","","","0","","0","","40 28:15.458","5","0","79 49:40.312","0","0","0","0","2113","0","0","0","N","0","0","0","1","02113","0","","2.0","","1","N","N","","1","","0","0","0","","0","Y","","1","0","0","0","0","0","0","2","0","1","","","","N","","","","","","","","","",""
"2008047313","","0","0","0","0","0","0","0","0","0","0","0","","02","4","2008","7","40.3899","-79.9653","1823","11","0","0","0","0","0","0","0","0","","0","0","0","","","1","","0","","40 23:23.640","","0","79 57:55.080","4","0","0","1","2403","0","0","0","N","0","0","0","1","02403","1","","1.0","","1","N","N","","0","","0","0","0","","0","","","1","1","0","0","0","0","0","2","0","1","","","","N","","","","","","","","","",""
"2008047388","","2","0","0","0","0","0","0","0","0","4","0","","02","4","2008","3","40.343302","-80.06036","1258","11","0","0","0","0","0","0","0","0","2","0","0","0","","","1","","1","","40 20:35.887","1","0","80 03:37.296","8","0","0","0","2123","0","0","0","N","0","0","0","2","02123","0","","1.0","","1","N","N","","0","","0","0","0","","2","Y","","2","1","0","0","0","1","0","2","0","2","","","","N","","","","","","","","","",""
"2008047396","","1","0","0","0","0","0","0","0","0","7","0","","02","4","2008","5","40.3334","-79.984218","0641","11","0","0","0","0","0","0","0","0","1","0","0","0","","","0","","0","","40 20:00.240","4","0","79 59:03.185","0","0","0","0","2403","0","0","0","N","0","0","0","1","02403","0","","2.0","","1","N","N","","0","","0","0","0","","0","Y","","1","0","0","0","0","0","0","2","0","1","","","","N","","","","","","","","","",""
"2008047400","","0","0","0","0","0","0","0","0","0","1","0","","02","4","2008","4","40.4045","-80.0555","1131","11","0","0","0","0","0","0","0","0","1","0","0","0","","","1","","1","","40 24:16.200","2","0","80 03:19.800","8","0","0","0","2435","0","0","0","N","0","0","0","2","02435","0","","1.0","","1","N","N","","0","","0","0","1","","2","N","","2","1","0","0","0","1","0","2","1","2","","","","N","","","","","","","","","",""
"2008047409","","1","0","0","0","0","0","0","0","0","1","1","","02","4","2008","5","40.3552","-80.0503","0910","11","0","0","0","0","0","3","0","0","1","0","0","0","","","1","","0","","40 21:18.720","4","0","80 03:01.080","3","0","0","0","2109","0","0","0","N","0","0","0","6","02109","0","","1.0","","1","N","N","","1","","1","0","1","","0","N","","3","1","0","0","0","0","0","2","0","3","","","","N","","","","","","","","","",""
"2008047426","","1","0","0","0","0","0","0","0","0","7","0","","02","4","2008","7","40.368838","-79.969157","2242","11","0","0","1","0","0","0","0","0","","0","0","0","","","2","","0","","40 22:07.816","","0","79 58:08.966","4","0","0","0","2413","0","0","0","N","0","0","0","4","02413","2","","5.0","","3","N","N","","0","","0","0","0","","0","","","1","2","1","0","0","0","0","2","0","1","","","","N","","","","","","","","","",""
"2008047428","","0","0","0","0","0","0","0","0","0","7","0","","02","3","2008","1","40.452767","-80.170409","1659","11","0","0","0","0","0","0","0","0","2","0","0","0","","","1","","0","","40 27:09.961","2","0","80 10:13.472","2","0","1","1","2115","0","0","0","N","0","0","0","1","02115","0","","2.0","","1","N","N","","0","","0","1","0","","0","N","","1","1","0","0","0","0","0","2","0","1","","","","N","","","","","","","","","",""
"2008047461","","2","0","0","0","0","0","0","0","0","1","0","","02","3","2008","5","","","1853","11","0","0","0","0","0","1","0","0","","0","0","0","","","0","","0","","40 24:57.60","","0","80 03:32.76","0","0","0","0","2435","0","0","0","N","0","0","0","4","68B03","0","","1.0","","1","N","N","","0","","0","0","1","","0","","","3","0","0","0","0","0","0","2","0","3","","","","N","","","","","","","","","",""