"CRN","ARRIVAL_TM","AUTOMOBILE_COUNT","BELTED_DEATH_COUNT","BELTED_SUSP_SERIOUS_INJ_COUNT","BICYCLE_COUNT","BICYCLE_DEATH_COUNT","BICYCLE_SUSP_SERIOUS_INJ_COUNT","BUS_COUNT","CHLDPAS_DEATH_COUNT","CHLDPAS_SUSP_SERIOUS_INJ_COUNT","COLLISION_TYPE","COMM_VEH_COUNT","CONS_ZONE_SPD_LIM","COUNTY","CRASH_MONTH","CRASH_YEAR","DAY_OF_WEEK","DEC_LATITUDE","DEC_LONGITUDE","DISPATCH_TM","DISTRICT","DRIVER_COUNT_16YR","DRIVER_COUNT_17YR","DRIVER_COUNT_18YR","DRIVER_COUNT_19YR","DRIVER_COUNT_20YR","DRIVER_COUNT_50_64YR","DRIVER_COUNT_65_74YR","DRIVER_COUNT_75PLUS","EST_HRS_CLOSED","FATAL_COUNT","HEAVY_TRUCK_COUNT","HORSE_BUGGY_COUNT","HOUR_OF_DAY","ILLUMINATION","INJURY_COUNT","INTERSECTION_RELATED","INTERSECT_TYPE","LANE_CLOSED","LATITUDE","LN_CLOSE_DIR","LOCATION_TYPE","LONGITUDE","MAX_SEVERITY_LEVEL","MCYCLE_DEATH_COUNT","MCYCLE_SUSP_SERIOUS_INJ_COUNT","MOTORCYCLE_COUNT","MUNICIPALITY","NONMOTR_COUNT","NONMOTR_DEATH_COUNT","NONMOTR_SUSP_SERIOUS_INJ_COUNT","NTFY_HIWY_MAINT","PED_COUNT","PED_DEATH_COUNT","PED_SUSP_SERIOUS_INJ_COUNT","PERSON_COUNT","POLICE_AGCY","POSSIBLE_INJ_COUNT","RDWY_SURF_TYPE_CD","RELATION_TO_ROAD","ROADWAY_CLEARED","ROAD_CONDITION","SCH_BUS_IND","SCH_ZONE_IND","SECONDARY_CRASH","SMALL_TRUCK_COUNT","SPEC_JURIS_CD","SUSP_MINOR_INJ_COUNT","SUSP_SERIOUS_INJ_COUNT","SUV_COUNT","TCD_FUNC_CD","TCD_TYPE","TFC_DETOUR_IND","TIME_OF_DAY","TOTAL_UNITS","TOT_INJ_COUNT","UNBELTED_OCC_COUNT","UNB_DEATH_COUNT","UNB_SUSP_SERIOUS_INJ_COUNT","UNK_INJ_DEG_COUNT","UNK_INJ_PER_COUNT","URBAN_RURAL","VAN_COUNT","VEHICLE_COUNT","WEATHER1","WEATHER2","WORKERS_PRES","WORK_ZONE_IND","WORK_ZONE_LOC","WORK_ZONE_TYPE","WZ_CLOSE_DETOUR","WZ_FLAGGER","WZ_LAW_OFFCR_IND","WZ_LN_CLOSURE","WZ_MOVING","WZ_OTHER","WZ_SHLDER_MDN","WZ_WORKERS_INJ_KILLED"
"2008048214","","1","0","0","0","0","0","0","0","0","4","0","","02","3","2008","5","40.454755","-79.932541","2357","11","0","0","0","0","0","0","0","0","1","0","0","0","","","1","","1","","40 27:17.118","4","0","79 55:57.147","8","0","0","0","2301","0","0","0","N","0","0","0","3","02301","0","","1.0","","1","N","N","","0","","0","0","1","","2","Y","","2","1","0","0","0","1","0","2","0","2","","","","N","","","","","","","","","",""
"2008048215","","2","0","0","0","0","0","0","0","0","4","0","","02","3","2008","3","40.419643","-79.927184","2031","11","0","0","0","0","1","0","0","0","","0","0","0","","","0","","1","","40 25:10.714","","0","79 55:37.862","0","0","0","0","2301","0","0","0","N","0","0","0","4","02301","0","","1.0","","9","N","N","","0","","0","0","0","","2","","","2","0","0","0","0","0","0","2","0","2","","","","N","","","","","","","","","",""
"2008048216","","1","0","0","1","0","0","0","0","0","8","0","","02","3","2008","4","40.437847","-79.930741","1805","11","0","0","0","0","0","1","0","0","","0","0","0","","","1","","1","","40 26:16.249","","0","79 55:50.667","4","0","0","0","2301","1","0","0","N","0","0","0","2","02301","1","","1.0","","9","N","N","","0","","0","0","0","","3","","","2","1","0","0","0","0","0","2","0","1","","","","N","","","","","","","","","",""
"2008048217","","2","0","0","0","0","0","0","0","0","1","0","","02","3","2008","3","40.380425","-79.93508","1811","11","0","0","0","1","1","0","0","0","","0","0","0","","","1","","2","","40 22:49.531","","0","79 56:06.289","4","0","0","0","2301","0","0","0","N","0","0","0","3","02301","1","","1.0","","1","N","N","","1","","0","0","0","","0","","","3","1","0","0","0","0","0","2","0","3","","","","N","","","","","","","","","",""
"2008048218","","3","0","0","0","0","0","0","0","0","2","0","","02","2","2008","7","40.449819","-79.929656","1719","11","0","0","0","0","1","0","0","0","","0","0","0","","","0","","1","","40 26:59.348","","0","79 55:46.761","0","0","0","0","2301","0","0","0","N","0","0","0","4","02301","0","","1.0","","9","N","N","","0","","0","0","0","","2","","","3","0","1","0","0","0","0","2","0","3","","","","N","","","","","","","","","",""
"2008048221","","1","0","0","0","0","0","1","0","0","4","1","","02","3","2008","2","40.416108","-79.847876","1544","11","0","0","0","0","0","1","1","0","1","0","0","0","","","2","","2","","40 24:57.989","4","0","79 50:52.353","3","0","0","0","2431","0","0","0","N","0","0","0","3","02431","1","","1.0","","1","Y","N","","0","","1","0","0","","2","N","","2","2","0","0","0","0","0","2","0","2","","","","N","","","","","","","","","",""
"2008048230","","0","0","0","0","0","0","0","0","0","7","0","","02","3","2008","2","","","2033","11","0","0","0","0","0","0","0","0","2","0","0","0","","","0","","0","","","4","0","","3","0","0","0","2101","0","0","0","Y","0","0","0","1","02450","0","","2.0","","1","N","N","","0","","1","0","1","","0","Y","","1","1","1","0","0","0","0","1","0","1","","","","N","","","","","","","","","",""
"2008048242","","0","0","0","0","0","0","0","0","0","4","0","","02","3","2008","2","40.35381","-79.888662","0807","11","0","0","0","0","0","0","0","0","1","0","0","0","","","1","","2","","40 21:13.715","1","0","79 53:19.184","8","0","0","0","2423","0","0","0","N","0","0","0","2","02304","0","","1.0","","1","N","N","","0","","0","0","1","","3","N","","2","1","0","0","0","1","0","2","1","2","","","","N","","","","","","","","","",""
"2008048243","","1","0","0","0","0","0","0","0","0","4","0","","02","3","2008","5","40.354655","-79.836085","1537","11","0","0","1","0","0","0","0","0","1","0","0","0","","","2","","2","","40 21:16.758","3","0","79 50:09.906","4","0","0","0","2304","0","0","0","N","0","0","0","3","02304","1","","1.0","","1","N","N","","1","","0","0","0","","2","N","","2","2","1","0","0","1","0","2","0","2","","","","N","","","","","","","","","",""
"2008048244","","1","0","0","0","0","0","0","0","0","7","0","","02","3","2008","1","40.344527","-79.884126","0738","11","0","0","0","0","0","1","0","0","2","0","0","0","","","1","","2","","40 20:40.297","3","0","79 53:02.853","4","0","0","0","2304","0","0","0","N","0","0","0","1","02304","1","","3.0","","1","N","N","","0","","0","0","0","","0","Y","","1","1","0","0","0","0","0","2","0","1","","","","N","","","","","","","","","",""
"2008048245","","2","0","0","0","0","0","0","0","0","1","0","","02","3","2008","4","40.3535","-79.8371","1325","11","0","0","0","0","0","1","0","0","1","0","0","0","","","1","","2","","40 21:12.600","4","0","79 50:13.560","8","0","0","0","2304","0","0","0","N","0","0","0","3","02304","0","","1.0","","1","N","N","","0","","0","0","0","","2","N","","2","1","1","0","0","1","0","2","0","2","","","","N","","","","","","","","","",""
"2008048247","","2","0","0","0","0","0","0","0","0","2","0","","02","3","2008","5","40.47152","-79.926282","2019","11","0","0","0","0","1","1","0","0","","0","0","0","","","1","","1","","40 28:17.472","","0","79 55:34.615","3","0","0","0","2301","0","0","0","N","0","0","0","4","02301","0","","1.0","","1","N","N","","0","","1","0","0","","2","","","2","1","0","0","0","0","0","2","0","2","","","","N","","","","","","","","","",""
"2008048248","","2","0","0","0","0","0","0","0","0","4","0","","02","3","2008","7","40.464456","-79.92637","1656","11","0","0","0","0","1","0","0","0","","0","0","0","","","0","","1","","40 27:52.043","","0","79 55:34.933","0","0","0","0","2301","0","0","0","N","0","0","0","2","02301","0","","1.0","","1","N","N","","0","","0","0","0","","3","","","2","0","0","0","0","0","0","2","0","2","","05","","N","","","","","","","","","",""
"2008048249","","1","0","0","0","0","0","0","0","0","5","0","","02","3","2008","1","40.471816","-79.929882","1800","11","0","0","0","0","0","0","0","0","","0","0","0","","","1","","0","","40 28:18.537","","0","79 55:47.575","8","0","0","0","2301","0","0","0","N","0","0","0","2","02301","0","","1.0","","1","N","N","","0","","0","0","1","","0","","","2","1","0","0","0","1","1","2","0","2","","","","N","","","","","","","","","",""
"2008048250","","2","0","0","0","0","0","0","0","0","1","0","","02","3","2008","4","40.465597","-79.92939","1855","11","0","0","0","0","0","0","0","0","","0","0","0","","","1","","2","","40 27:56.149","","0","79 55:45.804","4","0","0","0","2301","0","0","0","N","0","0","0","4","02301","1","","1.0","","1","N","N","","0","","0","0","0","","2","","","2","1","0","0","0","0","1","2","0","2","","","","N","","","","","","","","","",""
"2008048251","","1","0","0","0","0","0","0","0","0","7","0","","02","3","2008","7","40.452236","-79.884984","0408","11","0","0","0","0","0","0","0","0","","0","0","0","","","0","","0","","40 27:08.049","","0","79 53:05.942","9","0","0","0","2301","0","0","0","N","0","0","0","1","02301","0","","5.0","","1","N","N","","0","","0","0","0","","0","","","1","0","0","0","0","0","1","2","0","1","","","","N","","","","","","","","","",""
"2008048253","","1","0","0","0","0","0","0","0","0","7","0","","02","3","2008","2","40.4864","-79.9136","0157","11","0","0","0","0","0","0","0","0","","0","0","0","","","0","","0","","40 29:11.040","","2","79 54:48.960","9","0","0","0","2301","0","0","0","N","0","0","0","1","02301","0","","3.0","","1","N","N","","0","","0","0","0","","0","","","1","0","0","0","0","0","1","2","0","1","","","","N","","","","","","","","","",""
"2008048254","","0","0","0","0","0","0","0","0","0","7","0","","02","3","2008","6","40.474014","-79.904056","0733","11","0","0","0","0","0","1","0","0","","0","0","0","","","0","","0","","40 28:26.450","","0","79 54:14.600","0","0","0","0","2301","0","0","0","N","0","0","0","1","02301","0","","4.0","","2","N","N","","0","","0","0","1","","0","","","1","0","0","0","0","0","0","2","0","1","","","","N","","","","","","","","","",""
"2008048255","","1","0","0","0","0","0","0","0","0","7","0","","02","3","2008","6","40.449203","-79.884092","0051","11","0","0","0","0","0","0","0","0","","0","0","0","","","0","","1","","40 26:57.130","","0","79 53:02.731","9","0","0","0","2301","0","0","0","N","0","0","0","3","02301","0","","5.0","","1","N","N","","0","","0","0","0","","3","","","1","0","0","0","0","0","2","2","0","1","","","","N","","","","","","","","","",""
"2008048256","","1","0","0","0","0","0","0","0","0","8","0","","02","3","2008","2","40.47152","-79.926282","1809","11","0","0","0","0","0","1","0","0","1","0","0","0","","","1","","1","","40 28:17.472","1","0","79 55:34.615","4","0","0","0","2301","1","0","0","N","1","0","0","2","02301","1","","1.0","","1","N","N","","0","","0","0","0","","2","Y","","2","1","0","0","0","0","0","2","0","1","","","","N","","","","","","","","","",""
"2008048257","","2","0","0","0","0","0","0","0","0","4","0","","02","3","2008","7","40.460428","-79.913788","1611","11","0","0","0","0","0","1","0","0","2","0","0","0","","","2","","1","","40 27:37.540","7","0","79 54:49.636","4","0","0","0","2301","0","0","0","N","0","0","0","4","02301","2","","1.0","","1","N","N","","0","","0","0","0","","2","Y","","2","2","0","0","0","0","0","2","0","2","","","","N","","","","","","","","","",""
"2008048258","","2","0","0","0","0","0","0","0","0","4","0","","02","3","2008","7","40.455213","-79.885356","2354","11","0","0","0","0","0","0","1","0","","0","0","0","","","0","","1","","40 27:18.766","","0","79 53:07.281","9","0","0","0","2301","0","0","0","N","0","0","0","2","02301","0","","4.0","","1","N","N","","0","","0","0","0","","3","","","2","0","0","0","0","0","1","2","0","2","","","","N","","","","","","","","","",""
"2008048259","","1","0","0","0","0","0","0","0","0","7","0","","02","3","2008","1","40.458621","-79.908008","0024","11","0","0","0","0","0","1","0","0","","0","0","0","","","1","","1","","40 27:31.035","","0","79 54:28.827","4","0","0","0","2301","0","0","0","N","0","0","0","1","02301","1","","2.0","","1","N","N","","0","","0","0","0","","2","","","1","1","0","0","0","0","0","2","0","1","","","","N","","","","","","","","","",""
"2008048263","","3","0","0","0","0","0","0","0","0","4","0","","02","3","2008","1","40.466715","-80.061482","2139","11","0","0","0","0","0","0","0","0","","0","0","0","","","0","","0","","40 28:00.174","","0","80 03:41.335","0","0","0","0","2444","0","0","0","N","0","0","0","5","02444","0","","6.0","","1","N","N","","0","","0","0","0","","0","","","3","0","0","0","0","0","0","2","0","3","","","","N","","","","","","","","","",""
"2008048355","","1","0","0","0","0","0","0","0","0","1","0","","02","3","2008","7","40.395476","-80.022333","1614","11","0","0","0","0","0","0","0","0","","0","1","0","","","4","","0","","40 23:43.713","","0","80 01:20.398","3","0","0","0","2301","0","0","0","N","0","0","0","6","02301","3","","1.0","","1","N","N","","1","","1","0","0","","0","","","3","4","2","0","0","0","0","2","0","3","","","","N","","","","","","","","","",""
"2008048356","","3","0","0","0","0","0","0","0","0","4","0","","02","3","2008","3","40.469669","-79.921032","1317","11","0","0","0","0","0","0","0","0","","0","0","0","","","1","","1","","40 28:10.808","","0","79 55:15.715","8","0","0","0","2301","0","0","0","N","0","0","0","4","02301","0","","1.0","","1","N","N","","0","","0","0","0","","2","","","3","1","0","0","0","1","0","2","0","3","","","","N","","","","","","","","","",""
"2008048357","","1","0","0","0","0","0","1","0","0","4","1","","02","3","2008","3","40.448316","-80.010457","1939","11","0","0","0","0","0","2","0","0","2","0","0","0","","","0","","1","","40 26:53.937","3","0","80 00:37.645","0","0","0","0","2301","0","0","0","","0","0","0","2","02301","0","","1.0","","9","N","N","","0","","0","0","0","","2","N","","2","0","0","0","0","0","0","2","0","2","","","","N","","","","","","","","","",""
"2008048358","","1","0","0","0","0","0","0","0","0","8","0","","02","3","2008","1","40.485177","-80.034583","1555","11","0","0","0","0","0","1","0","0","","0","0","0","","","1","","2","","40 29:06.637","","0","80 02:04.498","3","0","0","0","2301","1","0","0","N","1","0","0","3","02301","0","","1.0","","1","N","N","","0","","1","0","0","","3","","","2","1","0","0","0","0","0","2","0","1","","","","N","","","","","","","","","",""
"2008048359","","0","0","0","0","0","0","0","0","0","1","0","","02","3","2008","1","40.454826","-79.994438","0127","11","0","0","0","0","0","0","0","0","2","0","0","0","","","0","","1","","40 27:17.372","3","0","79 59:39.975","0","0","0","0","2301","0","0","0","N","0","0","0","2","02301","0","","1.0","","1","N","N","","2","","0","0","0","","0","N","","2","0","0","0","0","0","0","2","0","2","","","","N","","","","","","","","","",""
"2008048360","","2","0","0","0","0","0","0","0","0","2","0","","02","3","2008","5","40.473796","-80.038538","1712","11","0","0","0","0","0","0","0","0","","0","0","0","","","1","","0","","40 28:25.665","","0","80 02:18.736","8","0","0","0","2301","0","0","0","N","0","0","0","1","02301","0","","6.0","","1","N","N","","0","","0","0","0","","0","","","2","1","1","0","0","1","0","2","0","2","","","","N","","","","","","","","","",""
"2008048361","","1","0","0","0","0","0","0","0","0","5","0","","02","3","2008","6","40.4524","-79.9962","1942","11","0","0","0","0","0","1","0","0","","0","0","0","","","1","","0","","40 27:08.640","","0","79 59:46.320","8","0","0","0","2301","0","0","0","N","0","0","0","2","02301","0","","1.0","","9","N","N","","0","","0","0","0","","0","","","2","1","0","0","0","1","1","2","0","2","","","","N","","","","","","","","","",""
"2008048362","","2","0","0","0","0","0","0","0","0","1","0","","02","3","2008","3","40.4789","-80.043","1613","11","0","0","0","0","0","1","0","0","2","0","0","0","","","1","","1","","40 28:44.040","2","0","80 02:34.800","8","0","0","0","2301","0","0","0","N","0","0","0","3","02301","0","","1.0","","9","N","N","","0","","0","0","0","","4","N","","2","1","0","0","0","1","0","2","0","2","","","","N","","","","","","","","","",""
"2008048368","","1","0","0","0","0","0","0","0","0","7","0","","02","4","2008","3","40.492256","-80.087133","0926","11","0","0","0","0","0","0","0","0","1","0","0","0","","","1","","0","","40 29:32.123","4","0","80 05:13.678","8","0","0","0","2122","0","0","0","N","0","0","0","2","02122","0","","2.0","","1","N","N","","0","","0","0","0","","0","N","","1","1","2","0","0","1","0","2","0","1","","","","N","","","","","","","","","",""
"2008048372","","2","0","0","0","0","0","0","0","0","4","0","","02","4","2008","3","40.401814","-80.067748","1025","11","0","0","0","0","0","1","0","0","","0","0","0","","","2","","1","","40 24:06.531","","0","80 04:03.893","3","0","0","0","2117","0","0","0","N","0","0","0","2","02117","1","","1.0","","1","N","N","","0","","1","0","0","","3","","","2","2","1","0","0","0","0","2","0","2","","","","N","","","","","","","","","",""
"2008048376","","1","0","0","0","0","0","0","0","0","1","0","","02","4","2008","6","40.3365","-79.9779","1439","11","0","0","0","0","1","0","0","0","","0","0","0","","","1","","0","","40 20:11.400","","0","79 58:40.440","4","0","0","0","2454","0","0","0","N","0","0","0","5","02454","1","","1.0","","1","N","N","","0","","0","0","1","","2","","","2","1","1","0","0","0","0","2","0","2","","","","N","","","","","","","","","",""
"2008048380","","0","0","0","0","0","0","0","0","0","1","0","","02","4","2008","7","40.355102","-80.050169","1028","11","0","0","0","0","0","1","0","0","","0","0","0","","","1","","1","","40 21:18.367","","0","80 03:00.609","8","0","0","0","2109","0","0","0","N","0","0","0","2","02109","0","","1.0","","1","N","N","","0","","0","0","0","","2","","","2","1","0","0","0","1","0","2","2","2","","","","N","","","","","","","","","",""
"2008048383","","2","0","0","0","0","0","0","0","0","1","0","","02","4","2008","7","40.5534","-79.970907","1212","11","0","0","0","0","0","1","0","0","","0","0","0","","","1","","0","","40 33:12.240","","0","79 58:15.265","8","0","0","0","2118","0","0","0","N","0","0","0","2","02118","0","","1.0","","1","N","N","","0","","0","0","0","","0","","","2","1","0","0","0","1","0","2","0","2","","","","N","","","","","","","","","",""
"2008048400","","1","0","0","0","0","0","0","0","0","7","0","","02","4","2008","7","40.528428","-79.984494","1830","11","0","0","0","1","0","0","0","0","","0","0","0","","","0","","0","","40 31:42.340","","0","79 59:04.180","0","0","0","0","2118","0","0","0","N","0","0","0","1","02118","0","","5.0","","1","N","N","","0","","0","0","0","","0","","","1","0","0","0","0","0","0","2","0","1","","","","N","","","","","","","","","",""
"2008048402","","0","0","0","0","0","0","0","0","0","7","0","","02","4","2008","7","40.524622","-79.768742","1843","11","0","0","0","0","0","1","0","0","2","0","0","0","","","2","","0","","40 31:28.639","7","0","79 46:07.471","3","0","0","0","2466","0","0","0","N","0","0","0","2","02466","0","","4.0","","1","N","N","","0","","2","0","0","","0","Y","","1","2","0","0","0","0","0","1","1","1","","","","N","","","","","","","","","",""
"2008048410","","2","0","0","0","0","0","0","0","0","1","0","","02","4","2008","7","40.631698","-79.866639","2306","11","0","0","0","0","0","1","0","0","1","0","0","0","","","0","","0","","40 37:54.112","6","0","79 51:59.900","0","0","0","0","2220","0","0","0","N","0","0","0","5","02220","0","","1.0","","9","N","N","","0","","0","0","0","","0","N","","2","0","0","0","0","0","0","1","0","2","","","","N","","","","","","","","","",""
"2008048411","","1","0","0","0","0","0","0","0","0","7","0","","02","4","2008","1","40.387273","-79.813618","0039","11","0","1","0","0","0","0","0","0","1","0","0","0","","","0","","0","","40 23:14.182","1","0","79 48:49.024","0","0","0","0","2111","0","0","0","N","0","0","0","1","02111","0","","2.0","","1","N","N","","0","","0","0","0","","0","N","","1","0","0","0","0","0","0","2","0","1","","","","N","","","","","","","","","",""
"2008048412","","3","0","0","0","0","0","0","0","0","2","0","","02","4","2008","1","40.495893","-79.944817","0144","11","0","0","0","0","0","0","0","0","3","0","0","0","","","2","","0","","40 29:45.216","5","0","79 56:41.341","3","0","0","0","2430","0","0","0","N","0","0","0","3","02430","0","","6.0","","1","N","N","","0","","1","0","0","","0","Y","","3","2","3","0","0","1","1","2","0","3","","","","N","","","","","","","","","",""
"2008048416","","2","0","0","0","0","0","0","0","0","1","0","","02","4","2008","7","40.3784","-79.9897","0947","11","0","0","0","0","0","1","0","0","1","0","0","0","","","0","","2","","40 22:42.240","1","0","79 59:22.920","0","0","0","0","2476","0","0","0","N","0","0","0","2","02476","0","","1.0","","1","N","N","","0","","0","0","0","","2","Y","","2","0","0","0","0","0","0","2","0","2","","","","N","","","","","","","","","",""
"2008048426","","1","0","0","0","0","0","0","0","0","1","0","","02","4","2008","3","40.532639","-79.958468","1036","11","0","0","0","0","1","0","0","1","1","0","0","0","","","0","","2","","40 31:57.502","1","0","79 57:30.485","0","0","0","0","2118","0","0","0","N","0","0","0","2","02118","0","","1.0","","1","N","N","","1","","0","0","0","","0","N","","2","0","0","0","0","0","0","2","0","2","","","","N","","","","","","","","","",""
"2008048439","","2","0","0","0","0","0","0","0","0","1","0","","02","4","2008","3","40.3939","-80.0659","1255","11","0","0","0","0","0","0","1","0","","0","0","0","","","1","","0","","40 23:38.040","","0","80 03:57.240","3","0","0","0","2117","0","0","0","N","0","0","0","3","02117","0","","1.0","","1","N","N","","1","","1","0","0","","2","","","3","1","0","0","0","0","0","2","0","3","","","","N","","","","","","","","","",""
"2008048455","","2","0","0","0","0","0","0","0","0","7","0","","02","4","2008","3","40.475785","-80.083118","0926","11","0","0","0","0","0","1","0","0","2","0","0","0","","","1","","0","","40 28:32.827","5","0","80 04:59.225","8","0","0","0","2122","0","0","0","N","0","0","0","3","02122","0","","4.0","","1","N","N","","0","","0","0","1","","0","Y","","3","1","0","0","0","1","0","2","0","3","","","","N","","","","","","","","","",""
"2008048461","","1","0","0","0","0","0","0","0","0","2","0","","02","4","2008","7","40.438363","-79.772231","0302","11","0","0","0","0","0","0","0","0","2","0","0","0","","","0","","0","","40 26:18.105","3","0","79 46:20.031","0","0","0","0","2446","0","0","0","N","0","0","0","3","02446","0","","1.0","","1","N","N","","0","","0","0","1","","0","Y","","2","0","0","0","0","0","0","2","0","2","","","","N","","","","","","","","","",""
"2008048463","","1","0","0","0","0","0","0","0","0","7","0","","02","4","2008","2","40.6701","-80.0974","0345","11","0","0","0","1","0","0","0","0","1","0","0","0","","","0","","0","","40 40:12.360","1","0","80 05:50.640","0","0","0","0","2212","0","0","0","N","0","0","0","3","02505","0","","3.0","","1","N","N","","0","","0","0","0","","0","N","","1","0","0","0","0","0","0","2","0","1","","","","N","","","","","","","","","",""
"2008048466","","1","0","0","0","0","0","0","0","0","7","0","","02","4","2008","2","40.5408","-79.7225","0010","11","0","0","1","0","0","0","0","0","","0","0","0","","","1","","0","","40 32:26.880","","0","79 43:21.000","4","0","0","0","2466","0","0","0","Y","0","0","0","2","02466","1","","2.0","","9","N","N","","0","","0","0","0","","0","","","1","1","0","0","0","0","0","1","0","1","","","","N","","","","","","","","","",""
"2008048470","","0","0","0","0","0","0","0","0","0","4","0","","02","4","2008","7","40.393481","-80.04119","1330","11","0","0","0","0","0","1","0","0","","0","0","0","","","1","","1","","40 23:36.531","","0","80 02:28.284","8","0","0","0","2422","0","0","0","N","0","0","0","2","02422","0","","1.0","","1","N","N","","0","","0","0","2","","3","","","2","1","0","0","0","1","0","2","0","2","","","","N","","","","","","","","","",""
"2008048496","","1","0","0","0","0","0","0","0","0","4","0","","02","4","2008","1","40.3782","-80.0647","1510","11","0","0","0","0","0","1","0","0","2","0","0","0","","","0","","1","","40 22:41.520","4","0","80 03:52.920","0","0","0","0","2109","0","0","0","N","0","0","0","3","02109","0","","1.0","","9","N","N","","1","","0","0","0","","2","N","","2","0","0","0","0","0","0","2","0","2","","","","N","","","","","","","","","",""
"2008048510","","2","0","0","0","0","0","0","0","0","4","0","","02","3","2008","2","40.448375","-79.952769","1625","11","0","0","0","0","0","1","0","0","","0","0","0","","","0","","1","","40 26:54.150","","0","79 57:09.968","0","0","0","0","2301","0","0","0","N","0","0","0","2","02301","0","","1.0","","1","N","N","","0","","0","0","0","","2","","","2","0","0","0","0","0","0","2","0","2","","","","N","","","","","","","","","",""
"2008048711","","2","0","0","0","0","0","0","0","0","4","0","","02","3","2008","5","40.39589","-80.022942","1715","11","0","0","0","1","0","0","0","0","","0","0","0","","","0","","0","","40 23:45.205","","0","80 01:22.591","0","0","0","0","2301","0","0","0","N","0","0","0","3","02301","0","","1.0","","1","N","N","","1","","0","0","0","","0","","","3","0","0","0","0","0","0","2","0","3","","","","N","","","","","","","","","",""
"2008048733","","2","0","0","0","0","0","0","0","0","4","0","","02","3","2008","1","40.4757","-79.9081","1146","11","0","0","0","0","0","0","0","0","","0","0","0","","","0","","1","","40 28:32.520","","0","79 54:29.160","0","0","0","0","2301","0","0","0","N","0","0","0","5","02301","0","","1.0","","1","N","N","","0","","0","0","0","","2","","","2","0","0","0","0","0","0","2","0","2","","","","N","","","","","","","","","",""
"2008048734","","3","0","0","0","0","0","0","0","0","1","0","","02","3","2008","7","40.437663","-79.97255","2020","11","0","0","0","0","0","0","0","0","","0","0","0","","","0","","0","","40 26:15.588","","3","79 58:21.180","0","0","0","0","2301","0","0","0","N","0","0","0","4","02301","0","","1.0","","1","N","N","","0","","0","0","0","","0","","","3","0","0","0","0","0","0","2","0","3","","","","N","","","","","","","","","",""
"2008048735","","3","0","0","0","0","0","0","0","0","5","0","","02","3","2008","2","40.440245","-79.993338","2318","11","0","0","0","1","0","0","0","0","","0","0","0","","","0","","0","","40 26:24.882","","0","79 59:36.016","0","0","0","0","2301","0","0","0","","0","0","0","4","02301","0","","4.0","","1","","","","0","","0","0","0","","0","","","3","0","2","0","0","0","0","2","0","3","","","","N","","","","","","","","","",""
"2008048736","","1","0","0","0","0","0","0","0","0","4","0","","02","3","2008","2","40.396195","-80.023707","1009","11","1","0","0","0","0","0","0","0","","0","0","0","","","0","","1","","40 23:46.302","","0","80 01:25.345","0","0","0","0","2301","0","0","0","","0","0","0","2","02301","0","","1.0","","1","","","","0","","0","0","1","","2","","","2","0","0","0","0","0","0","2","0","2","","","","N","","","","","","","","","",""
"2008048737","","2","0","0","0","0","0","0","0","0","1","0","","02","3","2008","3","40.404316","-80.024956","0820","11","0","0","0","0","0","0","0","0","","0","0","0","","","0","","0","","40 24:15.537","","0","80 01:29.841","0","0","0","0","2301","0","0","0","N","0","0","0","3","02301","0","","1.0","","1","N","N","","0","","0","0","0","","0","","","2","0","0","0","0","0","0","2","0","2","","","","N","","","","","","","","","",""
"2008048738","","2","0","0","0","0","0","0","0","0","4","0","","02","3","2008","5","40.4033","-80.0409","0902","11","0","0","0","0","0","0","0","0","","0","0","0","","","0","","1","","40 24:11.880","","0","80 02:27.240","0","0","0","0","2301","0","0","0","N","0","0","0","2","02301","0","","1.0","","1","N","N","","0","","0","0","0","","3","","","2","0","0","0","0","0","0","2","0","2","","","","N","","","","","","","","","",""
"2008048750","","1","0","0","0","0","0","0","0","0","4","0","","02","3","2008","2","40.411296","-79.944725","0725","11","0","0","0","0","0","1","0","0","","0","0","0","","","0","","1","","40 24:40.667","","0","79 56:41.011","0","0","0","0","2301","0","0","0","N","0","0","0","2","02301","0","","1.0","","1","N","N","","1","","0","0","0","","2","","","2","0","0","0","0","0","0","2","0","2","","","","N","","","","","","","","","",""
"2008048751","","1","0","0","0","0","0","0","0","0","7","0","","02","3","2008","3","40.5966","-80.0476","1152","11","0","0","0","0","0","0","0","0","","0","0","0","","","0","","0","","40 35:47.760","","0","80 02:51.360","0","0","0","0","2108","0","0","0","N","0","0","0","1","02108","0","","4.0","","1","N","N","","0","","0","0","0","","0","","","1","0","0","0","0","0","0","2","0","1","","","","N","","","","","","","","","",""
"2008048752","","2","0","0","0","0","0","0","0","0","1","0","","02","3","2008","6","40.56134","-80.013059","1144","11","0","0","0","0","0","0","0","0","1","0","0","0","","","0","","1","","40 33:40.825","1","0","80 00:47.014","0","0","0","0","2108","0","0","0","N","0","0","0","2","02108","0","","1.0","","1","N","N","","0","","0","0","0","","2","N","","2","0","0","0","0","0","0","2","0","2","","","","N","","","","","","","","","",""
"2008048753","","0","0","0","0","0","0","0","0","0","2","0","","02","3","2008","6","40.56376","-80.038733","0632","11","0","0","0","0","0","1","1","0","","0","0","0","","","2","","0","","40 33:49.537","","0","80 02:19.439","3","0","0","0","2108","0","0","0","N","0","0","0","2","02108","0","","1.0","","1","N","N","","2","","1","0","0","","0","","","2","2","0","0","0","1","0","2","0","2","","","","N","","","","","","","","","",""