"CRN","ARRIVAL_TM","AUTOMOBILE_COUNT","BELTED_DEATH_COUNT","BELTED_SUSP_SERIOUS_INJ_COUNT","BICYCLE_COUNT","BICYCLE_DEATH_COUNT","BICYCLE_SUSP_SERIOUS_INJ_COUNT","BUS_COUNT","CHLDPAS_DEATH_COUNT","CHLDPAS_SUSP_SERIOUS_INJ_COUNT","COLLISION_TYPE","COMM_VEH_COUNT","CONS_ZONE_SPD_LIM","COUNTY","CRASH_MONTH","CRASH_YEAR","DAY_OF_WEEK","DEC_LATITUDE","DEC_LONGITUDE","DISPATCH_TM","DISTRICT","DRIVER_COUNT_16YR","DRIVER_COUNT_17YR","DRIVER_COUNT_18YR","DRIVER_COUNT_19YR","DRIVER_COUNT_20YR","DRIVER_COUNT_50_64YR","DRIVER_COUNT_65_74YR","DRIVER_COUNT_75PLUS","EST_HRS_CLOSED","FATAL_COUNT","HEAVY_TRUCK_COUNT","HORSE_BUGGY_COUNT","HOUR_OF_DAY","ILLUMINATION","INJURY_COUNT","INTERSECTION_RELATED","INTERSECT_TYPE","LANE_CLOSED","LATITUDE","LN_CLOSE_DIR","LOCATION_TYPE","LONGITUDE","MAX_SEVERITY_LEVEL","MCYCLE_DEATH_COUNT","MCYCLE_SUSP_SERIOUS_INJ_COUNT","MOTORCYCLE_COUNT","MUNICIPALITY","NONMOTR_COUNT","NONMOTR_DEATH_COUNT","NONMOTR_SUSP_SERIOUS_INJ_COUNT","NTFY_HIWY_MAINT","PED_COUNT","PED_DEATH_COUNT","PED_SUSP_SERIOUS_INJ_COUNT","PERSON_COUNT","POLICE_AGCY","POSSIBLE_INJ_COUNT","RDWY_SURF_TYPE_CD","RELATION_TO_ROAD","ROADWAY_CLEARED","ROAD_CONDITION","SCH_BUS_IND","SCH_ZONE_IND","SECONDARY_CRASH","SMALL_TRUCK_COUNT","SPEC_JURIS_CD","SUSP_MINOR_INJ_COUNT","SUSP_SERIOUS_INJ_COUNT","SUV_COUNT","TCD_FUNC_CD","TCD_TYPE","TFC_DETOUR_IND","TIME_OF_DAY","TOTAL_UNITS","TOT_INJ_COUNT","UNBELTED_OCC_COUNT","UNB_DEATH_COUNT","UNB_SUSP_SERIOUS_INJ_COUNT","UNK_INJ_DEG_COUNT","UNK_INJ_PER_COUNT","URBAN_RURAL","VAN_COUNT","VEHICLE_COUNT","WEATHER1","WEATHER2","WORKERS_PRES","WORK_ZONE_IND","WORK_ZONE_LOC","WORK_ZONE_TYPE","WZ_CLOSE_DETOUR","WZ_FLAGGER","WZ_LAW_OFFCR_IND","WZ_LN_CLOSURE","WZ_MOVING","WZ_OTHER","WZ_SHLDER_MDN","WZ_WORKERS_INJ_KILLED"
"2008048856","","1","0","0","0","0","0","0","0","0","2","0","","02","3","2008","5","40.442727","-79.990944","2246","11","0","0","0","0","0","1","0","0","2","0","0","0","","","1","","0","","40 26:33.818","4","0","79 59:27.399","3","0","0","0","2301","0","0","0","Y","0","0","0","3","02301","0","","1.0","","1","N","N","","1","","1","0","0","","0","Y","","2","1","0","0","0","0","0","2","0","2","","","","N","","","","","","","","","",""
"2008048857","","1","0","0","0","0","0","0","0","0","7","0","","02","3","2008","1","","","2307","11","0","0","0","1","0","0","0","0","","0","0","0","","","0","","0","","","","0","","0","0","0","0","2301","0","0","0","N","0","0","0","2","02301","0","","1.0","","1","N","N","","0","","0","0","0","","0","","","1","0","1","0","0","0","0","1","0","1","","","","N","","","","","","","","","",""
"2008048858","","1","0","0","0","0","0","0","0","0","7","0","","02","3","2008","4","40.448474","-79.986453","0246","11","0","0","0","0","0","0","0","0","1","0","0","0","","","0","","0","","40 26:54.506","4","0","79 59:11.230","0","0","0","0","2301","0","0","0","N","0","0","0","1","02301","0","","4.0","","1","N","N","","0","","0","0","0","","0","N","","1","0","0","0","0","0","0","2","0","1","","","","N","","","","","","","","","",""
"2008048859","","2","0","0","0","0","0","0","0","0","1","0","","02","3","2008","7","","","2158","11","0","0","0","0","0","0","0","0","","0","0","0","","","0","","6","","40 25:41.16","","2","79 53:23.28","0","0","0","0","2301","0","0","0","N","0","0","0","3","02301","0","","1.0","","1","N","N","","0","","0","0","0","","0","","","2","0","0","0","0","0","0","2","0","2","","","","N","","","","","","","","","",""
"2008048860","","1","0","0","0","0","0","0","0","0","7","0","","02","2","2008","6","40.427244","-80.011751","1352","11","0","0","0","0","0","0","0","0","","0","0","0","","","0","","0","","40 25:38.079","","0","80 00:42.303","0","0","0","0","2301","0","0","0","N","0","0","0","1","02301","0","","5.0","","2","N","N","","0","","0","0","0","","0","","","1","0","1","0","0","0","0","2","0","1","","","","N","","","","","","","","","",""
"2008048861","","1","0","0","0","0","0","0","0","0","4","0","","02","3","2008","2","40.427657","-80.048537","1110","11","0","0","0","0","0","0","0","1","","0","0","0","","","0","","0","","40 25:39.565","","0","80 02:54.733","0","0","0","0","2301","0","0","0","N","0","0","0","2","02301","0","","9.0","","1","N","N","","1","","0","0","0","","0","","","2","0","0","0","0","0","0","2","0","2","","","","N","","","","","","","","","",""
"2008048862","","2","0","0","0","0","0","0","0","0","1","0","","02","3","2008","4","40.419652","-79.933782","1043","11","0","0","0","0","0","0","0","0","","0","0","0","","","0","","0","","40 25:10.747","","0","79 56:01.615","0","0","0","0","2301","0","0","0","N","0","0","0","1","02301","0","","1.0","","1","N","N","","0","","0","0","0","","0","","","2","0","0","0","0","0","0","2","0","2","","","","N","","","","","","","","","",""
"2008048863","","1","0","0","0","0","0","0","0","0","4","0","","02","3","2008","4","40.43975","-79.896481","1639","11","0","0","0","0","0","0","1","0","2","0","0","0","","","0","","1","","40 26:23.100","3","0","79 53:47.331","0","0","0","0","2301","0","0","0","","0","0","0","2","02301","0","","1.0","","9","N","N","","1","","0","0","0","","3","Y","","2","0","0","0","0","0","0","2","0","2","","","","N","","","","","","","","","",""
"2008048864","","0","0","0","0","0","0","0","0","0","7","0","","02","3","2008","7","40.423023","-80.067071","0248","11","0","0","0","0","0","0","0","0","2","0","0","0","","","0","","2","","40 25:22.884","2","0","80 04:01.457","9","0","0","0","2301","0","0","0","N","0","0","0","1","02301","0","","2.0","","1","N","N","","0","","0","0","1","","0","N","","1","0","0","0","0","0","1","2","0","1","","","","N","","","","","","","","","",""
"2008048865","","0","0","0","0","0","0","0","0","0","7","0","","02","3","2008","7","40.400172","-80.044424","2230","11","0","0","0","0","0","1","0","0","","0","0","0","","","1","","0","","40 24:00.619","","0","80 02:39.926","4","0","0","0","2301","0","0","0","N","0","0","0","1","02301","1","","4.0","","1","N","N","","1","","0","0","0","","0","","","1","1","1","0","0","0","0","2","0","1","","","","N","","","","","","","","","",""
"2008048866","","0","0","0","0","0","0","0","0","0","7","0","","02","3","2008","7","40.460642","-80.048917","0604","11","0","0","0","0","0","0","0","0","","0","0","0","","","0","","2","","40 27:38.312","","0","80 02:56.102","0","0","0","0","2301","0","0","0","N","0","0","0","1","02301","0","","5.0","","9","N","N","","0","","0","0","1","","0","","","1","0","1","0","0","0","0","2","0","1","","","","N","","","","","","","","","",""
"2008048867","","2","0","0","0","0","0","0","0","0","1","0","","02","3","2008","5","40.453827","-80.040273","1605","11","0","0","0","0","0","1","0","0","1","0","0","0","","","1","","0","","40 27:13.776","1","0","80 02:24.983","4","0","0","0","2301","0","0","0","N","0","0","0","3","02301","1","","1.0","","1","N","N","","0","","0","0","0","","2","N","","2","1","0","0","0","0","0","2","0","2","","","","N","","","","","","","","","",""
"2008048868","","3","0","0","0","0","0","0","0","0","1","0","","02","3","2008","5","40.44414","-80.028092","0658","11","0","0","0","0","0","1","0","0","","0","0","0","","","0","","10","","40 26:38.905","","0","80 01:41.132","0","0","0","0","2301","0","0","0","N","0","0","0","3","02301","0","","1.0","","1","N","N","","0","","0","0","0","","2","","","3","0","0","0","0","0","0","2","0","3","","","","N","","","","","","","","","",""
"2008048869","","1","0","0","0","0","0","0","0","0","7","0","","02","3","2008","6","40.454012","-79.953338","2335","11","0","0","0","0","0","1","0","0","1","0","0","0","","","0","","2","","40 27:14.444","4","0","79 57:12.018","0","0","0","0","2301","0","0","0","N","0","0","0","1","02301","0","","2.0","","9","N","N","","0","","0","0","0","","2","N","","1","0","0","0","0","0","0","2","0","1","","","","N","","","","","","","","","",""
"2008048870","","1","0","0","0","0","0","0","0","0","7","0","","02","3","2008","7","40.47198","-80.028132","0401","11","0","0","0","0","1","0","0","0","","0","0","0","","","0","","2","","40 28:19.128","","0","80 01:41.275","0","0","0","0","2301","0","0","0","N","0","0","0","2","02301","0","","5.0","","9","N","N","","0","","0","0","0","","0","","","1","0","0","0","0","0","0","2","0","1","","","","N","","","","","","","","","",""
"2008048871","","1","0","0","0","0","0","0","0","0","7","0","","02","3","2008","7","40.4506","-80.0186","0436","11","0","0","0","0","0","0","0","0","","0","0","0","","","0","","1","","40 27:02.160","","0","80 01:06.960","0","0","0","0","2301","0","0","0","N","0","0","0","1","02301","0","","4.0","","1","N","N","","0","","0","0","0","","3","","","1","0","0","0","0","0","0","2","0","1","","","","N","","","","","","","","","",""
"2008048872","","0","0","0","0","0","0","0","0","0","8","0","","02","3","2008","7","40.4287","-79.9885","2251","11","0","0","0","0","0","0","0","0","1","0","0","0","","","2","","1","","40 25:43.320","6","0","79 59:18.600","4","0","0","0","2301","2","0","0","N","2","0","0","7","02301","1","","1.0","","1","N","N","","1","","0","0","0","","2","Y","","3","2","1","0","0","1","0","2","0","1","","","","N","","","","","","","","","",""
"2008048873","","1","0","0","0","0","0","0","0","0","4","0","","02","3","2008","1","40.447138","-79.895168","0128","11","0","0","0","0","0","1","0","0","1","0","0","0","","","3","","1","","40 26:49.695","6","0","79 53:42.604","3","0","0","0","2301","0","0","0","N","0","0","0","4","02301","1","","1.0","","1","N","N","","0","","2","0","0","","2","N","","2","3","1","0","0","0","0","2","1","2","","","","N","","","","","","","","","",""
"2008048874","","2","0","0","0","0","0","0","0","0","1","0","","02","3","2008","4","40.453019","-80.039484","1717","11","0","0","0","0","0","0","0","1","1","0","0","0","","","2","","2","","40 27:10.869","4","0","80 02:22.141","8","0","0","0","2301","0","0","0","N","0","0","0","2","02301","0","","1.0","","9","N","N","","0","","0","0","0","","2","N","","2","2","0","0","0","2","0","2","0","2","","","","N","","","","","","","","","",""
"2008048875","","2","0","0","0","0","0","0","0","0","6","0","","02","3","2008","6","40.428394","-80.009208","0225","11","0","0","0","1","0","0","0","0","","0","0","0","","","0","","2","","40 25:42.218","","0","80 00:33.148","0","0","0","0","2301","0","0","0","N","0","0","0","3","02301","0","","2.0","","1","N","N","","0","","0","0","0","","0","","","2","0","0","0","0","0","0","2","0","2","","","","N","","","","","","","","","",""
"2008048876","","1","0","0","0","0","0","0","0","0","8","0","","02","3","2008","7","40.4314","-80.0024","1810","11","0","0","0","0","0","0","0","0","3","0","0","0","","","3","","0","","40 25:53.040","7","0","80 00:08.640","2","0","0","0","2301","3","0","1","N","3","0","1","5","02301","0","","1.0","","1","N","N","","0","","2","1","0","","0","Y","","4","3","0","0","0","0","0","2","0","1","","","","N","","","","","","","","","",""
"2008048877","","1","0","0","0","0","0","0","0","0","5","0","","02","3","2008","3","40.423107","-79.998523","1730","11","0","0","0","0","0","0","0","0","1","0","0","0","","","0","","2","","40 25:23.185","1","0","79 59:54.682","0","0","0","0","2301","0","0","0","N","0","0","0","1","02301","0","","1.0","","1","N","N","","0","","0","0","1","","0","N","","2","0","0","0","0","0","0","2","0","2","","","","N","","","","","","","","","",""
"2008048907","","1","0","0","0","0","0","0","0","0","4","0","","02","4","2008","4","40.4398","-80.1524","0803","11","0","0","0","0","0","1","0","0","1","0","0","0","","","2","","1","","40 26:23.280","2","0","80 09:08.640","3","0","0","0","2115","0","0","0","N","0","0","0","2","02115","1","","1.0","","1","N","N","","0","","1","0","1","","2","N","","2","2","0","0","0","0","0","2","0","2","","","","N","","","","","","","","","",""
"2008048921","","2","0","0","0","0","0","0","0","0","4","0","","02","4","2008","3","40.6281","-79.9418","0631","11","0","0","0","0","0","0","0","0","1","0","0","0","","","0","","2","","40 37:41.160","1","0","79 56:30.480","0","0","0","0","2217","0","0","0","N","0","0","0","2","02505","0","","1.0","","1","N","N","","0","","0","0","0","","3","N","","2","0","0","0","0","0","0","2","0","2","","","","N","","","","","","","","","",""
"2008048924","","0","0","0","0","0","0","0","0","0","7","0","","02","4","2008","7","40.5055","-79.9446","2318","11","0","0","0","0","0","0","0","0","3","0","0","0","","","0","","0","","40 30:19.800","6","0","79 56:40.560","0","0","0","0","2430","0","0","0","N","0","0","0","1","02430","0","","5.0","","1","N","N","","1","","0","0","0","","0","Y","","1","0","0","0","0","0","0","2","0","1","","","","N","","","","","","","","","",""
"2008048926","","1","0","0","0","0","0","0","0","0","7","0","","02","4","2008","2","40.543","-79.7278","0533","11","0","0","0","0","0","0","0","0","2","0","0","0","","","1","","0","","40 32:34.800","2","0","79 43:40.080","8","0","0","0","2466","0","0","0","N","0","0","0","1","02466","0","","2.0","","1","N","N","","0","","0","0","0","","0","N","","1","1","1","0","0","1","0","1","0","1","","","","N","","","","","","","","","",""
"2008048978","","1","0","0","0","0","0","0","0","0","1","0","","02","2","2008","6","40.627506","-80.096848","1351","11","0","0","0","0","0","1","0","0","1","0","0","0","","","2","","0","","40 37:39.023","2","0","80 05:48.654","8","0","0","0","2212","0","0","0","N","0","0","0","2","68B03","0","","1.0","","6","N","N","","1","","0","0","0","","0","N","","2","2","0","0","0","2","0","2","0","2","","","","N","","","","","","","","","",""
"2008048979","","1","0","0","0","0","0","0","0","0","4","0","","02","2","2008","6","40.438947","-80.242545","1746","11","0","0","0","0","0","0","0","0","1","0","0","0","","","2","","0","","40 26:20.210","3","0","80 14:33.161","8","0","0","0","2214","0","0","0","Y","0","0","0","5","68B03","0","","2.0","","7","N","N","","0","","0","0","1","","0","N","","2","2","0","0","0","2","0","2","0","2","","","","N","","","","","","","","","",""
"2008048980","","2","0","0","0","0","0","0","0","0","1","0","","02","3","2008","4","","","0951","11","0","0","0","0","0","2","0","0","","0","0","0","","","2","","0","","40 26:15.72","","4","80 00:14.04","4","0","0","0","2301","0","0","0","N","0","0","0","4","68B03","2","","1.0","","1","N","N","","0","","0","0","1","","0","","","3","2","0","0","0","0","0","2","0","3","","","","N","","","","","","","","","",""
"2008048981","","1","0","0","0","0","0","0","0","0","1","0","","02","4","2008","4","","","1509","11","0","0","0","0","0","1","0","0","1","0","0","0","","","2","","0","","40 25:42.24","3","0","79 53:21.48","4","0","0","0","2426","0","0","0","N","0","0","0","3","68B03","2","","1.0","","1","N","N","","0","","0","0","0","","9","N","","3","2","1","0","0","0","0","2","2","3","","","","N","","","","","","","","","",""
"2008048982","","0","0","0","0","0","0","0","0","0","1","1","","02","4","2008","6","","","1651","11","0","0","0","0","0","1","0","0","","0","1","0","","","3","","0","","40 25:14.16","","0","80 02:19.68","3","0","0","0","2301","0","0","0","N","0","0","0","5","68B03","1","","1.0","","9","N","N","","0","","2","0","1","","0","","","2","3","0","0","0","0","0","2","0","2","","","","N","","","","","","","","","",""
"2008048983","","2","0","0","0","0","0","0","0","0","4","0","55","02","4","2008","6","40.42825","-80.1058","1826","11","0","0","0","0","0","1","0","0","2","0","0","0","","","0","","6","","40 25:41.700","1","2","80 06:20.880","0","0","0","0","2115","0","0","0","N","0","0","0","3","68B03","0","","1.0","","9","N","N","","0","","0","0","0","","4","Y","","2","0","0","0","0","0","0","2","0","2","","","N","Y","4","1","N","N","N","N","N","N","Y",""
"2008048984","","1","0","0","0","0","0","0","0","0","7","0","","02","4","2008","6","","","2121","11","0","0","0","0","0","0","0","0","1","0","0","0","","","0","","6","","40 25:20.64","1","0","80 06:00.72","0","0","0","0","2115","0","0","0","N","0","0","0","1","68B03","0","","2.0","","9","N","N","","0","","0","0","0","","0","Y","","1","0","0","0","0","0","0","2","0","1","","","","N","","","","","","","","","",""
"2008049007","","0","0","0","0","0","0","0","0","0","2","1","","02","2","2008","4","40.6424","-79.8028","1652","11","0","0","0","0","0","1","0","0","4","1","1","0","","","0","","0","","40 38:32.640","6","0","79 48:10.080","1","0","0","0","2206","0","0","0","Y","0","0","0","2","68D02","0","2","1.0","","2","N","N","","0","0","0","0","0","","0","Y","","2","0","1","1","0","0","0","1","1","2","","","","N","","","","","","","","","",""
"2008049010","","1","0","0","0","0","0","0","0","0","4","1","","02","4","2008","5","40.4968","-79.937","1030","11","0","0","0","0","0","1","0","0","","0","1","0","","","0","","0","","40 29:48.480","","0","79 56:13.200","9","0","0","0","2461","0","0","0","N","0","0","0","2","68D02","0","","1.0","","1","N","N","","0","","0","0","0","","0","","","2","0","0","0","0","0","1","2","0","2","","","","N","","","","","","","","","",""
"2008049108","","0","0","0","0","0","0","0","0","0","2","0","","02","4","2008","2","40.5262","-79.8157","0756","11","0","0","0","0","0","2","0","0","2","0","0","0","","","2","","0","","40 31:34.320","5","0","79 48:56.520","4","0","0","0","2466","0","0","0","N","0","0","0","2","02466","1","","1.0","","1","N","N","","1","","0","0","1","","0","Y","","2","2","0","0","0","1","0","2","0","2","","","","N","","","","","","","","","",""
"2008049133","","2","0","0","0","0","0","0","0","0","4","0","","02","4","2008","3","40.42817","-79.752129","0805","11","0","0","0","0","0","0","0","1","2","0","0","0","","","1","","0","","40 25:41.411","2","0","79 45:07.663","4","0","0","0","2446","0","0","0","N","0","0","0","2","02446","1","","1.0","","1","N","N","","0","","0","0","0","","0","N","","2","1","0","0","0","0","0","2","0","2","","","","N","","","","","","","","","",""
"2008049149","","1","0","0","0","0","0","0","0","0","4","0","","02","4","2008","3","40.515322","-80.198089","1838","11","0","0","0","0","0","0","0","0","2","0","0","0","","","2","","2","","40 30:55.159","2","0","80 11:53.122","4","0","0","0","2213","0","0","0","N","0","0","0","2","02213","2","","1.0","","1","N","N","","1","","0","0","0","","0","N","","2","2","1","0","0","0","0","2","0","2","","","","N","","","","","","","","","",""
"2008049150","","2","0","0","0","0","0","0","0","0","7","0","","02","4","2008","6","40.513389","-80.222297","1711","11","0","0","1","0","1","0","0","0","2","0","0","0","","","2","","2","","40 30:48.199","1","0","80 13:20.268","8","0","0","0","2213","0","0","0","N","0","0","0","5","02213","0","","4.0","","1","N","N","","0","","0","0","0","","0","N","","2","2","0","0","0","2","0","2","0","2","","","","N","","","","","","","","","",""
"2008049151","","1","0","0","0","0","0","0","0","0","1","0","","02","4","2008","7","40.468","-80.159","1119","11","0","0","1","0","0","0","0","0","","0","0","0","","","1","","0","","40 28:04.800","","0","80 09:32.400","8","0","0","0","2213","0","0","0","N","0","0","0","3","02213","0","","1.0","","1","N","N","","0","","0","0","1","","0","","","2","1","0","0","0","1","0","2","0","2","","","","N","","","","","","","","","",""
"2008049152","","1","0","0","0","0","0","0","0","0","99","0","","02","4","2008","2","40.4664","-80.1975","2128","11","0","0","0","0","0","0","0","0","","0","0","0","","","0","","6","","40 27:59.040","","2","80 11:51.000","0","0","0","0","2213","0","0","0","N","0","0","0","1","02213","0","","1.0","","1","N","N","","0","","0","0","0","","0","","","1","0","0","0","0","0","0","2","0","1","","","","N","","","","","","","","","",""
"2008049153","","2","0","0","0","0","0","0","0","0","1","0","","02","4","2008","1","40.5003","-80.2219","1304","11","0","0","0","0","0","0","0","0","","0","0","0","","","0","","0","","40 30:01.080","","0","80 13:18.840","0","0","0","0","2213","0","0","0","N","0","0","0","4","02213","0","","1.0","","9","N","N","","0","","0","0","0","","0","","","2","0","0","0","0","0","0","2","0","2","","","","N","","","","","","","","","",""
"2008049215","","4","0","0","0","0","0","0","0","0","1","0","","02","4","2008","6","","","0700","11","0","0","0","0","0","1","0","0","","0","0","0","","","2","","0","","40 26:17.52","","4","80 00:44.64","4","0","0","0","2301","0","0","0","N","0","0","0","4","68B03","2","","1.0","","1","N","N","","0","","0","0","0","","0","","","4","2","1","0","0","0","0","2","0","4","","","","N","","","","","","","","","",""
"2008049222","","1","0","0","0","0","0","0","0","0","1","0","","02","4","2008","5","40.496739","-79.916157","0752","11","0","0","0","0","0","1","0","0","","0","0","0","","","0","","0","","40 29:48.259","","0","79 54:58.166","0","0","0","0","2112","0","0","0","N","0","0","0","3","68D02","0","","1.0","","1","N","N","","1","","0","0","1","","0","","","3","0","0","0","0","0","0","2","0","3","","","","N","","","","","","","","","",""
"2008049226","","1","0","0","0","0","0","0","0","0","7","0","","02","4","2008","7","40.5905","-79.774204","2110","11","0","0","0","0","0","0","0","0","","0","0","0","","","0","","0","","40 35:25.801","","0","79 46:27.135","0","0","0","0","2104","0","0","0","Y","0","0","0","1","68D02","0","","2.0","","1","N","N","","0","","0","0","0","","0","","","1","0","0","0","0","0","0","1","0","1","","","","N","","","","","","","","","",""
"2008049227","","2","0","0","0","0","0","0","0","0","1","0","45","02","4","2008","7","40.578184","-79.785383","2205","11","0","0","1","0","0","0","0","0","1","0","0","0","","","1","","0","","40 34:41.462","1","0","79 47:07.378","4","0","0","0","2104","0","0","0","N","0","0","0","2","68D02","1","","1.0","","1","N","N","","0","","0","0","0","","8","N","","2","1","0","0","0","0","0","2","0","2","","","N","Y","4","1","N","N","N","Y","N","N","N",""
"2008049285","","2","0","0","0","0","0","0","0","0","2","0","","02","4","2008","3","40.523103","-79.990497","1907","11","0","1","0","0","0","0","0","0","2","0","0","0","","","5","","0","","40 31:23.170","5","0","79 59:25.790","3","0","0","0","2116","0","0","0","N","0","0","0","5","02116","0","","1.0","","1","N","N","","0","","1","0","0","","0","Y","","2","5","0","0","0","4","0","2","0","2","","","","N","","","","","","","","","",""
"2008049286","","2","0","0","0","0","0","0","0","0","1","0","","02","4","2008","3","40.320441","-79.95691","1723","11","0","0","0","0","0","0","0","1","","0","0","0","","","1","","2","","40 19:13.587","","0","79 57:24.876","8","0","0","0","2440","0","0","0","N","0","0","0","2","02440","0","","1.0","","1","N","N","","0","","0","0","0","","0","","","2","1","0","0","0","1","0","2","0","2","","","","N","","","","","","","","","",""
"2008049288","","2","0","0","0","0","0","0","0","0","4","0","","02","4","2008","6","40.667154","-80.102148","2312","11","0","0","1","0","0","1","0","0","1","0","0","0","","","0","","1","","40 40:01.754","2","0","80 06:07.732","0","0","0","0","2212","0","0","0","N","0","0","0","3","02505","0","","1.0","","1","N","N","","0","","0","0","0","","2","N","","2","0","0","0","0","0","0","2","0","2","","","","N","","","","","","","","","",""
"2008049291","","1","0","0","0","0","0","0","0","0","4","0","","02","4","2008","3","40.496131","-79.976872","1950","11","0","0","0","0","0","0","0","0","","0","0","0","","","0","","1","","40 29:46.073","","0","79 58:36.740","0","0","0","0","2118","0","0","0","N","0","0","0","2","02118","0","","1.0","","1","N","N","","0","","0","0","1","","3","","","2","0","0","0","0","0","0","2","0","2","","","","N","","","","","","","","","",""
"2008049296","","1","0","0","0","0","0","1","0","0","4","1","","02","4","2008","3","40.442608","-79.957376","2346","11","0","0","0","0","0","1","0","0","","0","0","0","","","1","","0","","40 26:33.387","","0","79 57:26.552","8","0","0","0","2301","0","0","0","N","0","0","0","6","02503","0","","1.0","","1","N","N","","0","","0","0","0","","3","","","2","1","0","0","0","1","0","2","0","2","","","","N","","","","","","","","","",""
"2008049308","","2","0","0","0","0","0","0","0","0","1","0","","02","4","2008","3","40.394199","-80.035415","2025","11","0","0","0","0","0","1","0","0","","0","0","0","","","0","","2","","40 23:39.118","","0","80 02:07.494","0","0","0","0","2422","0","0","0","N","0","0","0","3","02422","0","","1.0","","1","N","N","","0","","0","0","1","","0","","","3","0","0","0","0","0","0","2","0","3","","","","N","","","","","","","","","",""
"2008049489","","1","0","0","0","0","0","0","0","0","6","0","","02","4","2008","3","40.538243","-79.962785","0930","11","0","0","0","0","0","0","0","1","1","0","0","0","","","2","","0","","40 32:17.676","4","0","79 57:46.026","8","0","0","0","2118","0","0","0","N","0","0","0","2","02118","0","","1.0","","1","N","N","","0","","0","0","0","","0","Y","","2","2","0","0","0","2","0","2","0","2","","","","N","","","","","","","","","",""
"2008049493","","0","0","0","0","0","0","0","0","0","7","0","55","02","4","2008","6","40.6216","-79.9819","1505","11","0","0","0","0","0","0","1","0","2","0","0","0","","","1","","0","","40 37:17.760","4","0","79 58:54.840","8","0","0","0","2217","0","0","0","N","0","0","0","1","68T02","0","","2.0","","9","N","N","","1","","0","0","0","","8","Y","","1","1","0","0","0","1","0","1","0","1","","","N","Y","2","1","N","N","N","N","N","Y","N",""
"2008049497","","1","0","0","0","0","0","0","0","0","2","0","","02","4","2008","5","40.544583","-80.035882","0824","11","0","0","0","0","0","0","0","0","2","0","0","0","","","0","","1","","40 32:40.497","5","0","80 02:09.174","0","0","0","0","2116","0","0","0","N","0","0","0","2","02116","0","","1.0","","1","N","N","","1","","0","0","0","","2","N","","2","0","0","0","0","0","0","2","0","2","","","","N","","","","","","","","","",""
"2008049515","","2","0","0","0","0","0","0","0","0","7","0","","02","3","2008","7","40.432368","-79.864847","1711","11","0","0","0","0","0","1","0","0","","0","0","0","","","1","","1","","40 25:56.524","","0","79 51:53.450","4","0","0","0","2431","0","0","0","N","0","0","0","9","02431","1","","3.0","","2","N","N","","0","","0","0","1","","2","","","3","1","0","0","0","0","0","2","0","3","","","","N","","","","","","","","","",""
"2008049516","","1","0","0","0","0","0","0","0","0","4","0","","02","3","2008","3","40.409062","-79.838269","1543","11","0","1","0","0","0","0","0","0","","0","0","0","","","1","","1","","40 24:32.623","","0","79 50:17.768","4","0","0","0","2417","0","0","0","N","0","0","0","3","02431","1","","1.0","","1","N","N","","0","","0","0","1","","3","","","2","1","0","0","0","0","0","2","0","2","","","","N","","","","","","","","","",""
"2008049517","","2","0","0","0","0","0","0","0","0","4","0","","02","2","2008","6","40.42227","-79.854438","1352","11","0","0","0","0","0","0","1","0","","0","0","0","","","0","","1","","40 25:20.171","","0","79 51:15.976","0","0","0","0","2431","0","0","0","N","0","0","0","3","02431","0","","1.0","","9","N","N","","0","","0","0","0","","3","","","2","0","0","0","0","0","0","2","0","2","","","","N","","","","","","","","","",""
"2008049523","","1","0","0","0","0","0","0","0","0","4","0","","02","3","2008","2","40.350046","-79.871306","1956","11","0","0","0","0","0","0","0","0","","0","0","0","","","1","","1","","40 21:00.164","","0","79 52:16.702","4","0","0","0","2304","0","0","0","N","0","0","0","3","02304","1","","1.0","","1","N","N","","1","","0","0","0","","2","","","2","1","0","0","0","0","0","2","0","2","","","","N","","","","","","","","","",""
"2008049524","","1","0","0","0","0","0","0","0","0","5","0","","02","3","2008","3","40.4526","-79.8666","2120","11","0","0","1","0","0","0","0","0","","0","0","0","","","0","","2","","40 27:09.360","","0","79 51:59.760","0","0","0","0","2301","0","0","0","N","0","0","0","2","02301","0","","1.0","","9","N","N","","0","","0","0","0","","0","","","2","0","0","0","0","0","0","2","1","2","","","","N","","","","","","","","","",""
"2008049526","","2","0","0","0","0","0","0","0","0","4","0","","02","3","2008","2","40.464564","-79.938599","0200","11","0","0","1","0","0","0","0","0","","0","0","0","","","0","","1","","40 27:52.430","","0","79 56:18.956","0","0","0","0","2301","0","0","0","N","0","0","0","3","02301","0","","1.0","","1","N","N","","0","","0","0","0","","2","","","2","0","0","0","0","0","0","2","0","2","","","","N","","","","","","","","","",""
"2008049553","","1","0","0","0","0","0","0","0","0","1","0","","02","3","2008","2","40.4541","-79.9948","1812","11","0","0","0","0","0","0","0","0","","0","0","0","","","0","","6","","40 27:14.760","","2","79 59:41.280","0","0","0","0","2301","0","0","0","N","0","0","0","2","02301","0","","7.0","","1","N","N","","0","","0","0","1","","4","","","2","0","0","0","0","0","0","2","0","2","","","","N","","","","","","","","","",""
"2008049570","","1","0","0","0","0","0","0","0","0","1","0","","02","3","2008","2","40.421609","-79.853094","0642","11","0","0","0","0","1","0","0","0","1","0","0","0","","","0","","0","","40 25:17.791","4","0","79 51:11.140","0","0","0","0","2431","0","0","0","N","0","0","0","3","02431","0","","1.0","","1","N","N","","0","","0","0","1","","0","N","","2","0","0","0","0","0","0","2","0","2","","","","N","","","","","","","","","",""