"CRN","ARRIVAL_TM","AUTOMOBILE_COUNT","BELTED_DEATH_COUNT","BELTED_SUSP_SERIOUS_INJ_COUNT","BICYCLE_COUNT","BICYCLE_DEATH_COUNT","BICYCLE_SUSP_SERIOUS_INJ_COUNT","BUS_COUNT","CHLDPAS_DEATH_COUNT","CHLDPAS_SUSP_SERIOUS_INJ_COUNT","COLLISION_TYPE","COMM_VEH_COUNT","CONS_ZONE_SPD_LIM","COUNTY","CRASH_MONTH","CRASH_YEAR","DAY_OF_WEEK","DEC_LATITUDE","DEC_LONGITUDE","DISPATCH_TM","DISTRICT","DRIVER_COUNT_16YR","DRIVER_COUNT_17YR","DRIVER_COUNT_18YR","DRIVER_COUNT_19YR","DRIVER_COUNT_20YR","DRIVER_COUNT_50_64YR","DRIVER_COUNT_65_74YR","DRIVER_COUNT_75PLUS","EST_HRS_CLOSED","FATAL_COUNT","HEAVY_TRUCK_COUNT","HORSE_BUGGY_COUNT","HOUR_OF_DAY","ILLUMINATION","INJURY_COUNT","INTERSECTION_RELATED","INTERSECT_TYPE","LANE_CLOSED","LATITUDE","LN_CLOSE_DIR","LOCATION_TYPE","LONGITUDE","MAX_SEVERITY_LEVEL","MCYCLE_DEATH_COUNT","MCYCLE_SUSP_SERIOUS_INJ_COUNT","MOTORCYCLE_COUNT","MUNICIPALITY","NONMOTR_COUNT","NONMOTR_DEATH_COUNT","NONMOTR_SUSP_SERIOUS_INJ_COUNT","NTFY_HIWY_MAINT","PED_COUNT","PED_DEATH_COUNT","PED_SUSP_SERIOUS_INJ_COUNT","PERSON_COUNT","POLICE_AGCY","POSSIBLE_INJ_COUNT","RDWY_SURF_TYPE_CD","RELATION_TO_ROAD","ROADWAY_CLEARED","ROAD_CONDITION","SCH_BUS_IND","SCH_ZONE_IND","SECONDARY_CRASH","SMALL_TRUCK_COUNT","SPEC_JURIS_CD","SUSP_MINOR_INJ_COUNT","SUSP_SERIOUS_INJ_COUNT","SUV_COUNT","TCD_FUNC_CD","TCD_TYPE","TFC_DETOUR_IND","TIME_OF_DAY","TOTAL_UNITS","TOT_INJ_COUNT","UNBELTED_OCC_COUNT","UNB_DEATH_COUNT","UNB_SUSP_SERIOUS_INJ_COUNT","UNK_INJ_DEG_COUNT","UNK_INJ_PER_COUNT","URBAN_RURAL","VAN_COUNT","VEHICLE_COUNT","WEATHER1","WEATHER2","WORKERS_PRES","WORK_ZONE_IND","WORK_ZONE_LOC","WORK_ZONE_TYPE","WZ_CLOSE_DETOUR","WZ_FLAGGER","WZ_LAW_OFFCR_IND","WZ_LN_CLOSURE","WZ_MOVING","WZ_OTHER","WZ_SHLDER_MDN","WZ_WORKERS_INJ_KILLED"
"2008050037","","1","0","0","0","0","0","0","0","0","7","0","","02","4","2008","5","40.55993","-80.178175","2255","11","0","0","0","0","0","1","0","0","","0","0","0","","","0","","0","","40 33:35.747","","0","80 10:41.430","0","0","0","0","2459","0","0","0","N","0","0","0","1","02459","0","","4.0","","1","N","N","","0","","0","0","0","","0","","","1","0","0","0","0","0","0","1","0","1","","","","N","","","","","","","","","",""
"2008050070","","2","0","0","0","0","0","0","0","0","1","0","45","02","4","2008","7","","","0915","11","0","0","0","0","1","0","0","0","1","0","0","0","","","0","","0","","40 25:34.68","3","0","79 54:54.72","0","0","0","0","2426","0","0","0","N","0","0","0","4","68B03","0","","1.0","","1","N","N","","0","","0","0","2","","0","N","","4","0","0","0","0","0","0","2","0","4","","","Y","Y","4","1","N","N","Y","Y","Y","N","Y",""
"2008050071","","1","0","0","0","0","0","0","0","0","1","0","","02","4","2008","3","40.6742","-80.0955","1654","11","0","0","0","0","0","0","0","0","","0","0","0","","","1","","0","","40 40:27.120","","0","80 05:43.800","4","0","0","0","2212","0","0","0","N","0","0","0","2","68B03","1","","1.0","","1","N","N","","0","","0","0","1","","0","","","2","1","0","0","0","0","0","2","0","2","","","","N","","","","","","","","","",""
"2008050072","","2","0","0","0","0","0","0","0","0","5","0","","02","4","2008","3","40.6741","-80.0955","1730","11","0","0","0","0","0","1","0","0","","0","0","0","","","0","","0","","40 40:26.760","","0","80 05:43.800","0","0","0","0","2212","0","0","0","N","0","0","0","2","68B03","0","","1.0","","1","N","N","","0","","0","0","0","","0","","","2","0","0","0","0","0","0","2","0","2","","","","N","","","","","","","","","",""
"2008050073","","2","0","0","0","0","0","0","0","0","5","0","","02","4","2008","4","40.438889","-80.191781","1410","11","0","0","0","0","0","0","0","0","","0","0","0","","","0","","0","","40 26:20.001","","0","80 11:30.413","0","0","0","0","2214","0","0","0","N","0","0","0","1","68B03","0","","1.0","","1","N","N","","0","","0","0","0","","0","","","2","0","0","0","0","0","0","2","0","2","","","","N","","","","","","","","","",""
"2008050124","","2","0","0","0","0","0","0","0","0","2","0","","02","4","2008","7","40.42237","-79.87725","0900","11","0","0","0","1","0","1","0","0","1","0","0","0","","","2","","1","","40 25:20.532","2","0","79 52:38.100","8","0","0","0","2463","0","0","0","N","0","0","0","4","02463","0","","1.0","","1","N","N","","0","","0","0","0","","3","N","","2","2","0","0","0","2","0","2","0","2","","","","N","","","","","","","","","",""
"2008050180","","1","0","0","0","0","0","0","0","0","4","0","","02","3","2008","7","40.437839","-79.998873","1859","11","0","0","0","0","0","0","0","0","","0","0","0","","","1","","1","","40 26:16.220","","0","79 59:55.942","4","0","0","0","2301","0","0","0","N","0","0","0","6","02301","1","","1.0","","1","N","N","","0","","0","0","1","","3","","","2","1","0","0","0","0","0","2","0","2","","","","N","","","","","","","","","",""
"2008050181","","1","0","0","0","0","0","0","0","0","7","0","","02","3","2008","1","40.442896","-79.998123","1334","11","1","0","0","0","0","0","0","0","","0","0","0","","","0","","2","","40 26:34.425","","0","79 59:53.242","0","0","0","0","2301","0","0","0","N","0","0","0","4","02301","0","","4.0","","1","N","N","","0","","0","0","0","","2","","","1","0","0","0","0","0","0","2","0","1","","","","N","","","","","","","","","",""
"2008050182","","2","0","0","0","0","0","0","0","0","4","0","","02","3","2008","7","40.438525","-79.961137","2059","11","0","0","0","0","0","0","0","0","","0","0","0","","","0","","1","","40 26:18.690","","0","79 57:40.094","0","0","0","0","2301","0","0","0","N","0","0","0","3","02301","0","","1.0","","1","N","N","","0","","0","0","0","","2","","","2","0","0","0","0","0","0","2","0","2","","","","N","","","","","","","","","",""
"2008050183","","1","0","0","0","0","0","0","0","0","7","0","","02","3","2008","1","40.332743","-79.846554","1814","11","0","0","0","0","0","0","0","0","","0","0","0","","","0","","1","","40 19:57.873","","0","79 50:47.596","0","0","0","0","2304","0","0","0","N","0","0","0","1","02304","0","","4.0","","1","N","N","","0","","0","0","0","","2","","","1","0","0","0","0","0","0","2","0","1","","","","N","","","","","","","","","",""
"2008050184","","1","0","0","0","0","0","0","0","0","4","0","","02","3","2008","5","40.338702","-79.848411","1402","11","0","0","0","0","0","0","0","0","1","0","0","0","","","1","","1","","40 20:19.327","4","0","79 50:54.279","4","0","0","0","2304","0","0","0","N","0","0","0","2","02304","1","","1.0","","1","N","N","","0","","0","0","1","","3","N","","2","1","0","0","0","0","0","2","0","2","","","","N","","","","","","","","","",""
"2008050185","","2","0","0","0","0","0","0","0","0","4","0","","02","3","2008","2","40.453437","-79.937154","1606","11","0","0","0","0","0","0","0","0","","0","0","0","","","2","","0","","40 27:12.373","","0","79 56:13.754","8","0","0","0","2301","0","0","0","N","0","0","0","2","02301","0","","1.0","","1","N","N","","0","","0","0","0","","0","","","2","2","0","0","0","2","0","2","0","2","","","","N","","","","","","","","","",""
"2008050357","","1","0","0","0","0","0","0","0","0","4","0","","02","4","2008","7","","","0951","11","0","0","0","0","0","0","0","0","1","0","0","0","","","0","","1","","","2","0","","9","0","0","0","2444","0","0","0","N","0","0","0","2","02444","0","","1.0","","1","N","N","","0","","0","0","1","","2","N","","2","0","0","0","0","0","1","1","0","2","","","","N","","","","","","","","","",""
"2008050364","","1","0","0","0","0","0","0","0","0","4","0","","02","3","2008","2","40.495718","-80.066952","1220","11","0","0","1","0","0","0","0","0","","0","0","0","","","0","","2","","40 29:44.586","","0","80 04:01.027","0","0","0","0","2402","0","0","0","N","0","0","0","2","02402","0","","1.0","","1","N","N","","0","","0","0","1","","0","","","2","0","0","0","0","0","0","2","0","2","","","","N","","","","","","","","","",""
"2008050402","","2","0","0","0","0","0","0","0","0","1","0","","02","3","2008","6","40.576483","-80.222208","1444","11","0","0","0","0","0","0","0","0","1","0","0","0","","","1","","0","","40 34:35.338","1","7","80 13:19.947","8","0","0","0","2441","0","0","0","N","0","0","0","3","02441","0","","1.0","","1","N","N","","0","","0","0","0","","0","Y","","2","1","3","0","0","1","0","2","0","2","","","","N","","","","","","","","","",""
"2008050423","","1","0","0","0","0","0","0","0","0","7","0","","02","3","2008","4","40.507111","-80.155457","0501","11","0","0","0","0","0","0","0","0","","0","0","0","","","0","","3","","40 30:25.601","","0","80 09:19.645","0","0","0","0","2420","0","0","0","N","0","0","0","1","02420","0","","4.0","","9","N","N","","0","","0","0","0","","0","","","1","0","0","0","0","0","0","2","0","1","","","","N","","","","","","","","","",""
"2008050480","","2","0","0","0","0","0","0","0","0","2","0","","02","2","2008","6","40.511444","-80.158649","9999","11","0","0","0","0","0","1","0","0","","0","0","0","","","0","","2","","40 30:41.198","","0","80 09:31.137","9","0","0","0","2420","0","0","0","N","0","0","0","2","02420","0","","1.0","","2","N","N","","0","","0","0","0","","0","","","2","0","0","0","0","0","1","2","0","2","","","","N","","","","","","","","","",""
"2008050666","","0","0","0","0","0","0","0","0","0","8","0","","02","3","2008","2","40.421067","-80.001391","1727","11","0","0","0","0","0","0","0","0","","0","0","0","","","1","","0","","40 25:15.841","","0","80 00:05.007","4","0","0","0","2301","1","0","0","N","1","0","0","2","02301","1","","1.0","","1","N","N","","0","","0","0","1","","0","","","2","1","0","0","0","0","0","2","0","1","","","","N","","","","","","","","","",""
"2008050667","","0","0","0","0","0","0","0","0","0","8","0","","02","4","2008","3","40.452999","-80.002631","1924","11","0","0","0","0","0","0","0","0","","0","0","0","","","1","","0","","40 27:10.795","","0","80 00:09.471","8","0","0","0","2301","1","0","0","N","1","0","0","2","02301","0","","1.0","","1","N","N","","0","","0","0","0","","0","","","1","1","0","0","0","1","0","2","1","1","","","","N","","","","","","","","","",""
"2008050668","","2","0","0","0","0","0","0","0","0","4","0","","02","3","2008","6","40.467649","-80.031084","2320","11","0","0","0","0","0","0","0","0","","0","0","0","","","0","","2","","40 28:03.536","","0","80 01:51.902","0","0","0","0","2301","0","0","0","N","0","0","0","1","02301","0","","6.0","","1","N","N","","0","","0","0","0","","0","","","2","0","0","0","0","0","0","2","0","2","","","","N","","","","","","","","","",""
"2008050670","","4","0","0","0","0","0","0","0","0","4","0","","02","4","2008","3","40.4529","-79.9071","1817","11","0","0","0","0","0","1","0","0","2","0","0","0","","","3","","0","","40 27:10.440","6","0","79 54:25.560","3","0","0","0","2301","0","0","0","N","0","0","0","5","02301","0","","7.0","","1","N","N","","0","","2","0","0","","0","Y","","4","3","0","0","0","1","0","2","0","4","","","","N","","","","","","","","","",""
"2008050671","","1","0","0","0","0","0","0","0","0","1","0","","02","4","2008","2","40.495718","-80.066952","1153","11","0","0","0","0","0","0","0","0","","0","0","0","","","0","","2","","40 29:44.586","","0","80 04:01.027","0","0","0","0","2402","0","0","0","N","0","0","0","2","02402","0","","1.0","","1","N","N","","0","","0","0","0","","0","","","2","0","0","0","0","0","0","2","1","2","","","","N","","","","","","","","","",""
"2008050946","","1","0","0","0","0","0","0","0","0","4","0","","02","3","2008","6","40.451509","-79.908149","","11","0","1","0","0","0","0","0","0","1","0","0","0","","","1","","1","","40 27:05.433","4","0","79 54:29.335","4","0","0","0","2301","0","0","0","N","0","0","0","3","02301","1","","1.0","","1","N","N","","0","","0","0","1","3","2","N","","2","1","0","0","0","0","1","2","0","2","","","","N","","","","","","","","","",""
"2008050947","","1","0","0","0","0","0","0","0","0","7","0","","02","3","2008","7","40.435283","-79.968749","","11","0","0","0","0","0","0","0","0","1","0","0","0","","","0","","0","","40 26:07.018","4","0","79 58:07.496","0","0","0","0","2301","0","0","0","N","0","0","0","1","02301","0","","2.0","","1","N","N","","0","","0","0","0","0","0","N","","1","0","0","0","0","0","0","2","0","1","","","","N","","","","","","","","","",""
"2008050948","","1","0","0","0","0","0","0","0","0","8","0","","02","3","2008","7","40.450472","-79.905088","","11","0","0","0","0","0","0","0","0","","0","0","0","","","1","","0","","40 27:01.700","","0","79 54:18.316","3","0","0","0","2301","1","0","0","N","1","0","0","2","02301","0","","1.0","","1","N","N","","0","","1","0","0","0","0","","","2","1","0","0","0","0","0","2","0","1","","","","N","","","","","","","","","",""
"2008050949","","1","0","0","0","0","0","0","0","0","8","0","","02","3","2008","1","40.431705","-79.924079","","11","0","0","0","0","0","0","1","0","1","0","0","0","","","1","","0","","40 25:54.138","6","0","79 55:26.684","4","0","0","0","2301","1","0","0","N","1","0","0","3","02301","1","","1.0","","1","N","N","","0","","0","0","0","0","0","Y","","2","1","1","0","0","0","0","2","0","1","","","","N","","","","","","","","","",""
"2008050980","","0","0","0","0","0","0","0","0","0","7","0","","02","3","2008","1","40.408537","-79.97776","","11","0","0","0","0","0","0","0","0","1","0","0","0","","","0","","0","","40 24:30.733","1","0","79 58:39.936","0","0","0","0","2301","0","0","0","N","0","0","0","1","02301","0","","2.0","","1","N","N","","1","","0","0","0","0","0","N","","2","0","0","0","0","0","0","2","0","1","","","","N","","","","","","","","","",""
"2008050981","","3","0","0","0","0","0","0","0","0","1","0","","02","3","2008","2","40.432174","-80.003941","","11","0","0","0","0","0","1","0","0","2","0","0","0","","","1","","2","","40 25:55.828","3","0","80 00:14.189","4","0","0","0","2301","0","0","0","N","0","0","0","4","02301","1","","1.0","","1","N","N","","0","","0","0","0","3","2","N","","3","1","0","0","0","0","0","2","0","3","","","","N","","","","","","","","","",""
"2008050982","","3","0","0","0","0","0","0","0","0","1","0","","02","4","2008","3","40.443955","-79.998545","","11","0","0","0","0","0","0","0","0","","0","0","0","","","1","","0","","40 26:38.239","","0","79 59:54.763","8","0","0","0","2301","0","0","0","N","0","0","0","1","02301","0","","6.0","","1","N","N","","0","","0","0","0","0","0","","","3","1","1","0","0","1","0","2","0","3","","","","N","","","","","","","","","",""
"2008050983","","1","0","0","0","0","0","0","0","0","4","0","","02","3","2008","6","40.448854","-79.964955","","11","0","0","0","0","0","0","0","0","","0","0","0","","","0","","1","","40 26:55.874","","0","79 57:53.838","0","0","0","0","2301","0","0","0","N","0","0","0","2","02301","0","","1.0","","1","N","N","","0","","0","0","0","3","1","","","2","0","0","0","0","0","0","2","1","2","","","","N","","","","","","","","","",""
"2008050984","","2","0","0","0","0","0","0","0","0","4","0","","02","3","2008","4","40.449819","-79.929656","","11","0","0","0","0","0","0","0","0","2","0","0","0","","","0","","1","","40 26:59.348","3","0","79 55:46.761","9","0","0","0","2301","0","0","0","N","0","0","0","2","02301","0","","1.0","","1","N","N","","0","","0","0","0","3","2","N","","2","0","0","0","0","0","1","2","0","2","","","","N","","","","","","","","","",""
"2008051001","","1","0","0","0","0","0","0","0","0","7","0","","02","3","2008","1","40.4293","-80.0244","","11","0","0","0","0","0","0","0","0","1","0","0","0","","","0","","0","","40 25:45.480","1","0","80 01:27.840","0","0","0","0","2301","0","0","0","N","0","0","0","1","02301","0","","5.0","","1","N","N","","0","","0","0","0","0","0","N","","1","0","0","0","0","0","0","2","0","1","","","","N","","","","","","","","","",""
"2008051023","","0","0","0","0","0","0","0","0","0","1","0","","02","4","2008","5","40.619534","-79.833574","","11","0","1","0","1","0","0","0","0","","0","0","0","","","1","","2","","40 37:10.322","","0","79 50:00.868","4","0","0","0","2220","0","0","0","N","0","0","0","2","02220","1","","1.0","","1","N","N","","0","","0","0","1","0","0","","","2","1","1","0","0","0","0","2","1","2","","","","N","","","","","","","","","",""
"2008051032","","2","0","0","0","0","0","0","0","0","1","0","","02","4","2008","6","40.506119","-79.990498","","11","0","0","0","0","0","1","0","0","","0","0","0","","","1","","2","","40 30:22.028","","0","79 59:25.791","4","0","0","0","2116","0","0","0","N","0","0","0","2","02116","1","","1.0","","1","N","N","","0","","0","0","0","3","4","","","2","1","0","0","0","0","0","2","0","2","","","","N","","","","","","","","","",""
"2008051034","","1","0","0","0","0","0","0","0","0","4","0","","02","4","2008","6","40.4614","-79.8629","","11","0","0","0","0","0","0","0","0","","0","0","0","","","0","","0","","40 27:41.040","","7","79 51:46.440","0","0","0","0","2113","0","0","0","N","0","0","0","3","02113","0","","6.0","","1","N","N","","0","","0","0","1","0","0","","","2","0","0","0","0","0","0","2","0","2","","","","N","","","","","","","","","",""
"2008051035","","0","0","0","0","0","0","0","0","0","4","0","","02","4","2008","4","40.504491","-80.143378","","11","0","0","0","0","0","0","0","0","2","0","0","0","","","2","","2","","40 30:16.169","1","0","80 08:36.161","3","0","0","0","2115","0","0","0","N","0","0","0","2","02115","1","","1.0","","1","N","N","","2","","1","0","0","0","0","N","","2","2","0","0","0","0","0","2","0","2","","","","N","","","","","","","","","",""
"2008051053","","1","0","0","0","0","0","0","0","0","2","0","","02","4","2008","7","40.485437","-79.768264","","11","0","0","0","0","0","0","0","0","","0","0","0","","","0","","0","","40 29:07.573","","0","79 46:05.750","0","0","0","0","2466","0","0","0","N","0","0","0","1","02466","0","","2.0","","1","N","N","","0","","0","0","1","0","0","","","2","0","0","0","0","0","0","2","0","2","","","","N","","","","","","","","","",""
"2008051056","","1","0","0","0","0","0","0","0","0","7","0","","02","4","2008","1","40.406089","-79.893313","","11","0","0","0","0","0","0","0","0","","0","0","0","","","0","","0","","40 24:21.921","","0","79 53:35.926","0","0","0","0","2448","0","0","0","N","0","0","0","1","02448","0","","1.0","","9","N","N","","0","","0","0","0","0","0","","","1","0","0","0","0","0","0","2","0","1","","","","N","","","","","","","","","",""
"2008051061","","0","0","0","0","0","0","0","0","0","1","0","","02","4","2008","6","40.344122","-79.985149","","11","0","0","0","0","1","1","0","0","","0","0","0","","","0","","2","","40 20:38.839","","0","79 59:06.536","0","0","0","0","2403","0","0","0","N","0","0","0","4","02403","0","","1.0","","1","N","N","","0","","0","0","1","0","0","","","2","0","0","0","0","0","0","2","1","2","","","","N","","","","","","","","","",""
"2008051064","","0","0","0","0","0","0","0","0","0","7","0","","02","3","2008","1","40.35205","-79.964629","","11","0","0","0","0","0","0","0","0","","0","0","0","","","0","","1","","40 21:07.381","","0","79 57:52.663","9","0","0","0","2403","0","0","0","N","0","0","0","1","02403","0","","5.0","","1","N","N","","1","","0","0","0","0","0","","","1","0","0","0","0","0","1","2","0","1","","","","N","","","","","","","","","",""
"2008051068","","1","0","0","0","0","0","0","0","0","1","0","","02","4","2008","5","40.328281","-79.796428","","11","0","0","0","0","0","0","1","0","1","0","0","0","","","1","","2","","40 19:41.812","3","0","79 47:47.139","3","0","0","0","2477","0","0","0","N","0","0","0","2","02477","0","","1.0","","1","N","N","","0","","1","0","0","0","0","N","","2","1","0","0","0","0","0","2","1","2","","","","N","","","","","","","","","",""
"2008051072","","1","0","0","0","0","0","0","0","0","4","1","","02","4","2008","5","40.3682","-79.9834","","11","0","0","0","0","0","0","0","0","","0","1","0","","","2","","2","","40 22:05.520","","0","79 59:00.240","8","0","0","0","2413","0","0","0","N","0","0","0","2","02413","0","","1.0","","1","N","N","","0","","0","0","0","3","2","","","2","2","0","0","0","2","0","2","0","2","","","","N","","","","","","","","","",""
"2008051086","","1","0","0","0","0","0","0","0","0","7","0","","02","4","2008","7","","","","11","0","0","0","0","0","0","0","0","1","0","0","0","","","0","","0","","","3","0","","0","0","0","0","2449","0","0","0","N","0","0","0","1","02449","0","","5.0","","1","N","N","","0","","0","0","0","0","0","Y","","1","0","0","0","0","0","0","1","0","1","","","","N","","","","","","","","","",""
"2008051102","","2","0","0","0","0","0","0","0","0","2","0","","02","4","2008","7","40.403472","-80.058056","","11","0","0","0","0","0","1","0","0","","0","0","0","","","0","","2","","40 24:12.500","","0","80 03:29.000","0","0","0","0","2117","0","0","0","N","0","0","0","2","02117","0","","1.0","","1","N","N","","0","","0","0","0","3","2","","","2","0","2","0","0","0","0","2","0","2","","","","N","","","","","","","","","",""
"2008051110","","2","0","0","0","0","0","0","0","0","4","0","","02","4","2008","7","40.475217","-79.862399","","11","0","0","1","0","0","1","0","0","1","0","0","0","","","0","","1","","40 28:30.781","1","0","79 51:44.636","0","0","0","0","2113","0","0","0","N","0","0","0","2","02113","0","","1.0","","1","N","N","","0","","0","0","0","0","0","N","","2","0","0","0","0","0","0","2","0","2","","","","N","","","","","","","","","",""
"2008051115","","2","0","0","0","0","0","0","0","0","4","0","","02","4","2008","6","","","","11","0","0","0","0","0","0","0","0","1","0","0","0","","","0","","2","","","1","0","","0","0","0","0","2419","0","0","0","N","0","0","0","3","02419","0","","1.0","","1","N","Y","","0","","0","0","0","3","3","N","","2","0","0","0","0","0","0","1","0","2","","","","N","","","","","","","","","",""
"2008051120","","2","0","0","0","0","0","0","0","0","4","0","","02","4","2008","7","40.463713","-79.705449","","11","0","0","0","0","0","0","1","0","2","0","0","0","","","1","","1","","40 27:49.366","1","0","79 42:19.615","3","0","0","0","2466","0","0","0","N","0","0","0","2","02466","0","","1.0","","9","N","N","","0","","1","0","0","3","2","Y","","2","1","0","0","0","0","0","2","0","2","","","","N","","","","","","","","","",""
"2008051126","","1","0","0","0","0","0","0","0","0","4","0","","02","4","2008","1","40.377494","-79.813682","","11","0","0","0","0","0","0","0","0","","0","1","0","","","2","","2","","40 22:38.979","","0","79 48:49.254","2","0","0","0","2424","0","0","0","N","0","0","0","3","02424","1","","1.0","","9","N","N","","0","","0","1","0","0","0","","","2","2","3","0","1","0","0","2","0","2","","","","N","","","","","","","","","",""
"2008051131","","0","0","0","0","0","0","0","0","0","7","0","","02","4","2008","3","40.3066","-79.8858","","11","0","0","0","0","1","0","0","0","1","0","0","0","","","1","","0","","40 18:23.760","1","0","79 53:08.880","8","0","0","0","2302","0","0","0","N","0","0","0","1","02302","0","","5.0","","1","N","N","","0","","0","0","1","0","0","Y","","1","1","0","0","0","1","0","2","0","1","","","","N","","","","","","","","","",""
"2008051135","","2","0","0","0","0","0","0","0","0","4","0","","02","4","2008","7","40.4962","-79.9769","","11","0","1","0","0","0","0","1","0","1","0","0","0","","","1","","0","","40 29:46.320","5","0","79 58:36.840","3","0","0","0","2118","0","0","0","N","0","0","0","5","02118","0","","1.0","","1","N","N","","0","","1","0","0","0","0","Y","","2","1","0","0","0","0","0","2","0","2","","","","N","","","","","","","","","",""
"2008051137","","4","0","0","0","0","0","0","0","0","4","0","","02","4","2008","7","40.43867","-80.063362","","11","0","0","0","0","1","1","0","0","","0","0","0","","","2","","1","","40 26:19.212","","0","80 03:48.104","3","0","0","0","2421","0","0","0","N","0","0","0","4","02421","1","","1.0","","1","N","N","","0","","1","0","0","3","2","","","4","2","0","0","0","0","0","2","0","4","","","","N","","","","","","","","","",""
"2008051145","","2","0","0","0","0","0","0","0","0","4","0","","02","4","2008","1","40.3703","-80.1007","","11","1","0","0","0","0","0","0","0","1","0","0","0","","","2","","2","","40 22:13.080","4","0","80 06:02.520","4","0","0","0","2102","0","0","0","N","0","0","0","4","02102","2","","1.0","","9","N","N","","0","","0","0","0","3","2","Y","","2","2","0","0","0","0","0","2","0","2","","","","N","","","","","","","","","",""
"2008051147","","2","0","0","0","0","0","0","0","0","4","0","","02","4","2008","1","40.341432","-79.966092","","11","0","0","0","0","0","0","0","1","","0","0","0","","","0","","0","","40 20:29.156","","0","79 57:57.930","0","0","0","0","2413","0","0","0","N","0","0","0","2","02413","0","","1.0","","9","N","N","","0","","0","0","0","0","0","","","2","0","0","0","0","0","0","2","0","2","","","","N","","","","","","","","","",""
"2008051152","","1","0","0","0","0","0","0","0","0","0","0","","02","4","2008","1","40.367719","-79.96639","","11","0","0","0","0","0","0","0","0","","0","0","0","","","0","","0","","40 22:03.788","","0","79 57:59.004","0","0","0","0","2476","0","0","0","N","0","0","0","1","02476","0","","5.0","","9","N","N","","0","","0","0","0","0","0","","","1","0","0","0","0","0","0","2","0","1","","","","N","","","","","","","","","",""
"2008051154","","1","0","0","0","0","0","0","0","0","7","0","","02","4","2008","7","40.260567","-79.849931","","11","0","0","0","0","0","0","0","0","1","0","0","0","","","0","","3","","40 15:38.042","2","0","79 50:59.753","0","0","0","0","2105","0","0","0","N","0","0","0","1","02105","0","","5.0","","1","N","N","","0","","0","0","0","3","3","N","","1","0","0","0","0","0","0","1","0","1","","","","N","","","","","","","","","",""
"2008051156","","3","0","0","0","0","0","0","0","0","4","0","","02","4","2008","7","40.399802","-80.088258","","11","1","0","0","0","0","0","0","0","","0","0","0","","","0","","2","","40 23:59.287","","0","80 05:17.728","0","0","0","0","2117","0","0","0","N","0","0","0","6","02117","0","","1.0","","1","N","N","","0","","0","0","0","3","3","","","4","0","0","0","0","0","0","2","1","4","","","","N","","","","","","","","","",""
"2008051163","","1","0","0","0","0","0","0","0","0","7","0","","02","4","2008","1","40.3085","-79.8893","","11","0","0","0","0","0","0","0","0","","0","0","0","","","0","","0","","40 18:30.600","","0","79 53:21.480","9","0","0","0","2302","0","0","0","N","0","0","0","1","02302","0","","2.0","","9","N","N","","0","","0","0","0","0","0","","","1","0","0","0","0","0","1","2","0","1","","","","N","","","","","","","","","",""
"2008051165","","1","0","0","0","0","0","0","0","0","1","0","","02","4","2008","3","40.438629","-79.769007","","11","0","0","0","0","0","0","1","0","1","0","0","0","","","0","","1","","40 26:19.065","3","0","79 46:08.426","0","0","0","0","2446","0","0","0","N","0","0","0","5","02446","0","","1.0","","1","N","N","","0","","0","0","1","3","2","N","","2","0","0","0","0","0","0","2","0","2","","","","N","","","","","","","","","",""
"2008051178","","2","0","0","0","0","0","0","0","0","1","0","","02","3","2008","6","40.550084","-79.997842","","11","0","0","0","0","0","0","0","0","1","0","0","0","","","1","","2","","40 33:00.302","2","0","79 59:52.231","8","0","0","0","2116","0","0","0","N","0","0","0","4","02116","0","","1.0","","1","N","N","","0","","0","0","0","3","3","N","","2","1","0","0","0","1","0","2","0","2","","","","N","","","","","","","","","",""
"2008051185","","2","0","0","0","0","0","0","0","0","4","0","","02","4","2008","1","40.421866","-79.804608","","11","0","0","0","0","0","0","1","0","","0","0","0","","","0","","2","","40 25:18.717","","0","79 48:16.588","0","0","0","0","2446","0","0","0","N","0","0","0","3","02446","0","","1.0","","1","N","N","","0","","0","0","0","3","3","","","2","0","0","0","0","0","0","2","0","2","","","","N","","","","","","","","","",""
"2008051186","","1","0","0","0","0","0","0","0","0","5","1","","02","4","2008","7","40.649079","-79.708816","","11","1","0","0","0","0","0","0","0","","0","1","0","","","0","","2","","40 38:56.685","","0","79 42:31.739","0","0","0","0","2106","0","0","0","N","0","0","0","3","02106","0","","1.0","","1","N","N","","0","","0","0","0","0","0","","","2","0","0","0","0","0","0","2","0","2","","","","N","","","","","","","","","",""
"2008051196","","1","0","0","0","0","0","0","0","0","1","0","","02","4","2008","6","40.41893","-79.794651","","11","0","0","0","0","0","2","0","0","1","0","0","0","","","0","","0","","40 25:08.148","4","0","79 47:40.743","0","0","0","0","2446","0","0","0","N","0","0","0","3","02446","0","","1.0","","1","N","N","","0","","0","0","1","0","0","N","","3","0","0","0","0","0","0","2","1","3","","","","N","","","","","","","","","",""
"2008051203","","0","0","0","0","0","0","0","0","0","8","0","","02","4","2008","1","40.475529","-79.848494","","11","0","0","0","0","0","0","0","0","","0","0","0","","","1","","1","","40 28:31.905","","0","79 50:54.577","8","0","0","0","2113","1","0","0","N","1","0","0","2","02113","0","","1.0","","1","N","N","","1","","0","0","0","0","0","","","2","1","0","0","0","1","1","2","0","1","","","","N","","","","","","","","","",""