"CRN","ARRIVAL_TM","AUTOMOBILE_COUNT","BELTED_DEATH_COUNT","BELTED_SUSP_SERIOUS_INJ_COUNT","BICYCLE_COUNT","BICYCLE_DEATH_COUNT","BICYCLE_SUSP_SERIOUS_INJ_COUNT","BUS_COUNT","CHLDPAS_DEATH_COUNT","CHLDPAS_SUSP_SERIOUS_INJ_COUNT","COLLISION_TYPE","COMM_VEH_COUNT","CONS_ZONE_SPD_LIM","COUNTY","CRASH_MONTH","CRASH_YEAR","DAY_OF_WEEK","DEC_LATITUDE","DEC_LONGITUDE","DISPATCH_TM","DISTRICT","DRIVER_COUNT_16YR","DRIVER_COUNT_17YR","DRIVER_COUNT_18YR","DRIVER_COUNT_19YR","DRIVER_COUNT_20YR","DRIVER_COUNT_50_64YR","DRIVER_COUNT_65_74YR","DRIVER_COUNT_75PLUS","EST_HRS_CLOSED","FATAL_COUNT","HEAVY_TRUCK_COUNT","HORSE_BUGGY_COUNT","HOUR_OF_DAY","ILLUMINATION","INJURY_COUNT","INTERSECTION_RELATED","INTERSECT_TYPE","LANE_CLOSED","LATITUDE","LN_CLOSE_DIR","LOCATION_TYPE","LONGITUDE","MAX_SEVERITY_LEVEL","MCYCLE_DEATH_COUNT","MCYCLE_SUSP_SERIOUS_INJ_COUNT","MOTORCYCLE_COUNT","MUNICIPALITY","NONMOTR_COUNT","NONMOTR_DEATH_COUNT","NONMOTR_SUSP_SERIOUS_INJ_COUNT","NTFY_HIWY_MAINT","PED_COUNT","PED_DEATH_COUNT","PED_SUSP_SERIOUS_INJ_COUNT","PERSON_COUNT","POLICE_AGCY","POSSIBLE_INJ_COUNT","RDWY_SURF_TYPE_CD","RELATION_TO_ROAD","ROADWAY_CLEARED","ROAD_CONDITION","SCH_BUS_IND","SCH_ZONE_IND","SECONDARY_CRASH","SMALL_TRUCK_COUNT","SPEC_JURIS_CD","SUSP_MINOR_INJ_COUNT","SUSP_SERIOUS_INJ_COUNT","SUV_COUNT","TCD_FUNC_CD","TCD_TYPE","TFC_DETOUR_IND","TIME_OF_DAY","TOTAL_UNITS","TOT_INJ_COUNT","UNBELTED_OCC_COUNT","UNB_DEATH_COUNT","UNB_SUSP_SERIOUS_INJ_COUNT","UNK_INJ_DEG_COUNT","UNK_INJ_PER_COUNT","URBAN_RURAL","VAN_COUNT","VEHICLE_COUNT","WEATHER1","WEATHER2","WORKERS_PRES","WORK_ZONE_IND","WORK_ZONE_LOC","WORK_ZONE_TYPE","WZ_CLOSE_DETOUR","WZ_FLAGGER","WZ_LAW_OFFCR_IND","WZ_LN_CLOSURE","WZ_MOVING","WZ_OTHER","WZ_SHLDER_MDN","WZ_WORKERS_INJ_KILLED"
"2008051213","","1","0","0","0","0","0","0","0","0","7","0","","02","4","2008","7","40.3648","-79.8272","","11","0","0","0","0","0","0","0","0","1","0","0","0","","","1","","0","","40 21:53.280","2","0","79 49:37.920","4","0","0","0","2111","0","0","0","N","0","0","0","1","02111","1","","2.0","","1","N","N","","0","","0","0","0","0","0","N","","1","1","0","0","0","0","0","2","0","1","","","","N","","","","","","","","","",""
"2008051223","","1","0","0","0","0","0","0","0","0","7","0","","02","4","2008","1","40.423661","-79.887073","","11","0","0","0","0","0","0","0","0","2","0","0","0","","","3","","0","","40 25:25.179","5","0","79 53:13.462","2","0","0","0","2463","0","0","0","N","0","0","0","3","02463","1","","5.0","","9","N","N","","0","","1","1","0","0","0","Y","","1","3","0","0","0","0","0","2","0","1","","","","N","","","","","","","","","",""
"2008051234","","2","0","0","0","0","0","0","0","0","4","0","","02","4","2008","2","40.507363","-80.079242","","11","0","0","0","0","0","2","0","0","","0","0","0","","","0","","1","","40 30:26.506","","0","80 04:45.271","0","0","0","0","2405","0","0","0","N","0","0","0","2","02215","0","","1.0","","1","N","N","","0","","0","0","0","3","3","","","2","0","0","0","0","0","0","2","0","2","","","","N","","","","","","","","","",""
"2008051235","","1","0","0","0","0","0","0","0","0","1","0","","02","4","2008","4","40.440128","-80.083084","","11","0","0","0","0","0","1","0","0","1","0","0","0","","","2","","0","","40 26:24.460","3","3","80 04:59.104","4","0","0","0","2115","0","0","0","N","0","0","0","3","02115","2","","1.0","","1","N","N","","1","","0","0","1","0","0","N","","3","2","0","0","0","0","0","2","0","3","","","","N","","","","","","","","","",""
"2008051236","","0","0","0","0","0","0","0","0","0","7","0","","02","4","2008","6","40.550067","-79.885294","","11","0","0","0","1","0","0","0","0","1","0","0","0","","","2","","0","","40 33:00.242","6","0","79 53:07.057","4","0","0","0","2209","0","0","0","N","0","0","0","2","02209","2","","2.0","","1","N","N","","0","","0","0","1","0","0","N","","1","2","2","0","0","0","0","2","0","1","","","","N","","","","","","","","","",""
"2008051237","","1","0","0","0","0","0","0","0","0","1","0","","02","4","2008","7","40.551271","-79.882879","","11","0","1","0","0","0","0","0","0","","0","0","0","","","0","","2","","40 33:04.574","","0","79 52:58.363","0","0","0","0","2209","0","0","0","N","0","0","0","4","02209","0","","1.0","","1","N","N","","1","","0","0","0","0","0","","","2","0","1","0","0","0","0","2","0","2","","","","N","","","","","","","","","",""
"2008051254","","1","0","0","0","0","0","0","0","0","1","0","","02","4","2008","2","40.541411","-79.963889","","11","0","0","1","0","0","0","0","0","1","0","0","0","","","0","","0","","40 32:29.081","1","0","79 57:50.001","0","0","0","0","2118","0","0","0","N","0","0","0","2","02118","0","","1.0","","1","N","N","","1","","0","0","0","0","0","N","","2","0","0","0","0","0","0","2","0","2","","","","N","","","","","","","","","",""
"2008051256","","0","0","0","0","0","0","0","0","0","7","0","","02","4","2008","2","40.409216","-79.897761","","11","0","0","0","0","0","0","0","0","","0","0","0","","","0","","10","","40 24:33.178","","0","79 53:51.938","0","0","0","0","2448","0","0","0","","0","0","0","1","02448","0","","2.0","","1","","","","0","","0","0","1","0","0","","","1","0","0","0","0","0","0","2","0","1","","","","N","","","","","","","","","",""
"2008051369","","0","0","0","0","0","0","0","0","0","8","0","","02","4","2008","2","40.4359","-79.995204","","11","0","0","0","0","0","0","0","0","","0","0","0","","","1","","2","","40 26:09.241","","0","79 59:42.733","3","0","0","0","2301","1","0","0","N","1","0","0","2","02301","0","","1.0","","1","N","N","","0","","1","0","1","3","2","","","2","1","0","0","0","0","0","2","0","1","","","","N","","","","","","","","","",""
"2008051370","","0","0","0","0","0","0","0","0","0","8","0","","02","3","2008","1","40.464484","-79.930088","","11","0","0","0","0","0","0","0","0","","0","0","0","","","1","","2","","40 27:52.142","","0","79 55:48.316","8","0","0","0","2301","1","0","0","N","1","0","0","2","02301","0","","1.0","","1","N","N","","0","","0","0","0","3","3","","","2","1","0","0","0","1","1","2","0","1","","","","N","","","","","","","","","",""
"2008051371","","0","0","0","0","0","0","0","0","0","7","0","","02","4","2008","4","40.462042","-80.032161","","11","0","0","0","0","0","0","0","0","1","0","0","0","","","0","","2","","40 27:43.351","1","0","80 01:55.779","0","0","0","0","2301","0","0","0","N","0","0","0","2","02301","0","","3.0","","1","N","N","","0","","0","0","1","3","1","N","","1","0","0","0","0","0","0","2","0","1","","","","N","","","","","","","","","",""
"2008051372","","1","0","0","0","0","0","0","0","0","4","0","","02","4","2008","4","40.454175","-79.996855","","11","0","0","0","0","0","0","0","0","","0","0","0","","","0","","1","","40 27:15.030","","0","79 59:48.677","0","0","0","0","2301","0","0","0","N","0","0","0","3","02301","0","","1.0","","1","N","N","","0","","0","0","1","3","2","","","2","0","0","0","0","0","0","2","0","2","","","","N","","","","","","","","","",""
"2008051375","","0","0","0","0","0","0","0","0","0","8","0","","02","3","2008","6","40.5021","-79.8121","","11","0","0","0","0","0","0","0","0","","0","0","0","","","1","","0","","40 30:07.560","","0","79 48:43.560","3","0","0","0","2113","1","0","0","N","1","0","0","2","02113","0","","2.0","","1","N","N","","0","","1","0","0","0","0","","","2","1","0","0","0","0","1","2","0","1","","","","N","","","","","","","","","",""
"2008051376","","0","0","0","0","0","0","0","0","0","7","0","","02","3","2008","2","40.456308","-79.821687","","11","0","0","0","0","0","0","0","0","","0","0","0","","","0","","0","","40 27:22.708","","0","79 49:18.073","0","0","0","0","2113","0","0","0","N","0","0","0","2","02113","0","","5.0","","9","N","N","","0","","0","0","1","0","0","","","1","0","0","0","0","0","0","2","0","1","","","","N","","","","","","","","","",""
"2008051390","","2","0","0","0","0","0","0","0","0","4","0","","02","4","2008","3","40.419119","-79.998854","","11","0","0","0","0","0","0","0","0","","0","0","0","","","2","","1","","40 25:08.828","","0","79 59:55.874","2","0","0","0","2301","0","0","0","","0","0","0","2","02301","0","","1.0","","1","N","N","","0","","0","1","0","3","3","","","2","2","0","0","0","1","0","2","0","2","","","","N","","","","","","","","","",""
"2008051465","","0","0","0","0","0","0","0","0","0","7","0","","02","3","2008","3","40.351939","-79.883833","","11","0","0","0","0","0","0","0","0","2","0","0","0","","","1","","0","","40 21:06.981","6","0","79 53:01.798","3","0","0","0","2304","0","0","0","N","0","0","0","1","02304","0","","4.0","","2","N","N","","0","","1","0","0","0","0","N","","1","1","0","0","0","0","0","2","1","1","","","","N","","","","","","","","","",""
"2008051473","","2","0","0","0","0","0","0","0","0","6","0","","02","4","2008","3","40.468148","-79.906942","","11","0","0","0","0","0","0","0","0","1","0","0","0","","","0","","0","","40 28:05.332","5","0","79 54:24.991","0","0","0","0","2301","0","0","0","N","0","0","0","1","02301","0","","2.0","","1","N","N","","0","","0","0","1","0","0","N","","3","0","0","0","0","0","0","2","0","3","","","","N","","","","","","","","","",""
"2008051475","","0","0","0","0","0","0","0","0","0","7","0","","02","3","2008","7","40.3474","-79.8878","","11","0","0","0","0","1","0","0","0","","0","0","0","","","0","","0","","40 20:50.640","","0","79 53:16.080","0","0","0","0","2304","0","0","0","Y","0","0","0","2","02304","0","","2.0","","2","N","N","","1","","0","0","0","0","0","","","1","0","0","0","0","0","0","2","0","1","","","","N","","","","","","","","","",""
"2008051515","","1","0","0","0","0","0","0","0","0","4","0","","02","4","2008","3","40.568163","-80.212883","","11","0","0","0","0","0","1","0","0","","0","0","0","","","1","","1","","40 34:05.386","","0","80 12:46.378","8","0","0","0","2441","0","0","0","N","0","0","0","3","02441","0","","7.0","","1","N","N","","0","","0","0","1","0","0","","","2","1","0","0","0","1","0","2","0","2","","","","N","","","","","","","","","",""
"2008051516","","1","0","0","0","0","0","0","0","0","4","0","","02","4","2008","3","40.558613","-80.202612","","11","0","0","0","0","0","0","1","1","1","0","0","0","","","0","","0","","40 33:31.006","2","7","80 12:09.403","0","0","0","0","2441","0","0","0","N","0","0","0","2","02441","0","","1.0","","1","N","N","","1","","0","0","0","3","3","Y","","2","0","0","0","0","0","0","2","0","2","","","","N","","","","","","","","","",""
"2008051572","","1","0","0","0","0","0","0","0","0","4","0","","02","3","2008","7","40.486633","-79.837953","","11","0","0","0","0","0","0","0","0","","0","0","0","","","1","","1","","40 29:11.878","","0","79 50:16.630","8","0","0","0","2113","0","0","0","N","0","0","0","2","02113","0","","1.0","","1","N","N","","0","","0","0","1","0","0","","","2","1","1","0","0","1","0","2","0","2","","","","N","","","","","","","","","",""
"2008051584","","0","0","0","0","0","0","0","0","0","1","0","","02","4","2008","2","40.475703","-79.848223","","11","0","0","0","0","0","0","0","1","","0","0","0","","","0","","0","","40 28:32.532","","0","79 50:53.603","0","0","0","0","2113","0","0","0","N","0","0","0","2","02113","0","","1.0","","1","N","N","","2","","0","0","0","3","7","","","2","0","0","0","0","0","0","2","0","2","","","","N","","","","","","","","","",""
"2008051641","","0","0","0","0","0","0","0","0","0","4","0","","02","4","2008","7","40.447698","-79.849377","","11","0","0","0","0","0","1","0","0","","0","0","0","","","1","","2","","40 26:51.713","","0","79 50:57.757","4","0","0","0","2419","0","0","0","N","0","0","0","3","02419","1","","1.0","","1","N","N","","1","","0","0","1","3","3","","","2","1","0","0","0","0","0","2","0","2","","","","N","","","","","","","","","",""
"2008051659","","2","0","0","0","0","0","0","0","0","5","0","","02","3","2008","7","40.4541","-79.9948","","11","0","0","0","0","0","1","0","0","","0","0","0","","","0","","0","","40 27:14.760","","0","79 59:41.280","0","0","0","0","2301","0","0","0","N","0","0","0","4","02301","0","","1.0","","1","N","N","","0","","0","0","0","0","0","","","2","0","0","0","0","0","0","2","0","2","","","","N","","","","","","","","","",""
"2008051660","","1","0","0","0","0","0","0","0","0","4","0","","02","3","2008","6","40.449195","-80.004952","","11","0","0","0","0","0","0","0","0","1","0","0","0","","","2","","2","","40 26:57.102","5","0","80 00:17.827","3","0","0","0","2301","0","0","0","N","0","0","0","4","02301","1","","1.0","","1","N","N","","0","","1","0","1","3","2","Y","","2","2","0","0","0","0","0","2","0","2","","","","N","","","","","","","","","",""
"2008051811","","0","0","0","0","0","0","0","0","0","7","0","","02","3","2008","1","40.436462","-79.975634","","11","0","0","0","0","0","0","0","0","1","0","0","0","","","0","","0","","40 26:11.264","4","0","79 58:32.281","0","0","0","0","2301","0","0","0","N","0","0","0","1","02301","0","","4.0","","1","N","N","","0","","0","0","1","0","0","N","","1","0","0","0","0","0","0","2","0","1","","","","N","","","","","","","","","",""
"2008051812","","1","0","0","0","0","0","0","0","0","1","0","","02","4","2008","3","40.4249","-79.95263","","11","0","0","0","0","0","0","0","0","1","0","0","0","","","0","","0","","40 25:29.641","3","0","79 57:09.468","0","0","0","0","2301","0","0","0","N","0","0","0","2","02301","0","","1.0","","1","N","N","","0","","0","0","1","0","0","N","","2","0","0","0","0","0","0","2","0","2","","","","N","","","","","","","","","",""
"2008051813","","1","0","0","0","0","0","0","0","0","99","0","","02","4","2008","5","40.415217","-79.924683","","11","0","0","0","0","0","0","0","0","2","0","0","0","","","0","","0","","40 24:54.781","1","0","79 55:28.857","0","0","0","0","2301","0","0","0","N","0","0","0","1","02301","0","","1.0","","1","N","N","","0","","0","0","0","0","0","N","","1","0","0","0","0","0","0","2","0","1","","","","N","","","","","","","","","",""
"2008051814","","2","0","0","0","0","0","0","0","0","4","0","","02","4","2008","5","40.463403","-79.930715","","11","0","0","0","0","0","0","0","0","","0","0","0","","","0","","0","","40 27:48.250","","0","79 55:50.574","0","0","0","0","2301","0","0","0","N","0","0","0","2","02301","0","","1.0","","1","N","N","","0","","0","0","0","0","0","","","2","0","0","0","0","0","0","2","0","2","","","","N","","","","","","","","","",""
"2008051815","","1","0","0","0","0","0","0","0","0","7","0","","02","3","2008","6","40.396218","-79.998194","","11","0","0","0","0","0","0","0","0","","0","0","0","","","0","","1","","40 23:46.385","","0","79 59:53.499","0","0","0","0","2301","0","0","0","N","0","0","0","2","02301","0","","2.0","","9","N","N","","0","","0","0","0","3","2","","","2","0","0","0","0","0","0","2","0","1","","","","N","","","","","","","","","",""
"2008051816","","1","0","0","0","0","0","0","0","0","7","0","","02","4","2008","3","40.424814","-79.984624","","11","0","0","0","0","0","0","0","0","","0","0","0","","","1","","3","","40 25:29.330","","0","79 59:04.646","4","0","0","0","2301","0","0","0","N","0","0","0","1","02301","1","","4.0","","1","N","N","","0","","0","0","0","0","0","","","1","1","0","0","0","0","0","2","0","1","","","","N","","","","","","","","","",""
"2008051818","","3","0","0","0","0","0","0","0","0","5","0","","02","4","2008","4","40.427686","-80.004147","","11","0","0","0","0","0","0","0","0","1","0","0","0","","","1","","0","","40 25:39.669","7","0","80 00:14.929","4","0","0","0","2301","0","0","0","N","0","0","0","1","02301","1","","1.0","","1","N","N","","1","","0","0","0","0","0","N","","4","1","0","0","0","0","0","2","0","4","","","","N","","","","","","","","","",""
"2008051832","","1","0","0","0","0","0","0","0","0","7","0","","02","4","2008","5","40.395825","-79.999821","","11","0","0","0","0","0","0","0","0","1","0","0","0","","","1","","0","","40 23:44.971","3","0","79 59:59.357","8","0","0","0","2301","0","0","0","N","0","0","0","1","02301","0","","4.0","","9","N","N","","0","","0","0","0","0","0","N","","1","1","0","0","0","1","0","2","0","1","","","","N","","","","","","","","","",""
"2008051833","","1","0","0","0","0","0","0","0","0","4","0","","02","4","2008","3","40.439476","-79.985013","","11","0","0","0","0","0","0","0","0","","0","0","0","","","0","","3","","40 26:22.113","","0","79 59:06.046","0","0","0","0","2301","0","0","0","N","0","0","0","2","02301","0","","1.0","","1","N","N","","0","","0","0","1","0","0","","","2","0","0","0","0","0","0","2","0","2","","","","N","","","","","","","","","",""
"2008051834","","2","0","0","0","0","0","0","0","0","4","0","","02","4","2008","3","40.440466","-79.991536","","11","0","0","0","0","0","0","0","0","1","0","0","0","","","0","","5","","40 26:25.678","3","0","79 59:29.530","0","0","0","0","2301","0","0","0","N","0","0","0","3","02301","0","","1.0","","1","N","N","","0","","0","0","0","3","2","N","","2","0","0","0","0","0","0","2","0","2","","","","N","","","","","","","","","",""
"2008051835","","1","0","0","0","0","0","0","0","0","7","0","","02","4","2008","1","","","","11","0","0","0","0","0","0","0","0","","0","0","0","","","1","","7","","40 29:18.60","","2","80 00:33.48","4","0","0","0","2301","0","0","0","Y","0","0","0","1","02301","1","","7.0","","1","N","N","","0","","0","0","0","0","0","","","2","1","0","0","0","0","0","2","0","1","","","","N","","","","","","","","","",""
"2008051836","","0","0","0","0","0","0","0","0","0","8","0","","02","4","2008","3","40.438761","-79.997342","","11","0","0","0","0","0","1","0","0","1","0","0","0","","","1","","1","","40 26:19.539","5","0","79 59:50.431","8","0","0","0","2301","1","0","0","N","1","0","0","2","02301","0","","1.0","","1","N","N","","1","","0","0","0","3","2","Y","","2","1","0","0","0","1","0","2","0","1","","","","N","","","","","","","","","",""
"2008051843","","2","0","0","0","0","0","0","0","0","4","0","","02","4","2008","5","40.45637","-79.998628","","11","0","0","0","0","0","0","0","0","1","0","0","0","","","3","","2","","40 27:22.933","7","0","79 59:55.061","4","0","0","0","2301","0","0","0","N","0","0","0","4","02301","2","","1.0","","1","N","N","","0","","0","0","0","3","2","Y","","2","3","0","0","0","1","0","2","0","2","","","","N","","","","","","","","","",""
"2008051844","","1","0","0","0","0","0","0","0","0","7","0","","02","4","2008","4","","","","11","0","0","0","0","0","0","0","0","","0","0","0","","","0","","0","","","","0","","0","0","0","0","2301","0","0","0","N","0","0","0","1","02301","0","","4.0","","1","N","N","","0","","0","0","0","0","0","","","1","0","0","0","0","0","0","1","0","1","","","","N","","","","","","","","","",""
"2008051845","","1","0","0","0","0","0","0","0","0","7","0","","02","4","2008","4","40.429853","-80.047847","","11","0","0","0","0","0","0","0","0","","0","0","0","","","0","","0","","40 25:47.470","","0","80 02:52.249","0","0","0","0","2301","0","0","0","N","0","0","0","1","02301","0","","4.0","","1","N","N","","0","","0","0","0","0","0","","","1","0","0","0","0","0","0","2","0","1","","","","N","","","","","","","","","",""
"2008051846","","3","0","0","0","0","0","0","0","0","4","0","","02","4","2008","6","40.394714","-80.023014","","11","0","0","0","0","0","0","0","0","2","0","0","0","","","0","","0","","40 23:40.970","6","0","80 01:22.850","0","0","0","0","2301","0","0","0","N","0","0","0","1","02301","0","","6.0","","9","N","N","","0","","0","0","0","0","0","Y","","3","0","0","0","0","0","0","2","0","3","","","","N","","","","","","","","","",""
"2008051847","","1","0","0","0","0","0","0","0","0","4","0","","02","4","2008","6","40.448227","-79.986908","","11","0","0","0","0","0","0","0","1","","0","0","0","","","0","","2","","40 26:53.617","","0","79 59:12.868","0","0","0","0","2301","0","0","0","N","0","0","0","2","02301","0","","1.0","","1","N","N","","0","","0","0","1","3","2","","","2","0","0","0","0","0","0","2","0","2","","","","N","","","","","","","","","",""
"2008051848","","2","0","0","0","0","0","0","0","0","1","0","","02","4","2008","4","40.455034","-79.890397","","11","0","0","0","0","0","0","1","0","2","0","0","0","","","0","","1","","40 27:18.124","3","0","79 53:25.430","0","0","0","0","2301","0","0","0","N","0","0","0","2","02301","0","","1.0","","1","N","N","","0","","0","0","0","3","2","N","","2","0","0","0","0","0","0","2","0","2","","","","N","","","","","","","","","",""
"2008051849","","0","0","0","0","0","0","0","0","0","2","0","","02","3","2008","2","40.444088","-80.055833","","11","0","0","0","0","0","1","0","1","2","0","0","0","","","2","","3","","40 26:38.716","3","0","80 03:20.998","8","0","0","0","2301","0","0","0","N","0","0","0","3","02301","0","","1.0","","1","N","N","","1","","0","0","0","0","0","Y","","2","2","0","0","0","2","0","2","1","2","","","","N","","","","","","","","","",""
"2008051850","","1","0","0","0","0","0","0","0","0","7","0","","02","4","2008","4","40.450209","-80.073386","","11","0","0","0","0","0","0","0","0","","0","0","0","","","2","","0","","40 27:00.752","","0","80 04:24.189","8","0","0","0","2301","0","0","0","N","0","0","0","3","02301","0","","4.0","","1","N","N","","0","","0","0","0","0","0","","","1","2","1","0","0","2","0","2","0","1","","","","N","","","","","","","","","",""
"2008051871","","2","0","0","0","0","0","0","0","0","8","0","","02","3","2008","2","40.4567","-79.8442","","11","0","0","0","1","0","0","0","0","1","0","0","0","","","1","","2","","40 27:24.120","6","0","79 50:39.120","3","0","0","0","2113","1","0","0","N","1","0","0","2","02113","0","","1.0","","1","N","N","","0","","1","0","0","0","0","N","","2","1","1","0","0","0","0","2","0","2","","","","N","","","","","","","","","",""
"2008051872","","1","0","0","0","0","0","0","0","0","7","0","","02","4","2008","3","40.461155","-79.81252","","11","0","0","0","0","0","0","0","0","","0","0","0","","","0","","0","","40 27:40.158","","0","79 48:45.072","0","0","0","0","2113","0","0","0","N","0","0","0","1","02113","0","","4.0","","1","N","N","","0","","0","0","0","0","0","","","1","0","0","0","0","0","0","2","0","1","","","","N","","","","","","","","","",""
"2008051873","","1","0","0","0","0","0","0","0","0","7","0","","02","3","2008","3","40.459214","-79.846384","","11","0","0","0","0","0","0","0","0","1","0","0","0","","","1","","0","","40 27:33.170","1","0","79 50:46.982","8","0","0","0","2113","0","0","0","N","0","0","0","1","02113","0","","5.0","","1","N","N","","0","","0","0","0","0","0","Y","","1","1","0","0","0","1","0","2","0","1","","","","N","","","","","","","","","",""
"2008051888","","1","0","0","0","0","0","0","0","0","4","0","","02","4","2008","1","40.395606","-79.898886","","11","0","0","1","0","0","0","0","0","2","0","0","0","","","0","","10","","40 23:44.181","3","0","79 53:55.989","0","0","0","0","2448","0","0","0","N","0","0","0","2","02448","0","","1.0","","9","N","N","","0","","0","0","1","0","0","Y","","2","0","0","0","0","0","0","2","0","2","","","","N","","","","","","","","","",""
"2008051898","","1","0","0","0","0","0","0","0","0","4","0","","02","4","2008","7","40.3334","-79.9841","","11","0","1","0","0","0","0","0","0","","0","0","0","","","0","","2","","40 20:00.240","","0","79 59:02.760","0","0","0","0","2403","0","0","0","N","0","0","0","3","02403","0","","1.0","","1","N","N","","0","","0","0","1","0","0","","","2","0","0","0","0","0","0","2","0","2","","","","N","","","","","","","","","",""
"2008051904","","1","0","0","0","0","0","0","0","0","7","0","","02","4","2008","6","40.5001","-80.2211","","11","0","1","0","0","0","0","0","0","","0","0","0","","","1","","0","","40 30:00.360","","0","80 13:15.960","4","0","0","0","2213","0","0","0","N","0","0","0","2","02213","1","","2.0","","9","N","N","","0","","0","0","0","0","0","","","1","1","0","0","0","0","0","2","0","1","","","","N","","","","","","","","","",""
"2008051905","","0","0","0","0","0","0","0","0","0","0","0","","02","4","2008","3","40.5342","-80.2025","","11","0","0","0","0","0","0","0","0","","0","0","0","","","1","","0","","40 32:03.120","","0","80 12:09.000","3","0","0","1","2213","0","0","0","N","0","0","0","1","02213","0","","2.0","","1","N","N","","0","","1","0","0","0","0","","","1","1","0","0","0","0","0","2","0","1","","","","N","","","","","","","","","",""
"2008051953","","1","0","0","0","0","0","0","0","0","7","0","","02","4","2008","2","","","","11","0","0","0","0","0","0","0","0","2","0","0","0","","","1","","0","","40 25:18.12","2","0","80 01:51.24","8","0","0","0","2301","0","0","0","N","0","0","0","1","68B03","0","","5.0","","1","N","N","","0","","0","0","0","0","0","N","","1","1","1","0","0","1","0","2","0","1","","","","N","","","","","","","","","",""
"2008051954","","2","0","0","0","0","0","0","0","0","7","0","","02","4","2008","4","40.5078","-80.1367","","11","0","0","0","0","0","0","0","0","","0","0","0","","","0","","0","","40 30:28.080","","3","80 08:12.120","0","0","0","0","2110","0","0","0","N","0","0","0","2","68B03","0","","3.0","","1","N","N","","0","","0","0","0","0","0","","","2","0","0","0","0","0","0","2","0","2","","","","N","","","","","","","","","",""
"2008051955","","2","0","0","0","0","0","0","0","0","1","0","","02","4","2008","5","40.622341","-80.096186","","11","0","0","0","0","0","2","0","0","","0","0","0","","","0","","0","","40 37:20.429","","0","80 05:46.268","0","0","0","0","2212","0","0","0","N","0","0","0","5","68B03","0","","1.0","","1","N","N","","1","","0","0","1","3","8","","","4","0","0","0","0","0","0","2","0","4","","","","N","","","","","","","","","",""
"2008051956","","2","0","0","0","0","0","0","0","0","5","0","","02","4","2008","5","","","","11","0","0","0","0","0","1","0","0","1","0","0","0","","","1","","0","","40 26:07.44","3","0","79 58:47.64","4","0","0","0","2301","0","0","0","N","0","0","0","4","68B03","1","","1.0","","1","N","N","","0","","0","0","0","0","0","N","","2","1","1","0","0","0","0","2","0","2","","","","N","","","","","","","","","",""
"2008051957","","1","0","0","0","0","0","0","0","0","7","0","","02","4","2008","6","","","","11","0","0","0","0","0","0","0","0","2","0","0","0","","","0","","0","","40 26:40.92","3","0","79 46:19.20","0","0","0","0","2446","0","0","0","N","0","0","0","1","68B03","0","","3.0","","1","N","N","","0","","0","0","0","0","0","N","","1","0","0","0","0","0","0","2","0","1","","","","N","","","","","","","","","",""
"2008051958","","1","0","0","0","0","0","0","0","0","7","0","","02","4","2008","7","","","","11","0","0","0","0","0","0","0","0","1","0","0","0","","","0","","7","","40 26:09.60","4","2","79 58:11.64","0","0","0","0","2301","0","0","0","N","0","0","0","1","68B03","0","","2.0","","1","N","N","","0","","0","0","0","0","0","N","","1","0","0","0","0","0","0","2","0","1","","","","N","","","","","","","","","",""
"2008051959","","3","0","0","0","0","0","0","0","0","1","0","","02","4","2008","7","","","","11","0","0","0","0","0","0","0","0","","0","0","0","","","0","","6","","40 25:35.04","","2","79 53:36.60","0","0","0","0","2301","0","0","0","N","0","0","0","5","68B03","0","","1.0","","1","N","N","","0","","0","0","0","3","4","","","3","0","0","0","0","0","0","2","0","3","","","","N","","","","","","","","","",""
"2008051960","","0","0","0","0","0","0","0","0","0","7","0","","02","4","2008","1","","","","11","0","0","0","0","0","0","0","0","2","0","0","0","","","1","","0","","40 26:24.00","4","0","79 45:22.32","4","0","0","0","2446","0","0","0","Y","0","0","0","1","68B03","1","","2.0","","9","N","N","","1","","0","0","0","0","0","N","","1","1","0","0","0","0","0","2","0","1","","","","N","","","","","","","","","",""
"2008051986","","1","0","0","0","0","0","0","0","0","1","0","45","02","3","2008","2","40.527275","-79.851093","","11","0","0","0","0","0","0","0","0","","0","0","0","","","0","","0","","40 31:38.190","","0","79 51:03.936","0","0","0","0","2208","0","0","0","N","0","0","0","5","68D02","0","","1.0","","1","N","N","","0","","0","0","1","3","8","","","2","0","0","0","0","0","0","2","0","2","","","Y","Y","4","1","N","N","Y","N","N","Y","N",""
"2008051988","","2","0","0","0","0","0","0","0","0","1","0","","02","4","2008","3","40.5266","-79.8513","","11","1","0","1","0","0","0","0","1","2","0","0","0","","","0","","0","","40 31:35.760","1","0","79 51:04.680","0","0","0","0","2208","0","0","0","N","0","0","0","5","68D02","0","","1.0","","1","N","N","","1","","0","0","0","0","0","N","","3","0","0","0","0","0","0","2","0","3","","","","N","","","","","","","","","",""
"2008051989","","1","0","0","0","0","0","0","0","0","1","0","45","02","4","2008","3","40.5967","-79.77","","11","0","0","0","0","0","0","0","1","2","0","0","0","","","1","","0","","40 35:48.120","1","0","79 46:12.000","4","0","0","0","2208","0","0","0","N","0","0","0","2","68D02","1","","1.0","","1","N","N","","1","","0","0","0","3","8","Y","","2","1","1","0","0","0","0","2","0","2","","","N","Y","4","1","N","N","Y","N","N","Y","N",""