"CRN","ARRIVAL_TM","AUTOMOBILE_COUNT","BELTED_DEATH_COUNT","BELTED_SUSP_SERIOUS_INJ_COUNT","BICYCLE_COUNT","BICYCLE_DEATH_COUNT","BICYCLE_SUSP_SERIOUS_INJ_COUNT","BUS_COUNT","CHLDPAS_DEATH_COUNT","CHLDPAS_SUSP_SERIOUS_INJ_COUNT","COLLISION_TYPE","COMM_VEH_COUNT","CONS_ZONE_SPD_LIM","COUNTY","CRASH_MONTH","CRASH_YEAR","DAY_OF_WEEK","DEC_LATITUDE","DEC_LONGITUDE","DISPATCH_TM","DISTRICT","DRIVER_COUNT_16YR","DRIVER_COUNT_17YR","DRIVER_COUNT_18YR","DRIVER_COUNT_19YR","DRIVER_COUNT_20YR","DRIVER_COUNT_50_64YR","DRIVER_COUNT_65_74YR","DRIVER_COUNT_75PLUS","EST_HRS_CLOSED","FATAL_COUNT","HEAVY_TRUCK_COUNT","HORSE_BUGGY_COUNT","HOUR_OF_DAY","ILLUMINATION","INJURY_COUNT","INTERSECTION_RELATED","INTERSECT_TYPE","LANE_CLOSED","LATITUDE","LN_CLOSE_DIR","LOCATION_TYPE","LONGITUDE","MAX_SEVERITY_LEVEL","MCYCLE_DEATH_COUNT","MCYCLE_SUSP_SERIOUS_INJ_COUNT","MOTORCYCLE_COUNT","MUNICIPALITY","NONMOTR_COUNT","NONMOTR_DEATH_COUNT","NONMOTR_SUSP_SERIOUS_INJ_COUNT","NTFY_HIWY_MAINT","PED_COUNT","PED_DEATH_COUNT","PED_SUSP_SERIOUS_INJ_COUNT","PERSON_COUNT","POLICE_AGCY","POSSIBLE_INJ_COUNT","RDWY_SURF_TYPE_CD","RELATION_TO_ROAD","ROADWAY_CLEARED","ROAD_CONDITION","SCH_BUS_IND","SCH_ZONE_IND","SECONDARY_CRASH","SMALL_TRUCK_COUNT","SPEC_JURIS_CD","SUSP_MINOR_INJ_COUNT","SUSP_SERIOUS_INJ_COUNT","SUV_COUNT","TCD_FUNC_CD","TCD_TYPE","TFC_DETOUR_IND","TIME_OF_DAY","TOTAL_UNITS","TOT_INJ_COUNT","UNBELTED_OCC_COUNT","UNB_DEATH_COUNT","UNB_SUSP_SERIOUS_INJ_COUNT","UNK_INJ_DEG_COUNT","UNK_INJ_PER_COUNT","URBAN_RURAL","VAN_COUNT","VEHICLE_COUNT","WEATHER1","WEATHER2","WORKERS_PRES","WORK_ZONE_IND","WORK_ZONE_LOC","WORK_ZONE_TYPE","WZ_CLOSE_DETOUR","WZ_FLAGGER","WZ_LAW_OFFCR_IND","WZ_LN_CLOSURE","WZ_MOVING","WZ_OTHER","WZ_SHLDER_MDN","WZ_WORKERS_INJ_KILLED"
"2008052816","","1","0","0","0","0","0","0","0","0","1","0","","02","4","2008","7","40.4375","-79.7777","","11","0","0","0","0","1","1","0","0","1","0","0","0","","","1","","2","","40 26:15.000","4","0","79 46:39.720","4","0","0","0","2446","0","0","0","N","0","0","0","5","02446","1","","1.0","","1","N","N","","0","","0","0","2","3","2","N","","3","1","0","0","0","0","0","2","0","3","","","","N","","","","","","","","","",""
"2008052820","","2","0","0","0","0","0","0","0","0","1","0","","02","4","2008","5","40.408859","-80.083643","","11","0","0","0","0","0","1","0","0","","0","0","0","","","0","","1","","40 24:31.892","","0","80 05:01.115","0","0","0","0","2415","0","0","0","N","0","0","0","3","02415","0","","1.0","","1","N","N","","0","","0","0","0","0","0","","","2","0","0","0","0","0","0","2","0","2","","","","N","","","","","","","","","",""
"2008052821","","3","0","0","0","0","0","1","0","0","1","1","","02","4","2008","5","40.447313","-79.943831","","11","0","0","0","0","0","1","0","0","","0","0","0","","","0","","2","","40 26:50.325","","0","79 56:37.793","0","0","0","0","2301","0","0","0","N","0","0","0","4","02503","0","","1.0","","1","N","N","","0","","0","0","0","0","0","","","4","0","0","0","0","0","0","2","0","4","","","","N","","","","","","","","","",""
"2008052822","","2","0","0","0","0","0","0","0","0","6","0","","02","4","2008","5","40.5069","-79.8125","","11","0","0","0","0","0","0","0","1","1","0","0","0","","","0","","0","","40 30:24.840","5","0","79 48:45.000","0","0","0","0","2113","0","0","0","N","0","0","0","2","02113","0","","1.0","","1","N","N","","0","","0","0","0","0","0","N","","2","0","0","0","0","0","0","2","0","2","","","","N","","","","","","","","","",""
"2008052823","","0","0","0","0","0","0","0","0","0","0","0","","02","4","2008","4","40.438371","-80.154403","","11","0","0","0","1","0","0","0","0","1","0","0","0","","","1","","2","","40 26:18.137","2","0","80 09:15.852","3","0","0","1","2115","0","0","0","N","0","0","0","1","02115","0","","1.0","","1","N","N","","0","","1","0","0","3","2","Y","","1","1","0","0","0","0","0","2","0","1","","","","N","","","","","","","","","",""
"2008052824","","1","0","0","0","0","0","0","0","0","6","0","","02","4","2008","2","40.5881","-79.8855","","11","0","0","0","0","0","0","0","0","1","0","0","0","","","0","","0","","40 35:17.160","3","0","79 53:07.800","0","0","0","0","2209","0","0","0","N","0","0","0","2","02209","0","","1.0","","1","N","N","","1","","0","0","0","0","0","Y","","2","0","0","0","0","0","0","2","0","2","","","","N","","","","","","","","","",""
"2008052825","","1","0","0","0","0","0","0","0","0","4","0","","02","4","2008","1","40.325868","-80.049323","","11","1","0","0","0","0","0","0","1","","0","0","0","","","1","","1","","40 19:33.125","","0","80 02:57.561","8","0","0","0","2407","0","0","0","N","0","0","0","7","02407","0","","1.0","","1","N","N","","1","","0","0","0","3","2","","","3","1","0","0","0","1","0","2","1","3","","","","N","","","","","","","","","",""
"2008052826","","2","0","0","0","0","0","0","0","0","4","0","","02","4","2008","6","40.329795","-80.033673","","11","0","0","0","0","0","0","0","0","","0","0","0","","","0","","1","","40 19:47.262","","0","80 02:01.222","0","0","0","0","2407","0","0","0","N","0","0","0","2","02407","0","","1.0","","1","N","N","","0","","0","0","0","3","3","","","3","0","0","0","0","0","0","2","1","3","","","","N","","","","","","","","","",""
"2008052827","","0","0","0","0","0","0","0","0","0","99","0","","02","4","2008","4","40.33295","-80.023742","","11","0","0","0","0","0","1","0","0","1","0","0","0","","","1","","0","","40 19:58.619","5","0","80 01:25.470","3","0","0","1","2407","0","0","0","N","0","0","0","1","02407","0","","1.0","","1","N","N","","0","","1","0","0","0","0","N","","1","1","0","0","0","0","0","2","0","1","","","","N","","","","","","","","","",""
"2008052828","","2","0","0","0","0","0","0","0","0","4","0","","02","4","2008","2","40.322202","-80.056705","","11","0","0","0","0","0","0","0","1","","0","0","0","","","0","","1","","40 19:19.927","","0","80 03:24.137","0","0","0","0","2407","0","0","0","N","0","0","0","6","02407","0","","1.0","","1","N","N","","0","","0","0","0","3","3","","","3","0","0","0","0","0","0","2","1","3","","","","N","","","","","","","","","",""
"2008052830","","3","0","0","0","0","0","0","0","0","1","0","","02","4","2008","5","40.334431","-80.003062","","11","0","0","0","0","0","0","0","0","","0","0","0","","","2","","1","","40 20:03.953","","0","80 00:11.024","4","0","0","0","2407","0","0","0","N","0","0","0","3","02407","2","","1.0","","1","N","N","","0","","0","0","0","3","3","","","3","2","0","0","0","0","0","2","0","3","","","","N","","","","","","","","","",""
"2008052831","","1","0","0","0","0","0","0","0","0","1","0","","02","4","2008","3","40.342957","-80.035303","","11","0","0","0","0","0","0","0","0","","0","0","0","","","0","","0","","40 20:34.645","","0","80 02:07.090","0","0","0","0","2407","0","0","0","N","0","0","0","2","02407","0","","1.0","","1","N","N","","0","","0","0","1","0","0","","","2","0","0","0","0","0","0","2","0","2","","","","N","","","","","","","","","",""
"2008052832","","1","0","0","0","0","0","0","0","0","4","0","","02","4","2008","2","40.338913","-80.050033","","11","0","0","0","0","0","1","0","0","2","0","0","0","","","0","","0","","40 20:20.086","6","0","80 03:00.118","0","0","0","0","2407","0","0","0","N","0","0","0","2","02407","0","","1.0","","1","N","N","","0","","0","0","1","0","0","N","","2","0","0","0","0","0","0","2","0","2","","","","N","","","","","","","","","",""
"2008052833","","0","0","0","0","0","0","0","0","0","0","0","","02","4","2008","4","40.3412","-80.0223","","11","0","0","0","0","0","1","0","0","","0","0","0","","","1","","0","","40 20:28.320","","0","80 01:20.280","4","0","0","1","2407","0","0","0","Y","0","0","0","1","02407","1","","1.0","","1","N","N","","0","","0","0","0","0","0","","","1","1","0","0","0","0","0","2","0","1","","","","N","","","","","","","","","",""
"2008052851","","1","0","0","0","0","0","0","0","0","4","0","","02","4","2008","3","","","","11","0","0","0","0","0","1","0","0","","0","0","0","","","3","","0","","40 29:02.40","","0","80 15:48.60","4","0","0","0","2203","0","0","0","Y","0","0","0","3","68B03","3","","1.0","","1","N","N","","0","","0","0","0","0","0","","","2","3","0","0","0","0","0","2","1","2","","","","N","","","","","","","","","",""
"2008052853","","1","0","0","0","0","0","0","0","0","7","0","","02","4","2008","1","","","","11","0","0","1","0","0","0","0","0","1","0","0","0","","","1","","0","","40 29:51.00","2","3","80 01:11.64","4","0","0","0","2301","0","0","0","N","0","0","0","2","68B03","1","","3.0","","9","N","N","","0","","0","0","0","0","0","Y","","1","1","0","0","0","0","0","2","0","1","","","","N","","","","","","","","","",""
"2008052961","","1","0","0","0","0","0","0","0","0","1","0","","02","4","2008","5","40.4388","-79.7494","","11","0","0","0","0","0","1","0","0","1","0","0","0","","","2","","0","","40 26:19.680","4","0","79 44:57.840","3","0","0","0","2446","0","0","0","N","0","0","0","6","02446","1","","1.0","","1","N","N","","0","","1","0","2","3","2","N","","3","2","0","0","0","0","0","2","0","3","","","","N","","","","","","","","","",""
"2008052984","","0","0","0","0","0","0","1","0","0","5","1","","02","4","2008","3","40.2729","-79.8852","","11","0","0","0","0","0","1","0","0","1","0","0","0","","","0","","10","","40 16:22.440","1","0","79 53:06.720","0","0","0","0","2105","0","0","0","N","0","0","0","2","02503","0","","1.0","","1","N","N","","0","","0","0","1","9","4","N","","2","0","0","0","0","0","0","2","0","2","","","","N","","","","","","","","","",""
"2008052985","","2","0","0","0","0","0","0","0","0","4","0","","02","4","2008","5","40.3425","-79.9646","","11","0","0","0","0","0","0","0","0","","0","0","0","","","0","","1","","40 20:33.000","","0","79 57:52.560","0","0","0","0","2454","0","0","0","N","0","0","0","4","02454","0","","1.0","","1","N","N","","0","","0","0","0","3","3","","","2","0","0","0","0","0","0","2","0","2","","","","N","","","","","","","","","",""
"2008052992","","1","0","0","0","0","0","0","0","0","7","0","","02","1","2008","3","40.468951","-80.00142","","11","0","0","0","0","0","0","0","0","","0","0","0","","","0","","2","","40 28:08.223","","0","80 00:05.112","0","0","0","0","2301","0","0","0","N","0","0","0","1","02301","0","","4.0","","2","N","N","","0","","0","0","0","0","0","","","1","0","0","0","0","0","0","2","0","1","","","","N","","","","","","","","","",""
"2008052993","","3","0","0","0","0","0","0","0","0","2","0","","02","1","2008","3","40.481394","-80.028717","","11","0","0","1","0","0","0","0","0","","0","0","0","","","0","","0","","40 28:53.018","","0","80 01:43.381","0","0","0","0","2301","0","0","0","N","0","0","0","1","02301","0","","1.0","","9","N","N","","0","","0","0","0","0","0","","","3","0","0","0","0","0","0","2","0","3","","","","N","","","","","","","","","",""
"2008053017","","1","0","0","0","0","0","0","0","0","7","0","","02","2","2008","6","40.414532","-79.848869","","11","0","0","0","0","0","1","0","0","1","0","0","0","","","0","","0","","40 24:52.315","1","0","79 50:55.928","0","0","0","0","2431","0","0","0","N","0","0","0","2","02431","0","","4.0","","2","N","N","","0","","0","0","0","0","0","N","","1","0","0","0","0","0","0","2","0","1","","","","N","","","","","","","","","",""
"2008053092","","1","0","0","0","0","0","0","0","0","2","0","","02","2","2008","7","40.499193","-79.853241","","11","0","0","0","0","0","0","1","0","1","0","0","0","","","1","","0","","40 29:57.093","5","0","79 51:11.669","8","0","0","0","2408","0","0","0","N","0","0","0","2","02114","0","","1.0","","1","N","N","","0","","0","0","0","0","0","N","","2","1","0","0","0","1","0","2","1","2","","","","N","","","","","","","","","",""
"2008053147","","0","0","0","0","0","0","0","0","0","7","0","","02","3","2008","7","40.4734","-79.8569","","11","0","0","0","0","0","0","0","0","","0","0","0","","","0","","0","","40 28:24.240","","0","79 51:24.840","0","0","0","0","2113","0","0","0","","0","0","0","1","02113","0","","5.0","","2","N","N","","0","","0","0","1","0","0","","","1","0","0","0","0","0","0","2","0","1","","","","N","","","","","","","","","",""
"2008053231","","1","0","0","0","0","0","0","0","0","7","0","","02","2","2008","6","40.466926","-80.024983","","11","0","0","0","0","0","0","0","0","","0","0","0","","","0","","0","","40 28:00.933","","0","80 01:29.937","0","0","0","0","2301","0","0","0","N","0","0","0","1","02301","0","","4.0","","6","N","N","","0","","0","0","0","3","2","","","1","0","0","0","0","0","0","2","0","1","","","","N","","","","","","","","","",""
"2008053272","","0","0","0","0","0","0","0","0","0","7","0","","02","4","2008","7","40.429186","-79.999223","","11","0","0","0","0","0","1","0","0","1","0","0","0","","","3","","1","","40 25:45.071","7","0","79 59:57.204","3","0","0","0","2301","0","0","0","Y","0","0","0","3","02301","0","","2.0","","1","N","N","","0","","3","0","1","3","2","N","","2","3","0","0","0","0","0","2","0","1","","","","N","","","","","","","","","",""
"2008053274","","1","0","0","0","0","0","0","0","0","4","0","","02","4","2008","2","40.415166","-79.998138","","11","0","0","0","0","0","0","0","0","","0","0","0","","","0","","2","","40 24:54.597","","0","79 59:53.296","0","0","0","0","2301","0","0","0","N","0","0","0","2","02301","0","","1.0","","1","N","N","","0","","0","0","1","3","3","","","2","0","0","0","0","0","0","2","0","2","","","","N","","","","","","","","","",""
"2008053281","","1","0","0","0","0","0","0","0","0","7","0","","02","1","2008","4","40.383617","-79.998224","","11","0","0","0","1","0","0","0","0","","0","0","0","","","0","","3","","40 23:01.021","","0","79 59:53.606","0","0","0","0","2301","0","0","0","N","0","0","0","2","02301","0","","4.0","","7","N","N","","0","","0","0","0","0","0","","","1","0","0","0","0","0","0","2","0","1","","","","N","","","","","","","","","",""
"2008053290","","0","0","0","0","0","0","0","0","0","7","0","","02","4","2008","5","40.442393","-79.806293","","11","0","0","0","0","0","0","0","0","6","1","0","0","","","0","","0","","40 26:32.615","6","0","79 48:22.654","1","0","0","0","2113","0","0","0","N","0","0","0","1","02113","0","2","5.0","","1","N","N","","0","0","0","0","1","0","0","Y","","1","0","1","1","0","0","0","2","0","1","","","","N","","","","","","","","","",""
"2008053292","","1","0","0","0","0","0","0","0","0","7","0","","02","4","2008","3","40.370315","-79.997653","","11","0","0","0","0","0","0","0","0","1","0","0","0","","","1","","0","","40 22:13.134","3","0","79 59:51.550","3","0","0","0","2476","0","0","0","N","0","0","0","1","02476","0","","4.0","","1","N","N","","0","","1","0","0","0","0","N","","1","1","0","0","0","0","0","2","0","1","","","","N","","","","","","","","","",""
"2008053293","","1","0","0","0","0","0","0","0","0","7","0","90","02","4","2008","6","","","","11","0","0","0","0","0","0","0","0","","0","0","0","","","0","","2","","","","0","","0","0","0","0","2430","0","0","0","N","0","0","0","2","02430","0","","5.0","","1","N","N","","0","","0","0","0","3","3","","","1","0","1","0","0","0","0","1","0","1","","","N","Y","8","1","","","N","Y","","","",""
"2008053302","","1","0","0","0","0","0","0","0","0","7","0","","02","4","2008","6","40.537437","-79.765752","","11","0","0","0","0","0","0","0","0","2","0","0","0","","","0","","0","","40 32:14.773","3","0","79 45:56.706","0","0","0","0","2466","0","0","0","N","0","0","0","1","02466","0","","5.0","","1","N","N","","0","","0","0","0","0","0","N","","1","0","0","0","0","0","0","1","0","1","","","","N","","","","","","","","","",""
"2008053312","","0","0","0","0","0","0","0","0","0","8","0","","02","4","2008","6","40.34913","-79.840958","","11","0","0","0","0","0","0","0","0","","0","0","0","","","1","","1","","40 20:56.868","","0","79 50:27.448","3","0","0","0","2304","1","0","0","N","1","0","0","1","02304","0","","1.0","","1","N","N","","0","","1","0","0","3","3","","","2","1","0","0","0","0","0","2","1","1","","","","N","","","","","","","","","",""
"2008053318","","1","0","0","0","0","0","0","0","0","7","0","","02","4","2008","5","40.351316","-80.063444","","11","0","0","0","0","0","0","0","1","","0","0","0","","","1","","2","","40 21:04.737","","0","80 03:48.398","4","0","0","0","2123","0","0","0","N","0","0","0","1","02123","1","","5.0","","1","N","N","","0","","0","0","0","0","0","","","1","1","0","0","0","0","0","2","0","1","","","","N","","","","","","","","","",""
"2008053325","","1","0","0","0","0","0","0","0","0","7","0","","02","4","2008","5","40.395632","-79.899666","","11","0","0","0","0","0","1","0","0","","0","0","0","","","0","","0","","40 23:44.275","","0","79 53:58.796","0","0","0","0","2448","0","0","0","N","0","0","0","1","02448","0","","2.0","","1","N","N","","0","","0","0","0","0","0","","","1","0","1","0","0","0","0","2","0","1","","","","N","","","","","","","","","",""
"2008053341","","0","0","0","0","0","0","0","0","0","8","0","","02","4","2008","6","40.341","-79.9666","","11","0","0","0","0","0","0","0","0","2","0","0","0","","","1","","0","","40 20:27.600","4","0","79 57:59.760","2","0","0","0","2454","1","0","1","N","1","0","1","2","02454","0","","1.0","","1","N","N","","1","","0","1","0","0","0","Y","","2","1","0","0","0","0","0","2","0","1","","","","N","","","","","","","","","",""
"2008053347","","0","0","0","0","0","0","0","0","0","4","0","","02","4","2008","6","40.524334","-79.835667","","11","0","0","0","0","0","1","0","0","1","0","0","0","","","1","","2","","40 31:27.604","5","0","79 50:08.400","8","0","0","0","2451","0","0","0","N","0","0","0","2","02451","0","","1.0","","1","N","N","","0","","0","0","2","3","3","N","","2","1","0","0","0","1","0","2","0","2","","","","N","","","","","","","","","",""
"2008053348","","2","0","0","0","0","0","0","0","0","2","0","","02","4","2008","3","40.3567","-79.9805","","11","0","0","0","0","0","0","0","2","1","0","0","0","","","0","","0","","40 21:24.120","2","0","79 58:49.800","0","0","0","0","2476","0","0","0","N","0","0","0","3","02476","0","","1.0","","1","N","N","","0","","0","0","0","0","0","N","","2","0","0","0","0","0","0","2","0","2","","","","N","","","","","","","","","",""
"2008053349","","0","0","0","0","0","0","0","0","0","1","0","","02","4","2008","6","40.410503","-79.750363","","11","0","0","0","0","0","0","0","0","1","0","0","0","","","1","","2","","40 24:37.810","3","0","79 45:01.306","3","0","0","0","2446","0","0","0","N","0","0","0","6","02446","0","","1.0","","1","N","N","","0","","1","0","2","3","3","N","","2","1","0","0","0","0","0","2","0","2","","","","N","","","","","","","","","",""
"2008053354","","3","0","0","0","0","0","0","0","0","1","0","","02","4","2008","2","40.3984","-80.083","","11","0","0","0","0","0","1","0","0","1","0","0","0","","","1","","0","","40 23:54.240","5","0","80 04:58.800","4","0","0","0","2102","0","0","0","N","0","0","0","4","02102","1","","1.0","","1","N","N","","0","","0","0","0","0","0","N","","3","1","0","0","0","0","0","2","0","3","","","","N","","","","","","","","","",""
"2008053358","","2","0","0","0","0","0","0","0","0","6","0","","02","4","2008","6","40.425767","-80.050325","","11","0","0","0","0","0","0","0","0","1","0","0","0","","","0","","0","","40 25:32.762","1","0","80 03:01.171","0","0","0","0","2435","0","0","0","N","0","0","0","3","02435","0","","1.0","","1","N","N","","0","","0","0","0","0","0","N","","2","0","0","0","0","0","0","2","0","2","","","","N","","","","","","","","","",""
"2008053360","","2","0","0","0","0","0","0","0","0","5","0","","02","4","2008","2","40.455941","-79.703413","","11","1","0","1","0","0","0","0","0","","0","0","0","","","1","","0","","40 27:21.387","","0","79 42:12.286","4","0","0","0","2446","0","0","0","N","0","0","0","6","02446","1","","1.0","","1","N","N","","0","","0","0","0","0","0","","","2","1","0","0","0","0","0","2","0","2","","","","N","","","","","","","","","",""
"2008053370","","1","0","0","0","0","0","0","0","0","4","0","","02","4","2008","6","40.362594","-79.991391","","11","0","0","0","0","0","0","0","0","","0","0","0","","","0","","0","","40 21:45.339","","0","79 59:29.006","0","0","0","0","2476","0","0","0","N","0","0","0","1","02476","0","","1.0","","1","N","N","","0","","0","0","1","0","0","","","2","0","0","0","0","0","0","2","0","2","","","","N","","","","","","","","","",""
"2008053393","","3","0","0","0","0","0","0","0","0","1","0","","02","4","2008","7","40.387809","-80.055309","","11","0","0","0","0","0","0","1","0","","0","0","0","","","3","","1","","40 23:16.112","","0","80 03:19.112","4","0","0","0","2109","0","0","0","N","0","0","0","4","02109","3","","1.0","","1","N","N","","0","","0","0","0","0","0","","","3","3","0","0","0","0","0","2","0","3","","","","N","","","","","","","","","",""
"2008053394","","0","0","0","0","0","0","1","0","0","8","1","","02","4","2008","7","40.440057","-79.998687","","11","0","0","0","0","0","0","0","0","3","1","0","0","","","0","","1","","40 26:24.205","6","0","79 59:55.273","1","0","0","0","2301","1","1","0","N","1","1","0","5","02503","0","2","1.0","","1","N","N","","0","0","0","0","0","3","2","Y","","2","0","0","0","0","0","0","2","0","1","","","","N","","","","","","","","","",""
"2008053399","","2","0","0","0","0","0","0","0","0","1","0","","02","4","2008","7","40.380063","-80.044754","","11","0","0","0","0","0","1","0","0","2","0","0","0","","","1","","2","","40 22:48.226","1","0","80 02:41.116","4","0","0","0","2109","0","0","0","N","0","0","0","3","02109","1","","1.0","","9","N","N","","0","","0","0","1","3","2","N","","3","1","0","0","0","0","0","2","0","3","","","","N","","","","","","","","","",""
"2008053405","","1","0","0","0","0","0","0","0","0","7","0","","02","3","2008","7","40.5333","-80.0608","","11","0","0","0","0","0","0","0","0","","0","0","0","","","0","","0","","40 31:59.880","","0","80 03:38.880","0","0","0","0","2116","0","0","0","N","0","0","0","1","02116","0","","2.0","","1","N","N","","0","","0","0","0","0","0","","","1","0","0","0","0","0","0","2","0","1","","","","N","","","","","","","","","",""
"2008053406","","2","0","0","0","0","0","0","0","0","5","0","","02","4","2008","3","","","","11","0","0","0","1","0","0","0","0","1","0","0","0","","","0","","0","","","3","0","","0","0","0","0","2116","0","0","0","N","0","0","0","6","02116","0","","1.0","","1","N","N","","0","","0","0","0","0","0","N","","2","0","1","0","0","0","0","1","0","2","","","","N","","","","","","","","","",""
"2008053414","","0","0","0","0","0","0","0","0","0","7","0","","02","4","2008","4","40.507426","-80.088155","","11","0","0","0","0","0","0","0","0","","0","0","0","","","0","","0","","40 30:26.734","","0","80 05:17.358","0","0","0","0","2405","0","0","0","N","0","0","0","1","02215","0","","5.0","","1","N","N","","0","","0","0","1","0","0","","","1","0","0","0","0","0","0","2","0","1","","","","N","","","","","","","","","",""
"2008053427","","2","0","0","0","0","0","0","0","0","4","0","","02","4","2008","4","40.501726","-79.982889","","11","0","0","0","0","0","1","0","1","","0","0","0","","","0","","2","","40 30:06.212","","0","79 58:58.402","0","0","0","0","2118","0","0","0","N","0","0","0","4","02118","0","","1.0","","1","N","N","","0","","0","0","0","3","3","","","2","0","0","0","0","0","0","2","0","2","","","","N","","","","","","","","","",""
"2008053431","","1","0","0","0","0","0","0","0","0","2","0","","02","4","2008","7","40.353505","-79.837073","","11","0","1","0","0","0","0","0","0","","0","0","0","","","0","","2","","40 21:12.618","","0","79 50:13.464","9","0","0","0","2304","0","0","0","N","0","0","0","4","02304","0","","1.0","","1","N","N","","0","","0","0","1","3","2","","","2","0","3","0","0","0","1","2","0","2","","","","N","","","","","","","","","",""
"2008053439","","0","0","0","0","0","0","0","0","0","1","0","","02","4","2008","6","40.418539","-80.045732","","11","0","0","0","0","0","0","0","0","","0","0","0","","","1","","1","","40 25:06.740","","0","80 02:44.634","8","0","0","0","2435","0","0","0","N","0","0","0","4","02435","0","","1.0","","1","N","N","","0","","0","0","2","3","2","","","2","1","0","0","0","1","0","2","0","2","","","","N","","","","","","","","","",""
"2008053446","","1","0","0","0","0","0","0","0","0","1","0","99","02","4","2008","7","40.4389","-79.7644","","11","0","0","0","0","0","1","1","0","1","0","0","0","","","0","","0","","40 26:20.040","3","7","79 45:51.840","0","0","0","0","2419","0","0","0","N","0","0","0","2","02419","0","","1.0","","1","N","N","","1","","0","0","0","0","0","Y","","2","0","0","0","0","0","0","2","0","2","","","Y","Y","3","1","","","N","Y","","","",""
"2008053461","","1","0","0","0","0","0","0","0","0","5","0","","02","4","2008","2","40.487853","-80.056456","","11","0","0","0","0","0","1","0","0","","0","0","0","","","0","","2","","40 29:16.270","","0","80 03:23.240","0","0","0","0","2404","0","0","0","N","0","0","0","2","02404","0","","1.0","","1","N","N","","0","","0","0","0","0","0","","","2","0","0","0","0","0","0","2","1","2","","","","N","","","","","","","","","",""
"2008053462","","2","0","0","0","0","0","0","0","0","4","0","","02","4","2008","1","40.521697","-80.043671","","11","0","0","0","0","1","1","0","0","2","0","0","0","","","1","","2","","40 31:18.108","6","0","80 02:37.214","4","0","0","0","2474","0","0","0","N","0","0","0","2","02474","1","","1.0","","1","N","N","","0","","0","0","0","0","0","Y","","2","1","0","0","0","0","0","2","0","2","","","","N","","","","","","","","","",""
"2008053471","","1","0","0","0","0","0","0","0","0","4","0","","02","4","2008","4","40.5061","-79.9905","","11","0","0","0","0","0","0","0","1","1","0","0","0","","","0","","3","","40 30:21.960","1","0","79 59:25.800","0","0","0","0","2116","0","0","0","N","0","0","0","2","02116","0","","1.0","","1","N","N","","0","","0","0","0","3","3","N","","2","0","0","0","0","0","0","2","1","2","","","","N","","","","","","","","","",""
"2008053475","","1","0","0","0","0","0","0","0","0","7","0","","02","4","2008","1","40.475102","-80.095863","","11","0","0","0","0","0","0","0","0","2","0","0","0","","","1","","2","","40 28:30.367","4","0","80 05:45.106","3","0","0","0","2126","0","0","0","N","0","0","0","1","02126","0","","2.0","","1","N","N","","0","","1","0","0","0","0","N","","1","1","0","0","0","0","0","2","0","1","","","","N","","","","","","","","","",""
"2008053486","","3","0","0","0","0","0","0","0","0","3","0","","02","4","2008","1","40.355476","-79.979615","","11","0","0","0","0","0","0","0","0","2","0","0","0","","","1","","2","","40 21:19.713","2","0","79 58:46.613","8","0","0","0","2476","0","0","0","N","0","0","0","4","02476","0","","1.0","","1","N","N","","0","","0","0","0","0","0","Y","","3","1","1","0","0","1","0","2","0","3","","","","N","","","","","","","","","",""
"2008053487","","2","0","0","0","0","0","0","0","0","1","0","","02","4","2008","1","40.4575","-79.7205","","11","0","0","0","1","0","0","0","0","1","0","0","0","","","0","","0","","40 27:27.000","2","0","79 43:13.800","0","0","0","0","2466","0","0","0","N","0","0","0","2","02466","0","","1.0","","1","N","N","","0","","0","0","0","0","0","N","","2","0","0","0","0","0","0","2","0","2","","","","N","","","","","","","","","",""
"2008053500","","2","0","0","0","0","0","0","0","0","1","0","","02","4","2008","1","40.391092","-80.048768","","11","0","0","0","0","0","1","0","0","2","0","0","0","","","0","","0","","40 23:27.931","1","0","80 02:55.564","0","0","0","0","2109","0","0","0","N","0","0","0","1","02109","0","","2.0","","1","N","N","","0","","0","0","0","0","0","N","","2","0","0","0","0","0","0","2","0","2","","","","N","","","","","","","","","",""
"2008053502","","1","0","0","0","0","0","0","0","0","4","0","","02","4","2008","1","40.519","-80.0321","","11","0","0","0","0","0","0","1","0","2","0","0","0","","","2","","0","","40 31:08.400","5","0","80 01:55.560","4","0","0","0","2474","0","0","0","N","0","0","0","2","02474","2","","2.0","","1","N","N","","0","","0","0","1","0","0","Y","","2","2","0","0","0","0","0","2","0","2","","","","N","","","","","","","","","",""
"2008053512","","1","0","0","0","0","0","0","0","0","7","0","","02","4","2008","1","40.512097","-79.885367","","11","0","0","1","0","0","0","0","0","","0","0","0","","","0","","0","","40 30:43.550","","0","79 53:07.322","0","0","0","0","2432","0","0","0","N","0","0","0","1","02432","0","","5.0","","1","N","N","","0","","0","0","0","0","0","","","1","0","0","0","0","0","0","2","0","1","","","","N","","","","","","","","","",""
"2008053516","","1","0","0","0","0","0","0","0","0","1","0","","02","4","2008","1","40.584434","-79.950806","","11","0","0","0","0","0","1","0","0","","0","0","0","","","2","","2","","40 35:03.962","","0","79 57:02.901","4","0","0","0","2207","0","0","0","N","0","0","0","8","02207","2","","1.0","","1","N","N","","0","","0","0","1","3","2","","","2","2","0","0","0","0","0","2","0","2","","","","N","","","","","","","","","",""