"CRN","ARRIVAL_TM","AUTOMOBILE_COUNT","BELTED_DEATH_COUNT","BELTED_SUSP_SERIOUS_INJ_COUNT","BICYCLE_COUNT","BICYCLE_DEATH_COUNT","BICYCLE_SUSP_SERIOUS_INJ_COUNT","BUS_COUNT","CHLDPAS_DEATH_COUNT","CHLDPAS_SUSP_SERIOUS_INJ_COUNT","COLLISION_TYPE","COMM_VEH_COUNT","CONS_ZONE_SPD_LIM","COUNTY","CRASH_MONTH","CRASH_YEAR","DAY_OF_WEEK","DEC_LATITUDE","DEC_LONGITUDE","DISPATCH_TM","DISTRICT","DRIVER_COUNT_16YR","DRIVER_COUNT_17YR","DRIVER_COUNT_18YR","DRIVER_COUNT_19YR","DRIVER_COUNT_20YR","DRIVER_COUNT_50_64YR","DRIVER_COUNT_65_74YR","DRIVER_COUNT_75PLUS","EST_HRS_CLOSED","FATAL_COUNT","HEAVY_TRUCK_COUNT","HORSE_BUGGY_COUNT","HOUR_OF_DAY","ILLUMINATION","INJURY_COUNT","INTERSECTION_RELATED","INTERSECT_TYPE","LANE_CLOSED","LATITUDE","LN_CLOSE_DIR","LOCATION_TYPE","LONGITUDE","MAX_SEVERITY_LEVEL","MCYCLE_DEATH_COUNT","MCYCLE_SUSP_SERIOUS_INJ_COUNT","MOTORCYCLE_COUNT","MUNICIPALITY","NONMOTR_COUNT","NONMOTR_DEATH_COUNT","NONMOTR_SUSP_SERIOUS_INJ_COUNT","NTFY_HIWY_MAINT","PED_COUNT","PED_DEATH_COUNT","PED_SUSP_SERIOUS_INJ_COUNT","PERSON_COUNT","POLICE_AGCY","POSSIBLE_INJ_COUNT","RDWY_SURF_TYPE_CD","RELATION_TO_ROAD","ROADWAY_CLEARED","ROAD_CONDITION","SCH_BUS_IND","SCH_ZONE_IND","SECONDARY_CRASH","SMALL_TRUCK_COUNT","SPEC_JURIS_CD","SUSP_MINOR_INJ_COUNT","SUSP_SERIOUS_INJ_COUNT","SUV_COUNT","TCD_FUNC_CD","TCD_TYPE","TFC_DETOUR_IND","TIME_OF_DAY","TOTAL_UNITS","TOT_INJ_COUNT","UNBELTED_OCC_COUNT","UNB_DEATH_COUNT","UNB_SUSP_SERIOUS_INJ_COUNT","UNK_INJ_DEG_COUNT","UNK_INJ_PER_COUNT","URBAN_RURAL","VAN_COUNT","VEHICLE_COUNT","WEATHER1","WEATHER2","WORKERS_PRES","WORK_ZONE_IND","WORK_ZONE_LOC","WORK_ZONE_TYPE","WZ_CLOSE_DETOUR","WZ_FLAGGER","WZ_LAW_OFFCR_IND","WZ_LN_CLOSURE","WZ_MOVING","WZ_OTHER","WZ_SHLDER_MDN","WZ_WORKERS_INJ_KILLED"
"2008054317","","2","0","0","0","0","0","0","0","0","4","0","","02","4","2008","5","40.5765","-80.0258","","11","0","0","0","0","0","0","0","1","2","0","0","0","","","1","","1","","40 34:35.400","5","0","80 01:32.880","8","0","0","0","2108","0","0","0","N","0","0","0","2","02108","0","","1.0","","1","N","N","","0","","0","0","0","3","2","N","","2","1","0","0","0","1","0","2","0","2","","","","N","","","","","","","","","",""
"2008054318","","2","0","0","0","0","0","0","0","0","4","0","","02","4","2008","4","40.6045","-80.0506","","11","0","0","0","0","0","1","1","1","2","0","0","0","","","0","","0","","40 36:16.200","5","7","80 03:02.160","0","0","0","0","2108","0","0","0","N","0","0","0","3","02108","0","","1.0","","1","N","N","","1","","0","0","0","3","2","N","","3","0","0","0","0","0","0","2","0","3","","","","N","","","","","","","","","",""
"2008054319","","2","0","0","0","0","0","0","0","0","4","0","","02","4","2008","6","40.572019","-80.016386","","11","0","0","0","0","0","0","1","0","1","0","0","0","","","1","","1","","40 34:19.267","2","0","80 00:58.990","3","0","0","0","2108","0","0","0","N","0","0","0","2","02108","0","","1.0","","1","N","N","","0","","1","0","0","3","2","N","","2","1","0","0","0","0","0","2","0","2","","","","N","","","","","","","","","",""
"2008054320","","1","0","0","0","0","0","0","0","0","8","0","","02","4","2008","6","40.432124","-80.003994","","11","0","0","0","0","0","0","0","0","1","0","0","0","","","1","","1","","40 25:55.646","4","0","80 00:14.378","3","0","0","0","2301","1","0","0","N","1","0","0","2","02301","0","","1.0","","8","N","N","","0","","1","0","0","0","0","N","","2","1","0","0","0","0","0","2","0","1","","","","N","","","","","","","","","",""
"2008054321","","2","0","0","0","0","0","0","0","0","4","0","","02","4","2008","2","40.441765","-79.920314","","11","0","0","0","0","0","1","0","0","","0","0","0","","","0","","0","","40 26:30.355","","0","79 55:13.129","0","0","0","0","2301","0","0","0","N","0","0","0","2","02301","0","","1.0","","1","N","N","","0","","0","0","0","0","0","","","2","0","0","0","0","0","0","2","0","2","","","","N","","","","","","","","","",""
"2008054322","","2","0","0","0","0","0","0","0","0","4","0","","02","4","2008","6","40.461578","-79.967126","","11","0","0","0","0","0","1","0","0","1","0","0","0","","","0","","1","","40 27:41.680","3","0","79 58:01.653","0","0","0","0","2301","0","0","0","","0","0","0","2","02301","0","","1.0","","9","N","N","","0","","0","0","0","3","2","N","","2","0","0","0","0","0","0","2","0","2","","","","N","","","","","","","","","",""
"2008054323","","1","0","0","0","0","0","0","0","0","7","0","","02","4","2008","7","40.407214","-80.033943","","11","0","0","0","0","0","0","0","0","","0","0","0","","","0","","3","","40 24:25.971","","0","80 02:02.194","9","0","0","0","2301","0","0","0","N","0","0","0","1","02301","0","","2.0","","1","N","N","","0","","0","0","0","0","0","","","1","0","0","0","0","0","1","2","0","1","","","","N","","","","","","","","","",""
"2008054324","","5","0","0","0","0","0","0","0","0","4","0","","02","4","2008","6","40.426587","-79.998638","","11","0","0","0","0","0","0","0","0","","0","0","0","","","0","","0","","40 25:35.713","","0","79 59:55.096","9","0","0","0","2301","0","0","0","N","0","0","0","1","02301","0","","2.0","","9","N","N","","0","","0","0","0","0","0","","","5","0","0","0","0","0","1","2","0","5","","","","N","","","","","","","","","",""
"2008054325","","1","0","0","0","0","0","0","0","0","4","0","","02","4","2008","6","40.380606","-79.994688","","11","0","0","0","1","0","0","0","0","1","0","0","0","","","0","","0","","40 22:50.181","1","7","79 59:40.875","0","0","0","0","2301","0","0","0","N","0","0","0","3","02301","0","","1.0","","1","N","N","","0","","0","0","0","0","0","N","","2","0","0","0","0","0","0","2","1","2","","","","N","","","","","","","","","",""
"2008054326","","1","0","0","0","0","0","0","0","0","2","0","","02","4","2008","7","40.412454","-79.977065","","11","0","0","0","0","0","0","0","0","","0","0","0","","","1","","2","","40 24:44.834","","0","79 58:37.434","3","0","0","1","2301","0","0","0","N","0","0","0","2","02301","0","","1.0","","1","N","N","","0","","1","0","0","0","0","","","2","1","0","0","0","0","1","2","0","2","","","","N","","","","","","","","","",""
"2008054327","","2","0","0","0","0","0","0","0","0","5","0","","02","4","2008","7","40.407509","-79.991744","","11","0","0","0","0","0","0","0","0","","0","0","0","","","0","","0","","40 24:27.032","","7","79 59:30.278","9","0","0","0","2301","0","0","0","N","0","0","0","3","02301","0","","1.0","","1","N","N","","0","","0","0","0","0","0","","","2","0","0","0","0","0","1","2","0","2","","","","N","","","","","","","","","",""
"2008054328","","2","0","0","0","0","0","0","0","0","1","0","","02","4","2008","2","40.39469","-80.021299","","11","0","0","0","0","0","0","0","0","","0","0","0","","","0","","0","","40 23:40.884","","0","80 01:16.676","0","0","0","0","2301","0","0","0","N","0","0","0","2","02301","0","","1.0","","1","N","N","","0","","0","0","0","0","0","","","2","0","0","0","0","0","0","2","0","2","","","","N","","","","","","","","","",""
"2008054329","","3","0","0","0","0","0","0","0","0","4","0","","02","4","2008","4","40.447127","-79.988754","","11","0","1","0","1","0","0","0","0","","0","0","0","","","2","","0","","40 26:49.657","","0","79 59:19.514","4","0","0","0","2301","0","0","0","N","0","0","0","5","02301","2","","1.0","","9","N","N","","0","","0","0","1","0","0","","","4","2","0","0","0","0","0","2","0","4","","","","N","","","","","","","","","",""
"2008054330","","3","0","0","0","0","0","0","0","0","2","0","25","02","4","2008","6","40.4355","-79.973","","11","0","0","0","0","0","0","0","0","9","0","0","0","","","1","","0","","40 26:07.800","1","3","79 58:22.800","4","0","0","0","2301","0","0","0","N","0","0","0","5","02301","1","","1.0","","1","N","N","","0","","0","0","1","0","0","Y","","4","1","0","0","0","0","0","2","0","4","","","N","Y","5","1","Y","","N","","","","",""
"2008054331","","2","0","0","0","0","0","0","0","0","1","0","","02","4","2008","7","40.382005","-79.995814","","11","0","0","0","0","0","0","0","0","","0","0","0","","","0","","0","","40 22:55.219","","7","79 59:44.930","0","0","0","0","2301","0","0","0","","0","0","0","4","02301","0","","1.0","","1","N","N","","0","","0","0","0","0","0","","","2","0","0","0","0","0","0","2","0","2","","","","N","","","","","","","","","",""
"2008054332","","1","0","0","0","0","0","0","0","0","4","0","","02","4","2008","7","40.384989","-79.994969","","11","0","0","0","0","0","1","0","0","1","0","0","0","","","1","","2","","40 23:05.962","1","0","79 59:41.890","3","0","0","1","2301","0","0","0","N","0","0","0","2","02301","0","","1.0","","9","N","N","","0","","1","0","0","3","2","N","","2","1","0","0","0","0","0","2","0","2","","","","N","","","","","","","","","",""
"2008054333","","1","0","0","0","0","0","0","0","0","7","0","","02","4","2008","1","40.397103","-79.997717","","11","0","0","0","0","0","0","0","0","1","0","0","0","","","1","","0","","40 23:49.569","6","0","79 59:51.782","8","0","0","0","2301","0","0","0","N","0","0","0","1","02301","0","","2.0","","1","N","N","","0","","0","0","0","0","0","N","","1","1","1","0","0","1","0","2","0","1","","","","N","","","","","","","","","",""
"2008054334","","2","0","0","0","0","0","0","0","0","1","0","","02","4","2008","1","40.442914","-80.024909","","11","0","0","0","0","0","0","0","0","1","0","0","0","","","2","","2","","40 26:34.489","4","0","80 01:29.674","4","0","0","0","2301","0","0","0","N","0","0","0","6","02301","2","","1.0","","9","N","N","","0","","0","0","0","0","0","Y","","2","2","1","0","0","0","0","2","0","2","","","","N","","","","","","","","","",""
"2008054358","","1","0","0","0","0","0","0","0","0","8","0","","02","4","2008","6","40.531663","-80.021164","","11","0","0","0","0","0","0","0","0","1","0","0","0","","","1","","0","","40 31:53.987","2","0","80 01:16.191","8","0","0","0","2301","1","0","0","N","1","0","0","2","02301","0","","1.0","","9","N","N","","0","","0","0","0","0","0","N","","2","1","0","0","0","1","0","2","0","1","","","","N","","","","","","","","","",""
"2008054359","","2","0","0","0","0","0","0","0","0","1","0","","02","4","2008","2","40.4335","-79.9963","","11","0","0","0","0","0","0","0","0","","0","0","0","","","0","","0","","40 26:00.600","","3","79 59:46.680","0","0","0","0","2301","0","0","0","N","0","0","0","2","02301","0","","1.0","","1","N","N","","0","","0","0","0","0","0","","","2","0","0","0","0","0","0","2","0","2","","","","N","","","","","","","","","",""
"2008054360","","0","0","0","1","0","0","0","0","0","8","0","","02","4","2008","5","","","","11","0","0","0","0","0","1","0","0","","0","0","0","","","1","","0","","","","0","","4","0","0","0","2301","1","0","0","N","0","0","0","2","02301","1","","1.0","","1","N","N","","1","","0","0","0","0","0","","","2","1","0","0","0","0","0","1","0","1","","","","N","","","","","","","","","",""
"2008054361","","2","0","0","0","0","0","0","0","0","4","0","","02","4","2008","6","40.446379","-79.993054","","11","0","0","0","0","0","2","0","0","","0","0","0","","","0","","2","","40 26:46.964","","0","79 59:34.994","0","0","0","0","2301","0","0","0","N","0","0","0","2","02301","0","","1.0","","9","N","N","","0","","0","0","0","3","3","","","2","0","0","0","0","0","0","2","0","2","","","","N","","","","","","","","","",""
"2008054362","","1","0","0","0","0","0","0","0","0","1","0","","02","4","2008","4","40.429186","-79.999223","","11","0","0","0","0","0","1","0","0","","0","0","0","","","1","","2","","40 25:45.071","","0","79 59:57.204","8","0","0","0","2301","0","0","0","N","0","0","0","2","02301","0","","1.0","","1","N","N","","1","","0","0","0","2","4","","","2","1","1","0","0","1","0","2","0","2","","","","N","","","","","","","","","",""
"2008054363","","2","0","0","0","0","0","0","0","0","4","0","","02","4","2008","4","40.460202","-79.969305","","11","0","0","0","0","0","0","0","0","","0","0","0","","","0","","1","","40 27:36.727","","0","79 58:09.498","0","0","0","0","2301","0","0","0","N","0","0","0","3","02301","0","","1.0","","1","N","N","","0","","0","0","0","3","3","","","2","0","0","0","0","0","0","2","0","2","","","","N","","","","","","","","","",""
"2008054364","","1","0","0","0","0","0","0","0","0","1","0","","02","4","2008","6","40.443997","-80.002735","","11","0","0","0","0","0","1","0","0","","0","0","0","","","2","","1","","40 26:38.389","","3","80 00:09.846","8","0","0","0","2301","0","0","0","N","0","0","0","3","02301","0","","1.0","","9","N","N","","0","","0","0","1","3","2","","","2","2","0","0","0","2","1","2","0","2","","","","N","","","","","","","","","",""
"2008054366","","2","0","0","0","0","0","0","0","0","4","0","","02","4","2008","3","40.453945","-79.979862","","11","0","0","0","0","0","1","0","0","","0","0","0","","","2","","2","","40 27:14.202","","0","79 58:47.503","8","0","0","0","2301","0","0","0","N","0","0","0","2","02301","0","","1.0","","1","N","N","","0","","0","0","0","3","3","","","2","2","0","0","0","2","0","2","0","2","","","","N","","","","","","","","","",""
"2008054368","","2","0","0","0","0","0","0","0","0","1","0","","02","4","2008","6","40.438408","-79.981394","","11","0","0","0","0","0","0","0","0","","0","0","0","","","0","","2","","40 26:18.268","","0","79 58:53.018","0","0","0","0","2301","0","0","0","N","0","0","0","1","02301","0","","1.0","","9","N","N","","0","","0","0","0","0","0","","","2","0","0","0","0","0","0","2","0","2","","","","N","","","","","","","","","",""
"2008054369","","2","0","0","0","0","0","0","0","0","1","0","","02","4","2008","7","40.446401","-79.996574","","11","0","0","0","1","0","0","0","0","","0","0","0","","","0","","2","","40 26:47.043","","0","79 59:47.668","0","0","0","0","2301","0","0","0","N","0","0","0","4","02301","0","","1.0","","1","N","N","","0","","0","0","0","3","2","","","2","0","0","0","0","0","0","2","0","2","","","","N","","","","","","","","","",""
"2008054370","","2","0","0","0","0","0","0","0","0","4","0","","02","4","2008","6","40.459655","-79.92953","","11","0","0","0","0","0","1","0","0","1","0","0","0","","","0","","2","","40 27:34.758","2","0","79 55:46.307","0","0","0","0","2301","0","0","0","N","0","0","0","2","02301","0","","1.0","","9","N","N","","0","","0","0","1","3","3","N","","3","0","0","0","0","0","0","2","0","3","","","","N","","","","","","","","","",""
"2008054371","","2","0","0","0","0","0","0","0","0","4","0","","02","4","2008","6","40.442934","-79.956896","","11","0","0","0","0","0","0","0","0","","0","0","0","","","0","","0","","40 26:34.562","","0","79 57:24.825","0","0","0","0","2301","0","0","0","N","0","0","0","2","02301","0","","1.0","","9","N","N","","0","","0","0","0","0","0","","","2","0","0","0","0","0","0","2","0","2","","","","N","","","","","","","","","",""
"2008054372","","1","0","0","0","0","0","0","0","0","4","0","","02","4","2008","2","40.452271","-79.980808","","11","0","0","0","0","0","1","0","0","","0","0","0","","","0","","2","","40 27:08.175","","0","79 58:50.908","0","0","0","0","2301","0","0","0","N","0","0","0","2","02301","0","","1.0","","1","N","N","","0","","0","0","0","0","0","","","2","0","0","0","0","0","0","2","1","2","","","","N","","","","","","","","","",""
"2008054374","","0","0","0","0","0","0","0","0","0","7","0","","02","4","2008","1","40.4596","-80.0305","","11","0","0","0","0","0","0","0","0","3","0","0","0","","","1","","7","","40 27:34.560","5","2","80 01:49.800","2","0","1","1","2301","0","0","0","N","0","0","0","1","02301","0","","4.0","","1","N","N","","0","","0","1","0","0","0","N","","1","1","0","0","0","0","0","2","0","1","","","","N","","","","","","","","","",""
"2008054375","","2","0","0","0","0","0","0","0","0","4","0","","02","4","2008","5","40.487612","-80.04072","","11","0","0","0","0","0","1","0","1","2","0","0","0","","","0","","1","","40 29:15.403","3","0","80 02:26.592","0","0","0","0","2301","0","0","0","N","0","0","0","2","02301","0","","1.0","","1","N","N","","0","","0","0","0","3","3","Y","","2","0","0","0","0","0","0","2","0","2","","","","N","","","","","","","","","",""
"2008054376","","1","0","0","0","0","0","0","0","0","1","0","","02","4","2008","6","40.433306","-80.009194","","11","0","0","0","0","0","0","0","0","1","0","0","0","","","0","","0","","40 25:59.900","6","0","80 00:33.100","0","0","0","0","2301","0","0","0","N","0","0","0","3","02301","0","","1.0","","1","N","N","","0","","0","0","1","0","0","Y","","2","0","0","0","0","0","0","2","0","2","","","","N","","","","","","","","","",""
"2008054377","","1","0","0","0","0","0","0","0","0","7","0","","02","4","2008","7","40.452915","-79.885338","","11","0","0","0","0","0","0","0","0","","0","0","0","","","0","","2","","40 27:10.494","","0","79 53:07.216","0","0","0","0","2301","0","0","0","N","0","0","0","1","02301","0","","5.0","","9","N","N","","0","","0","0","0","3","3","","","1","0","0","0","0","0","0","2","0","1","","","","N","","","","","","","","","",""
"2008054378","","0","0","0","0","0","0","0","0","0","7","0","","02","4","2008","1","40.429186","-79.999223","","11","0","0","0","0","0","0","0","0","1","0","0","0","","","0","","1","","40 25:45.071","2","4","79 59:57.204","0","0","0","0","2301","0","0","0","Y","0","0","0","1","02301","0","","5.0","","1","N","N","","0","","0","0","1","3","2","Y","","1","0","0","0","0","0","0","2","0","1","","","","N","","","","","","","","","",""
"2008054379","","1","0","0","0","0","0","0","0","0","4","0","","02","4","2008","6","40.436415","-80.05244","","11","0","0","0","0","0","1","0","0","","0","0","0","","","0","","2","","40 26:11.095","","0","80 03:08.783","0","0","0","0","2301","0","0","0","N","0","0","0","2","02301","0","","1.0","","9","N","N","","0","","0","0","0","0","0","","","2","0","0","0","0","0","0","2","1","2","","","","N","","","","","","","","","",""
"2008054380","","2","0","0","0","0","0","0","0","0","4","0","","02","4","2008","6","40.45481","-79.937957","","11","0","0","0","0","0","0","0","0","9","0","0","0","","","0","","0","","40 27:17.316","1","0","79 56:16.645","0","0","0","0","2301","0","0","0","N","0","0","0","2","02301","0","","1.0","","9","N","N","","0","","0","0","0","0","0","N","","2","0","0","0","0","0","0","2","0","2","","","","N","","","","","","","","","",""
"2008054381","","2","0","0","0","0","0","0","0","0","2","0","","02","4","2008","7","40.443849","-79.920586","","11","0","0","0","0","0","1","0","0","2","0","0","0","","","1","","1","","40 26:37.856","2","0","79 55:14.111","4","0","0","0","2301","0","0","0","N","0","0","0","5","02301","1","","1.0","","1","N","N","","0","","0","0","0","3","2","N","","2","1","0","0","0","0","0","2","0","2","","","","N","","","","","","","","","",""
"2008054382","","1","0","0","0","0","0","0","0","0","4","0","","02","4","2008","2","40.4515","-79.9081","","11","0","0","0","0","0","0","0","0","2","0","0","0","","","0","","1","","40 27:05.400","4","0","79 54:29.160","9","0","0","0","2301","0","0","0","N","0","0","0","2","02301","0","","1.0","","1","N","N","","0","","0","0","0","3","2","N","","2","0","0","0","0","0","1","2","1","2","","","","N","","","","","","","","","",""
"2008054383","","1","0","0","0","0","0","0","0","0","4","0","","02","4","2008","2","40.415444","-79.924874","","11","0","0","0","0","0","0","0","0","1","0","0","0","","","0","","1","","40 24:55.598","2","0","79 55:29.546","0","0","0","0","2301","0","0","0","N","0","0","0","2","02301","0","","1.0","","1","N","N","","0","","0","0","0","3","2","N","","2","0","0","0","0","0","0","2","1","2","","","","N","","","","","","","","","",""
"2008054384","","2","0","0","0","0","0","0","0","0","4","0","","02","4","2008","7","40.45576","-80.052919","","11","0","0","0","0","0","0","0","0","2","0","0","0","","","0","","2","","40 27:20.736","1","0","80 03:10.508","0","0","0","0","2301","0","0","0","N","0","0","0","2","02301","0","","9.0","","9","N","N","","0","","0","0","0","3","3","Y","","2","0","0","0","0","0","0","2","0","2","","","","N","","","","","","","","","",""
"2008054385","","1","0","0","0","0","0","0","0","0","4","0","","02","4","2008","3","40.447956","-80.002082","","11","0","0","0","0","0","1","0","0","1","0","0","0","","","1","","1","","40 26:52.641","1","0","80 00:07.495","4","0","0","0","2301","0","0","0","N","0","0","0","4","02301","1","","1.0","","1","N","N","","1","","0","0","0","3","3","N","","2","1","1","0","0","0","0","2","0","2","","","","N","","","","","","","","","",""
"2008054386","","1","0","0","0","0","0","0","0","0","7","0","","02","4","2008","2","40.43","-80.025","","11","0","0","0","0","0","1","0","0","","0","0","0","","","0","","6","","40 25:48.000","","2","80 01:30.000","0","0","0","0","2301","0","0","0","Y","0","0","0","1","02301","0","","4.0","","1","N","N","","0","","0","0","0","0","0","","","1","0","1","0","0","0","0","2","0","1","","","","N","","","","","","","","","",""
"2008054397","","1","0","0","1","0","1","0","0","0","8","0","","02","4","2008","5","40.450592","-79.953734","","11","0","0","0","0","0","0","0","0","4","0","0","0","","","1","","0","","40 27:02.131","5","0","79 57:13.442","2","0","0","0","2301","1","0","1","N","0","0","0","2","02301","0","","1.0","","1","N","N","","0","","0","1","0","0","0","N","","2","1","1","0","0","0","0","2","0","1","","","","N","","","","","","","","","",""
"2008054419","","1","0","0","0","0","0","0","0","0","8","0","","02","4","2008","5","40.292593","-79.883322","","11","0","0","0","0","0","1","0","0","","0","0","0","","","1","","1","","40 17:33.334","","0","79 52:59.959","3","0","0","0","2302","1","0","0","N","1","0","0","2","02302","0","","1.0","","1","N","N","","0","","1","0","0","3","2","","","2","1","0","0","0","0","1","2","0","1","","","","N","","","","","","","","","",""
"2008054425","","1","0","0","0","0","0","0","0","0","4","0","","02","4","2008","1","40.363667","-79.984295","","11","0","0","0","0","0","1","0","0","","0","0","0","","","1","","0","","40 21:49.201","","0","79 59:03.461","4","0","0","0","2413","0","0","0","N","0","0","0","2","02413","1","","1.0","","1","","N","","0","","0","0","1","0","0","","","2","1","0","0","0","0","0","2","0","2","","","","N","","","","","","","","","",""
"2008054426","","1","0","0","0","0","0","0","0","0","1","0","","02","4","2008","5","40.29355","-80.032007","","11","0","0","0","0","0","1","0","0","1","0","0","0","","","1","","0","","40 17:36.779","2","0","80 01:55.226","8","0","0","0","2407","0","0","0","N","0","0","0","5","02407","0","","1.0","","1","N","N","","0","","0","0","1","0","0","N","","2","1","1","0","0","1","0","2","0","2","","","","N","","","","","","","","","",""
"2008054483","","1","0","0","0","0","0","0","0","0","1","0","","02","4","2008","2","40.280097","-79.954678","","11","0","0","0","0","0","0","0","0","","0","0","0","","","1","","1","","40 16:48.348","","0","79 57:16.841","8","0","0","0","2440","0","0","0","N","0","0","0","2","02440","0","","1.0","","1","N","N","","1","","0","0","0","2","3","","","2","1","0","0","0","1","0","2","0","2","","","","N","","","","","","","","","",""
"2008054496","","1","0","0","0","0","0","0","0","0","7","0","","02","3","2008","5","40.60728","-80.094247","","11","0","0","0","0","0","0","0","0","","0","0","0","","","0","","0","","40 36:26.207","","0","80 05:39.288","0","0","0","0","2481","0","0","0","N","0","0","0","1","68B03","0","","2.0","","1","N","N","","0","","0","0","0","0","0","","","1","0","0","0","0","0","0","2","0","1","","","","N","","","","","","","","","",""
"2008054497","","0","0","0","0","0","0","0","0","0","7","0","","02","3","2008","2","","","","11","0","0","0","0","0","0","0","0","","0","0","0","","","1","","0","","40 25:32.88","","0","79 54:08.64","3","0","0","1","2301","0","0","0","N","0","0","0","1","68B03","0","","4.0","","1","N","N","","0","","1","0","0","0","0","","","1","1","0","0","0","0","0","2","0","1","","","","N","","","","","","","","","",""
"2008054498","","1","0","0","0","0","0","0","0","0","7","0","","02","4","2008","5","","","","11","0","0","0","0","0","0","1","0","2","0","0","0","","","0","","0","","40 26:31.56","4","0","79 47:51.36","0","0","0","0","2446","0","0","0","N","0","0","0","1","68B03","0","","3.0","","1","N","N","","0","","0","0","0","0","0","N","","1","0","0","0","0","0","0","2","0","1","","","","N","","","","","","","","","",""
"2008054499","","1","0","0","0","0","0","0","0","0","7","0","","02","4","2008","7","","","","11","0","0","0","0","0","0","0","0","1","0","0","0","","","0","","0","","40 26:40.92","3","0","79 46:21.00","0","0","0","0","2446","0","0","0","N","0","0","0","1","68B03","0","","2.0","","1","N","N","","0","","0","0","0","0","0","N","","2","0","0","0","0","0","0","2","0","1","","","","N","","","","","","","","","",""
"2008054530","","0","0","0","0","0","0","0","0","0","7","0","","02","4","2008","7","40.491411","-79.890299","","11","0","0","0","0","0","1","0","0","1","0","0","0","","","1","","0","","40 29:29.079","1","0","79 53:25.075","4","0","0","0","2432","0","0","0","N","0","0","0","1","68D02","1","","4.0","","9","N","N","","0","","0","0","1","0","0","N","","1","1","0","0","0","0","0","2","0","1","","","","N","","","","","","","","","",""
"2008054593","","1","0","0","0","0","0","0","0","0","4","0","","02","4","2008","1","40.576024","-79.978798","","11","0","0","0","0","0","0","1","0","2","0","0","0","","","0","","2","","40 34:33.686","4","0","79 58:43.674","0","0","0","0","2207","0","0","0","N","0","0","0","2","02207","0","","1.0","","1","N","N","","0","","0","0","1","3","3","N","","2","0","0","0","0","0","0","1","0","2","","","","N","","","","","","","","","",""
"2008054688","","1","0","0","0","0","0","0","0","0","99","0","","02","4","2008","6","40.6216","-79.9819","","11","0","0","0","0","0","0","0","0","","0","0","0","","","0","","0","","40 37:17.760","","0","79 58:54.840","0","0","0","0","2217","0","0","0","N","0","0","0","2","68T02","0","","1.0","","1","N","N","","0","","0","0","0","0","0","","","1","0","0","0","0","0","0","1","0","1","","","","N","","","","","","","","","",""
"2008054707","","1","0","0","0","0","0","0","0","0","7","0","","02","4","2008","7","40.472358","-79.890911","","11","0","0","0","0","0","0","0","0","","0","0","0","","","0","","1","","40 28:20.488","","0","79 53:27.279","9","0","0","0","2301","0","0","0","N","0","0","0","2","02301","0","","2.0","","9","N","N","","0","","0","0","0","2","3","","","1","0","0","0","0","0","2","2","0","1","","","","N","","","","","","","","","",""
"2008054709","","1","0","0","0","0","0","0","0","0","99","0","","02","3","2008","7","40.4909","-79.8872","","11","0","0","0","0","0","0","0","0","","0","0","0","","","0","","0","","40 29:27.240","","2","79 53:13.920","9","0","0","0","2112","0","0","0","N","0","0","0","1","02112","0","","9.0","","2","N","N","","0","","0","0","0","0","0","","","1","0","0","0","0","0","1","2","0","1","","","","N","","","","","","","","","",""
"2008054710","","0","0","0","0","0","0","0","0","0","4","0","","02","3","2008","7","40.49088","-79.882105","","11","0","0","0","1","0","0","0","0","","0","0","0","","","0","","0","","40 29:27.169","","0","79 52:55.577","0","0","0","0","2112","0","0","0","N","0","0","0","5","02112","0","","1.0","","9","N","N","","0","","0","0","1","3","8","","","2","0","0","0","0","0","0","2","1","2","","","","N","","","","","","","","","",""
"2008054727","","1","0","0","0","0","0","0","0","0","1","0","","02","4","2008","6","40.368078","-80.049253","","11","0","0","0","0","0","1","0","0","","0","0","0","","","1","","2","","40 22:05.079","","0","80 02:57.312","4","0","0","0","2109","0","0","0","N","0","0","0","3","02109","1","","1.0","","9","N","N","","0","","0","0","1","0","0","","","2","1","0","0","0","0","0","2","0","2","","","","N","","","","","","","","","",""
"2008054733","","3","0","0","0","0","0","0","0","0","4","0","","02","4","2008","4","40.438722","-79.951745","","11","0","0","0","0","0","0","0","0","","0","0","0","","","0","","0","","40 26:19.399","","0","79 57:06.282","0","0","0","0","2301","0","0","0","N","0","0","0","1","02301","0","","6.0","","1","N","N","","0","","0","0","0","0","0","","","3","0","0","0","0","0","0","2","0","3","","","","N","","","","","","","","","",""
"2008054744","","0","0","0","0","0","0","0","0","0","4","0","","02","4","2008","3","40.424667","-79.859642","","11","0","0","0","0","0","0","1","0","2","0","0","0","","","4","","1","","40 25:28.800","4","0","79 51:34.711","8","0","0","0","2431","0","0","0","N","0","0","0","4","02431","0","","1.0","","1","N","N","","0","","0","0","2","3","2","N","","2","4","1","0","0","4","0","2","0","2","","","","N","","","","","","","","","",""
"2008054746","","2","0","0","0","0","0","0","0","0","8","1","","02","4","2008","4","40.465613","-79.955384","","11","0","0","0","0","0","0","0","0","","0","1","0","","","1","","0","","40 27:56.207","","7","79 57:19.381","3","0","0","0","2301","1","0","0","N","1","0","0","2","02301","0","","1.0","","1","N","N","","0","","1","0","0","0","0","","","4","1","0","0","0","0","0","2","0","3","","","","N","","","","","","","","","",""