"CRN","ARRIVAL_TM","AUTOMOBILE_COUNT","BELTED_DEATH_COUNT","BELTED_SUSP_SERIOUS_INJ_COUNT","BICYCLE_COUNT","BICYCLE_DEATH_COUNT","BICYCLE_SUSP_SERIOUS_INJ_COUNT","BUS_COUNT","CHLDPAS_DEATH_COUNT","CHLDPAS_SUSP_SERIOUS_INJ_COUNT","COLLISION_TYPE","COMM_VEH_COUNT","CONS_ZONE_SPD_LIM","COUNTY","CRASH_MONTH","CRASH_YEAR","DAY_OF_WEEK","DEC_LATITUDE","DEC_LONGITUDE","DISPATCH_TM","DISTRICT","DRIVER_COUNT_16YR","DRIVER_COUNT_17YR","DRIVER_COUNT_18YR","DRIVER_COUNT_19YR","DRIVER_COUNT_20YR","DRIVER_COUNT_50_64YR","DRIVER_COUNT_65_74YR","DRIVER_COUNT_75PLUS","EST_HRS_CLOSED","FATAL_COUNT","HEAVY_TRUCK_COUNT","HORSE_BUGGY_COUNT","HOUR_OF_DAY","ILLUMINATION","INJURY_COUNT","INTERSECTION_RELATED","INTERSECT_TYPE","LANE_CLOSED","LATITUDE","LN_CLOSE_DIR","LOCATION_TYPE","LONGITUDE","MAX_SEVERITY_LEVEL","MCYCLE_DEATH_COUNT","MCYCLE_SUSP_SERIOUS_INJ_COUNT","MOTORCYCLE_COUNT","MUNICIPALITY","NONMOTR_COUNT","NONMOTR_DEATH_COUNT","NONMOTR_SUSP_SERIOUS_INJ_COUNT","NTFY_HIWY_MAINT","PED_COUNT","PED_DEATH_COUNT","PED_SUSP_SERIOUS_INJ_COUNT","PERSON_COUNT","POLICE_AGCY","POSSIBLE_INJ_COUNT","RDWY_SURF_TYPE_CD","RELATION_TO_ROAD","ROADWAY_CLEARED","ROAD_CONDITION","SCH_BUS_IND","SCH_ZONE_IND","SECONDARY_CRASH","SMALL_TRUCK_COUNT","SPEC_JURIS_CD","SUSP_MINOR_INJ_COUNT","SUSP_SERIOUS_INJ_COUNT","SUV_COUNT","TCD_FUNC_CD","TCD_TYPE","TFC_DETOUR_IND","TIME_OF_DAY","TOTAL_UNITS","TOT_INJ_COUNT","UNBELTED_OCC_COUNT","UNB_DEATH_COUNT","UNB_SUSP_SERIOUS_INJ_COUNT","UNK_INJ_DEG_COUNT","UNK_INJ_PER_COUNT","URBAN_RURAL","VAN_COUNT","VEHICLE_COUNT","WEATHER1","WEATHER2","WORKERS_PRES","WORK_ZONE_IND","WORK_ZONE_LOC","WORK_ZONE_TYPE","WZ_CLOSE_DETOUR","WZ_FLAGGER","WZ_LAW_OFFCR_IND","WZ_LN_CLOSURE","WZ_MOVING","WZ_OTHER","WZ_SHLDER_MDN","WZ_WORKERS_INJ_KILLED"
"2008056473","","1","0","0","0","0","0","0","0","0","7","0","","02","4","2008","1","","","","11","0","0","0","0","0","0","0","0","1","0","0","0","","","0","","0","","40 25:49.44","4","0","79 52:25.68","0","0","0","0","2409","0","0","0","N","0","0","0","1","68B03","0","","3.0","","1","N","N","","0","","0","0","0","","0","N","","1","0","0","0","0","0","0","2","0","1","","","","N","","","","","","","","","",""
"2008056474","","2","0","0","0","0","0","0","0","0","5","0","","02","4","2008","2","","","","11","0","0","0","0","0","0","0","0","2","0","0","0","","","2","","0","","40 25:40.08","4","0","80 07:45.84","8","0","0","0","2102","0","0","0","N","0","0","0","5","68B03","0","","1.0","","1","N","N","","0","","0","0","0","","0","N","","2","2","0","0","0","2","0","2","0","2","","","","N","","","","","","","","","",""
"2008056475","","1","0","0","0","0","0","0","0","0","7","0","","02","4","2008","1","","","","11","0","0","0","0","0","0","0","0","2","0","0","0","","","0","","0","","40 24:55.80","1","0","80 03:36.36","0","0","0","0","2435","0","0","0","N","0","0","0","1","68B03","0","","2.0","","1","N","N","","0","","0","0","0","","0","N","","1","0","0","0","0","0","0","2","0","1","","","","N","","","","","","","","","",""
"2008056476","","2","0","0","0","0","0","0","0","0","1","0","","02","5","2008","7","40.619635","-80.09585","","11","0","0","0","0","0","0","0","0","","0","0","0","","","0","","0","","40 37:10.685","","0","80 05:45.059","0","0","0","0","2212","0","0","0","N","0","0","0","7","68B03","0","","1.0","","9","N","N","","0","","0","0","0","","0","","","2","0","0","0","0","0","0","2","0","2","","","","N","","","","","","","","","",""
"2008056487","","1","0","0","0","0","0","0","0","0","1","0","","02","3","2008","2","40.492558","-79.910384","","11","0","0","0","0","0","0","0","0","","0","0","0","","","2","","0","","40 29:33.209","","3","79 54:37.383","4","0","0","0","2112","0","0","0","N","0","0","0","7","68D02","2","","1.0","","1","N","N","","2","","0","0","0","","0","","","3","2","2","0","0","0","0","2","0","3","","","","N","","","","","","","","","",""
"2008056527","","1","0","0","0","0","0","0","0","0","7","0","","02","5","2008","1","40.390074","-80.097269","","11","0","0","1","0","0","0","0","0","","0","0","0","","","0","","0","","40 23:24.267","","0","80 05:50.167","9","0","0","0","2437","0","0","0","N","0","0","0","1","02437","0","","5.0","","1","N","N","","0","","0","0","0","","0","","","1","0","0","0","0","0","1","2","0","1","","","","N","","","","","","","","","",""
"2008056544","","1","0","0","0","0","0","0","0","0","7","0","55","02","4","2008","3","40.5529","-79.8334","","11","0","0","0","0","0","0","0","0","2","0","0","0","","","0","","0","","40 33:10.440","3","0","79 50:00.240","0","0","0","0","2208","0","0","0","N","0","0","0","1","68T02","0","","4.0","","1","N","N","","0","","0","0","0","","0","N","","1","0","0","0","0","0","0","2","0","1","","","N","Y","3","1","N","N","N","N","N","N","Y",""
"2008056562","","2","0","0","0","0","0","0","0","0","1","0","","02","5","2008","5","40.363753","-79.984147","","11","0","0","0","0","0","2","0","0","","0","0","0","","","0","","1","","40 21:49.510","","0","79 59:02.928","0","0","0","0","2413","0","0","0","N","0","0","0","4","02413","0","","1.0","","1","N","N","","2","","0","0","0","","2","","","4","0","0","0","0","0","0","2","0","4","","","","N","","","","","","","","","",""
"2008056592","","0","0","0","0","0","0","0","0","0","6","0","","02","5","2008","3","40.354581","-80.073578","","11","0","0","0","0","0","1","0","0","2","0","0","0","","","0","","1","","40 21:16.491","2","0","80 04:24.879","0","0","0","0","2123","0","0","0","N","0","0","0","3","02123","0","","1.0","","1","N","N","","0","","0","0","3","","3","N","","3","0","0","0","0","0","0","2","0","3","","","","N","","","","","","","","","",""
"2008056599","","3","0","0","0","0","0","0","0","0","1","0","","02","5","2008","4","40.546161","-79.972382","","11","0","0","0","0","0","0","2","0","1","0","0","0","","","3","","2","","40 32:46.179","2","0","79 58:20.574","3","0","0","0","2118","0","0","0","N","0","0","0","4","02118","2","","1.0","","1","N","N","","0","","1","0","0","","0","N","","3","3","0","0","0","0","0","2","0","3","","","","N","","","","","","","","","",""
"2008056601","","1","0","0","0","0","0","0","0","0","7","0","","02","5","2008","4","40.4657","-79.71709","","11","0","0","0","0","0","1","0","0","","0","0","0","","","0","","2","","40 27:56.520","","0","79 43:01.524","0","0","0","0","2466","0","0","0","N","0","0","0","1","02466","0","","2.0","","1","N","N","","0","","0","0","0","","2","","","1","0","0","0","0","0","0","2","0","1","","","","N","","","","","","","","","",""
"2008056610","","1","0","0","0","0","0","0","0","0","7","0","","02","5","2008","3","40.426853","-80.073147","","11","0","0","0","0","0","0","0","0","","0","0","0","","","0","","0","","40 25:36.670","","0","80 04:23.329","0","0","0","0","2421","0","0","0","N","0","0","0","1","02421","0","","5.0","","1","N","N","","0","","0","0","0","","0","","","1","0","0","0","0","0","0","2","0","1","","","","N","","","","","","","","","",""
"2008056618","","2","0","0","0","0","0","0","0","0","5","0","","02","5","2008","3","40.366661","-80.048796","","11","1","0","0","0","0","1","0","0","2","0","0","0","","","0","","5","","40 21:59.978","3","0","80 02:55.664","0","0","0","0","2109","0","0","0","N","0","0","0","3","02109","0","","1.0","","1","N","N","","0","","0","0","0","","2","N","","2","0","0","0","0","0","0","2","0","2","","","","N","","","","","","","","","",""
"2008056620","","1","0","0","0","0","0","0","0","0","1","0","","02","5","2008","4","40.430757","-80.134568","","11","0","0","0","0","0","1","0","0","2","0","0","0","","","3","","2","","40 25:50.725","4","0","80 08:04.444","3","0","0","0","2115","0","0","0","N","0","0","0","3","02115","1","","1.0","","1","N","N","","1","","2","0","0","","0","N","","2","3","0","0","0","0","0","2","0","2","","","","N","","","","","","","","","",""
"2008056622","","2","0","0","0","0","0","0","0","0","1","0","","02","4","2008","3","40.445737","-80.151329","","11","0","0","0","0","0","1","0","0","2","0","0","0","","","4","","2","","40 26:44.653","4","0","80 09:04.785","3","0","0","0","2115","0","0","0","N","0","0","0","4","02115","3","","1.0","","1","N","N","","1","","1","0","0","","0","N","","3","4","0","0","0","0","0","2","0","3","","","","N","","","","","","","","","",""
"2008056623","","2","0","0","0","0","0","0","0","0","1","0","","02","5","2008","2","40.504126","-80.222626","","11","0","0","0","0","0","0","0","0","1","0","0","0","","","0","","0","","40 30:14.852","5","0","80 13:21.455","0","0","0","0","2213","0","0","0","N","0","0","0","2","02213","0","","1.0","","1","N","N","","0","","0","0","0","","0","N","","2","0","0","0","0","0","0","2","0","2","","","","N","","","","","","","","","",""
"2008056624","","1","0","0","0","0","0","0","0","0","1","0","","02","5","2008","6","40.290711","-80.028511","","11","0","0","0","0","0","0","0","0","","0","0","0","","","1","","0","","40 17:26.561","","0","80 01:42.638","4","0","0","0","2407","0","0","0","N","0","0","0","2","02407","1","","1.0","","1","N","N","","0","","0","0","1","","0","","","2","1","0","0","0","0","0","2","0","2","","","","N","","","","","","","","","",""
"2008056662","","2","0","0","0","0","0","0","0","0","1","0","","02","5","2008","3","40.445428","-80.174531","","11","0","0","0","0","0","0","0","0","","0","0","0","","","1","","0","","40 26:43.542","","0","80 10:28.311","4","0","0","0","2214","0","0","0","N","0","0","0","3","68B03","1","","1.0","","1","N","N","","0","","0","0","0","","0","","","2","1","0","0","0","0","0","2","0","2","","","","N","","","","","","","","","",""
"2008056734","","1","0","0","0","0","0","0","0","0","7","0","","02","5","2008","4","40.391973","-80.068858","","11","0","0","0","0","0","0","0","0","","0","0","0","","","0","","0","","40 23:31.103","","0","80 04:07.887","0","0","0","0","2117","0","0","0","N","0","0","0","1","02117","0","","5.0","","1","N","N","","0","","0","0","0","","0","","","1","0","0","0","0","0","0","2","0","1","","","","N","","","","","","","","","",""
"2008056804","","2","0","0","0","0","0","0","0","0","2","0","","02","4","2008","4","40.397669","-79.769328","","11","0","1","0","0","0","0","0","0","1","0","0","0","","","2","","1","","40 23:51.607","6","0","79 46:09.580","3","0","0","0","2446","0","0","0","N","0","0","0","3","02446","1","","1.0","","1","N","N","","0","","1","0","0","","2","N","","2","2","1","0","0","0","0","2","0","2","","","","N","","","","","","","","","",""
"2008056823","","0","0","0","0","0","0","0","0","0","7","0","","02","5","2008","7","40.6334","-80.0595","","11","0","0","0","0","0","0","1","0","","0","0","0","","","0","","1","","40 38:00.240","","0","80 03:34.200","0","0","0","0","2216","0","0","0","N","0","0","0","3","02505","0","","4.0","","1","N","N","","0","","0","0","0","","2","","","1","0","0","0","0","0","0","2","1","1","","","","N","","","","","","","","","",""
"2008056839","","3","0","0","0","0","0","0","0","0","1","0","","02","4","2008","4","40.427381","-79.704513","","11","0","0","0","0","0","1","1","0","","0","0","0","","","1","","0","","40 25:38.571","","0","79 42:16.245","8","0","0","0","2446","0","0","0","N","0","0","0","3","02446","0","","1.0","","1","N","N","","0","","0","0","0","","0","","","3","1","0","0","0","1","0","2","0","3","","","","N","","","","","","","","","",""
"2008056840","","1","0","0","0","0","0","0","0","0","7","0","","02","5","2008","1","40.3347","-79.78","","11","0","1","0","0","0","0","0","0","3","0","0","0","","","1","","0","","40 20:04.920","5","0","79 46:48.000","4","0","0","0","2477","0","0","0","N","0","0","0","1","02477","1","","5.0","","1","N","N","","0","","0","0","0","","0","Y","","1","1","0","0","0","0","0","2","0","1","","","","N","","","","","","","","","",""
"2008056842","","2","0","0","0","0","0","0","0","0","1","0","","02","5","2008","5","40.502315","-79.9452","","11","0","0","0","0","0","1","0","0","","0","0","0","","","2","","1","","40 30:08.334","","0","79 56:42.721","4","0","0","0","2430","0","0","0","N","0","0","0","3","02430","2","","1.0","","9","N","N","","0","","0","0","0","","2","","","2","2","0","0","0","0","0","2","0","2","","","","N","","","","","","","","","",""
"2008056849","","1","0","0","0","0","0","0","0","0","1","0","","02","5","2008","4","40.408249","-80.05038","","11","0","0","0","0","0","0","0","0","","0","0","0","","","0","","0","","40 24:29.698","","0","80 03:01.367","0","0","0","0","2435","0","0","0","N","0","0","0","2","02435","0","","1.0","","1","N","N","","0","","0","0","1","","0","","","2","0","0","0","0","0","0","2","0","2","","","","N","","","","","","","","","",""
"2008056850","","2","0","0","0","0","0","0","0","0","4","0","","02","5","2008","4","40.516357","-79.785962","","11","0","1","0","0","0","1","0","0","","0","0","0","","","0","","0","","40 30:58.885","","7","79 47:09.463","0","0","0","0","2466","0","0","0","N","0","0","0","2","02466","0","","1.0","","1","N","N","","0","","0","0","0","","0","","","2","0","0","0","0","0","0","2","0","2","","","","N","","","","","","","","","",""
"2008056853","","1","0","0","0","0","0","0","0","0","4","0","","02","5","2008","4","40.3982","-79.7685","","11","0","0","0","0","0","1","0","0","","0","0","0","","","0","","0","","40 23:53.520","","0","79 46:06.600","0","0","0","0","2446","0","0","0","N","0","0","0","2","02446","0","","1.0","","1","N","N","","0","","0","0","1","","0","","","2","0","0","0","0","0","0","2","0","2","","","","N","","","","","","","","","",""
"2008056854","","3","0","0","0","0","0","0","0","0","1","0","","02","5","2008","4","40.3656","-80.043","","11","0","1","0","0","0","1","0","0","","0","0","0","","","1","","0","","40 21:56.160","","0","80 02:34.800","4","0","0","0","2109","0","0","0","N","0","0","0","6","02109","1","","1.0","","1","N","N","","0","","0","0","0","","0","","","3","1","1","0","0","0","0","2","0","3","","","","N","","","","","","","","","",""
"2008056857","","1","0","0","0","0","0","0","0","0","2","0","","02","5","2008","5","40.323117","-79.956552","","11","0","0","1","0","0","0","0","0","1","0","0","0","","","2","","2","","40 19:23.221","2","0","79 57:23.587","3","0","0","0","2454","0","0","0","N","0","0","0","2","02454","1","","1.0","","9","N","N","","1","","1","0","0","","3","Y","","2","2","0","0","0","0","0","2","0","2","","","","N","","","","","","","","","",""
"2008056866","","1","0","0","0","0","0","0","0","0","7","0","","02","5","2008","4","40.369387","-79.815533","","11","0","0","0","0","0","0","0","0","","0","0","0","","","3","","3","","40 22:09.792","","0","79 48:55.917","4","0","0","0","2111","0","0","0","N","0","0","0","3","02111","2","","4.0","","1","N","N","","0","","0","0","0","","0","","","2","3","0","0","0","1","0","2","0","1","","","","N","","","","","","","","","",""
"2008056868","","2","0","0","0","0","0","0","0","0","4","0","","02","5","2008","4","40.397669","-79.769328","","11","0","0","0","0","0","0","0","1","2","0","0","0","","","3","","1","","40 23:51.607","3","0","79 46:09.580","8","0","0","0","2446","0","0","0","N","0","0","0","3","02446","0","","1.0","","9","N","N","","0","","0","0","0","","2","N","","2","3","0","0","0","3","0","2","0","2","","","","N","","","","","","","","","",""
"2008056887","","2","0","0","0","0","0","0","0","0","4","0","","02","5","2008","5","40.44918","-79.762248","","11","0","0","0","0","0","0","0","0","","0","0","0","","","0","","1","","40 26:57.047","","0","79 45:44.091","0","0","0","0","2446","0","0","0","N","0","0","0","3","02446","0","","1.0","","9","N","N","","0","","0","0","0","","3","","","2","0","0","0","0","0","0","2","0","2","","","","N","","","","","","","","","",""
"2008056889","","2","0","0","0","0","0","0","0","0","4","0","","02","5","2008","5","40.439817","-80.077719","","11","0","0","0","0","0","1","0","0","","0","0","0","","","0","","2","","40 26:23.341","","0","80 04:39.788","0","0","0","0","2421","0","0","0","N","0","0","0","2","02421","0","","1.0","","9","N","N","","0","","0","0","0","","0","","","2","0","0","0","0","0","0","2","0","2","","","","N","","","","","","","","","",""
"2008056890","","1","0","0","0","0","0","0","0","0","1","0","","02","5","2008","4","40.482887","-80.199943","","11","0","0","0","0","0","2","0","0","1","0","0","0","","","0","","1","","40 28:58.392","1","0","80 11:59.795","0","0","0","0","2213","0","0","0","N","0","0","0","2","02213","0","","1.0","","9","N","N","","0","","0","0","1","","3","Y","","2","0","0","0","0","0","0","2","0","2","","","","N","","","","","","","","","",""
"2008056949","","1","0","0","0","0","0","0","0","0","7","0","","02","4","2008","7","40.578751","-79.785051","","11","0","0","0","0","0","0","1","0","","0","0","0","","","1","","0","","40 34:43.503","","0","79 47:06.185","4","0","0","0","2104","0","0","0","N","0","0","0","1","68D02","1","","4.0","","9","N","N","","0","","0","0","0","","0","","","1","1","0","0","0","0","0","2","0","1","","","","N","","","","","","","","","",""
"2008057013","","1","0","0","0","0","0","0","0","0","4","0","","02","5","2008","5","40.381538","-80.049416","","11","0","0","0","0","0","1","0","0","","0","0","0","","","1","","1","","40 22:53.536","","0","80 02:57.897","8","0","0","0","2109","0","0","0","N","0","0","0","3","02109","0","","1.0","","1","N","N","","0","","0","0","1","","3","","","2","1","0","0","0","1","0","2","0","2","","","","N","","","","","","","","","",""
"2008057019","","2","0","0","0","0","0","0","0","0","1","0","","02","5","2008","4","40.5528","-80.1067","","11","0","1","1","0","0","0","0","0","1","0","0","0","","","2","","0","","40 33:10.080","3","0","80 06:24.120","8","0","0","0","2215","0","0","0","N","0","0","0","5","02215","0","","1.0","","9","N","N","","1","","0","0","0","","0","Y","","3","2","1","0","0","2","0","2","0","3","","","","N","","","","","","","","","",""
"2008057020","","0","0","0","1","0","0","0","0","0","8","0","","02","5","2008","4","40.595704","-80.009877","","11","0","0","0","0","0","0","0","0","","0","0","0","","","1","","0","","40 35:44.534","","0","80 00:35.556","3","0","0","0","2108","1","0","0","N","0","0","0","3","02501","0","","1.0","","1","N","N","","0","","1","0","1","","0","","","2","1","0","0","0","0","0","1","0","1","","","","N","","","","","","","","","",""
"2008057030","","1","0","0","0","0","0","0","0","0","7","0","","02","5","2008","5","40.6631","-80.0041","","11","0","0","0","0","0","0","0","0","","0","0","0","","","0","","0","","40 39:47.160","","0","80 00:14.760","0","0","0","0","2216","0","0","0","N","0","0","0","1","02505","0","","2.0","","1","N","N","","0","","0","0","0","","0","","","1","0","0","0","0","0","0","2","0","1","","","","N","","","","","","","","","",""
"2008057060","","2","0","0","0","0","0","0","0","0","1","0","","02","4","2008","5","40.467251","-79.927167","","11","0","0","0","0","0","0","0","1","2","0","0","0","","","1","","0","","40 28:02.103","3","0","79 55:37.801","8","0","0","0","2301","0","0","0","","0","0","0","4","02301","0","","1.0","","1","","N","","0","","0","0","0","","0","N","","2","1","0","0","0","1","0","2","0","2","","","","N","","","","","","","","","",""
"2008057061","","2","0","0","0","0","0","1","0","0","4","1","","02","4","2008","6","40.449472","-80.002558","","11","0","0","0","0","0","2","0","0","1","0","0","0","","","1","","1","","40 26:58.099","4","0","80 00:09.210","8","0","0","0","2301","0","0","0","N","0","0","0","5","02301","0","","1.0","","9","N","N","","0","","0","0","0","","2","N","","3","1","0","0","0","1","0","2","0","3","","","","N","","","","","","","","","",""
"2008057062","","0","0","0","0","0","0","0","0","0","7","0","","02","4","2008","7","40.457084","-80.025654","","11","0","0","0","0","0","0","0","0","","0","0","0","","","1","","2","","40 27:25.502","","0","80 01:32.355","3","0","0","0","2301","0","0","0","N","0","0","0","2","02301","0","","9.0","","1","N","N","","0","","1","0","0","","0","","","1","1","0","0","0","0","1","2","0","1","","","","N","","","","","","","","","",""
"2008057110","","2","0","0","0","0","0","0","0","0","4","0","","02","5","2008","7","40.4345","-79.7926","","11","0","0","1","0","0","0","0","0","","0","0","0","","","0","","0","","40 26:04.200","","0","79 47:33.360","0","0","0","0","2446","0","0","0","N","0","0","0","2","02446","0","","1.0","","9","N","N","","0","","0","0","0","","0","","","2","0","0","0","0","0","0","2","0","2","","","","N","","","","","","","","","",""
"2008057134","","0","0","0","0","0","0","0","0","0","0","0","","02","4","2008","6","40.29085","-79.834846","","11","0","0","0","0","0","1","0","0","","0","0","0","","","1","","0","","40 17:27.061","","0","79 50:05.446","8","0","0","0","2443","0","0","0","N","0","0","0","1","02443","0","","3.0","","1","N","N","","0","","0","0","1","","0","","","1","1","0","0","0","1","0","2","0","1","","","","N","","","","","","","","","",""
"2008057144","","2","0","0","0","0","0","0","0","0","4","0","","02","4","2008","5","40.454368","-79.947673","","11","0","0","0","0","0","1","1","0","","0","0","0","","","0","","1","","40 27:15.725","","0","79 56:51.621","0","0","0","0","2301","0","0","0","N","0","0","0","4","02301","0","","1.0","","1","N","N","","0","","0","0","0","","2","","","3","0","0","0","0","0","0","2","1","3","","","","N","","","","","","","","","",""
"2008057153","","1","0","0","0","0","0","0","0","0","2","0","","02","4","2008","3","40.416081","-80.029867","","11","0","0","0","0","0","0","0","0","","0","0","0","","","0","","0","","40 24:57.892","","0","80 01:47.520","0","0","0","0","2301","0","0","0","N","0","0","0","2","02301","0","","1.0","","1","N","N","","1","","0","0","0","","0","","","2","0","0","0","0","0","0","2","0","2","","","","N","","","","","","","","","",""
"2008057177","","2","0","0","0","0","0","0","0","0","4","0","","02","5","2008","4","40.437428","-79.770428","","11","0","0","0","0","0","0","0","0","1","0","0","0","","","1","","0","","40 26:14.739","1","0","79 46:13.540","3","0","0","0","2446","0","0","0","N","0","0","0","3","02446","0","","1.0","","1","N","N","","0","","1","0","0","","3","N","","2","1","3","0","0","0","0","2","0","2","","","","N","","","","","","","","","",""
"2008057216","","1","0","0","0","0","0","0","0","0","2","0","","02","4","2008","6","40.455122","-80.008622","","11","0","0","0","0","0","1","0","0","","0","0","0","","","1","","1","","40 27:18.439","","0","80 00:31.039","8","0","0","0","2301","0","0","0","N","0","0","0","2","02301","0","","1.0","","1","N","N","","0","","0","0","1","","2","","","2","1","0","0","0","1","0","2","0","2","","","","N","","","","","","","","","",""
"2008057233","","2","0","0","0","0","0","0","0","0","1","0","","02","5","2008","1","40.2766","-79.8779","","11","0","0","0","2","1","0","0","0","","0","0","0","","","1","","2","","40 16:35.760","","0","79 52:40.440","4","0","0","1","2105","0","0","0","N","0","0","0","3","02105","1","","1.0","","1","N","N","","0","","0","0","0","","0","","","3","1","1","0","0","0","0","2","0","3","","","","N","","","","","","","","","",""
"2008057254","","2","0","0","0","0","0","0","0","0","4","0","","02","5","2008","5","40.4386","-79.7707","","11","0","1","0","0","0","0","0","0","","0","0","0","","","1","","0","","40 26:18.960","","0","79 46:14.520","4","0","0","0","2446","0","0","0","N","0","0","0","2","02446","1","","1.0","","9","N","N","","0","","0","0","0","","0","","","2","1","1","0","0","0","0","2","0","2","","","","N","","","","","","","","","",""
"2008057272","","1","0","0","0","0","0","0","0","0","4","0","","02","4","2008","7","40.442292","-79.995531","","11","0","0","0","0","0","0","0","0","","0","0","0","","","0","","0","","40 26:32.250","","7","79 59:43.910","0","0","0","0","2301","0","0","0","N","0","0","0","3","02301","0","","1.0","","1","N","N","","0","","0","0","1","","3","","","2","0","0","0","0","0","0","2","0","2","","","","N","","","","","","","","","",""
"2008057375","","2","0","0","0","0","0","0","0","0","4","0","","02","4","2008","6","40.449819","-79.929656","","11","0","0","0","0","0","0","0","0","","0","0","0","","","0","","1","","40 26:59.348","","0","79 55:46.761","0","0","0","0","2301","0","0","0","N","0","0","0","2","02301","0","","1.0","","1","N","N","","0","","0","0","0","","2","","","2","0","0","0","0","0","0","2","0","2","","","","N","","","","","","","","","",""
"2008057376","","0","0","0","0","0","0","0","0","0","8","0","","02","4","2008","6","40.453578","-79.946407","","11","0","0","0","0","0","0","0","0","","0","0","0","","","1","","2","","40 27:12.880","","0","79 56:47.065","8","0","0","0","2301","1","0","0","N","1","0","0","2","02301","0","","1.0","","1","N","N","","0","","0","0","0","","0","","","2","1","0","0","0","1","1","2","1","1","","","","N","","","","","","","","","",""
"2008057377","","2","0","0","0","0","0","0","0","0","4","0","","02","4","2008","1","40.45637","-79.998628","","11","0","0","0","0","1","0","0","0","1","0","0","0","","","0","","1","","40 27:22.933","2","0","79 59:55.061","0","0","0","0","2301","0","0","0","N","0","0","0","3","02301","0","","1.0","","9","N","N","","0","","0","0","0","","2","N","","2","0","0","0","0","0","0","2","0","2","","","","N","","","","","","","","","",""
"2008057410","","1","0","0","0","0","0","0","0","0","7","0","","02","4","2008","1","40.424758","-79.973414","","11","0","0","0","0","1","0","0","0","1","0","0","0","","","0","","2","","40 25:29.128","4","0","79 58:24.290","0","0","0","0","2301","0","0","0","N","0","0","0","2","02301","0","","5.0","","1","N","N","","0","","0","0","0","","3","N","","1","0","0","0","0","0","0","2","0","1","","","","N","","","","","","","","","",""
"2008057411","","0","0","0","0","0","0","0","0","0","4","0","","02","4","2008","7","40.461446","-79.9708","","11","0","0","1","0","0","0","0","0","","0","0","0","","","0","","1","","40 27:41.205","","0","79 58:14.880","0","0","0","0","2301","0","0","0","N","0","0","0","6","02301","0","","1.0","","1","N","N","","1","","0","0","0","","3","","","2","0","0","0","0","0","0","2","1","2","","","","N","","","","","","","","","",""
"2008057413","","2","0","0","0","0","0","0","0","0","5","0","","02","4","2008","1","40.395481","-80.033539","","11","0","0","0","0","0","0","0","0","","0","0","0","","","1","","2","","40 23:43.732","","0","80 02:00.742","4","0","0","0","2301","0","0","0","N","0","0","0","2","02301","1","","1.0","","1","N","N","","0","","0","0","0","","0","","","2","1","0","0","0","0","0","2","0","2","","","","N","","","","","","","","","",""
"2008057414","","6","0","0","0","0","0","0","0","0","7","0","","02","5","2008","5","40.3518","-79.9773","","11","0","0","0","0","0","0","0","0","2","0","0","0","","","1","","0","","40 21:06.480","2","0","79 58:38.280","3","0","0","0","2476","0","0","0","N","0","0","0","1","02476","0","","5.0","","9","N","N","","0","","1","0","0","","0","N","","6","1","0","0","0","0","0","2","0","6","","","","N","","","","","","","","","",""
"2008057415","","2","0","0","0","0","0","0","0","0","4","0","","02","4","2008","3","40.449819","-79.929656","","11","0","0","0","0","0","0","1","1","2","0","0","0","","","0","","1","","40 26:59.348","1","0","79 55:46.761","9","0","0","0","2301","0","0","0","N","0","0","0","2","02301","0","","1.0","","1","N","N","","0","","0","0","0","","2","N","","2","0","0","0","0","0","1","2","0","2","","","","N","","","","","","","","","",""
"2008057416","","2","0","0","0","0","0","0","0","0","4","0","","02","4","2008","1","40.4323","-80.0042","","11","0","0","0","0","0","0","0","0","","0","0","0","","","2","","0","","40 25:56.280","","0","80 00:15.120","4","0","0","0","2301","0","0","0","N","0","0","0","4","02301","2","","1.0","","9","N","N","","0","","0","0","0","","0","","","2","2","0","0","0","0","0","2","0","2","","","","N","","","","","","","","","",""
"2008057422","","1","0","0","0","0","0","0","0","0","8","0","","02","4","2008","1","40.454056","-80.061212","","11","0","0","0","0","0","0","0","0","1","0","0","0","","","1","","1","","40 27:14.601","7","0","80 03:40.363","8","0","0","0","2301","1","0","0","N","1","0","0","2","02301","0","","1.0","","1","N","N","","0","","0","0","0","","3","Y","","2","1","0","0","0","1","0","2","0","1","","","","N","","","","","","","","","",""
"2008057423","","2","0","0","0","0","0","0","0","0","6","0","","02","4","2008","6","40.455034","-79.890397","","11","0","0","0","0","0","1","0","0","","0","0","0","","","1","","1","","40 27:18.124","","0","79 53:25.430","4","0","0","0","2301","0","0","0","N","0","0","0","2","02301","1","","1.0","","1","N","N","","0","","0","0","0","","2","","","2","1","0","0","0","0","0","2","0","2","","","","N","","","","","","","","","",""
"2008057424","","2","0","0","0","0","0","0","0","0","6","0","","02","4","2008","7","40.374776","-80.005415","","11","0","0","0","0","0","0","0","0","","0","0","0","","","0","","0","","40 22:29.193","","0","80 00:19.493","0","0","0","0","2301","0","0","0","N","0","0","0","2","02301","0","","1.0","","1","N","N","","0","","0","0","0","","0","","","2","0","1","0","0","0","0","2","0","2","","","","N","","","","","","","","","",""
"2008057425","","2","0","0","0","0","0","0","0","0","4","0","","02","4","2008","7","","","","11","0","0","0","1","0","0","0","0","","0","0","0","","","0","","1","","","","0","","0","0","0","0","2301","0","0","0","N","0","0","0","3","02301","0","","1.0","","1","N","N","","0","","0","0","0","","3","","","2","0","0","0","0","0","0","1","0","2","","","","N","","","","","","","","","",""