"CRN","ARRIVAL_TM","AUTOMOBILE_COUNT","BELTED_DEATH_COUNT","BELTED_SUSP_SERIOUS_INJ_COUNT","BICYCLE_COUNT","BICYCLE_DEATH_COUNT","BICYCLE_SUSP_SERIOUS_INJ_COUNT","BUS_COUNT","CHLDPAS_DEATH_COUNT","CHLDPAS_SUSP_SERIOUS_INJ_COUNT","COLLISION_TYPE","COMM_VEH_COUNT","CONS_ZONE_SPD_LIM","COUNTY","CRASH_MONTH","CRASH_YEAR","DAY_OF_WEEK","DEC_LATITUDE","DEC_LONGITUDE","DISPATCH_TM","DISTRICT","DRIVER_COUNT_16YR","DRIVER_COUNT_17YR","DRIVER_COUNT_18YR","DRIVER_COUNT_19YR","DRIVER_COUNT_20YR","DRIVER_COUNT_50_64YR","DRIVER_COUNT_65_74YR","DRIVER_COUNT_75PLUS","EST_HRS_CLOSED","FATAL_COUNT","HEAVY_TRUCK_COUNT","HORSE_BUGGY_COUNT","HOUR_OF_DAY","ILLUMINATION","INJURY_COUNT","INTERSECTION_RELATED","INTERSECT_TYPE","LANE_CLOSED","LATITUDE","LN_CLOSE_DIR","LOCATION_TYPE","LONGITUDE","MAX_SEVERITY_LEVEL","MCYCLE_DEATH_COUNT","MCYCLE_SUSP_SERIOUS_INJ_COUNT","MOTORCYCLE_COUNT","MUNICIPALITY","NONMOTR_COUNT","NONMOTR_DEATH_COUNT","NONMOTR_SUSP_SERIOUS_INJ_COUNT","NTFY_HIWY_MAINT","PED_COUNT","PED_DEATH_COUNT","PED_SUSP_SERIOUS_INJ_COUNT","PERSON_COUNT","POLICE_AGCY","POSSIBLE_INJ_COUNT","RDWY_SURF_TYPE_CD","RELATION_TO_ROAD","ROADWAY_CLEARED","ROAD_CONDITION","SCH_BUS_IND","SCH_ZONE_IND","SECONDARY_CRASH","SMALL_TRUCK_COUNT","SPEC_JURIS_CD","SUSP_MINOR_INJ_COUNT","SUSP_SERIOUS_INJ_COUNT","SUV_COUNT","TCD_FUNC_CD","TCD_TYPE","TFC_DETOUR_IND","TIME_OF_DAY","TOTAL_UNITS","TOT_INJ_COUNT","UNBELTED_OCC_COUNT","UNB_DEATH_COUNT","UNB_SUSP_SERIOUS_INJ_COUNT","UNK_INJ_DEG_COUNT","UNK_INJ_PER_COUNT","URBAN_RURAL","VAN_COUNT","VEHICLE_COUNT","WEATHER1","WEATHER2","WORKERS_PRES","WORK_ZONE_IND","WORK_ZONE_LOC","WORK_ZONE_TYPE","WZ_CLOSE_DETOUR","WZ_FLAGGER","WZ_LAW_OFFCR_IND","WZ_LN_CLOSURE","WZ_MOVING","WZ_OTHER","WZ_SHLDER_MDN","WZ_WORKERS_INJ_KILLED"
"2008057426","","1","0","0","0","0","0","0","0","0","8","0","","02","4","2008","7","40.456556","-80.062297","","11","0","0","0","0","0","0","0","1","","0","0","0","","","1","","1","","40 27:23.601","","0","80 03:44.269","4","0","0","0","2301","1","0","0","N","1","0","0","4","02301","1","","1.0","","1","N","N","","0","","0","0","0","","0","","","2","1","0","0","0","0","0","2","0","1","","","","N","","","","","","","","","",""
"2008057427","","2","0","0","0","0","0","0","0","0","4","0","","02","4","2008","1","40.448748","-79.950113","","11","0","0","0","0","0","0","0","1","1","0","0","0","","","0","","0","","40 26:55.492","1","0","79 57:00.406","0","0","0","0","2301","0","0","0","N","0","0","0","1","02301","0","","6.0","","1","N","N","","0","","0","0","0","","0","N","","2","0","0","0","0","0","0","2","0","2","","","","N","","","","","","","","","",""
"2008057429","","2","0","0","0","0","0","0","0","0","1","0","","02","4","2008","6","40.445654","-79.991164","","11","0","0","0","0","0","0","0","0","","0","0","0","","","2","","0","","40 26:44.354","","7","79 59:28.190","4","0","0","0","2301","0","0","0","N","0","0","0","5","02301","2","","1.0","","1","N","N","","0","","0","0","0","","0","","","2","2","0","0","0","0","0","2","0","2","","","","N","","","","","","","","","",""
"2008057430","","2","0","0","0","0","0","0","0","0","4","0","","02","4","2008","5","40.421025","-80.001281","","11","0","0","0","0","0","0","0","0","","0","0","0","","","0","","0","","40 25:15.690","","0","80 00:04.610","0","0","0","0","2301","0","0","0","N","0","0","0","1","02301","0","","6.0","","1","N","N","","0","","0","0","0","","0","","","2","0","0","0","0","0","0","2","0","2","","","","N","","","","","","","","","",""
"2008057431","","2","0","0","0","0","0","0","0","0","6","0","","02","4","2008","1","40.4287","-79.9805","","11","0","0","0","0","0","0","0","0","","0","0","0","","","0","","1","","40 25:43.320","","0","79 58:49.800","0","0","0","0","2301","0","0","0","N","0","0","0","2","02301","0","","1.0","","1","N","N","","0","","0","0","0","","2","","","2","0","0","0","0","0","0","2","0","2","","","","N","","","","","","","","","",""
"2008057432","","2","0","0","0","0","0","0","0","0","1","0","","02","4","2008","5","40.376891","-79.875523","","11","0","0","0","0","0","1","0","0","","0","0","0","","","1","","2","","40 22:36.807","","0","79 52:31.882","4","0","0","0","2473","0","0","0","N","0","0","0","2","02473","1","","1.0","","1","N","N","","0","","0","0","0","","3","","","2","1","0","0","0","0","0","2","0","2","","","","N","","","","","","","","","",""
"2008057433","","0","0","0","0","0","0","0","0","0","0","1","","02","4","2008","3","40.325823","-79.910873","","11","0","0","0","0","0","0","0","0","2","0","1","0","","","0","","0","","40 19:32.963","5","0","79 54:39.142","0","0","0","0","2473","0","0","0","N","0","0","0","1","02473","0","","1.0","","1","N","N","","0","","0","0","0","","0","Y","","1","0","0","0","0","0","0","2","0","1","","","","N","","","","","","","","","",""
"2008057434","","1","0","0","0","0","0","0","0","0","4","0","","02","4","2008","5","","","","11","0","0","0","0","0","1","0","0","","0","0","0","","","1","","2","","","","0","","4","0","0","0","2473","0","0","0","N","0","0","0","2","02473","1","","1.0","","1","N","N","","0","","0","0","1","","3","","","2","1","0","0","0","0","0","1","0","2","","","","N","","","","","","","","","",""
"2008057435","","0","0","0","0","0","0","0","0","0","4","0","","02","4","2008","7","40.3488","-79.9402","","11","0","0","0","0","0","2","0","0","2","0","0","0","","","5","","0","","40 20:55.680","2","0","79 56:24.720","4","0","0","0","2473","0","0","0","N","0","0","0","5","02473","5","","1.0","","1","N","N","","0","","0","0","2","","0","N","","2","5","0","0","0","0","0","2","0","2","","","","N","","","","","","","","","",""
"2008057439","","0","0","0","0","0","0","0","0","0","1","0","","02","5","2008","6","40.484182","-79.819301","","11","0","0","0","0","0","1","0","0","","0","0","0","","","1","","1","","40 29:03.056","","0","79 49:09.482","4","0","0","0","2113","0","0","0","N","0","0","0","2","02113","1","","1.0","","9","N","N","","1","","0","0","1","","2","","","2","1","0","0","0","0","0","2","0","2","","","","N","","","","","","","","","",""
"2008057447","","2","0","0","0","0","0","0","0","0","4","0","","02","5","2008","5","40.425325","-79.754431","","11","0","0","0","0","0","0","0","0","2","0","0","0","","","3","","2","","40 25:31.169","1","0","79 45:15.951","8","0","0","0","2446","0","0","0","N","0","0","0","3","02446","0","","1.0","","9","N","N","","0","","0","0","0","","0","Y","","2","3","1","0","0","3","0","2","0","2","","","","N","","","","","","","","","",""
"2008057450","","2","0","0","0","0","0","0","0","0","4","0","","02","5","2008","6","40.504179","-79.970472","","11","0","0","0","0","0","0","0","0","1","0","0","0","","","0","","2","","40 30:15.044","1","0","79 58:13.699","0","0","0","0","2118","0","0","0","N","0","0","0","3","02118","0","","1.0","","9","N","N","","0","","0","0","0","","3","N","","2","0","0","0","0","0","0","2","0","2","","","","N","","","","","","","","","",""
"2008057452","","0","0","0","0","0","0","0","0","0","4","0","","02","5","2008","6","40.469384","-79.795663","","11","0","0","0","0","0","1","0","0","","0","0","0","","","0","","2","","40 28:09.782","","0","79 47:44.386","0","0","0","0","2113","0","0","0","N","0","0","0","2","02113","0","","1.0","","9","N","N","","0","","0","0","2","","3","","","2","0","0","0","0","0","0","2","0","2","","","","N","","","","","","","","","",""
"2008057453","","2","0","0","0","0","0","0","0","0","1","0","","02","5","2008","5","40.426319","-79.889673","","11","0","0","0","0","0","0","0","1","1","0","0","0","","","1","","0","","40 25:34.748","5","7","79 53:22.822","4","0","0","0","2426","0","0","0","N","0","0","0","2","02426","1","","1.0","","9","N","N","","0","","0","0","0","","3","N","","2","1","0","0","0","0","1","2","0","2","","","","N","","","","","","","","","",""
"2008057490","","3","0","0","0","0","0","0","0","0","1","0","","02","5","2008","6","40.6193","-80.0552","","11","0","0","1","0","0","2","0","0","1","0","0","0","","","2","","0","","40 37:09.480","1","0","80 03:18.720","4","0","0","0","2216","0","0","0","N","0","0","0","4","02505","2","","1.0","","1","N","N","","0","","0","0","0","","0","N","","3","2","0","0","0","0","0","1","0","3","","","","N","","","","","","","","","",""
"2008057492","","0","0","0","0","0","0","0","0","0","5","0","","02","5","2008","6","40.627868","-79.720044","","11","0","0","0","0","0","0","0","0","","0","0","0","","","0","","0","","40 37:40.326","","0","79 43:12.157","0","0","0","0","2106","0","0","0","N","0","0","0","3","02106","0","","1.0","","1","N","N","","0","","0","0","2","","0","","","2","0","0","0","0","0","0","2","0","2","","","","N","","","","","","","","","",""
"2008057544","","1","0","0","0","0","0","0","0","0","7","0","","02","5","2008","4","","","","11","0","0","0","0","0","0","0","0","1","0","0","0","","","0","","0","","40 25:16.68","1","0","80 01:51.96","0","0","0","0","2301","0","0","0","N","0","0","0","1","68B03","0","","2.0","","9","N","N","","0","","0","0","0","","0","N","","1","0","0","0","0","0","0","2","0","1","","","","N","","","","","","","","","",""
"2008057545","","1","0","0","0","0","0","0","0","0","7","0","","02","5","2008","5","","","","11","0","0","0","0","0","0","0","0","","0","0","0","","","0","","0","","40 25:21.72","","0","80 06:05.76","0","0","0","0","2115","0","0","0","N","0","0","0","1","68B03","0","","3.0","","9","N","N","","0","","0","0","0","","0","","","1","0","0","0","0","0","0","2","0","1","","","","N","","","","","","","","","",""
"2008057546","","2","0","0","0","0","0","0","0","0","1","0","","02","5","2008","5","","","","11","0","0","0","0","0","1","0","0","2","0","0","0","","","2","","0","","40 26:36.96","3","0","79 46:46.92","4","0","0","0","2446","0","0","0","N","0","0","0","2","68B03","2","","1.0","","9","N","N","","0","","0","0","0","","0","N","","2","2","0","0","0","0","0","2","0","2","","","","N","","","","","","","","","",""
"2008057547","","1","0","0","0","0","0","0","0","0","7","0","","02","5","2008","5","","","","11","0","0","0","1","0","0","0","0","2","0","0","0","","","1","","0","","40 25:15.60","1","0","80 02:31.92","4","0","0","0","2435","0","0","0","N","0","0","0","1","68B03","1","","3.0","","9","N","N","","0","","0","0","0","","0","N","","1","1","0","0","0","0","0","2","0","1","","","","N","","","","","","","","","",""
"2008057562","","2","0","0","0","0","0","0","0","0","5","0","","02","2","2008","4","40.513806","-79.854329","","11","0","0","0","0","0","1","0","0","","0","0","0","","","1","","0","","40 30:49.701","","0","79 51:15.584","4","0","0","0","2112","0","0","0","N","0","0","0","2","68D02","1","","1.0","","1","N","N","","0","","0","0","0","","8","","","2","1","0","0","0","0","0","2","0","2","","","","N","","","","","","","","","",""
"2008057592","","1","0","0","0","0","0","0","0","0","1","0","","02","5","2008","6","40.6415","-80.1029","","11","0","0","0","1","0","0","0","0","2","0","0","0","","","2","","0","","40 38:29.400","1","0","80 06:10.440","3","0","0","0","2212","0","0","0","N","0","0","0","3","02505","0","","1.0","","1","N","N","","1","","2","0","0","","0","N","","2","2","3","0","0","0","0","2","0","2","","","","N","","","","","","","","","",""
"2008057703","","1","0","0","0","0","0","0","0","0","7","0","","02","4","2008","6","40.3533","-79.8451","","11","0","0","0","0","0","0","0","0","1","0","0","0","","","1","","0","","40 21:11.880","1","2","79 50:42.360","4","0","0","0","2304","0","0","0","N","0","0","0","1","02304","1","","4.0","","9","N","N","","0","","0","0","0","","0","Y","","1","1","0","0","0","0","0","2","0","1","","","","N","","","","","","","","","",""
"2008057704","","2","0","0","0","0","0","0","0","0","4","0","","02","4","2008","6","40.343343","-79.829271","","11","0","0","0","1","0","0","0","1","1","0","0","0","","","2","","2","","40 20:36.034","1","0","79 49:45.375","8","0","0","0","2304","0","0","0","N","0","0","0","2","02304","0","","1.0","","1","N","N","","0","","0","0","0","","3","N","","2","2","0","0","0","2","0","2","0","2","","","","N","","","","","","","","","",""
"2008057705","","1","0","0","0","0","0","0","0","0","6","0","","02","4","2008","2","","","","11","0","0","0","0","0","0","0","1","","0","0","0","","","0","","0","","","","3","","9","0","0","0","2304","0","0","0","N","0","0","0","3","02304","0","","1.0","","1","N","N","","0","","0","0","0","","0","","","2","0","0","0","0","0","1","1","1","2","","","","N","","","","","","","","","",""
"2008057706","","2","0","0","0","0","0","0","0","0","1","0","","02","4","2008","4","40.354708","-79.835844","","11","0","0","0","0","0","0","0","0","1","0","0","0","","","3","","2","","40 21:16.947","4","0","79 50:09.039","8","0","0","0","2304","0","0","0","N","0","0","0","6","02304","0","","1.0","","1","N","N","","0","","0","0","1","","0","N","","3","3","0","0","0","3","3","2","0","3","","","","N","","","","","","","","","",""
"2008057707","","1","0","0","0","0","0","0","0","0","7","0","","02","3","2008","1","40.340032","-79.824828","","11","0","0","0","0","0","0","0","0","","0","0","0","","","0","","2","","40 20:24.115","","0","79 49:29.380","0","0","0","0","2304","0","0","0","N","0","0","0","1","02304","0","","5.0","","1","N","N","","0","","0","0","0","","3","","","1","0","0","0","0","0","0","2","0","1","","","","N","","","","","","","","","",""
"2008057708","","1","0","0","0","0","0","0","0","0","7","0","","02","3","2008","7","40.353","-79.8444","","11","0","0","0","0","0","0","0","0","","0","0","0","","","0","","0","","40 21:10.800","","2","79 50:39.840","0","0","0","0","2304","0","0","0","N","0","0","0","1","02304","0","","4.0","","1","N","N","","0","","0","0","0","","0","","","1","0","0","0","0","0","0","2","0","1","","","","N","","","","","","","","","",""
"2008057709","","1","0","0","0","0","0","0","0","0","7","0","","02","4","2008","6","40.362301","-79.826097","","11","0","0","0","0","0","0","0","0","","0","0","0","","","1","","2","","40 21:44.284","","0","79 49:33.948","8","0","0","0","2304","0","0","0","N","0","0","0","1","02304","0","","5.0","","1","N","N","","0","","0","0","0","","3","","","1","1","0","0","0","1","0","2","0","1","","","","N","","","","","","","","","",""
"2008057710","","1","0","0","0","0","0","0","0","0","1","0","","02","4","2008","7","40.445612","-79.998636","","11","0","0","0","0","0","0","0","0","","0","0","0","","","1","","2","","40 26:44.203","","0","79 59:55.088","4","0","0","0","2301","0","0","0","N","0","0","0","2","02301","1","","1.0","","1","N","N","","0","","0","0","0","","2","","","2","1","0","0","0","0","0","2","1","2","","","","N","","","","","","","","","",""
"2008057712","","1","0","0","0","0","0","0","0","0","7","0","","02","4","2008","6","40.467543","-79.98286","","11","0","0","0","0","0","0","0","0","","0","0","0","","","0","","0","","40 28:03.156","","0","79 58:58.297","0","0","0","0","2301","0","0","0","N","0","0","0","1","02301","0","","3.0","","1","N","N","","0","","0","0","0","","0","","","1","0","0","0","0","0","0","2","0","1","","","","N","","","","","","","","","",""
"2008057804","","0","0","0","0","0","0","0","0","0","7","0","","02","4","2008","5","40.315805","-79.830938","","11","0","0","0","0","0","0","0","0","2","0","0","0","","","2","","0","","40 18:56.897","7","0","79 49:51.376","4","0","0","0","2469","0","0","0","N","0","0","0","2","02469","2","","5.0","","9","N","N","","1","","0","0","0","","0","Y","","1","2","2","0","0","0","0","2","0","1","","","","N","","","","","","","","","",""
"2008057834","","1","0","0","0","0","0","0","0","0","1","0","","02","4","2008","6","40.2789","-79.8753","","11","0","1","0","0","0","1","0","0","","0","0","0","","","1","","1","","40 16:44.040","","0","79 52:31.080","8","0","0","0","2433","0","0","0","N","0","0","0","2","02443","0","","1.0","","1","N","N","","1","","0","0","0","","2","","","2","1","0","0","0","1","0","1","0","2","","","","N","","","","","","","","","",""
"2008057854","","2","0","0","0","0","0","0","0","0","4","0","","02","4","2008","2","40.400143","-80.023688","","11","0","0","0","0","0","0","0","0","","0","0","0","","","0","","0","","40 24:00.515","","7","80 01:25.275","0","0","0","0","2301","0","0","0","N","0","0","0","2","02301","0","","1.0","","1","N","N","","0","","0","0","0","","0","","","2","0","0","0","0","0","0","2","0","2","","","","N","","","","","","","","","",""
"2008057862","","1","0","0","0","0","0","0","0","0","8","0","","02","4","2008","6","40.454368","-79.947673","","11","0","0","0","0","0","0","0","0","","0","0","0","","","1","","1","","40 27:15.725","","0","79 56:51.621","3","0","0","0","2301","1","0","0","N","1","0","0","3","02301","0","","1.0","","1","N","N","","0","","1","0","0","","2","","","2","1","0","0","0","0","0","2","0","1","","","","N","","","","","","","","","",""
"2008057863","","1","0","0","0","0","0","0","0","0","4","0","","02","4","2008","7","40.456898","-79.938579","","11","0","0","0","0","0","0","0","0","1","0","0","0","","","0","","1","","40 27:24.832","1","0","79 56:18.885","9","0","0","0","2301","0","0","0","N","0","0","0","4","02301","0","","1.0","","1","N","N","","0","","0","0","0","","2","N","","2","0","2","0","0","0","1","2","1","2","","","","N","","","","","","","","","",""
"2008057864","","1","0","0","0","0","0","0","0","0","0","0","","02","4","2008","1","40.465867","-79.915162","","11","0","0","0","0","0","0","0","0","","0","0","0","","","0","","2","","40 27:57.121","","0","79 54:54.583","9","0","0","0","2301","0","0","0","N","0","0","0","1","02301","0","","4.0","","9","N","N","","0","","0","0","0","","0","","","1","0","0","0","0","0","1","2","0","1","","","","N","","","","","","","","","",""
"2008057865","","1","0","0","0","0","0","0","0","0","4","0","","02","4","2008","5","","","","11","0","0","0","0","0","2","0","0","","0","0","0","","","0","","1","","","","0","","0","0","0","0","2301","0","0","0","N","0","0","0","2","02301","0","","1.0","","1","N","N","","0","","0","0","1","","3","","","2","0","0","0","0","0","0","1","0","2","","","","N","","","","","","","","","",""
"2008057866","","2","0","0","0","0","0","0","0","0","4","0","","02","4","2008","5","40.46212","-79.940382","","11","0","0","0","0","0","1","0","0","","0","0","0","","","0","","1","","40 27:43.632","","0","79 56:25.375","0","0","0","0","2301","0","0","0","N","0","0","0","2","02301","0","","1.0","","1","N","N","","0","","0","0","0","","3","","","2","0","0","0","0","0","0","2","0","2","","","","N","","","","","","","","","",""
"2008057876","","0","0","0","0","0","0","0","0","0","7","0","","02","4","2008","1","40.402037","-80.188803","","11","0","0","1","0","0","0","0","0","","0","0","0","","","1","","1","","40 24:07.332","","0","80 11:19.690","3","0","0","0","2450","0","0","0","Y","0","0","0","1","02450","0","","4.0","","1","N","N","","1","","1","0","0","","0","","","1","1","0","0","0","0","0","2","0","1","","","","N","","","","","","","","","",""
"2008057877","","2","0","0","0","0","0","0","0","0","4","0","","02","4","2008","3","40.464546","-80.057974","","11","0","0","0","0","0","0","0","0","2","0","0","0","","","2","","1","","40 27:52.367","1","0","80 03:28.705","8","0","0","0","2444","0","0","0","N","0","0","0","5","02444","0","","1.0","","1","N","N","","0","","0","0","0","","2","N","","2","2","1","0","0","2","3","2","0","2","","","","N","","","","","","","","","",""
"2008057893","","1","0","0","0","0","0","0","0","0","1","0","","02","4","2008","6","40.541081","-79.782556","","11","0","0","0","0","0","1","0","0","","0","0","0","","","0","","2","","40 32:27.892","","0","79 46:57.202","0","0","0","0","2462","0","0","0","N","0","0","0","2","02462","0","","1.0","","1","N","N","","1","","0","0","0","","2","","","2","0","0","0","0","0","0","2","0","2","","","","N","","","","","","","","","",""
"2008057899","","0","0","0","0","0","0","0","0","0","2","0","","02","4","2008","2","40.576692","-80.222432","","11","0","0","0","0","0","0","0","0","1","0","0","0","","","1","","2","","40 34:36.091","1","0","80 13:20.756","4","0","0","0","2441","0","0","0","N","0","0","0","2","02441","1","","1.0","","1","N","N","","0","","0","0","2","","2","Y","","2","1","0","0","0","0","0","2","0","2","","","","N","","","","","","","","","",""
"2008057900","","2","0","0","0","0","0","0","0","0","1","0","","02","4","2008","5","40.565772","-80.211053","","11","0","0","1","0","0","1","0","0","1","0","0","0","","","0","","2","","40 33:56.779","2","0","80 12:39.789","0","0","0","0","2441","0","0","0","N","0","0","0","2","02441","0","","1.0","","1","N","N","","0","","0","0","0","","0","N","","2","0","0","0","0","0","0","2","0","2","","","","N","","","","","","","","","",""
"2008057940","","1","0","0","1","0","0","0","0","0","8","0","","02","4","2008","3","40.417881","-79.986922","","11","0","0","0","0","0","0","0","0","","0","0","0","","","1","","2","","40 25:04.370","","0","79 59:12.920","4","0","0","0","2447","1","0","0","N","0","0","0","2","02447","1","","1.0","","1","N","N","","0","","0","0","0","","0","","","2","1","0","0","0","0","0","2","0","1","","","","N","","","","","","","","","",""
"2008057942","","0","0","0","0","0","0","0","0","0","1","0","","02","4","2008","2","40.558397","-80.015806","","11","0","0","0","0","0","2","0","0","2","0","0","0","","","1","","0","","40 33:30.229","4","0","80 00:56.901","8","0","0","0","2108","0","0","0","N","0","0","0","5","02108","0","","1.0","","1","N","N","","1","","0","0","1","","0","N","","3","1","0","0","0","1","0","2","1","3","","","","N","","","","","","","","","",""
"2008057946","","2","0","0","0","0","0","0","0","0","4","0","","02","4","2008","4","40.447726","-80.178568","","11","0","0","0","0","1","1","0","0","","0","0","0","","","0","","2","","40 26:51.813","","0","80 10:42.844","0","0","0","0","2214","0","0","0","N","0","0","0","4","02214","0","","1.0","","1","N","N","","0","","0","0","0","","3","","","2","0","0","0","0","0","0","2","0","2","","","","N","","","","","","","","","",""
"2008057947","","0","0","0","0","0","0","0","0","0","7","0","","02","3","2008","7","40.402264","-80.177778","","11","0","0","0","0","0","0","0","0","","0","0","0","","","1","","0","","40 24:08.149","","0","80 10:40.001","8","0","0","0","2214","0","0","0","N","0","0","0","2","02214","0","","4.0","","1","N","N","","1","","0","0","0","","0","","","1","1","0","0","0","1","1","1","0","1","","","","N","","","","","","","","","",""
"2008058030","","1","0","0","0","0","0","0","0","0","7","0","","02","4","2008","1","40.474604","-80.005178","","11","0","0","0","0","0","0","0","0","1","0","0","0","","","1","","1","","40 28:28.574","1","0","80 00:18.642","8","0","0","0","2301","0","0","0","N","0","0","0","2","02301","0","","7.0","","9","N","N","","0","","0","0","0","","8","N","","1","1","0","0","0","1","0","2","0","1","","","","N","","","","","","","","","",""
"2008058146","","1","0","0","0","0","0","0","0","0","2","0","","02","4","2008","5","40.458254","-79.889712","","11","0","0","0","0","0","0","0","0","","0","0","0","","","0","","0","","40 27:29.714","","0","79 53:22.963","9","0","0","0","2301","0","0","0","N","0","0","0","1","02301","0","","1.0","","1","N","N","","0","","0","0","1","","0","","","2","0","0","0","0","0","1","2","0","2","","","","N","","","","","","","","","",""
"2008058279","","3","0","0","0","0","0","0","0","0","5","0","","02","5","2008","6","40.372842","-79.97293","","11","0","0","0","0","0","0","0","0","","0","0","0","","","0","","0","","40 22:22.231","","0","79 58:22.548","0","0","0","0","2413","0","0","0","","0","0","0","1","02413","0","","6.0","","1","","","","0","","0","0","1","","0","","","4","0","0","0","0","0","0","2","0","4","","","","N","","","","","","","","","",""
"2008058280","","1","0","0","0","0","0","0","0","0","7","0","","02","5","2008","7","40.5136","-79.7794","","11","0","0","0","0","1","0","0","0","1","0","0","0","","","0","","0","","40 30:48.960","3","0","79 46:45.840","0","0","0","0","2466","0","0","0","N","0","0","0","1","02466","0","","5.0","","1","N","N","","0","","0","0","0","","0","N","","1","0","0","0","0","0","0","2","0","1","","","","N","","","","","","","","","",""
"2008058286","","1","0","0","0","0","0","0","0","0","7","0","","02","5","2008","7","40.285539","-79.897198","","11","0","0","0","0","0","0","0","0","2","0","0","0","","","0","","0","","40 17:07.940","5","0","79 53:49.911","0","0","0","0","2302","0","0","0","N","0","0","0","1","02302","0","","5.0","","9","N","N","","0","","0","0","0","","0","Y","","1","0","0","0","0","0","0","2","0","1","","","","N","","","","","","","","","",""
"2008058289","","1","0","0","0","0","0","0","0","0","7","0","","02","5","2008","7","40.471216","-79.828032","","11","0","0","0","0","0","0","0","0","","0","0","0","","","0","","2","","40 28:16.377","","0","79 49:40.916","0","0","0","0","2113","0","0","0","N","0","0","0","1","02113","0","","5.0","","9","N","N","","0","","0","0","0","","0","","","1","0","0","0","0","0","0","2","0","1","","","","N","","","","","","","","","",""
"2008058291","","2","0","0","0","0","0","0","0","0","1","0","","02","4","2008","4","40.513368","-79.999909","","11","0","0","0","0","0","1","1","0","1","0","0","0","","","0","","0","","40 30:48.124","1","0","79 59:59.674","0","0","0","0","2116","0","0","0","N","0","0","0","3","02116","0","","1.0","","1","N","N","","0","","0","0","1","","0","N","","3","0","0","0","0","0","0","2","0","3","","","","N","","","","","","","","","",""
"2008058293","","3","0","0","0","0","0","0","0","0","1","0","","02","4","2008","4","40.519849","-80.01528","","11","0","1","0","0","1","0","0","0","2","0","0","0","","","1","","0","","40 31:11.455","2","0","80 00:55.007","4","0","0","0","2116","0","0","0","N","0","0","0","4","02116","1","","1.0","","1","N","N","","0","","0","0","0","","0","N","","3","1","0","0","0","0","0","2","0","3","","","","N","","","","","","","","","",""
"2008058294","","1","0","0","0","0","0","0","0","0","7","0","","02","5","2008","7","40.502919","-79.947112","","11","0","0","0","0","0","0","0","0","","0","0","0","","","0","","0","","40 30:10.509","","0","79 56:49.604","0","0","0","0","2430","0","0","0","Y","0","0","0","1","02430","0","","5.0","","9","N","N","","0","","0","0","0","","0","","","1","0","0","0","0","0","0","2","0","1","","","","N","","","","","","","","","",""
"2008058298","","3","0","0","0","0","0","0","0","0","1","0","","02","5","2008","6","40.343912","-79.971155","","11","0","0","0","0","0","1","0","1","1","0","0","0","","","3","","0","","40 20:38.084","1","0","79 58:16.157","8","0","0","0","2454","0","0","0","N","0","0","0","6","02454","0","","1.0","","1","N","N","","0","","0","0","1","","0","N","","4","3","1","0","0","3","0","2","0","4","","","","N","","","","","","","","","",""
"2008058299","","1","0","0","0","0","0","0","0","0","1","0","","02","5","2008","7","40.2489","-79.8771","","11","0","0","0","0","0","1","0","0","","0","0","0","","","1","","0","","40 14:56.040","","0","79 52:37.560","8","0","0","0","2204","0","0","0","N","0","0","0","2","02204","0","","1.0","","9","N","N","","0","","0","0","0","","2","","","2","1","0","0","0","1","0","1","1","2","","","","N","","","","","","","","","",""
"2008058305","","2","0","0","0","0","0","0","0","0","4","0","35","02","5","2008","7","40.4253","-79.7544","","11","0","0","0","0","0","0","0","0","3","0","0","0","","","3","","2","","40 25:31.080","7","0","79 45:15.840","8","0","0","0","2446","1","0","0","N","1","0","0","3","02446","0","","1.0","","9","N","N","","1","","0","0","0","","0","Y","","4","3","0","0","0","3","0","2","0","3","","","Y","Y","4","3","","","N","","","","Y",""
"2008058318","","0","0","0","1","0","0","0","0","0","8","0","","02","5","2008","7","40.362495","-80.032425","","11","0","0","0","0","0","0","0","0","","0","0","0","","","1","","0","","40 21:44.982","","0","80 01:56.730","4","0","0","0","2109","1","0","0","N","0","0","0","2","02109","1","","1.0","","1","N","N","","0","","0","0","0","","0","","","2","1","0","0","0","0","0","2","1","1","","","","N","","","","","","","","","",""
"2008058320","","0","0","0","0","0","0","0","0","0","4","0","","02","5","2008","6","40.667265","-80.098136","","11","0","0","0","0","0","0","0","0","","0","0","0","","","1","","0","","40 40:02.153","","0","80 05:53.291","8","0","0","0","2212","0","0","0","N","0","0","0","3","02505","0","","1.0","","1","N","N","","0","","0","0","1","","0","","","2","1","0","0","0","1","0","2","1","2","","","","N","","","","","","","","","",""
"2008058327","","1","0","0","0","0","0","0","0","0","4","0","","02","5","2008","6","40.364131","-80.086883","","11","0","0","0","0","1","1","0","0","1","0","0","0","","","1","","2","","40 21:50.871","2","0","80 05:12.778","4","0","0","0","2117","0","0","0","N","0","0","0","3","02117","1","","1.0","","1","N","N","","0","","0","0","1","","2","N","","2","1","0","0","0","0","0","2","0","2","","","","N","","","","","","","","","",""