"CRN","ARRIVAL_TM","AUTOMOBILE_COUNT","BELTED_DEATH_COUNT","BELTED_SUSP_SERIOUS_INJ_COUNT","BICYCLE_COUNT","BICYCLE_DEATH_COUNT","BICYCLE_SUSP_SERIOUS_INJ_COUNT","BUS_COUNT","CHLDPAS_DEATH_COUNT","CHLDPAS_SUSP_SERIOUS_INJ_COUNT","COLLISION_TYPE","COMM_VEH_COUNT","CONS_ZONE_SPD_LIM","COUNTY","CRASH_MONTH","CRASH_YEAR","DAY_OF_WEEK","DEC_LATITUDE","DEC_LONGITUDE","DISPATCH_TM","DISTRICT","DRIVER_COUNT_16YR","DRIVER_COUNT_17YR","DRIVER_COUNT_18YR","DRIVER_COUNT_19YR","DRIVER_COUNT_20YR","DRIVER_COUNT_50_64YR","DRIVER_COUNT_65_74YR","DRIVER_COUNT_75PLUS","EST_HRS_CLOSED","FATAL_COUNT","HEAVY_TRUCK_COUNT","HORSE_BUGGY_COUNT","HOUR_OF_DAY","ILLUMINATION","INJURY_COUNT","INTERSECTION_RELATED","INTERSECT_TYPE","LANE_CLOSED","LATITUDE","LN_CLOSE_DIR","LOCATION_TYPE","LONGITUDE","MAX_SEVERITY_LEVEL","MCYCLE_DEATH_COUNT","MCYCLE_SUSP_SERIOUS_INJ_COUNT","MOTORCYCLE_COUNT","MUNICIPALITY","NONMOTR_COUNT","NONMOTR_DEATH_COUNT","NONMOTR_SUSP_SERIOUS_INJ_COUNT","NTFY_HIWY_MAINT","PED_COUNT","PED_DEATH_COUNT","PED_SUSP_SERIOUS_INJ_COUNT","PERSON_COUNT","POLICE_AGCY","POSSIBLE_INJ_COUNT","RDWY_SURF_TYPE_CD","RELATION_TO_ROAD","ROADWAY_CLEARED","ROAD_CONDITION","SCH_BUS_IND","SCH_ZONE_IND","SECONDARY_CRASH","SMALL_TRUCK_COUNT","SPEC_JURIS_CD","SUSP_MINOR_INJ_COUNT","SUSP_SERIOUS_INJ_COUNT","SUV_COUNT","TCD_FUNC_CD","TCD_TYPE","TFC_DETOUR_IND","TIME_OF_DAY","TOTAL_UNITS","TOT_INJ_COUNT","UNBELTED_OCC_COUNT","UNB_DEATH_COUNT","UNB_SUSP_SERIOUS_INJ_COUNT","UNK_INJ_DEG_COUNT","UNK_INJ_PER_COUNT","URBAN_RURAL","VAN_COUNT","VEHICLE_COUNT","WEATHER1","WEATHER2","WORKERS_PRES","WORK_ZONE_IND","WORK_ZONE_LOC","WORK_ZONE_TYPE","WZ_CLOSE_DETOUR","WZ_FLAGGER","WZ_LAW_OFFCR_IND","WZ_LN_CLOSURE","WZ_MOVING","WZ_OTHER","WZ_SHLDER_MDN","WZ_WORKERS_INJ_KILLED"
"2008059363","","1","0","0","0","0","0","0","0","0","7","0","","02","5","2008","1","40.4076","-79.9097","","11","0","0","0","0","0","0","0","0","1","0","0","0","","","1","","0","","40 24:27.360","3","0","79 54:34.920","8","0","0","0","2438","0","0","0","N","0","0","0","1","02438","0","","5.0","","1","N","N","","0","","0","0","0","","0","N","","1","1","0","0","0","1","0","2","0","1","","","","N","","","","","","","","","",""
"2008059402","","1","0","0","0","0","0","0","0","0","6","0","","02","5","2008","1","40.590352","-79.873588","","11","0","0","0","0","0","0","0","0","4","0","0","0","","","2","","0","","40 35:25.268","5","0","79 52:24.915","2","0","0","0","2209","0","0","0","N","0","0","0","4","02501","1","","1.0","","1","N","N","","1","","0","1","0","","0","Y","","2","2","0","0","0","0","0","2","0","2","","","","N","","","","","","","","","",""
"2008059403","","1","0","0","0","0","0","0","0","0","4","0","","02","5","2008","7","40.4752","-79.7727","","11","0","0","0","0","0","1","0","0","","0","0","0","","","0","","0","","40 28:30.720","","0","79 46:21.720","0","0","0","0","2466","0","0","0","N","0","0","0","2","02466","0","","1.0","","1","N","N","","1","","0","0","0","","0","","","2","0","1","0","0","0","0","2","0","2","","","","N","","","","","","","","","",""
"2008059411","","0","0","0","0","0","0","0","0","0","7","0","","02","5","2008","1","40.639092","-79.937797","","11","0","0","0","0","0","0","1","0","","0","0","0","","","1","","0","","40 38:20.731","","0","79 56:16.068","4","0","0","0","2217","0","0","0","N","0","0","0","2","02505","1","","5.0","","9","N","N","","0","","0","0","0","","0","","","1","1","0","0","0","0","0","2","1","1","","","","N","","","","","","","","","",""
"2008059414","","1","0","0","0","0","0","0","0","0","7","0","","02","5","2008","2","40.663841","-79.964664","","11","0","0","0","0","0","0","0","0","","0","0","0","","","0","","0","","40 39:49.827","","0","79 57:52.790","0","0","0","0","2217","0","0","0","N","0","0","0","1","02505","0","","5.0","","1","N","N","","0","","0","0","0","","0","","","1","0","0","0","0","0","0","2","0","1","","","","N","","","","","","","","","",""
"2008059416","","0","0","0","0","0","0","0","0","0","7","0","","02","5","2008","7","40.506119","-79.990498","","11","0","0","0","0","0","1","0","0","1","0","0","0","","","1","","3","","40 30:22.028","7","0","79 59:25.791","8","0","0","1","2116","0","0","0","N","0","0","0","1","02116","0","","2.0","","1","N","N","","0","","0","0","0","","2","Y","","1","1","0","0","0","1","0","2","0","1","","","","N","","","","","","","","","",""
"2008059426","","0","0","0","1","0","0","0","0","0","8","0","","02","5","2008","3","40.340889","-79.960208","","11","0","0","0","0","0","1","0","0","","0","0","0","","","1","","2","","40 20:27.200","","0","79 57:36.748","4","0","0","0","2454","1","0","0","N","0","0","0","2","02454","1","","1.0","","1","N","N","","0","","0","0","1","","3","","","2","1","0","0","0","0","0","2","0","1","","","","N","","","","","","","","","",""
"2008059428","","2","0","0","0","0","0","0","0","0","1","0","","02","5","2008","6","40.517241","-80.220983","","11","0","0","0","0","0","0","0","0","","0","0","0","","","1","","0","","40 31:02.067","","0","80 13:15.537","4","0","0","0","2213","0","0","0","N","0","0","0","3","02213","1","","1.0","","1","N","N","","0","","0","0","0","","2","","","2","1","0","0","0","0","0","2","0","2","","","","N","","","","","","","","","",""
"2008059442","","0","0","0","0","0","0","0","0","0","1","0","","02","5","2008","3","40.322461","-79.927497","","11","0","0","0","0","0","0","1","0","2","0","0","0","","","1","","0","","40 19:20.859","3","0","79 55:38.989","8","0","0","0","2440","0","0","0","N","0","0","0","2","02440","0","","1.0","","1","N","N","","0","","0","0","2","","0","Y","","2","1","0","0","0","1","0","2","0","2","","","","N","","","","","","","","","",""
"2008059466","","1","0","0","0","0","0","0","0","0","7","0","","02","4","2008","1","","","","11","0","0","0","0","0","0","0","0","1","0","0","0","","","1","","0","","40 25:46.56","4","0","79 52:31.08","3","0","0","0","2426","0","0","0","Y","0","0","0","1","68B03","0","","2.0","","1","N","N","","0","","1","0","0","","0","N","","1","1","0","0","0","0","0","2","0","1","","","","N","","","","","","","","","",""
"2008059467","","1","0","0","0","0","0","0","0","0","1","0","","02","5","2008","3","","","","11","0","0","0","0","0","1","0","0","","0","0","0","","","1","","0","","40 26:35.16","","0","79 50:21.12","4","0","0","0","2419","0","0","0","N","0","0","0","2","68B03","1","","1.0","","1","N","N","","0","","0","0","1","","0","","","2","1","0","0","0","0","0","2","0","2","","","","N","","","","","","","","","",""
"2008059468","","3","0","0","0","0","0","0","0","0","1","0","","02","5","2008","2","","","","11","0","0","0","0","0","0","0","0","","0","0","0","","","0","","0","","40 26:09.60","","0","79 58:26.04","0","0","0","0","2301","0","0","0","N","0","0","0","4","68B03","0","","1.0","","9","N","N","","0","","0","0","0","","0","","","3","0","0","0","0","0","0","2","0","3","","","","N","","","","","","","","","",""
"2008059484","","2","0","0","0","0","0","0","0","0","1","0","","02","5","2008","3","40.3416","-79.9659","","11","0","0","1","0","0","0","0","0","2","0","0","0","","","0","","0","","40 20:29.760","2","0","79 57:57.240","0","0","0","0","2440","0","0","0","N","0","0","0","2","02440","0","","1.0","","1","N","N","","0","","0","0","0","","0","Y","","2","0","0","0","0","0","0","2","0","2","","","","N","","","","","","","","","",""
"2008059487","","2","0","0","0","0","0","0","0","0","2","0","","02","5","2008","2","40.542694","-79.816224","","11","0","2","0","0","0","0","0","0","2","0","0","0","","","3","","1","","40 32:33.699","6","0","79 48:58.405","8","0","0","0","2208","0","0","0","N","0","0","0","7","02208","0","","1.0","","1","N","N","","0","","0","0","0","","3","N","","2","3","1","0","0","3","0","2","0","2","","","","N","","","","","","","","","",""
"2008059489","","2","0","0","0","0","0","0","0","0","4","0","","02","5","2008","3","40.4343","-79.7936","","11","0","0","0","0","0","0","0","0","1","0","0","0","","","1","","0","","40 26:03.480","3","0","79 47:36.960","3","0","0","0","2446","0","0","0","N","0","0","0","3","02446","0","","1.0","","1","N","N","","0","","1","0","1","","0","Y","","3","1","0","0","0","0","0","2","0","3","","","","N","","","","","","","","","",""
"2008059493","","1","0","0","0","0","0","0","0","0","4","0","","02","5","2008","3","40.353955","-79.823236","","11","0","0","0","0","0","0","0","1","1","0","0","0","","","3","","1","","40 21:14.239","6","0","79 49:23.651","4","0","0","0","2477","0","0","0","N","0","0","0","4","02477","1","","1.0","","1","N","N","","0","","0","0","1","","3","Y","","2","3","0","0","0","2","0","2","0","2","","","","N","","","","","","","","","",""
"2008059505","","0","0","0","0","0","0","0","0","0","4","0","","02","5","2008","2","40.521146","-79.971709","","11","0","0","0","0","0","1","0","0","","0","0","0","","","0","","2","","40 31:16.127","","7","79 58:18.154","0","0","0","0","2118","0","0","0","N","0","0","0","4","02118","0","","1.0","","9","N","N","","0","","0","0","1","","0","","","2","0","0","0","0","0","0","2","1","2","","","","N","","","","","","","","","",""
"2008059599","","2","0","0","0","0","0","0","0","0","4","0","","02","5","2008","2","40.362301","-79.826097","","11","0","0","0","0","0","0","0","0","","0","0","0","","","1","","2","","40 21:44.284","","1","79 49:33.948","8","0","0","0","2477","0","0","0","N","0","0","0","4","02477","0","","1.0","","1","N","N","","0","","0","0","0","","3","","","2","1","0","0","0","1","0","2","0","2","","","","N","","","","","","","","","",""
"2008059680","","1","0","0","0","0","0","0","0","0","5","0","","02","5","2008","4","40.4755","-79.8485","","11","0","0","0","0","0","0","0","0","1","0","0","0","","","1","","1","","40 28:31.800","2","0","79 50:54.600","8","0","0","1","2113","0","0","0","N","0","0","0","2","02113","0","","1.0","","1","N","N","","0","","0","0","0","","2","Y","","2","1","0","0","0","1","0","2","0","2","","","","N","","","","","","","","","",""
"2008059684","","2","0","0","0","0","0","0","0","0","2","0","","02","4","2008","7","40.4038","-79.8827","","11","0","0","0","0","0","0","0","0","2","0","0","0","","","1","","0","","40 24:13.680","1","0","79 52:57.720","4","0","0","0","2475","0","0","0","N","0","0","0","4","02475","1","","1.0","","1","N","N","","0","","0","0","1","","0","N","","3","1","0","0","0","0","0","2","0","3","","","","N","","","","","","","","","",""
"2008059693","","0","0","0","0","0","0","0","0","0","1","0","","02","5","2008","3","40.653407","-80.067874","","11","0","0","0","0","0","1","0","0","","0","0","0","","","0","","2","","40 39:12.266","","0","80 04:04.348","0","0","0","0","2216","0","0","0","N","0","0","0","2","02505","0","","1.0","","1","N","N","","0","","0","0","1","","3","","","2","0","0","0","0","0","0","2","1","2","","","","N","","","","","","","","","",""
"2008059697","","1","0","0","0","0","0","0","0","0","1","0","","02","5","2008","7","40.3642","-79.8426","","11","0","0","0","0","0","0","1","0","","0","0","0","","","0","","6","","40 21:51.120","","2","79 50:33.360","0","0","0","0","2475","0","0","0","N","0","0","0","2","02475","0","","1.0","","1","N","N","","0","","0","0","1","","4","","","2","0","0","0","0","0","0","2","0","2","","","","N","","","","","","","","","",""
"2008059705","","1","0","0","0","0","0","0","0","0","2","0","","02","5","2008","7","40.424243","-79.869","","11","0","0","0","0","0","0","0","0","","0","0","0","","","0","","0","","40 25:27.274","","0","79 52:08.400","9","0","0","0","2411","0","0","0","N","0","0","0","3","02411","0","","1.0","","9","N","N","","1","","0","0","0","","0","","","2","0","3","0","0","0","1","2","0","2","","","","N","","","","","","","","","",""
"2008059708","","2","0","0","0","0","0","0","0","0","6","0","","02","5","2008","3","40.4947","-80.0652","","11","0","0","0","0","1","0","0","0","2","0","0","0","","","0","","0","","40 29:40.920","1","0","80 03:54.720","0","0","0","1","2402","0","0","0","N","0","0","0","3","02402","0","","1.0","","1","N","N","","0","","0","0","0","","0","Y","","3","0","0","0","0","0","0","2","0","3","","","","N","","","","","","","","","",""
"2008059710","","0","0","0","0","0","0","0","0","0","6","0","","02","5","2008","4","40.6672","-79.7303","","11","0","0","0","0","1","1","0","0","","0","0","0","","","0","","1","","40 40:01.920","","0","79 43:49.080","0","0","0","0","2202","0","0","0","N","0","0","0","2","02202","0","","1.0","","1","N","N","","2","","0","0","0","","0","","","2","0","0","0","0","0","0","1","0","2","","","","N","","","","","","","","","",""
"2008059711","","0","0","0","1","0","0","0","0","0","8","0","","02","5","2008","3","40.444171","-80.147471","","11","0","0","0","0","0","0","0","0","","0","0","0","","","1","","0","","40 26:39.016","","0","80 08:50.896","4","0","0","0","2115","1","0","0","N","0","0","0","3","02115","1","","2.0","","1","N","N","","1","","0","0","0","","0","","","2","1","0","0","0","0","0","2","0","1","","","","N","","","","","","","","","",""
"2008059869","","1","0","0","0","0","0","0","0","0","1","0","","02","5","2008","4","40.4923","-80.2911","","11","0","0","0","0","0","0","0","0","","0","0","0","","","0","","0","","40 29:32.280","","7","80 17:27.960","0","0","0","0","2203","0","0","0","N","0","0","0","5","02203","0","","1.0","","1","N","N","","1","","0","0","0","","0","","","2","0","0","0","0","0","0","2","0","2","","","","N","","","","","","","","","",""
"2008059873","","0","0","0","0","0","0","0","0","0","0","1","","02","5","2008","2","40.394977","-79.777043","","11","0","0","0","0","0","1","0","0","4","0","1","0","","","0","","2","","40 23:41.917","6","0","79 46:37.354","0","0","0","0","2470","0","0","0","N","0","0","0","1","02424","0","","2.0","","1","N","N","","0","","0","0","0","","0","Y","","1","0","0","0","0","0","0","2","0","1","","","","N","","","","","","","","","",""
"2008059875","","1","0","0","0","0","0","0","0","0","2","0","","02","5","2008","4","","","","11","0","0","0","0","0","0","0","0","1","0","0","0","","","2","","0","","","6","0","","3","0","0","0","2215","0","0","0","N","0","0","0","5","02215","1","","1.0","","9","N","N","","1","","1","0","0","","0","N","","2","2","0","0","0","0","0","1","0","2","","","","N","","","","","","","","","",""
"2008059877","","2","0","0","0","0","0","0","0","0","1","0","","02","5","2008","4","40.3587","-79.8495","","11","0","0","0","0","0","0","0","0","1","0","0","0","","","1","","7","","40 21:31.320","2","8","79 50:58.200","8","0","0","0","2303","0","0","0","N","0","0","0","2","02303","0","","1.0","","9","N","N","","0","","0","0","0","","4","N","","2","1","0","0","0","1","0","2","0","2","","","","N","","","","","","","","","",""
"2008059879","","1","0","0","0","0","0","0","0","0","1","0","","02","5","2008","4","40.3472","-80.0548","","11","0","0","0","0","0","1","1","0","2","0","0","0","","","1","","0","","40 20:49.920","2","0","80 03:17.280","4","0","0","0","2109","0","0","0","N","0","0","0","2","02109","1","","1.0","","9","N","N","","0","","0","0","1","","0","N","","2","1","0","0","0","0","0","2","0","2","","","","N","","","","","","","","","",""
"2008059880","","0","0","0","0","0","0","0","0","0","4","0","","02","5","2008","4","40.589551","-79.948823","","11","0","0","0","0","0","1","0","0","","0","0","0","","","4","","0","","40 35:22.385","","0","79 56:55.762","8","0","0","0","2207","0","0","0","N","0","0","0","4","02207","0","","1.0","","9","N","N","","0","","0","0","1","","0","","","2","4","0","0","0","4","0","2","1","2","","","","N","","","","","","","","","",""
"2008059881","","1","0","0","0","0","0","0","0","0","7","0","","02","5","2008","6","40.532883","-80.0271","","11","1","0","0","0","0","0","0","0","","0","0","0","","","0","","2","","40 31:58.378","","0","80 01:37.560","0","0","0","0","2116","0","0","0","N","0","0","0","2","02116","0","","5.0","","1","N","N","","0","","0","0","0","","0","","","1","0","0","0","0","0","0","2","0","1","","","","N","","","","","","","","","",""
"2008059897","","1","0","0","0","0","0","0","0","0","7","0","","02","5","2008","4","40.282867","-79.987098","","11","0","0","0","0","1","0","0","0","2","0","0","0","","","0","","0","","40 16:58.320","4","0","79 59:13.553","0","0","0","0","2219","0","0","0","N","0","0","0","1","02219","0","","2.0","","1","N","N","","0","","0","0","0","","0","N","","1","0","0","0","0","0","0","2","0","1","","","","N","","","","","","","","","",""
"2008059901","","2","0","0","0","0","0","0","0","0","4","0","","02","5","2008","5","40.388403","-80.042929","","11","0","0","0","0","0","1","0","0","","0","0","0","","","0","","2","","40 23:18.249","","0","80 02:34.546","0","0","0","0","2109","0","0","0","N","0","0","0","2","02109","0","","1.0","","9","N","N","","0","","0","0","0","","2","","","2","0","0","0","0","0","0","2","0","2","","","","N","","","","","","","","","",""
"2008059902","","2","0","0","0","0","0","0","0","0","4","0","","02","5","2008","1","40.3718","-79.8437","","11","0","0","0","0","0","0","0","0","","0","0","0","","","3","","2","","40 22:18.480","","0","79 50:37.320","8","0","0","0","2303","0","0","0","N","0","0","0","3","02303","0","","1.0","","1","N","N","","0","","0","0","0","","2","","","2","3","0","0","0","3","0","2","0","2","","","","N","","","","","","","","","",""
"2008059908","","1","0","0","0","0","0","0","0","0","7","0","","02","5","2008","5","40.629819","-80.05692","","11","0","0","0","0","0","0","0","0","2","0","0","0","","","0","","5","","40 37:47.348","2","0","80 03:24.912","0","0","0","0","2216","0","0","0","N","0","0","0","1","02505","0","","2.0","","9","N","N","","0","","0","0","0","","2","N","","1","0","1","0","0","0","0","2","0","1","","","","N","","","","","","","","","",""
"2008059915","","1","0","0","0","0","0","0","0","0","7","0","","02","5","2008","5","40.398658","-80.104877","","11","0","0","0","0","0","0","0","0","","0","0","0","","","0","","0","","40 23:55.169","","3","80 06:17.557","0","0","0","0","2102","0","0","0","Y","0","0","0","1","68B03","0","","4.0","","9","N","N","","0","","0","0","0","","0","","","1","0","0","0","0","0","0","2","0","1","","","","N","","","","","","","","","",""
"2008059928","","0","0","0","0","0","0","0","0","0","7","0","45","02","5","2008","1","40.579034","-79.784712","","11","0","0","0","0","0","0","1","0","","0","0","0","","","0","","0","","40 34:44.522","","2","79 47:04.964","0","0","0","0","2104","0","0","0","N","0","0","0","1","68D02","0","","2.0","","9","N","N","","1","","0","0","0","","0","","","1","0","0","0","0","0","0","2","0","1","","","N","Y","4","1","N","N","N","Y","N","N","N",""
"2008059999","","0","0","0","0","0","0","0","0","0","0","1","","02","5","2008","3","40.4342","-79.748","","11","0","0","0","0","0","0","0","0","3","0","1","0","","","1","","0","","40 26:03.120","4","2","79 44:52.800","4","0","0","0","2446","0","0","0","N","0","0","0","1","68T02","1","","7.0","","1","N","N","","0","","0","0","0","","8","N","","1","1","0","0","0","0","0","2","0","1","","","","N","","","","","","","","","",""
"2008060005","","1","0","0","0","0","0","0","0","0","1","0","","02","5","2008","4","40.4387","-79.7452","","11","0","0","0","0","0","1","1","0","1","0","0","0","","","1","","0","","40 26:19.320","3","0","79 44:42.720","4","0","0","0","2446","0","0","0","N","0","0","0","2","02446","1","","1.0","","1","Y","N","","0","","0","0","0","","0","N","","2","1","0","0","0","0","0","2","1","2","","","","N","","","","","","","","","",""
"2008060019","","2","0","0","0","0","0","0","0","0","4","0","","02","5","2008","4","40.40452","-80.055525","","11","0","0","1","0","0","1","0","0","","0","0","0","","","0","","1","","40 24:16.271","","0","80 03:19.890","0","0","0","0","2435","0","0","0","N","0","0","0","6","02435","0","","1.0","","1","N","N","","0","","0","0","0","","2","","","2","0","0","0","0","0","0","2","0","2","","","","N","","","","","","","","","",""
"2008060020","","2","0","0","0","0","0","0","0","0","1","0","","02","5","2008","5","40.530909","-80.06951","","11","0","0","0","0","0","0","0","0","","0","0","0","","","0","","2","","40 31:51.271","","0","80 04:10.235","0","0","0","0","2215","0","0","0","N","0","0","0","2","02215","0","","1.0","","9","N","N","","0","","0","0","0","","2","","","2","0","0","0","0","0","0","2","0","2","","","","N","","","","","","","","","",""
"2008060027","","1","0","0","0","0","0","0","0","0","7","0","","02","5","2008","5","40.388314","-79.812092","","11","0","0","0","0","0","0","0","0","","0","0","0","","","0","","0","","40 23:17.930","","0","79 48:43.530","0","0","0","0","2111","0","0","0","N","0","0","0","1","02111","0","","2.0","","9","N","N","","0","","0","0","0","","0","","","2","0","0","0","0","0","0","2","0","1","","","","N","","","","","","","","","",""
"2008060033","","1","0","0","0","0","0","0","0","0","1","0","","02","5","2008","5","40.425325","-79.754431","","11","0","0","0","0","1","1","0","0","","0","0","0","","","2","","2","","40 25:31.169","","0","79 45:15.951","8","0","0","0","2446","0","0","0","N","0","0","0","3","02446","0","","1.0","","1","N","N","","0","","0","0","0","","0","","","2","2","0","0","0","2","0","2","1","2","","","","N","","","","","","","","","",""
"2008060035","","1","0","0","0","0","0","0","0","0","7","0","","02","5","2008","5","40.410265","-80.092206","","11","0","0","0","0","0","0","1","0","2","0","0","0","","","0","","2","","40 24:36.954","1","0","80 05:31.941","0","0","0","0","2415","0","0","0","N","0","0","0","2","02415","0","","5.0","","1","N","N","","0","","0","0","0","","3","N","","1","0","0","0","0","0","0","2","0","1","","","","N","","","","","","","","","",""
"2008060036","","2","0","0","0","0","0","0","0","0","5","0","","02","5","2008","5","40.4933","-79.7898","","11","0","0","0","0","1","0","0","0","1","0","0","0","","","0","","0","","40 29:35.880","4","0","79 47:23.280","0","0","0","0","2113","0","0","0","N","0","0","0","1","02113","0","","1.0","","1","N","N","","0","","0","0","0","","0","N","","2","0","0","0","0","0","0","2","0","2","","","","N","","","","","","","","","",""
"2008060051","","1","0","0","0","0","0","0","0","0","5","0","","02","5","2008","6","40.33688","-79.867427","","11","0","0","0","0","1","0","0","0","2","0","0","0","","","0","","2","","40 20:12.768","5","0","79 52:02.737","9","0","0","0","2455","0","0","0","N","0","0","0","1","02455","0","","2.0","","9","N","N","","0","","0","0","0","","3","N","","3","0","0","0","0","0","1","2","2","3","","","","N","","","","","","","","","",""
"2008060058","","1","0","0","0","0","0","0","0","0","1","0","","02","5","2008","6","40.448433","-80.158024","","11","0","0","0","1","0","2","0","0","2","0","0","0","","","2","","1","","40 26:54.358","4","0","80 09:28.888","3","0","0","0","2115","0","0","0","N","0","0","0","6","02115","0","","1.0","","1","N","N","","1","","2","0","0","","2","N","","3","2","0","0","0","0","0","2","1","3","","","","N","","","","","","","","","",""
"2008060059","","1","0","0","0","0","0","0","0","0","7","0","","02","5","2008","4","","","","11","0","0","1","0","0","0","0","0","1","0","0","0","","","1","","0","","","1","0","","4","0","0","0","2115","0","0","0","N","0","0","0","1","02115","1","","4.0","","9","N","N","","0","","0","0","0","","0","N","","1","1","0","0","0","0","0","1","0","1","","","","N","","","","","","","","","",""
"2008060060","","2","0","0","0","0","0","0","0","0","4","0","","02","5","2008","6","40.331276","-80.052771","","11","0","0","0","0","0","0","1","0","","0","0","0","","","0","","2","","40 19:52.595","","0","80 03:09.976","0","0","0","0","2407","0","0","0","N","0","0","0","3","02407","0","","1.0","","1","N","N","","0","","0","0","0","","3","","","2","0","0","0","0","0","0","2","0","2","","","","N","","","","","","","","","",""
"2008060061","","2","0","0","0","0","0","0","0","0","4","0","","02","5","2008","7","40.31185","-80.0326","","11","0","0","0","0","0","0","1","0","","0","0","0","","","0","","0","","40 18:42.660","","0","80 01:57.360","0","0","0","0","2407","0","0","0","N","0","0","0","3","02407","0","","1.0","","1","N","N","","0","","0","0","0","","0","","","2","0","1","0","0","0","0","2","0","2","","","","N","","","","","","","","","",""
"2008060062","","1","0","0","0","0","0","0","0","0","8","0","","02","5","2008","3","40.362249","-80.029453","","11","0","0","0","0","0","0","0","0","","0","0","0","","","1","","0","","40 21:44.096","","0","80 01:46.030","4","0","0","0","2416","1","0","0","N","1","0","0","3","02416","1","","1.0","","1","N","N","","0","","0","0","0","","0","","","2","1","1","0","0","0","0","2","0","1","","","","N","","","","","","","","","",""
"2008060069","","2","0","0","0","0","0","0","0","0","4","0","","02","5","2008","5","40.456904","-79.758798","","11","0","0","0","0","0","2","0","0","","0","0","0","","","1","","3","","40 27:24.856","","0","79 45:31.674","4","0","0","0","2446","0","0","0","N","0","0","0","4","02446","1","","1.0","","1","N","N","","0","","0","0","0","","4","","","2","1","0","0","0","0","0","2","0","2","","","","N","","","","","","","","","",""
"2008060110","","1","0","0","0","0","0","0","0","0","7","0","","02","5","2008","5","40.337401","-79.992613","","11","0","0","0","0","0","0","0","0","","0","0","0","","","0","","0","","40 20:14.643","","0","79 59:33.406","0","0","0","0","2403","0","0","0","N","0","0","0","1","02403","0","","5.0","","1","N","N","","0","","0","0","0","","0","","","1","0","0","0","0","0","0","2","0","1","","","","N","","","","","","","","","",""
"2008060132","","0","0","0","0","0","0","0","0","0","2","1","","02","5","2008","5","","","","11","0","0","0","0","0","0","0","0","","0","1","0","","","1","","0","","","","0","","3","0","0","1","2455","0","0","0","N","0","0","0","1","02455","0","","5.0","","1","N","N","","0","","1","0","0","","0","","","2","1","0","0","0","0","0","1","0","2","","","","N","","","","","","","","","",""
"2008060162","","1","0","0","0","0","0","0","0","0","7","0","","02","5","2008","5","40.6247","-80.0962","","11","0","1","0","0","0","0","0","0","","0","0","0","","","0","","0","","40 37:28.920","","0","80 05:46.320","0","0","0","0","2212","0","0","0","Y","0","0","0","2","02505","0","","5.0","","1","N","N","","0","","0","0","0","","0","","","1","0","0","0","0","0","0","2","0","1","","","","N","","","","","","","","","",""
"2008060164","","3","0","0","0","0","0","0","0","0","1","0","","02","5","2008","5","40.620459","-80.074164","","11","0","1","0","1","0","1","0","0","2","0","0","0","","","1","","2","","40 37:13.654","3","0","80 04:26.989","4","0","0","0","2212","0","0","0","N","0","0","0","5","02505","1","","1.0","","1","N","N","","1","","0","0","1","","0","N","","5","1","0","0","0","0","0","2","0","5","","","","N","","","","","","","","","",""
"2008060304","","0","0","0","0","0","0","0","0","0","1","0","","02","5","2008","5","40.586675","-80.095088","","11","0","0","0","0","0","0","0","0","","0","0","0","","","0","","0","","40 35:12.031","","0","80 05:42.315","0","0","0","0","2481","0","0","0","N","0","0","0","2","02481","0","","1.0","","1","N","N","","0","","0","0","2","","0","","","2","0","0","0","0","0","0","2","0","2","","","","N","","","","","","","","","",""
"2008060389","","1","0","0","0","0","0","0","0","0","4","0","","02","5","2008","5","40.501726","-79.982891","","11","0","0","0","0","0","0","1","1","1","0","0","0","","","1","","2","","40 30:06.212","1","0","79 58:58.409","8","0","0","0","2118","0","0","0","N","0","0","0","3","02118","0","","1.0","","1","Y","N","","0","","0","0","1","","3","N","","3","1","1","0","0","1","0","2","0","3","","","","N","","","","","","","","","",""
"2008060392","","2","0","0","0","0","0","0","0","0","4","0","","02","5","2008","1","40.519011","-80.013551","","11","0","0","0","0","0","0","0","1","1","0","0","0","","","1","","3","","40 31:08.440","7","0","80 00:48.782","8","0","0","0","2116","0","0","0","N","0","0","0","5","02116","0","","1.0","","1","N","N","","0","","0","0","0","","2","Y","","2","1","0","0","0","1","0","2","0","2","","","","N","","","","","","","","","",""
"2008060393","","1","0","0","0","0","0","0","0","0","1","0","","02","5","2008","5","40.3323","-80.0696","","11","0","0","0","0","0","0","0","0","","0","0","0","","","1","","7","","40 19:56.280","","2","80 04:10.560","8","0","0","0","2123","0","0","0","N","0","0","0","3","02123","0","","1.0","","1","N","N","","0","","0","0","1","","3","","","2","1","0","0","0","1","0","2","0","2","","","","N","","","","","","","","","",""
"2008060399","","2","0","0","0","0","0","0","0","0","1","0","","02","5","2008","1","40.542031","-80.012994","","11","0","0","0","0","0","1","1","0","2","0","0","0","","","0","","1","","40 32:31.310","2","0","80 00:46.779","0","0","0","0","2116","0","0","0","N","0","0","0","2","02116","0","","1.0","","9","N","N","","0","","0","0","0","","2","N","","2","0","0","0","0","0","0","2","0","2","","","","N","","","","","","","","","",""