"CRN","ARRIVAL_TM","AUTOMOBILE_COUNT","BELTED_DEATH_COUNT","BELTED_SUSP_SERIOUS_INJ_COUNT","BICYCLE_COUNT","BICYCLE_DEATH_COUNT","BICYCLE_SUSP_SERIOUS_INJ_COUNT","BUS_COUNT","CHLDPAS_DEATH_COUNT","CHLDPAS_SUSP_SERIOUS_INJ_COUNT","COLLISION_TYPE","COMM_VEH_COUNT","CONS_ZONE_SPD_LIM","COUNTY","CRASH_MONTH","CRASH_YEAR","DAY_OF_WEEK","DEC_LATITUDE","DEC_LONGITUDE","DISPATCH_TM","DISTRICT","DRIVER_COUNT_16YR","DRIVER_COUNT_17YR","DRIVER_COUNT_18YR","DRIVER_COUNT_19YR","DRIVER_COUNT_20YR","DRIVER_COUNT_50_64YR","DRIVER_COUNT_65_74YR","DRIVER_COUNT_75PLUS","EST_HRS_CLOSED","FATAL_COUNT","HEAVY_TRUCK_COUNT","HORSE_BUGGY_COUNT","HOUR_OF_DAY","ILLUMINATION","INJURY_COUNT","INTERSECTION_RELATED","INTERSECT_TYPE","LANE_CLOSED","LATITUDE","LN_CLOSE_DIR","LOCATION_TYPE","LONGITUDE","MAX_SEVERITY_LEVEL","MCYCLE_DEATH_COUNT","MCYCLE_SUSP_SERIOUS_INJ_COUNT","MOTORCYCLE_COUNT","MUNICIPALITY","NONMOTR_COUNT","NONMOTR_DEATH_COUNT","NONMOTR_SUSP_SERIOUS_INJ_COUNT","NTFY_HIWY_MAINT","PED_COUNT","PED_DEATH_COUNT","PED_SUSP_SERIOUS_INJ_COUNT","PERSON_COUNT","POLICE_AGCY","POSSIBLE_INJ_COUNT","RDWY_SURF_TYPE_CD","RELATION_TO_ROAD","ROADWAY_CLEARED","ROAD_CONDITION","SCH_BUS_IND","SCH_ZONE_IND","SECONDARY_CRASH","SMALL_TRUCK_COUNT","SPEC_JURIS_CD","SUSP_MINOR_INJ_COUNT","SUSP_SERIOUS_INJ_COUNT","SUV_COUNT","TCD_FUNC_CD","TCD_TYPE","TFC_DETOUR_IND","TIME_OF_DAY","TOTAL_UNITS","TOT_INJ_COUNT","UNBELTED_OCC_COUNT","UNB_DEATH_COUNT","UNB_SUSP_SERIOUS_INJ_COUNT","UNK_INJ_DEG_COUNT","UNK_INJ_PER_COUNT","URBAN_RURAL","VAN_COUNT","VEHICLE_COUNT","WEATHER1","WEATHER2","WORKERS_PRES","WORK_ZONE_IND","WORK_ZONE_LOC","WORK_ZONE_TYPE","WZ_CLOSE_DETOUR","WZ_FLAGGER","WZ_LAW_OFFCR_IND","WZ_LN_CLOSURE","WZ_MOVING","WZ_OTHER","WZ_SHLDER_MDN","WZ_WORKERS_INJ_KILLED"
"2008060405","","0","0","0","0","0","0","0","0","0","1","0","","02","5","2008","5","40.5207","-80.0239","","11","0","0","0","0","0","0","1","0","1","0","0","0","","","2","","0","","40 31:14.520","4","0","80 01:26.040","4","0","0","0","2116","0","0","0","N","0","0","0","3","02116","2","","1.0","","1","N","N","","0","","0","0","1","","0","N","","2","2","0","0","0","0","1","2","1","2","","","","N","","","","","","","","","",""
"2008060411","","1","0","0","0","0","0","0","0","0","6","0","","02","5","2008","6","40.48","-79.8004","","11","0","0","0","1","0","1","0","0","2","0","0","0","","","0","","0","","40 28:48.000","5","0","79 48:01.440","0","0","0","0","2113","0","0","0","N","0","0","0","2","02113","0","","1.0","","9","","N","","1","","0","0","0","","0","Y","","2","0","1","0","0","0","0","2","0","2","","","","N","","","","","","","","","",""
"2008060412","","1","0","0","0","0","0","0","0","0","7","0","","02","5","2008","6","40.397564","-79.896088","","11","0","0","0","0","0","0","0","0","","0","0","0","","","0","","0","","40 23:51.230","","0","79 53:45.916","0","0","0","0","2448","0","0","0","N","0","0","0","0","02448","0","","2.0","","9","N","N","","0","","0","0","0","","0","","","1","0","0","0","0","0","0","2","0","1","","","","N","","","","","","","","","",""
"2008060422","","1","0","0","0","0","0","0","0","0","5","0","","02","5","2008","6","40.5379","-79.8342","","11","0","0","0","0","0","0","0","0","2","0","0","0","","","0","","0","","40 32:16.440","2","0","79 50:03.120","0","0","0","0","2208","0","0","0","N","0","0","0","6","02208","0","","1.0","","9","N","N","","0","","0","0","1","","0","N","","2","0","2","0","0","0","0","2","0","2","","","","N","","","","","","","","","",""
"2008060427","","0","0","1","0","0","0","0","0","0","7","0","","02","5","2008","6","40.5246","-79.9639","","11","0","0","0","0","0","0","0","0","2","0","0","0","","","2","","0","","40 31:28.560","6","0","79 57:50.040","2","0","0","0","2118","0","0","0","N","0","0","0","2","02118","1","","5.0","","9","N","N","","0","","0","1","0","","0","Y","","1","2","0","0","0","0","0","2","1","1","","","","N","","","","","","","","","",""
"2008060431","","2","0","0","0","0","0","0","0","0","1","0","","02","5","2008","5","40.445446","-79.765266","","11","0","0","1","0","0","0","0","0","","0","0","0","","","1","","3","","40 26:43.605","","0","79 45:54.957","4","0","0","0","2446","0","0","0","N","0","0","0","4","02446","1","","1.0","","1","N","N","","0","","0","0","0","","3","","","2","1","0","0","0","0","0","2","0","2","","","","N","","","","","","","","","",""
"2008060432","","0","0","0","0","0","0","0","0","0","4","0","","02","5","2008","1","40.486407","-80.054297","","11","0","0","0","1","0","0","0","0","","0","0","0","","","0","","0","","40 29:11.064","","0","80 03:15.468","0","0","0","0","2404","0","0","0","N","0","0","0","2","02404","0","","1.0","","9","N","N","","0","","0","0","1","","0","","","2","0","1","0","0","0","0","2","1","2","","","","N","","","","","","","","","",""
"2008060434","","2","0","0","0","0","0","0","0","0","1","1","","02","5","2008","3","40.6262","-79.9418","","11","0","0","0","0","0","0","0","0","2","0","1","0","","","2","","0","","40 37:34.320","5","0","79 56:30.480","3","0","0","0","2217","0","0","0","N","0","0","0","6","02505","0","","1.0","","1","N","N","","0","","2","0","0","","0","N","","3","2","1","0","0","0","1","2","0","3","","","","N","","","","","","","","","",""
"2008060436","","2","0","0","0","0","0","0","0","0","4","0","","02","5","2008","6","40.438806","-79.766131","","11","0","0","0","0","0","1","1","0","","0","0","0","","","1","","0","","40 26:19.703","","0","79 45:58.070","4","0","0","0","2446","0","0","0","N","0","0","0","2","02446","1","","1.0","","9","N","N","","0","","0","0","0","","0","","","2","1","0","0","0","0","0","2","0","2","","","","N","","","","","","","","","",""
"2008060450","","1","0","0","0","0","0","0","0","0","7","0","","02","5","2008","6","40.635345","-79.941576","","11","0","0","0","0","0","0","0","0","1","0","0","0","","","0","","1","","40 38:07.241","1","7","79 56:29.675","0","0","0","0","2217","0","0","0","N","0","0","0","1","02505","0","","5.0","","9","N","N","","0","","0","0","0","","0","N","","1","0","0","0","0","0","0","2","0","1","","","","N","","","","","","","","","",""
"2008060452","","1","0","0","0","0","0","0","0","0","7","0","","02","5","2008","5","40.30195","-80.021343","","11","0","0","1","0","0","0","0","0","","0","0","0","","","1","","0","","40 18:07.021","","0","80 01:16.834","4","0","0","0","2407","0","0","0","N","0","0","0","1","02407","1","","4.0","","9","N","N","","0","","0","0","0","","0","","","1","1","1","0","0","0","0","2","0","1","","","","N","","","","","","","","","",""
"2008060453","","2","0","0","0","0","0","0","0","0","1","0","","02","5","2008","3","40.311086","-80.03299","","11","0","0","0","0","0","1","0","0","","0","0","0","","","1","","2","","40 18:39.909","","0","80 01:58.763","4","0","0","0","2407","0","0","0","N","0","0","0","2","02407","1","","1.0","","1","N","N","","0","","0","0","0","","2","","","2","1","0","0","0","0","1","2","0","2","","","","N","","","","","","","","","",""
"2008060454","","3","0","0","0","0","0","0","0","0","1","0","","02","5","2008","7","40.347201","-80.055576","","11","1","0","0","0","1","2","0","0","","0","0","0","","","3","","0","","40 20:49.924","","0","80 03:20.074","8","0","0","0","2407","0","0","0","N","0","0","0","5","02407","0","","1.0","","1","N","N","","0","","0","0","1","","2","","","4","3","0","0","0","3","0","2","0","4","","","","N","","","","","","","","","",""
"2008060455","","2","0","0","0","0","0","0","0","0","2","0","","02","5","2008","5","40.6157","-80.0942","","11","0","0","0","1","0","0","0","0","","0","0","0","","","1","","1","","40 36:56.520","","2","80 05:39.120","8","0","0","0","2481","0","0","0","N","0","0","0","3","02481","0","","1.0","","9","N","N","","0","","0","0","0","","2","","","2","1","0","0","0","1","0","2","0","2","","","","N","","","","","","","","","",""
"2008060477","","1","0","0","0","0","0","0","0","0","1","0","","02","5","2008","5","","","","11","0","0","0","0","0","0","0","0","","0","1","0","","","0","","0","","40 32:05.28","","0","80 04:27.12","0","0","0","0","2215","0","0","0","N","0","0","0","3","68B03","0","","1.0","","1","N","N","","0","","0","0","0","","0","","","2","0","0","0","0","0","0","2","0","2","","","","N","","","","","","","","","",""
"2008060523","","2","0","0","0","0","0","0","0","0","1","0","","02","5","2008","6","40.3519","-79.9775","","11","0","0","0","0","0","0","0","1","2","0","0","0","","","0","","0","","40 21:06.840","2","0","79 58:39.000","0","0","0","0","2476","0","0","0","N","0","0","0","7","02476","0","","1.0","","9","N","N","","0","","0","0","0","","0","N","","2","0","0","0","0","0","0","2","0","2","","","","N","","","","","","","","","",""
"2008060527","","1","0","0","0","0","0","0","0","0","7","0","","02","5","2008","6","40.404286","-80.098365","","11","0","0","0","0","0","0","0","0","","0","0","0","","","0","","1","","40 24:15.428","","0","80 05:54.113","0","0","0","0","2415","0","0","0","N","0","0","0","1","02415","0","","5.0","","9","N","N","","0","","0","0","0","","0","","","1","0","0","0","0","0","0","2","0","1","","","","N","","","","","","","","","",""
"2008060529","","2","0","0","0","0","0","0","0","0","4","0","","02","5","2008","6","40.518966","-79.958973","","11","0","1","0","0","0","0","0","0","","0","0","0","","","0","","2","","40 31:08.276","","0","79 57:32.302","0","0","0","0","2118","0","0","0","N","0","0","0","2","02118","0","","1.0","","1","N","N","","0","","0","0","0","","0","","","2","0","0","0","0","0","0","2","0","2","","","","N","","","","","","","","","",""
"2008060538","","2","0","0","0","0","0","0","0","0","1","0","","02","4","2008","6","40.348522","-79.830572","","11","0","0","0","0","1","0","0","0","9","0","0","0","","","0","","2","","40 20:54.679","4","0","79 49:50.059","0","0","0","0","2304","0","0","0","N","0","0","0","2","02304","0","","1.0","","1","N","N","","0","","0","0","0","","0","N","","2","0","0","0","0","0","0","2","0","2","","","","N","","","","","","","","","",""
"2008060539","","2","0","0","0","0","0","0","0","0","4","0","","02","4","2008","2","40.456098","-79.941308","","11","0","0","0","0","0","0","1","0","1","0","0","0","","","0","","0","","40 27:21.954","1","0","79 56:28.709","0","0","0","0","2301","0","0","0","","0","0","0","2","02301","0","","1.0","","1","N","N","","0","","0","0","0","","0","N","","2","0","0","0","0","0","0","2","0","2","","","","N","","","","","","","","","",""
"2008060540","","1","0","0","0","0","0","0","0","0","1","0","","02","4","2008","7","40.464794","-79.979884","","11","0","0","0","0","0","0","0","0","","0","0","0","","","1","","2","","40 27:53.259","","0","79 58:47.582","8","0","0","0","2301","0","0","0","N","0","0","0","2","02301","0","","1.0","","1","N","N","","1","","0","0","0","","2","","","2","1","0","0","0","1","0","2","0","2","","","","N","","","","","","","","","",""
"2008060541","","2","0","0","0","0","0","0","0","0","4","0","","02","4","2008","3","40.451509","-79.908149","","11","0","0","0","0","0","1","0","0","","0","0","0","","","0","","2","","40 27:05.433","","0","79 54:29.335","0","0","0","0","2301","0","0","0","N","0","0","0","2","02301","0","","1.0","","1","N","N","","0","","0","0","0","","2","","","2","0","0","0","0","0","0","2","0","2","","","","N","","","","","","","","","",""
"2008060542","","1","0","0","0","0","0","0","0","0","4","0","","02","4","2008","3","40.434954","-79.927631","","11","0","0","0","0","0","0","0","0","1","0","0","0","","","0","","1","","40 26:05.834","1","0","79 55:39.471","0","0","0","0","2301","0","0","0","N","0","0","0","2","02301","0","","1.0","","1","N","N","","0","","0","0","1","","0","N","","2","0","0","0","0","0","0","2","0","2","","","","N","","","","","","","","","",""
"2008060548","","1","0","0","0","0","0","0","0","0","7","0","","02","4","2008","7","40.46248","-79.947423","","11","0","0","0","0","0","0","0","0","","0","0","0","","","0","","0","","40 27:44.928","","0","79 56:50.722","0","0","0","0","2301","0","0","0","N","0","0","0","1","02301","0","","5.0","","1","N","N","","0","","0","0","0","","0","","","1","0","0","0","0","0","0","2","0","1","","","","N","","","","","","","","","",""
"2008060597","","4","0","0","0","0","0","0","0","0","2","0","","02","5","2008","2","40.455076","-79.710801","","11","0","0","0","0","0","2","0","0","1","0","0","0","","","0","","2","","40 27:18.273","3","0","79 42:38.883","0","0","0","0","2466","0","0","0","N","0","0","0","4","02466","0","","1.0","","1","N","N","","0","","0","0","0","","2","N","","4","0","1","0","0","0","0","2","0","4","","","","N","","","","","","","","","",""
"2008060669","","1","0","0","0","0","0","0","0","0","7","0","","02","5","2008","7","40.389686","-79.940412","","11","0","0","0","0","0","0","1","0","1","0","0","0","","","0","","0","","40 23:22.871","5","0","79 56:25.484","0","0","0","0","2301","0","0","0","N","0","0","0","1","02301","0","","2.0","","9","N","N","","0","","0","0","0","","0","Y","","1","0","0","0","0","0","0","2","0","1","","","","N","","","","","","","","","",""
"2008060677","","1","0","0","0","0","0","0","0","0","7","0","","02","5","2008","6","40.581681","-79.993039","","11","0","0","0","0","0","1","0","0","","0","0","0","","","1","","2","","40 34:54.051","","0","79 59:34.939","8","0","0","0","2108","0","0","0","N","0","0","0","1","02108","0","","4.0","","1","N","N","","0","","0","0","0","","0","","","1","1","0","0","0","1","0","2","0","1","","","","N","","","","","","","","","",""
"2008060685","","0","0","0","0","0","0","0","0","0","8","0","","02","5","2008","5","40.458421","-79.934724","","11","0","0","0","0","0","0","0","0","1","0","0","0","","","1","","0","","40 27:30.315","7","0","79 56:05.006","3","0","0","0","2301","1","0","0","N","1","0","0","2","02301","0","","1.0","","1","N","N","","0","","1","0","1","","0","Y","","2","1","0","0","0","0","0","2","0","1","","","","N","","","","","","","","","",""
"2008060686","","2","0","0","0","0","0","0","0","0","4","0","","02","5","2008","6","40.457451","-79.917424","","11","0","0","0","0","0","0","0","1","","0","0","0","","","0","","2","","40 27:26.823","","7","79 55:02.726","0","0","0","0","2301","0","0","0","N","0","0","0","2","02301","0","","1.0","","1","N","N","","0","","0","0","0","","2","","","2","0","0","0","0","0","0","2","0","2","","","","N","","","","","","","","","",""
"2008060687","","1","0","0","0","0","0","0","0","0","4","0","","02","5","2008","7","40.465018","-79.920004","","11","0","0","0","0","0","1","0","0","","0","0","0","","","0","","1","","40 27:54.064","","0","79 55:12.014","0","0","0","0","2301","0","0","0","N","0","0","0","4","02301","0","","1.0","","1","N","N","","0","","0","0","0","","2","","","2","0","0","0","0","0","0","2","1","2","","","","N","","","","","","","","","",""
"2008060688","","1","0","0","0","0","0","0","0","0","4","0","","02","4","2008","2","40.443835","-80.174965","","11","0","0","0","0","0","0","0","1","","0","0","0","","","1","","2","","40 26:37.807","","0","80 10:29.875","4","0","0","0","2214","0","0","0","N","0","0","0","3","02214","1","","1.0","","1","N","N","","0","","0","0","0","","3","","","2","1","0","0","0","0","0","1","1","2","","","","N","","","","","","","","","",""
"2008060692","","1","0","0","0","0","0","0","0","0","5","0","","02","4","2008","7","40.46484","-80.058901","","11","0","0","0","0","0","0","0","0","2","0","0","0","","","0","","0","","40 27:53.423","4","0","80 03:32.044","0","0","0","0","2444","0","0","0","N","0","0","0","3","02444","0","","1.0","","9","N","N","","0","","0","0","1","","0","N","","2","0","0","0","0","0","0","2","0","2","","","","N","","","","","","","","","",""
"2008060693","","1","0","0","0","0","0","0","0","0","7","0","","02","4","2008","3","40.473616","-80.063129","","11","0","0","0","1","0","0","0","0","","0","0","0","","","0","","1","","40 28:25.019","","0","80 03:47.264","0","0","0","0","2444","0","0","0","N","0","0","0","1","02444","0","","5.0","","1","N","N","","0","","0","0","0","","2","","","1","0","0","0","0","0","0","2","0","1","","","","N","","","","","","","","","",""
"2008060837","","1","0","0","0","0","0","0","0","0","7","0","","02","5","2008","6","40.472608","-79.732692","","11","0","0","0","0","0","0","0","0","5","0","0","0","","","1","","0","","40 28:21.387","5","0","79 43:57.690","3","0","0","0","2466","0","0","0","N","0","0","0","1","02466","0","","5.0","","9","N","N","","0","","1","0","0","","0","N","","1","1","0","0","0","0","0","2","0","1","","","","N","","","","","","","","","",""
"2008060849","","0","0","0","0","0","0","0","0","0","4","0","","02","4","2008","4","40.420277","-80.201663","","11","0","0","0","0","0","1","0","0","1","0","0","0","","","1","","0","","40 25:12.996","5","0","80 12:05.987","2","0","1","1","2214","0","0","0","N","0","0","0","1","02214","0","","1.0","","1","N","N","","0","","0","1","0","","0","Y","","2","1","0","0","0","0","0","1","0","2","","","","N","","","","","","","","","",""
"2008060850","","2","0","0","0","0","0","0","0","0","4","0","","02","4","2008","5","40.450622","-80.174308","","11","0","0","0","0","0","0","0","0","","0","0","0","","","0","","1","","40 27:02.240","","2","80 10:27.510","0","0","0","0","2214","0","0","0","N","0","0","0","2","02214","0","","1.0","","1","N","N","","0","","0","0","0","","2","","","2","0","0","0","0","0","0","2","0","2","","","","N","","","","","","","","","",""
"2008061025","","0","0","0","0","0","0","0","0","0","2","0","","02","5","2008","6","","","","11","0","1","0","0","0","0","0","0","","0","0","0","","","0","","1","","","","0","","0","0","0","0","2117","0","0","0","N","0","0","0","4","02117","0","","1.0","","1","N","N","","0","","0","0","2","","2","","","2","0","0","0","0","0","0","1","0","2","","","","N","","","","","","","","","",""
"2008061107","","1","0","0","0","0","0","0","0","0","4","0","","02","2","2008","6","40.4548","-79.9944","","11","0","0","0","0","0","0","0","0","","0","0","0","","","0","","1","","40 27:17.280","","2","79 59:39.840","0","0","0","0","2301","0","0","0","N","0","0","0","3","02301","0","","7.0","","9","N","N","","0","","0","0","1","","2","","","2","0","0","0","0","0","0","2","0","2","","","","N","","","","","","","","","",""
"2008061108","","0","0","0","0","0","0","0","0","0","7","1","","02","4","2008","4","40.456774","-80.029255","","11","0","0","0","0","0","1","0","0","","0","1","0","","","1","","2","","40 27:24.385","","0","80 01:45.317","8","0","0","0","2301","0","0","0","N","0","0","0","2","02301","0","","4.0","","1","N","N","","0","","0","0","1","","0","","","2","1","0","0","0","1","0","2","0","2","","","","N","","","","","","","","","",""
"2008061256","","0","0","0","0","0","0","0","0","0","4","0","","02","4","2008","4","40.415294","-79.848114","","11","0","0","0","0","0","1","0","0","1","0","0","0","","","0","","0","","40 24:55.059","2","0","79 50:53.211","0","0","0","0","2431","0","0","0","N","0","0","0","2","02431","0","","1.0","","1","N","N","","2","","0","0","0","","0","N","","2","0","0","0","0","0","0","2","0","2","","","","N","","","","","","","","","",""
"2008061257","","2","0","0","0","0","0","0","0","0","5","0","","02","5","2008","5","40.416108","-79.847876","","11","0","0","0","0","0","0","0","0","1","0","0","0","","","0","","2","","40 24:57.989","3","0","79 50:52.353","0","0","0","0","2431","0","0","0","N","0","0","0","4","02431","0","","1.0","","1","N","N","","0","","0","0","0","","2","N","","2","0","1","0","0","0","0","2","0","2","","","","N","","","","","","","","","",""
"2008061266","","1","0","0","0","0","0","0","0","0","7","0","","02","4","2008","2","40.432718","-79.937801","","11","0","0","0","0","0","0","0","0","","0","0","0","","","0","","0","","40 25:57.785","","0","79 56:16.082","0","0","0","0","2301","0","0","0","N","0","0","0","1","02301","0","","5.0","","9","N","N","","0","","0","0","0","","0","","","1","0","0","0","0","0","0","2","0","1","","","","N","","","","","","","","","",""
"2008061268","","1","0","0","0","0","0","0","0","0","1","0","","02","4","2008","3","40.435296","-79.946663","","11","0","0","0","0","0","1","0","0","","0","0","0","","","0","","3","","40 26:07.065","","0","79 56:47.986","0","0","0","0","2301","0","0","0","N","0","0","0","2","02301","0","","7.0","","1","N","N","","1","","0","0","0","","4","","","2","0","0","0","0","0","0","2","0","2","","","","N","","","","","","","","","",""
"2008061269","","1","0","1","0","0","0","0","0","0","4","0","","02","4","2008","4","40.454029","-79.912399","","11","0","0","0","0","0","1","0","0","1","0","0","0","","","1","","1","","40 27:14.504","1","0","79 54:44.638","2","0","0","0","2301","0","0","0","N","0","0","0","3","02301","0","","1.0","","1","N","N","","0","","0","1","1","","2","N","","2","1","0","0","0","0","0","2","0","2","","","","N","","","","","","","","","",""
"2008061270","","0","0","0","0","0","0","0","0","0","1","0","","02","5","2008","6","40.452149","-79.903737","","11","0","0","0","0","0","0","0","0","","0","0","0","","","0","","0","","40 27:07.736","","0","79 54:13.453","0","0","0","0","2301","0","0","0","N","0","0","0","1","02301","0","","1.0","","1","N","N","","0","","0","0","2","","0","","","2","0","0","0","0","0","0","2","0","2","","","","N","","","","","","","","","",""
"2008061271","","1","0","0","0","0","0","0","0","0","4","0","","02","5","2008","7","40.454125","-79.906268","","11","0","0","0","0","0","1","1","0","","0","0","0","","","2","","1","","40 27:14.851","","0","79 54:22.563","8","0","0","0","2301","0","0","0","N","0","0","0","2","02301","0","","1.0","","9","N","N","","0","","0","0","1","","3","","","2","2","0","0","0","2","0","2","0","2","","","","N","","","","","","","","","",""
"2008061272","","2","0","0","0","0","0","0","0","0","6","0","","02","5","2008","1","40.44965","-79.913102","","11","0","0","1","0","0","0","0","0","","0","0","0","","","1","","0","","40 26:58.740","","0","79 54:47.167","4","0","0","0","2301","0","0","0","N","0","0","0","1","02301","1","","1.0","","1","N","N","","0","","0","0","0","","0","","","2","1","0","0","0","0","0","2","0","2","","","","N","","","","","","","","","",""
"2008061273","","1","0","0","0","0","0","0","0","0","8","0","","02","5","2008","1","40.429179","-79.921213","","11","0","0","0","0","0","0","0","0","","0","0","0","","","1","","1","","40 25:45.044","","0","79 55:16.366","8","0","0","0","2301","1","0","0","N","1","0","0","2","02301","0","","1.0","","1","N","N","","0","","0","0","0","","2","","","2","1","0","0","0","1","0","2","0","1","","","","N","","","","","","","","","",""
"2008061274","","2","0","0","0","0","0","0","0","0","6","0","","02","5","2008","5","40.438844","-79.990973","","11","0","0","0","0","0","0","0","0","","0","0","0","","","0","","2","","40 26:19.838","","0","79 59:27.502","0","0","0","0","2301","0","0","0","N","0","0","0","3","02301","0","","1.0","","1","N","N","","0","","0","0","0","","2","","","2","0","0","0","0","0","0","2","0","2","","","","N","","","","","","","","","",""
"2008061275","","1","0","0","0","0","0","0","0","0","8","0","","02","5","2008","2","40.43749","-79.999296","","11","0","0","0","0","0","1","0","0","1","0","0","0","","","1","","1","","40 26:14.965","1","0","79 59:57.465","8","0","0","0","2301","1","0","0","N","1","0","0","2","02301","0","","1.0","","1","N","N","","0","","0","0","0","","2","N","","2","1","0","0","0","1","0","2","0","1","","","","N","","","","","","","","","",""
"2008061276","","1","0","0","0","0","0","0","0","0","7","0","","02","5","2008","5","40.411114","-79.945515","","11","0","0","0","0","0","0","0","0","2","0","1","0","","","1","","0","","40 24:40.010","5","0","79 56:43.854","8","0","0","0","2301","0","0","0","N","0","0","0","1","02301","0","","5.0","","1","N","N","","0","","0","0","2","","0","Y","","4","1","0","0","0","1","0","2","0","4","","","","N","","","","","","","","","",""
"2008061277","","0","0","0","0","0","0","0","0","0","8","0","","02","4","2008","3","40.452825","-79.979991","","11","0","0","0","0","0","0","0","0","","0","0","0","","","1","","1","","40 27:10.169","","0","79 58:47.968","3","0","0","0","2301","1","0","0","","1","0","0","2","02301","0","","1.0","","1","","","","0","","1","0","0","","2","","","2","1","0","0","0","0","0","2","1","1","","","","N","","","","","","","","","",""
"2008061278","","2","0","0","0","0","0","0","0","0","4","0","","02","4","2008","1","40.438844","-79.990973","","11","0","1","0","0","0","0","0","0","","0","0","0","","","0","","1","","40 26:19.838","","0","79 59:27.502","0","0","0","0","2301","0","0","0","N","0","0","0","2","02301","0","","1.0","","1","N","N","","0","","0","0","0","","2","","","2","0","0","0","0","0","0","2","0","2","","","","N","","","","","","","","","",""
"2008061279","","1","0","0","0","0","0","0","0","0","4","0","","02","4","2008","2","40.437907","-79.990993","","11","0","0","0","0","1","1","0","0","1","0","0","0","","","1","","1","","40 26:16.464","3","0","79 59:27.576","8","0","0","0","2301","0","0","0","N","0","0","0","2","02301","0","","1.0","","1","N","N","","0","","0","0","0","","2","N","","2","1","0","0","0","1","0","2","1","2","","","","N","","","","","","","","","",""
"2008061284","","1","0","0","0","0","0","0","0","0","5","0","","02","4","2008","2","40.467027","-80.024868","","11","0","0","0","0","0","0","0","0","","0","0","0","","","0","","1","","40 28:01.298","","0","80 01:29.526","0","0","0","0","2301","0","0","0","N","0","0","0","2","02301","0","","1.0","","9","N","N","","1","","0","0","0","","0","","","2","0","0","0","0","0","0","2","0","2","","","","N","","","","","","","","","",""
"2008061285","","2","0","0","0","0","0","0","0","0","5","0","","02","4","2008","2","40.490941","-80.017959","","11","0","0","0","0","0","0","0","0","","0","0","0","","","0","","0","","40 29:27.387","","0","80 01:04.652","9","0","0","0","2301","0","0","0","N","0","0","0","2","02301","0","","1.0","","1","N","N","","0","","0","0","0","","0","","","3","0","0","0","0","0","1","2","1","3","","","","N","","","","","","","","","",""
"2008061286","","3","0","0","0","0","0","0","0","0","1","0","","02","5","2008","5","40.458497","-79.986244","","11","0","0","0","0","0","0","0","0","2","0","0","0","","","0","","0","","40 27:30.588","2","0","79 59:10.477","0","0","0","0","2301","0","0","0","N","0","0","0","3","02301","0","","1.0","","1","N","N","","0","","0","0","0","","0","N","","3","0","1","0","0","0","0","2","0","3","","","","N","","","","","","","","","",""
"2008061289","","1","0","0","0","0","0","0","0","0","4","0","","02","4","2008","6","40.581512","-80.065493","","11","1","0","0","0","0","0","0","0","","0","0","0","","","0","","1","","40 34:53.443","","0","80 03:55.774","0","0","0","0","2108","0","0","0","N","0","0","0","2","02108","0","","1.0","","1","N","N","","1","","0","0","0","","3","","","2","0","0","0","0","0","0","2","0","2","","","","N","","","","","","","","","",""
"2008061290","","1","0","0","0","0","0","0","0","0","7","0","","02","4","2008","7","40.575748","-80.037221","","11","0","0","0","0","0","0","0","0","","0","0","0","","","2","","1","","40 34:32.691","","0","80 02:13.994","4","0","0","0","2108","0","0","0","N","0","0","0","3","02108","2","","2.0","","1","N","N","","0","","0","0","0","","0","","","1","2","0","0","0","0","0","2","0","1","","","","N","","","","","","","","","",""
"2008061291","","1","0","0","0","0","0","0","0","0","7","0","","02","4","2008","2","40.5868","-80.045","","11","0","0","0","0","0","0","0","0","2","0","0","0","","","0","","1","","40 35:12.480","1","0","80 02:42.000","0","0","0","0","2108","0","0","0","N","0","0","0","1","02108","0","","4.0","","9","N","N","","0","","0","0","0","","3","N","","1","0","0","0","0","0","0","2","0","1","","","","N","","","","","","","","","",""
"2008061292","","2","0","0","0","0","0","0","0","0","1","0","","02","4","2008","4","40.5582","-80.0233","","11","0","0","0","0","0","0","1","0","1","0","0","0","","","1","","7","","40 33:29.520","4","2","80 01:23.880","8","0","0","0","2108","0","0","0","N","0","0","0","3","02108","0","","7.0","","1","N","N","","0","","0","0","0","","3","N","","2","1","0","0","0","1","0","2","0","2","","","","N","","","","","","","","","",""
"2008061293","","2","0","0","0","0","0","0","0","0","4","0","","02","4","2008","6","40.570725","-80.00275","","11","0","0","0","0","0","0","0","0","","0","0","0","","","0","","2","","40 34:14.609","","0","80 00:09.900","0","0","0","0","2108","0","0","0","N","0","0","0","2","02108","0","","1.0","","1","N","N","","0","","0","0","0","","3","","","2","0","0","0","0","0","0","2","0","2","","","","N","","","","","","","","","",""
"2008061294","","1","0","0","0","0","0","0","0","0","4","0","","02","5","2008","6","40.6123","-80.0543","","11","0","0","0","0","0","0","0","0","","0","0","0","","","0","","1","","40 36:44.280","","0","80 03:15.480","0","0","0","0","2108","0","0","0","N","0","0","0","2","02108","0","","1.0","","1","N","N","","0","","0","0","1","","2","","","2","0","0","0","0","0","0","2","0","2","","","","N","","","","","","","","","",""