"CRN","ARRIVAL_TM","AUTOMOBILE_COUNT","BELTED_DEATH_COUNT","BELTED_SUSP_SERIOUS_INJ_COUNT","BICYCLE_COUNT","BICYCLE_DEATH_COUNT","BICYCLE_SUSP_SERIOUS_INJ_COUNT","BUS_COUNT","CHLDPAS_DEATH_COUNT","CHLDPAS_SUSP_SERIOUS_INJ_COUNT","COLLISION_TYPE","COMM_VEH_COUNT","CONS_ZONE_SPD_LIM","COUNTY","CRASH_MONTH","CRASH_YEAR","DAY_OF_WEEK","DEC_LATITUDE","DEC_LONGITUDE","DISPATCH_TM","DISTRICT","DRIVER_COUNT_16YR","DRIVER_COUNT_17YR","DRIVER_COUNT_18YR","DRIVER_COUNT_19YR","DRIVER_COUNT_20YR","DRIVER_COUNT_50_64YR","DRIVER_COUNT_65_74YR","DRIVER_COUNT_75PLUS","EST_HRS_CLOSED","FATAL_COUNT","HEAVY_TRUCK_COUNT","HORSE_BUGGY_COUNT","HOUR_OF_DAY","ILLUMINATION","INJURY_COUNT","INTERSECTION_RELATED","INTERSECT_TYPE","LANE_CLOSED","LATITUDE","LN_CLOSE_DIR","LOCATION_TYPE","LONGITUDE","MAX_SEVERITY_LEVEL","MCYCLE_DEATH_COUNT","MCYCLE_SUSP_SERIOUS_INJ_COUNT","MOTORCYCLE_COUNT","MUNICIPALITY","NONMOTR_COUNT","NONMOTR_DEATH_COUNT","NONMOTR_SUSP_SERIOUS_INJ_COUNT","NTFY_HIWY_MAINT","PED_COUNT","PED_DEATH_COUNT","PED_SUSP_SERIOUS_INJ_COUNT","PERSON_COUNT","POLICE_AGCY","POSSIBLE_INJ_COUNT","RDWY_SURF_TYPE_CD","RELATION_TO_ROAD","ROADWAY_CLEARED","ROAD_CONDITION","SCH_BUS_IND","SCH_ZONE_IND","SECONDARY_CRASH","SMALL_TRUCK_COUNT","SPEC_JURIS_CD","SUSP_MINOR_INJ_COUNT","SUSP_SERIOUS_INJ_COUNT","SUV_COUNT","TCD_FUNC_CD","TCD_TYPE","TFC_DETOUR_IND","TIME_OF_DAY","TOTAL_UNITS","TOT_INJ_COUNT","UNBELTED_OCC_COUNT","UNB_DEATH_COUNT","UNB_SUSP_SERIOUS_INJ_COUNT","UNK_INJ_DEG_COUNT","UNK_INJ_PER_COUNT","URBAN_RURAL","VAN_COUNT","VEHICLE_COUNT","WEATHER1","WEATHER2","WORKERS_PRES","WORK_ZONE_IND","WORK_ZONE_LOC","WORK_ZONE_TYPE","WZ_CLOSE_DETOUR","WZ_FLAGGER","WZ_LAW_OFFCR_IND","WZ_LN_CLOSURE","WZ_MOVING","WZ_OTHER","WZ_SHLDER_MDN","WZ_WORKERS_INJ_KILLED"
"2008061885","","1","0","0","0","0","0","0","0","0","4","0","","02","5","2008","1","40.527082","-79.963861","","11","0","0","0","0","0","1","0","0","","0","0","0","","","0","","0","","40 31:37.496","","0","79 57:49.898","0","0","0","0","2118","0","0","0","N","0","0","0","3","02118","0","","1.0","","1","N","N","","1","","0","0","0","","0","","","2","0","0","0","0","0","0","2","0","2","","","","N","","","","","","","","","",""
"2008061888","","2","0","0","0","0","0","0","0","0","4","0","","02","5","2008","2","40.537538","-80.011154","","11","0","0","0","0","0","1","1","0","1","0","0","0","","","2","","2","","40 32:15.136","1","0","80 00:40.153","3","0","0","0","2116","0","0","0","N","0","0","0","2","02116","1","","1.0","","1","N","N","","0","","1","0","0","","2","N","","2","2","0","0","0","0","0","2","0","2","","","","N","","","","","","","","","",""
"2008061893","","1","0","0","0","0","0","0","0","0","4","0","","02","5","2008","2","40.4737","-79.8544","","11","0","0","0","0","0","0","0","1","","0","0","0","","","0","","0","","40 28:25.320","","0","79 51:15.840","0","0","0","0","2113","0","0","0","N","0","0","0","2","02113","0","","1.0","","1","N","N","","0","","0","0","0","","0","","","2","0","0","0","0","0","0","2","1","2","","","","N","","","","","","","","","",""
"2008061894","","2","0","0","0","0","0","0","0","0","6","0","","02","5","2008","4","","","","11","0","0","1","1","0","0","0","0","","0","0","0","","","0","","0","","","","0","","0","0","0","0","2216","0","0","0","N","0","0","0","3","02505","0","","1.0","","9","N","N","","0","","0","0","0","","0","","","2","0","0","0","0","0","0","1","0","2","","","","N","","","","","","","","","",""
"2008061895","","0","0","0","0","0","0","0","0","0","7","0","","02","5","2008","7","40.469384","-79.795663","","11","0","0","0","0","0","0","0","0","","0","0","0","","","0","","2","","40 28:09.782","","0","79 47:44.386","0","0","0","0","2113","0","0","0","N","0","0","0","1","02113","0","","5.0","","1","N","N","","0","","0","0","0","","0","","","1","0","1","0","0","0","0","2","1","1","","","","N","","","","","","","","","",""
"2008061896","","1","0","0","0","0","0","0","0","0","4","0","","02","5","2008","3","40.545305","-80.030738","","11","0","1","0","0","0","0","0","0","","0","0","0","","","0","","2","","40 32:43.098","","0","80 01:50.656","0","0","0","0","2116","0","0","0","N","0","0","0","2","02116","0","","1.0","","1","N","N","","1","","0","0","0","","2","","","2","0","0","0","0","0","0","2","0","2","","","","N","","","","","","","","","",""
"2008061897","","1","0","0","0","0","0","0","0","0","7","0","","02","5","2008","2","40.4756","-79.7774","","11","0","0","0","0","0","0","0","0","","0","0","0","","","1","","0","","40 28:32.160","","0","79 46:38.640","4","0","0","0","2113","0","0","0","N","0","0","0","1","02113","1","","5.0","","1","N","N","","0","","0","0","0","","0","","","1","1","1","0","0","0","0","2","0","1","","","","N","","","","","","","","","",""
"2008061902","","0","0","0","0","0","0","0","0","0","4","0","","02","5","2008","1","40.519502","-80.043608","","11","0","0","0","0","0","0","0","0","","0","0","0","","","0","","1","","40 31:10.207","","0","80 02:36.988","0","0","0","0","2474","0","0","0","N","0","0","0","2","02474","0","","1.0","","1","N","N","","1","","0","0","1","","3","","","2","0","0","0","0","0","0","2","0","2","","","","N","","","","","","","","","",""
"2008061907","","1","0","0","0","0","0","0","0","0","4","0","","02","5","2008","2","40.388442","-80.044341","","11","0","0","0","0","0","0","0","0","","0","0","0","","","0","","1","","40 23:18.391","","0","80 02:39.627","0","0","0","0","2109","0","0","0","N","0","0","0","5","02109","0","","1.0","","1","N","N","","0","","0","0","1","","3","","","2","0","0","0","0","0","0","2","0","2","","","","N","","","","","","","","","",""
"2008061909","","1","0","0","0","0","0","0","0","0","4","0","","02","5","2008","5","40.498586","-80.061839","","11","0","0","0","0","0","1","0","0","","0","0","0","","","0","","1","","40 29:54.909","","0","80 03:42.620","0","0","0","0","2402","0","0","0","N","0","0","0","2","02402","0","","1.0","","1","N","N","","1","","0","0","0","","2","","","2","0","0","0","0","0","0","2","0","2","","","","N","","","","","","","","","",""
"2008061912","","2","0","0","0","0","0","0","0","0","4","0","","02","5","2008","6","40.4237","-80.1077","","11","0","0","0","0","0","0","0","0","","0","0","0","","","1","","7","","40 25:25.320","","2","80 06:27.720","4","0","0","0","2115","0","0","0","N","0","0","0","2","02115","1","","1.0","","3","N","N","","0","","0","0","0","","3","","","2","1","0","0","0","0","0","2","0","2","","","","N","","","","","","","","","",""
"2008061913","","1","0","0","0","0","0","0","0","0","5","1","","02","5","2008","5","40.542495","-80.20467","","11","0","0","0","0","0","0","0","1","","0","1","0","","","1","","0","","40 32:32.981","","0","80 12:16.811","4","0","0","0","2213","0","0","0","N","0","0","0","2","02213","1","","1.0","","1","N","N","","0","","0","0","0","","2","","","2","1","0","0","0","0","0","2","0","2","","","","N","","","","","","","","","",""
"2008061914","","1","0","0","0","0","0","0","0","0","4","0","","02","5","2008","2","40.533933","-80.229035","","11","0","1","0","0","0","0","0","1","1","0","0","0","","","0","","1","","40 32:02.158","1","0","80 13:44.527","0","0","0","0","2213","0","0","0","N","0","0","0","2","02213","0","","1.0","","9","N","N","","0","","0","0","1","","3","Y","","2","0","0","0","0","0","0","2","0","2","","","","N","","","","","","","","","",""
"2008061915","","2","0","0","0","0","0","0","0","0","1","0","","02","5","2008","5","40.5051","-80.1453","","11","0","0","1","0","0","0","1","0","1","0","0","0","","","0","","0","","40 30:18.360","3","3","80 08:43.080","0","0","0","0","2213","0","0","0","N","0","0","0","3","02213","0","","1.0","","1","N","N","","1","","0","0","0","","0","N","","3","0","0","0","0","0","0","2","0","3","","","","N","","","","","","","","","",""
"2008061916","","1","0","0","0","0","0","0","0","0","4","0","","02","5","2008","6","40.522483","-80.179129","","11","0","0","0","0","0","0","0","1","","0","0","0","","","0","","0","","40 31:20.938","","0","80 10:44.866","0","0","0","0","2213","0","0","0","N","0","0","0","2","02213","0","","1.0","","1","N","N","","0","","0","0","0","","0","","","2","0","0","0","0","0","0","2","1","2","","","","N","","","","","","","","","",""
"2008061917","","0","0","0","0","0","0","0","0","0","4","0","","02","4","2008","4","40.5099","-80.2431","","11","0","0","0","0","0","0","0","0","","0","0","0","","","1","","0","","40 30:35.640","","0","80 14:35.160","4","0","0","0","2213","0","0","0","N","0","0","0","2","02213","1","","1.0","","1","N","N","","2","","0","0","0","","0","","","2","1","0","0","0","0","0","2","0","2","","","","N","","","","","","","","","",""
"2008061918","","1","0","0","0","0","0","1","0","0","1","0","","02","5","2008","2","40.458747","-80.172472","","11","0","0","0","0","0","1","0","0","","0","0","0","","","1","","0","","40 27:31.489","","0","80 10:20.898","4","0","0","0","2213","0","0","0","N","0","0","0","2","02213","1","","1.0","","1","N","N","","0","","0","0","0","","0","","","2","1","0","0","0","0","0","2","0","2","","","","N","","","","","","","","","",""
"2008061919","","1","0","0","0","0","0","0","0","0","2","0","","02","5","2008","3","40.50922","-80.202388","","11","0","0","0","0","0","1","1","0","","0","0","0","","","1","","2","","40 30:33.192","","0","80 12:08.597","4","0","0","0","2213","0","0","0","N","0","0","0","2","02213","1","","1.0","","1","N","N","","1","","0","0","0","","3","","","2","1","0","0","0","0","0","2","0","2","","","","N","","","","","","","","","",""
"2008061920","","2","0","0","0","0","0","0","0","0","4","0","","02","5","2008","7","40.516334","-80.220674","","11","0","0","0","1","0","0","0","1","","0","0","0","","","1","","1","","40 30:58.802","","0","80 13:14.428","4","0","0","0","2213","0","0","0","N","0","0","0","5","02213","1","","1.0","","9","N","N","","0","","0","0","0","","3","","","2","1","0","0","0","0","0","2","0","2","","","","N","","","","","","","","","",""
"2008061921","","2","0","0","0","0","0","0","0","0","1","0","","02","5","2008","1","40.34794","-80.057061","","11","0","0","0","0","0","1","0","0","1","0","0","0","","","3","","0","","40 20:52.585","1","0","80 03:25.419","4","0","0","0","2407","0","0","0","N","0","0","0","4","02407","1","","1.0","","1","N","N","","0","","0","0","0","","0","N","","2","3","0","0","0","2","0","2","0","2","","","","N","","","","","","","","","",""
"2008061988","","1","0","0","0","0","0","0","0","0","6","0","","02","3","2008","2","","","","11","0","0","0","0","0","0","0","0","2","0","0","0","","","2","","0","","40 25:48.36","1","0","80 01:39.36","4","0","0","0","2301","0","0","0","N","0","0","0","2","68B03","2","","2.0","","1","N","N","","1","","0","0","0","","9","N","","2","2","1","0","0","0","0","2","0","2","","","","N","","","","","","","","","",""
"2008061989","","0","0","0","0","0","0","0","0","0","0","0","40","02","5","2008","6","40.519647","-80.132237","","11","0","0","0","0","0","0","0","0","9","0","0","0","","","1","","0","","40 31:10.730","2","0","80 07:56.054","4","0","0","1","2434","0","0","0","N","0","0","0","1","68B01","1","","1.0","","3","N","N","","0","","0","0","0","","0","Y","","1","1","0","0","0","0","0","2","0","1","","","Y","Y","4","1","N","N","N","Y","N","N","N",""
"2008061990","","2","0","0","0","0","0","0","0","0","1","0","","02","5","2008","7","","","","11","0","0","0","0","0","1","0","0","","0","0","0","","","1","","0","","40 25:47.28","","0","79 53:04.92","4","0","0","0","2426","0","0","0","N","0","0","0","4","68B03","1","","1.0","","1","N","N","","0","","0","0","1","","0","","","3","1","0","0","0","0","0","2","0","3","","","","N","","","","","","","","","",""
"2008061991","","1","0","0","0","0","0","0","0","0","7","0","","02","5","2008","1","40.449","-80.0196","","11","0","0","0","0","1","0","0","0","1","0","0","0","","","1","","0","","40 26:56.400","2","2","80 01:10.560","4","0","0","0","2301","0","0","0","N","0","0","0","1","68B03","1","","2.0","","9","N","N","","0","","0","0","0","","0","N","","1","1","0","0","0","0","0","2","0","1","","","","N","","","","","","","","","",""
"2008061992","","0","0","0","0","0","0","0","0","0","7","0","","02","5","2008","1","40.670663","-80.093918","","11","0","0","0","0","0","0","1","0","","0","0","0","","","0","","0","","40 40:14.386","","0","80 05:38.104","0","0","0","0","2212","0","0","0","Y","0","0","0","2","68B03","0","","5.0","","1","N","N","","0","","0","0","1","","0","","","1","0","0","0","0","0","0","2","0","1","","","","N","","","","","","","","","",""
"2008062062","","1","0","0","0","0","0","0","0","0","1","0","","02","4","2008","4","40.355096","-79.90042","","11","0","0","0","0","0","0","0","0","","0","0","0","","","0","","0","","40 21:18.345","","0","79 54:01.512","9","0","0","0","2423","0","0","0","N","0","0","0","5","02304","0","","1.0","","1","N","N","","2","","0","0","0","","2","","","3","0","0","0","0","0","1","2","0","3","","","","N","","","","","","","","","",""
"2008062063","","0","0","0","0","0","0","0","0","0","7","0","","02","4","2008","4","40.434956","-79.992845","","11","0","0","0","0","0","0","0","0","","0","0","0","","","1","","0","","40 26:05.842","","7","79 59:34.242","8","0","0","1","2301","0","0","0","N","0","0","0","1","02301","0","","4.0","","1","N","N","","0","","0","0","0","","2","","","1","1","0","0","0","1","0","2","0","1","","","","N","","","","","","","","","",""
"2008062120","","0","0","0","0","0","0","0","0","0","5","0","","02","5","2008","2","40.463907","-80.028297","","11","0","0","0","0","0","1","0","0","9","0","0","0","","","1","","0","","40 27:50.064","1","0","80 01:41.869","4","0","0","0","2301","0","0","0","N","0","0","0","2","02301","1","","1.0","","1","N","N","","1","","0","0","0","","3","N","","2","1","0","0","0","0","0","2","1","2","","","","N","","","","","","","","","",""
"2008062134","","1","0","0","0","0","0","0","0","0","2","0","","02","4","2008","2","40.432675","-79.84955","","11","0","0","0","0","0","0","0","1","","0","0","0","","","0","","0","","40 25:57.630","","0","79 50:58.380","0","0","0","0","2431","0","0","0","N","0","0","0","1","02431","0","","1.0","","1","N","N","","0","","0","0","1","","0","","","2","0","0","0","0","0","0","2","0","2","","","","N","","","","","","","","","",""
"2008062138","","1","0","0","0","0","0","0","0","0","4","0","","02","5","2008","3","40.437839","-79.998873","","11","0","0","0","0","0","1","0","0","","0","0","0","","","1","","1","","40 26:16.220","","0","79 59:55.942","3","0","0","1","2301","0","0","0","N","0","0","0","3","02301","0","","1.0","","1","N","N","","0","","1","0","0","","3","","","2","1","1","0","0","0","0","2","0","2","","","","N","","","","","","","","","",""
"2008062139","","1","0","0","0","0","0","0","0","0","7","0","","02","5","2008","1","40.472072","-80.0155","","11","0","0","0","0","0","0","0","0","","0","0","0","","","0","","2","","40 28:19.459","","0","80 00:55.800","0","0","0","0","2301","0","0","0","","0","0","0","2","02301","0","","4.0","","1","","","","0","","0","0","0","","0","","","2","0","0","0","0","0","0","2","0","1","","","","N","","","","","","","","","",""
"2008062140","","1","0","0","0","0","0","0","0","0","1","0","","02","4","2008","4","40.4287","-79.9291","","11","0","0","0","0","0","1","0","0","","0","0","0","","","1","","0","","40 25:43.320","","2","79 55:44.760","4","0","0","0","2301","0","0","0","N","0","0","0","2","02301","1","","1.0","","1","N","N","","1","","0","0","0","","0","","","2","1","1","0","0","0","0","2","0","2","","","","N","","","","","","","","","",""
"2008062141","","2","0","0","0","0","0","0","0","0","4","0","","02","4","2008","6","40.421303","-79.900557","","11","0","0","0","0","0","0","0","2","","0","0","0","","","0","","1","","40 25:16.690","","0","79 54:02.005","0","0","0","0","2301","0","0","0","N","0","0","0","2","02301","0","","1.0","","1","N","N","","0","","0","0","0","","3","","","2","0","0","0","0","0","0","2","0","2","","","","N","","","","","","","","","",""
"2008062142","","2","0","0","0","0","0","0","0","0","4","0","","02","4","2008","4","40.452631","-79.866611","","11","0","0","0","0","0","0","1","0","","0","0","0","","","0","","2","","40 27:09.473","","0","79 51:59.801","0","0","0","0","2301","0","0","0","N","0","0","0","6","02301","0","","1.0","","1","N","N","","0","","0","0","0","","0","","","2","0","0","0","0","0","0","2","0","2","","","","N","","","","","","","","","",""
"2008062143","","1","0","0","0","0","0","0","0","0","4","0","","02","4","2008","3","40.441717","-80.239486","","11","1","0","0","0","0","0","0","0","","0","0","0","","","0","","1","","40 26:30.181","","99","80 14:22.151","0","0","0","0","2214","0","0","0","N","0","0","0","2","02214","0","","1.0","","1","N","N","","0","","0","0","1","","2","","","2","0","0","0","0","0","0","2","0","2","","","","N","","","","","","","","","",""
"2008062144","","1","0","0","0","0","0","0","0","0","1","0","","02","4","2008","6","40.441683","-80.002714","","11","0","0","0","0","1","0","0","0","1","0","0","0","","","1","","1","","40 26:30.060","4","0","80 00:09.771","4","0","0","0","2301","0","0","0","N","0","0","0","4","02301","1","","1.0","","1","N","N","","0","","0","0","1","","2","Y","","2","1","0","0","0","0","0","2","0","2","","","","N","","","","","","","","","",""
"2008062145","","1","0","0","0","0","0","0","0","0","8","0","","02","5","2008","4","40.465221","-79.920594","","11","0","0","0","0","0","0","0","0","4","0","0","0","","","1","","0","","40 27:54.796","4","0","79 55:14.140","2","0","0","0","2301","1","0","1","N","1","0","1","2","02301","0","","1.0","","1","N","N","","0","","0","1","0","","0","Y","","2","1","0","0","0","0","1","2","0","1","","","","N","","","","","","","","","",""
"2008062147","","2","0","0","0","0","0","0","0","0","1","0","","02","4","2008","5","40.478908","-80.043019","","11","0","0","0","0","0","1","0","0","","0","0","0","","","0","","2","","40 28:44.067","","0","80 02:34.869","0","0","0","0","2301","0","0","0","N","0","0","0","2","02301","0","","1.0","","1","N","N","","0","","0","0","0","","0","","","2","0","0","0","0","0","0","2","0","2","","","","N","","","","","","","","","",""
"2008062151","","1","0","0","0","0","0","0","0","0","7","0","","02","5","2008","2","40.294816","-79.874588","","11","0","1","0","0","0","0","0","0","3","0","0","0","","","2","","2","","40 17:41.337","5","0","79 52:28.518","4","0","0","0","2302","0","0","0","N","0","0","0","2","02302","2","","5.0","","1","N","N","","0","","0","0","0","","0","Y","","1","2","0","0","0","0","0","2","0","1","","","","N","","","","","","","","","",""
"2008062160","","1","0","0","0","0","0","0","0","0","7","0","","02","4","2008","1","40.475968","-80.055767","","11","0","0","0","0","1","0","0","0","","0","0","0","","","0","","2","","40 28:33.486","","0","80 03:20.762","9","0","0","0","2444","0","0","0","N","0","0","0","1","02444","0","","5.0","","1","N","N","","0","","0","0","0","","0","","","1","0","0","0","0","0","1","2","0","1","","","","N","","","","","","","","","",""
"2008062196","","2","0","0","0","0","0","0","0","0","4","0","","02","4","2008","7","40.441416","-80.002154","","11","0","0","0","0","0","0","0","0","","0","0","0","","","0","","0","","40 26:29.097","","0","80 00:07.754","0","0","0","0","2301","0","0","0","","0","0","0","1","02301","0","","6.0","","1","N","N","","0","","0","0","1","","0","","","3","0","0","0","0","0","0","2","0","3","","","","N","","","","","","","","","",""
"2008062197","","0","0","0","0","0","0","0","0","0","6","0","","02","4","2008","4","40.609991","-80.053301","","11","0","0","0","0","0","0","0","0","1","0","0","0","","","0","","1","","40 36:35.968","3","0","80 03:11.883","0","0","0","0","2108","0","0","0","N","0","0","0","3","02108","0","","1.0","","1","N","N","","1","","0","0","1","","2","N","","2","0","0","0","0","0","0","2","0","2","","","","N","","","","","","","","","",""
"2008062198","","3","0","0","0","0","0","0","0","0","1","0","","02","4","2008","3","40.438771","-79.962576","","11","0","0","0","0","0","1","0","0","","0","0","0","","","0","","0","","40 26:19.575","","0","79 57:45.273","0","0","0","0","2301","0","0","0","N","0","0","0","5","02301","0","","1.0","","1","N","N","","0","","0","0","1","","0","","","4","0","0","0","0","0","0","2","0","4","","","","N","","","","","","","","","",""
"2008062199","","2","0","0","0","0","0","0","0","0","1","0","","02","5","2008","2","40.427737","-79.98749","","11","0","0","0","0","0","0","0","0","1","0","0","0","","","2","","1","","40 25:39.853","7","0","79 59:14.964","4","0","0","0","2301","0","0","0","N","0","0","0","4","02301","1","","6.0","","1","N","N","","0","","0","0","2","","3","Y","","4","2","0","0","0","1","0","2","0","4","","","","N","","","","","","","","","",""
"2008062201","","1","0","0","0","0","0","0","0","0","1","0","","02","4","2008","3","40.477647","-79.809661","","11","0","0","0","0","0","0","0","0","","0","0","0","","","1","","2","","40 28:39.530","","0","79 48:34.778","3","0","0","0","2113","0","0","0","N","0","0","0","3","02113","0","","1.0","","1","N","N","","0","","1","0","1","","0","","","2","1","0","0","0","0","0","2","0","2","","","","N","","","","","","","","","",""
"2008062206","","0","0","0","0","0","0","0","0","0","4","0","","02","5","2008","3","40.529503","-79.965657","","11","0","0","1","0","0","0","0","0","1","0","0","0","","","0","","1","","40 31:46.212","4","0","79 57:56.365","0","0","0","0","2118","0","0","0","N","0","0","0","2","02118","0","","1.0","","1","N","N","","1","","0","0","1","","3","N","","2","0","0","0","0","0","0","2","0","2","","","","N","","","","","","","","","",""
"2008062232","","1","0","0","0","0","0","0","0","0","7","0","","02","4","2008","2","","","","11","0","0","0","0","0","0","0","0","","0","0","0","","","1","","0","","40 26:33.72","","0","79 48:38.16","3","0","0","0","2113","0","0","0","N","0","0","0","1","68B03","0","","2.0","","9","N","N","","0","","1","0","0","","0","","","1","1","0","0","0","0","0","2","0","1","","","","N","","","","","","","","","",""
"2008062233","","0","0","0","0","0","0","0","0","0","0","0","","02","5","2008","6","40.505781","-80.137456","","11","0","0","0","0","0","0","0","0","1","0","0","0","","","1","","0","","40 30:20.811","2","0","80 08:14.843","4","0","0","1","2115","0","0","0","N","0","0","0","1","68B03","1","","2.0","","9","N","N","","0","","0","0","0","","0","N","","1","1","0","0","0","0","0","2","0","1","","","","N","","","","","","","","","",""
"2008062305","","1","0","1","0","0","0","0","0","0","2","0","","02","5","2008","1","40.629078","-80.056398","","11","0","1","0","0","0","0","0","0","4","0","0","0","","","3","","0","","40 37:44.679","1","0","80 03:23.031","2","0","0","0","2216","0","0","0","N","0","0","0","4","02505","1","","1.0","","9","N","N","","0","","1","1","2","","2","Y","","3","3","0","0","0","0","0","2","0","3","","","","N","","","","","","","","","",""
"2008062319","","2","0","0","0","0","0","0","0","0","5","0","","02","5","2008","5","40.5986","-79.9217","","11","0","0","0","0","0","0","0","0","","0","0","0","","","1","","0","","40 35:54.960","","0","79 55:18.120","4","0","0","0","2207","0","0","0","N","0","0","0","4","68T02","1","","1.0","","1","N","N","","0","","0","0","0","","0","","","2","1","0","0","0","0","0","1","0","2","","","","N","","","","","","","","","",""
"2008062322","","1","0","0","0","0","0","0","0","0","99","0","","02","5","2008","7","40.5545","-79.8406","","11","0","0","0","0","0","1","0","0","","0","0","0","","","0","","0","","40 33:16.200","","0","79 50:26.160","0","0","0","0","2208","0","0","0","N","0","0","0","1","68T02","0","","1.0","","1","N","N","","0","","0","0","0","","0","","","1","0","0","0","0","0","0","2","0","1","","","","N","","","","","","","","","",""
"2008062332","","1","0","0","0","0","0","0","0","0","4","0","","02","5","2008","7","40.33107","-79.986948","","11","0","0","0","0","0","2","0","0","2","0","0","0","","","1","","2","","40 19:51.853","2","0","79 59:13.012","4","0","0","0","2219","0","0","0","N","0","0","0","2","02219","1","","1.0","","1","N","N","","1","","0","0","0","","2","N","","2","1","0","0","0","0","0","2","0","2","","","","N","","","","","","","","","",""
"2008062334","","1","0","0","0","0","0","0","0","0","7","0","","02","5","2008","6","40.292322","-79.874848","","11","0","0","0","0","0","1","0","0","1","0","0","0","","","0","","2","","40 17:32.358","1","0","79 52:29.454","0","0","0","0","2302","0","0","0","N","0","0","0","1","02302","0","","2.0","","1","N","N","","0","","0","0","0","","2","N","","1","0","0","0","0","0","0","2","0","1","","","","N","","","","","","","","","",""
"2008062345","","1","0","0","0","0","0","0","0","0","7","0","","02","5","2008","1","40.405482","-80.054264","","11","0","0","0","0","0","0","0","0","1","0","0","0","","","1","","0","","40 24:19.735","2","0","80 03:15.349","4","0","0","0","2435","0","0","0","N","0","0","0","1","02435","1","","5.0","","1","N","N","","0","","0","0","0","","0","N","","1","1","1","0","0","0","0","2","0","1","","","","N","","","","","","","","","",""
"2008062346","","2","0","0","0","0","0","0","0","0","1","0","","02","5","2008","6","40.347252","-80.054663","","11","0","0","0","0","0","1","0","1","2","0","0","0","","","0","","0","","40 20:50.106","2","0","80 03:16.785","0","0","0","0","2123","0","0","0","N","0","0","0","3","02123","0","","1.0","","9","N","N","","0","","0","0","0","","2","N","","2","0","0","0","0","0","0","2","0","2","","","","N","","","","","","","","","",""
"2008062353","","3","0","0","0","0","0","0","0","0","1","0","","02","5","2008","3","40.445","-79.8282","","11","0","0","0","0","0","2","0","0","","0","0","0","","","1","","2","","40 26:42.000","","0","79 49:41.520","4","0","0","0","2113","0","0","0","N","0","0","0","4","02113","1","","1.0","","9","N","N","","0","","0","0","0","","0","","","3","1","0","0","0","0","0","2","0","3","","","","N","","","","","","","","","",""
"2008062358","","2","0","0","0","0","0","0","0","0","6","0","","02","5","2008","2","40.5516","-80.0932","","11","0","0","0","0","0","0","0","0","","0","0","0","","","0","","0","","40 33:05.760","","0","80 05:35.520","0","0","0","0","2215","0","0","0","N","0","0","0","2","02215","0","","1.0","","9","N","N","","0","","0","0","0","","0","","","2","0","0","0","0","0","0","2","0","2","","","","N","","","","","","","","","",""
"2008062364","","1","0","0","0","0","0","0","0","0","4","0","","02","5","2008","2","40.652306","-79.792583","","11","0","0","0","0","0","0","0","1","1","0","0","0","","","0","","1","","40 39:08.301","1","0","79 47:33.297","0","0","0","0","2202","0","0","0","N","0","0","0","3","02202","0","","1.0","","1","N","N","","0","","0","0","0","","3","N","","2","0","0","0","0","0","0","1","1","2","","","","N","","","","","","","","","",""
"2008062381","","1","0","0","0","0","0","1","0","0","5","1","","02","5","2008","3","40.443683","-79.884745","","11","0","0","0","0","0","0","0","0","","0","0","0","","","1","","2","","40 26:37.258","","0","79 53:05.081","4","0","0","0","2478","0","0","0","N","0","0","0","3","02503","1","","1.0","","1","N","N","","0","","0","0","0","","0","","","2","1","1","0","0","0","0","2","0","2","","","","N","","","","","","","","","",""
"2008062391","","1","0","0","0","0","0","0","0","0","2","0","","02","5","2008","3","40.463581","-79.853715","","11","0","0","0","0","0","1","0","0","2","0","0","0","","","0","","0","","40 27:48.891","5","0","79 51:13.374","0","0","0","0","2113","0","0","0","N","0","0","0","2","02113","0","","1.0","","1","N","N","","1","","0","0","0","","0","N","","2","0","0","0","0","0","0","2","0","2","","","","N","","","","","","","","","",""
"2008062401","","1","0","0","0","0","0","0","0","0","1","1","","02","5","2008","3","40.452022","-80.133511","","11","0","0","0","0","0","1","0","0","","0","0","0","","","0","","0","","40 27:07.280","","0","80 08:00.641","0","0","0","0","2115","0","0","0","N","0","0","0","2","02115","0","","1.0","","1","N","N","","1","","0","0","0","","0","","","2","0","0","0","0","0","0","2","0","2","","","","N","","","","","","","","","",""
"2008062402","","2","0","0","0","0","0","0","0","0","1","0","","02","5","2008","7","40.447687","-80.164319","","11","0","0","1","0","1","0","0","0","1","0","0","0","","","0","","0","","40 26:51.672","3","3","80 09:51.549","0","0","0","0","2115","0","0","0","N","0","0","0","2","02115","0","","1.0","","1","N","N","","0","","0","0","0","","0","N","","2","0","0","0","0","0","0","2","0","2","","","","N","","","","","","","","","",""
"2008062403","","2","0","0","0","0","0","0","0","0","4","0","","02","5","2008","7","40.44927","-80.141179","","11","0","0","1","0","1","0","0","0","1","0","0","0","","","1","","2","","40 26:57.371","1","0","80 08:28.243","4","0","0","0","2115","0","0","0","N","0","0","0","3","02115","1","","1.0","","9","N","N","","0","","0","0","0","","3","N","","2","1","0","0","0","0","0","2","0","2","","","","N","","","","","","","","","",""