"CRN","ARRIVAL_TM","AUTOMOBILE_COUNT","BELTED_DEATH_COUNT","BELTED_SUSP_SERIOUS_INJ_COUNT","BICYCLE_COUNT","BICYCLE_DEATH_COUNT","BICYCLE_SUSP_SERIOUS_INJ_COUNT","BUS_COUNT","CHLDPAS_DEATH_COUNT","CHLDPAS_SUSP_SERIOUS_INJ_COUNT","COLLISION_TYPE","COMM_VEH_COUNT","CONS_ZONE_SPD_LIM","COUNTY","CRASH_MONTH","CRASH_YEAR","DAY_OF_WEEK","DEC_LATITUDE","DEC_LONGITUDE","DISPATCH_TM","DISTRICT","DRIVER_COUNT_16YR","DRIVER_COUNT_17YR","DRIVER_COUNT_18YR","DRIVER_COUNT_19YR","DRIVER_COUNT_20YR","DRIVER_COUNT_50_64YR","DRIVER_COUNT_65_74YR","DRIVER_COUNT_75PLUS","EST_HRS_CLOSED","FATAL_COUNT","HEAVY_TRUCK_COUNT","HORSE_BUGGY_COUNT","HOUR_OF_DAY","ILLUMINATION","INJURY_COUNT","INTERSECTION_RELATED","INTERSECT_TYPE","LANE_CLOSED","LATITUDE","LN_CLOSE_DIR","LOCATION_TYPE","LONGITUDE","MAX_SEVERITY_LEVEL","MCYCLE_DEATH_COUNT","MCYCLE_SUSP_SERIOUS_INJ_COUNT","MOTORCYCLE_COUNT","MUNICIPALITY","NONMOTR_COUNT","NONMOTR_DEATH_COUNT","NONMOTR_SUSP_SERIOUS_INJ_COUNT","NTFY_HIWY_MAINT","PED_COUNT","PED_DEATH_COUNT","PED_SUSP_SERIOUS_INJ_COUNT","PERSON_COUNT","POLICE_AGCY","POSSIBLE_INJ_COUNT","RDWY_SURF_TYPE_CD","RELATION_TO_ROAD","ROADWAY_CLEARED","ROAD_CONDITION","SCH_BUS_IND","SCH_ZONE_IND","SECONDARY_CRASH","SMALL_TRUCK_COUNT","SPEC_JURIS_CD","SUSP_MINOR_INJ_COUNT","SUSP_SERIOUS_INJ_COUNT","SUV_COUNT","TCD_FUNC_CD","TCD_TYPE","TFC_DETOUR_IND","TIME_OF_DAY","TOTAL_UNITS","TOT_INJ_COUNT","UNBELTED_OCC_COUNT","UNB_DEATH_COUNT","UNB_SUSP_SERIOUS_INJ_COUNT","UNK_INJ_DEG_COUNT","UNK_INJ_PER_COUNT","URBAN_RURAL","VAN_COUNT","VEHICLE_COUNT","WEATHER1","WEATHER2","WORKERS_PRES","WORK_ZONE_IND","WORK_ZONE_LOC","WORK_ZONE_TYPE","WZ_CLOSE_DETOUR","WZ_FLAGGER","WZ_LAW_OFFCR_IND","WZ_LN_CLOSURE","WZ_MOVING","WZ_OTHER","WZ_SHLDER_MDN","WZ_WORKERS_INJ_KILLED"
"2008062405","","1","0","0","0","0","0","0","0","0","7","0","","02","5","2008","5","40.543027","-80.217728","","11","0","0","0","0","0","0","1","0","","0","0","0","","","0","","2","","40 32:34.898","","0","80 13:03.820","0","0","0","0","2213","0","0","0","N","0","0","0","1","02213","0","","5.0","","9","N","N","","0","","0","0","0","","3","","","1","0","0","0","0","0","0","2","0","1","","","","N","","","","","","","","","",""
"2008062406","","2","0","0","0","0","0","0","0","0","4","0","","02","5","2008","1","40.337128","-80.051123","","11","0","1","0","0","1","0","0","0","","0","0","0","","","0","","0","","40 20:13.659","","0","80 03:04.044","0","0","0","0","2407","0","0","0","N","0","0","0","4","02407","0","","1.0","","1","N","N","","0","","0","0","0","","2","","","2","0","0","0","0","0","0","2","0","2","","","","N","","","","","","","","","",""
"2008062524","","1","0","0","0","0","0","0","0","0","4","0","","02","4","2008","5","40.398376","-80.026205","","11","0","0","0","0","0","0","0","1","2","0","0","0","","","0","","1","","40 23:54.153","1","0","80 01:34.338","0","0","0","0","2301","0","0","0","N","0","0","0","2","02301","0","","1.0","","1","N","N","","1","","0","0","0","","2","Y","","2","0","0","0","0","0","0","2","0","2","","","","N","","","","","","","","","",""
"2008062558","","4","0","0","0","0","0","0","0","0","1","0","","02","4","2008","3","","","","11","0","0","0","0","0","0","0","0","2","0","0","0","","","2","","0","","40 25:12.72","1","0","80 05:32.64","4","0","0","0","2457","0","0","0","N","0","0","0","5","68B03","2","","1.0","","1","N","N","","0","","0","0","1","","0","N","","5","2","0","0","0","0","0","2","0","5","","","","N","","","","","","","","","",""
"2008062593","","0","0","0","0","0","0","0","0","0","1","0","","02","5","2008","3","40.3377","-79.809","","11","0","0","0","0","0","0","0","1","","0","0","0","","","1","","0","","40 20:15.720","","0","79 48:32.400","8","0","0","0","2477","0","0","0","N","0","0","0","3","02477","0","","1.0","","1","N","N","","0","","0","0","2","","0","","","2","1","0","0","0","1","2","2","0","2","","","","N","","","","","","","","","",""
"2008062619","","1","0","0","0","0","0","0","0","0","99","0","","02","5","2008","7","40.5786","-79.8681","","11","0","0","0","0","0","0","0","0","","0","0","0","","","0","","0","","40 34:42.960","","0","79 52:05.160","0","0","0","0","2209","0","0","0","N","0","0","0","1","68T02","0","","1.0","","1","N","N","","0","","0","0","0","","0","","","1","0","0","0","0","0","0","2","0","1","","","","N","","","","","","","","","",""
"2008062620","","0","0","0","0","0","0","0","0","0","7","0","","02","5","2008","2","40.4827","-79.7715","","11","0","0","0","0","0","0","0","0","1","0","0","0","","","0","","0","","40 28:57.720","4","0","79 46:17.400","0","0","0","0","2466","0","0","0","N","0","0","0","1","68T02","0","","3.0","","1","N","N","","1","","0","0","0","","0","N","","1","0","0","0","0","0","0","2","0","1","","","","N","","","","","","","","","",""
"2008062625","","1","0","0","0","0","0","0","0","0","7","0","","02","5","2008","5","40.519764","-80.026038","","11","0","0","0","0","0","0","0","0","","0","0","0","","","0","","0","","40 31:11.150","","0","80 01:33.736","0","0","0","0","2474","0","0","0","N","0","0","0","1","02474","0","","5.0","","1","N","N","","0","","0","0","0","","0","","","1","0","0","0","0","0","0","2","0","1","","","","N","","","","","","","","","",""
"2008062626","","1","0","0","0","0","0","1","0","0","4","1","","02","5","2008","2","40.338564","-80.099061","","11","0","0","1","0","0","1","0","0","2","0","0","0","","","3","","0","","40 20:18.830","3","0","80 05:56.619","4","0","0","0","2123","0","0","0","N","0","0","0","11","02123","2","","1.0","","1","Y","N","","0","","0","0","0","","0","N","","2","3","0","0","0","1","0","2","0","2","","","","N","","","","","","","","","",""
"2008062627","","0","0","0","0","0","0","0","0","0","7","0","","02","5","2008","3","40.534772","-79.882793","","11","0","0","0","0","0","0","0","0","","0","0","0","","","0","","0","","40 32:05.179","","0","79 52:58.054","0","0","0","0","2432","0","0","0","N","0","0","0","1","02432","0","","5.0","","1","N","N","","1","","0","0","0","","0","","","1","0","1","0","0","0","0","2","0","1","","","","N","","","","","","","","","",""
"2008062632","","1","0","0","0","0","0","0","0","0","1","0","","02","5","2008","6","40.659328","-79.985738","","11","0","0","0","0","0","1","0","0","","0","0","0","","","2","","2","","40 39:33.579","","0","79 59:08.657","4","0","0","0","2217","0","0","0","N","0","0","0","3","02505","2","","1.0","","9","N","N","","0","","0","0","1","","0","","","2","2","0","0","0","0","0","1","0","2","","","","N","","","","","","","","","",""
"2008062634","","3","0","0","0","0","0","0","0","0","1","0","","02","5","2008","4","40.453674","-79.760589","","11","0","0","0","1","0","0","0","0","","0","0","0","","","0","","2","","40 27:13.226","","0","79 45:38.120","0","0","0","0","2446","0","0","0","N","0","0","0","3","02446","0","","1.0","","1","N","N","","0","","0","0","0","","0","","","3","0","0","0","0","0","0","2","0","3","","","","N","","","","","","","","","",""
"2008062636","","1","0","0","0","0","0","0","0","0","1","0","","02","5","2008","4","40.3553","-80.0502","","11","0","0","0","0","0","0","1","0","2","0","0","0","","","0","","0","","40 21:19.080","1","0","80 03:00.720","0","0","0","0","2109","0","0","0","N","0","0","0","3","02109","0","","1.0","","1","N","N","","0","","0","0","1","","0","N","","2","0","0","0","0","0","0","2","0","2","","","","N","","","","","","","","","",""
"2008062660","","1","0","0","0","0","0","0","0","0","1","0","","02","5","2008","4","40.425628","-79.891688","","11","0","0","0","0","0","0","0","0","1","0","0","0","","","0","","0","","40 25:32.260","6","0","79 53:30.076","0","0","0","0","2463","0","0","0","N","0","0","0","2","02463","0","","1.0","","9","N","N","","0","","0","0","1","","0","Y","","2","0","0","0","0","0","0","2","0","2","","","","N","","","","","","","","","",""
"2008062665","","1","0","0","0","0","0","0","0","0","4","0","","02","5","2008","4","40.432502","-79.790364","","11","0","0","0","0","0","0","1","0","1","0","0","0","","","0","","2","","40 25:57.007","1","0","79 47:25.310","0","0","0","0","2446","0","0","0","N","0","0","0","2","02446","0","","1.0","","9","N","N","","0","","0","0","1","","2","N","","2","0","0","0","0","0","0","2","0","2","","","","N","","","","","","","","","",""
"2008062677","","2","0","0","0","0","0","0","0","0","6","0","","02","5","2008","4","40.579453","-79.957455","","11","0","0","1","0","0","1","0","0","","0","0","0","","","0","","2","","40 34:46.032","","0","79 57:26.837","0","0","0","0","2207","0","0","0","N","0","0","0","3","02207","0","","1.0","","1","N","N","","0","","0","0","0","","3","","","3","0","0","0","0","0","0","2","1","3","","","","N","","","","","","","","","",""
"2008062680","","2","0","0","0","0","0","0","0","0","4","0","","02","5","2008","3","40.667154","-80.102148","","11","0","0","1","0","0","0","0","0","","0","0","0","","","1","","2","","40 40:01.754","","0","80 06:07.732","8","0","0","0","2212","0","0","0","N","0","0","0","2","02505","0","","1.0","","1","N","N","","0","","0","0","0","","2","","","2","1","1","0","0","1","0","2","0","2","","","","N","","","","","","","","","",""
"2008062681","","1","0","0","0","0","0","0","0","0","7","0","","02","5","2008","7","40.513088","-80.269936","","11","0","0","1","0","0","0","0","0","2","0","0","0","","","1","","0","","40 30:47.115","6","0","80 16:11.771","8","0","0","0","2213","0","0","0","N","0","0","0","1","02213","0","","5.0","","1","N","N","","0","","0","0","0","","0","Y","","1","1","1","0","0","1","0","2","0","1","","","","N","","","","","","","","","",""
"2008062787","","2","0","0","0","0","0","0","0","0","4","0","","02","5","2008","5","40.542632","-79.77309","","11","0","0","0","1","0","0","0","0","1","0","0","0","","","0","","1","","40 32:33.475","3","0","79 46:23.124","0","0","0","0","2462","0","0","0","N","0","0","0","4","02462","0","","1.0","","1","N","N","","0","","0","0","0","","2","N","","2","0","0","0","0","0","0","2","0","2","","","","N","","","","","","","","","",""
"2008062805","","1","0","0","0","0","0","0","0","0","4","1","","02","5","2008","4","40.3976","-80.106","","11","0","0","0","0","0","1","0","1","1","0","0","0","","","1","","2","","40 23:51.360","4","2","80 06:21.600","4","0","0","0","2102","0","0","0","N","0","0","0","2","02102","1","","1.0","","1","N","N","","0","","0","0","0","","0","Y","","2","1","1","0","0","0","0","2","0","2","","","","N","","","","","","","","","",""
"2008062808","","2","0","0","0","0","0","0","0","0","4","0","","02","4","2008","7","40.5279","-80.017712","","11","0","0","0","0","0","0","0","1","","0","0","0","","","0","","2","","40 31:40.440","","0","80 01:03.763","0","0","0","0","2116","0","0","0","N","0","0","0","3","02116","0","","1.0","","1","N","N","","0","","0","0","0","","3","","","2","0","0","0","0","0","0","2","0","2","","","","N","","","","","","","","","",""
"2008062841","","0","0","0","0","0","0","0","0","0","8","0","","02","5","2008","2","40.461954","-79.909961","","11","0","0","0","0","0","0","0","0","","0","0","0","","","1","","2","","40 27:43.034","","0","79 54:35.859","8","0","0","0","2301","1","0","0","N","1","0","0","2","02301","0","","1.0","","1","N","N","","0","","0","0","1","","0","","","2","1","0","0","0","1","0","2","0","1","","","","N","","","","","","","","","",""
"2008062863","","0","0","0","0","0","0","0","0","0","7","0","","02","4","2008","3","40.464118","-80.07177","","11","0","0","0","0","0","0","0","0","","0","0","0","","","1","","2","","40 27:50.824","","0","80 04:18.372","8","0","0","1","2444","0","0","0","N","0","0","0","1","02444","0","","4.0","","1","N","N","","0","","0","0","0","","0","","","1","1","0","0","0","1","0","2","0","1","","","","N","","","","","","","","","",""
"2008062877","","2","0","0","0","0","0","0","0","0","5","0","","02","4","2008","6","40.49459","-79.933721","","11","0","0","0","0","0","0","1","0","","0","0","0","","","0","","2","","40 29:40.524","","0","79 56:01.397","0","0","0","0","2461","0","0","0","N","0","0","0","1","02461","0","","1.0","","1","N","N","","0","","0","0","0","","0","","","2","0","0","0","0","0","0","2","0","2","","","","N","","","","","","","","","",""
"2008062901","","1","0","0","0","0","0","0","0","0","5","0","","02","4","2008","3","40.458458","-79.841668","","11","0","0","0","0","1","1","0","0","","0","0","0","","","1","","0","","40 27:30.448","","0","79 50:30.004","4","0","0","0","2113","0","0","0","N","0","0","0","2","02113","1","","1.0","","1","N","N","","1","","0","0","0","","0","","","2","1","0","0","0","0","0","2","0","2","","","","N","","","","","","","","","",""
"2008062905","","1","0","0","0","0","0","0","0","0","7","0","","02","4","2008","3","40.46781","-79.865278","","11","0","0","0","0","0","1","0","0","","0","0","0","","","1","","2","","40 28:04.115","","0","79 51:55.000","3","0","0","0","2113","0","0","0","N","0","0","0","1","02113","0","","4.0","","1","N","N","","0","","1","0","0","","0","","","1","1","0","0","0","0","0","2","0","1","","","","N","","","","","","","","","",""
"2008062906","","1","0","0","0","0","0","0","0","0","4","0","","02","5","2008","7","40.4857","-79.856","","11","0","0","0","0","0","0","0","0","1","0","0","0","","","0","","0","","40 29:08.520","3","0","79 51:21.600","0","0","0","0","2113","0","0","0","N","0","0","0","4","02113","0","","1.0","","1","N","N","","0","","0","0","1","","0","N","","2","0","0","0","0","0","0","2","0","2","","","","N","","","","","","","","","",""
"2008062907","","2","0","0","0","0","0","0","0","0","2","0","","02","4","2008","7","40.474419","-79.850545","","11","0","0","0","0","0","1","0","0","","0","0","0","","","3","","0","","40 28:27.908","","0","79 51:01.961","3","0","0","0","2113","0","0","0","N","0","0","0","3","02113","1","","1.0","","1","N","N","","0","","2","0","0","","0","","","2","3","0","0","0","0","0","2","0","2","","","","N","","","","","","","","","",""
"2008062908","","2","0","0","0","0","0","0","0","0","5","0","","02","5","2008","1","40.4633","-79.8058","","11","0","0","0","0","0","0","0","0","2","0","0","0","","","1","","0","","40 27:47.880","3","0","79 48:20.880","3","0","0","0","2113","0","0","0","N","0","0","0","2","02113","0","","2.0","","1","N","N","","0","","1","0","0","","0","N","","4","1","0","0","0","0","0","2","1","4","","","","N","","","","","","","","","",""
"2008063044","","2","0","0","0","0","0","0","0","0","1","0","","02","5","2008","5","40.4288","-79.9253","","11","0","0","0","0","0","2","0","0","","0","0","0","","","0","","0","","40 25:43.680","","2","79 55:31.080","0","0","0","0","2301","0","0","0","N","0","0","0","4","02301","0","","1.0","","9","N","N","","0","","0","0","1","","0","","","3","0","0","0","0","0","0","2","0","3","","","","N","","","","","","","","","",""
"2008063045","","0","0","0","0","0","0","0","0","0","5","0","","02","5","2008","5","40.454012","-79.953338","","11","0","0","0","0","0","0","0","0","9","0","0","0","","","1","","2","","40 27:14.444","2","0","79 57:12.018","8","0","0","0","2301","0","0","0","N","0","0","0","3","02301","0","","1.0","","9","N","N","","1","","0","0","0","","2","N","","2","1","0","0","0","1","1","2","1","2","","","","N","","","","","","","","","",""
"2008063046","","2","0","0","0","0","0","0","0","0","2","0","","02","5","2008","2","40.451509","-79.908149","","11","0","0","1","0","0","0","0","0","2","0","0","0","","","1","","1","","40 27:05.433","3","0","79 54:29.335","8","0","0","0","2301","0","0","0","N","0","0","0","3","02301","0","","1.0","","9","N","N","","0","","0","0","0","","2","N","","2","1","0","0","0","1","0","2","0","2","","","","N","","","","","","","","","",""
"2008063047","","1","0","0","0","0","0","0","0","0","4","1","","02","5","2008","5","40.4458","-79.9981","","11","0","0","0","0","0","0","0","0","","0","1","0","","","0","","2","","40 26:44.880","","0","79 59:53.160","0","0","0","0","2301","0","0","0","N","0","0","0","2","02301","0","","1.0","","9","N","N","","0","","0","0","0","","2","","","2","0","0","0","0","0","0","2","0","2","","","","N","","","","","","","","","",""
"2008063048","","1","0","0","0","0","0","0","0","0","8","0","","02","5","2008","6","40.442425","-79.999898","","11","0","0","0","0","0","1","0","0","","0","0","0","","","1","","1","","40 26:32.729","","0","79 59:59.632","3","0","0","0","2301","1","0","0","N","1","0","0","2","02301","0","","1.0","","1","N","N","","0","","1","0","0","","2","","","2","1","0","0","0","0","0","2","0","1","","","","N","","","","","","","","","",""
"2008063049","","2","0","0","0","0","0","0","0","0","1","0","","02","5","2008","7","40.443827","-79.993911","","11","0","0","0","0","0","0","0","0","1","0","0","0","","","0","","1","","40 26:37.777","4","0","79 59:38.079","0","0","0","0","2301","0","0","0","N","0","0","0","4","02301","0","","1.0","","9","N","N","","0","","0","0","0","","2","N","","2","0","0","0","0","0","0","2","0","2","","","","N","","","","","","","","","",""
"2008063051","","1","0","0","0","0","0","0","0","0","7","0","","02","5","2008","4","40.457832","-80.001839","","11","0","0","0","0","0","0","0","1","","0","0","0","","","0","","0","","40 27:28.195","","0","80 00:06.620","9","0","0","0","2301","0","0","0","N","0","0","0","2","02301","0","","5.0","","1","N","N","","0","","0","0","0","","0","","","1","0","1","0","0","0","2","2","0","1","","","","N","","","","","","","","","",""
"2008063052","","2","0","0","0","0","0","0","0","0","4","0","","02","5","2008","4","40.448039","-80.017839","","11","0","0","0","1","0","1","0","0","1","0","0","0","","","0","","1","","40 26:52.940","4","0","80 01:04.220","0","0","0","0","2301","0","0","0","N","0","0","0","4","02301","0","","1.0","","1","N","N","","0","","0","0","0","","2","Y","","2","0","1","0","0","0","0","2","0","2","","","","N","","","","","","","","","",""
"2008063053","","0","0","0","0","0","0","1","0","0","6","1","","02","5","2008","4","","","","11","0","0","0","0","0","1","0","0","","0","0","0","","","0","","1","","","","0","","0","0","0","0","2301","0","0","0","N","0","0","0","4","02301","0","","1.0","","9","N","N","","0","","0","0","1","","2","","","2","0","1","0","0","0","0","1","0","2","","","","N","","","","","","","","","",""
"2008063062","","3","0","0","0","0","0","0","0","0","1","0","","02","5","2008","3","40.463745","-79.923774","","11","0","0","0","0","0","1","0","1","","0","0","0","","","1","","1","","40 27:49.482","","0","79 55:25.586","4","0","0","0","2301","0","0","0","N","0","0","0","6","02301","1","","1.0","","1","N","N","","1","","0","0","0","","2","","","4","1","0","0","0","0","0","2","0","4","","","","N","","","","","","","","","",""
"2008063063","","1","0","0","0","0","0","0","0","0","4","0","","02","5","2008","5","40.460759","-79.915919","","11","0","0","0","0","0","0","0","0","","0","0","0","","","1","","1","","40 27:38.732","","0","79 54:57.308","8","0","0","0","2301","0","0","0","N","0","0","0","2","02301","0","","1.0","","9","N","N","","0","","0","0","1","","2","","","2","1","0","0","0","1","0","2","0","2","","","","N","","","","","","","","","",""
"2008063064","","1","0","0","0","0","0","0","0","0","7","0","","02","5","2008","7","40.468232","-79.929638","","11","0","0","0","0","0","0","0","0","","0","0","0","","","1","","0","","40 28:05.635","","0","79 55:46.696","8","0","0","0","2301","0","0","0","N","0","0","0","1","02301","0","","4.0","","1","N","N","","0","","0","0","0","","0","","","1","1","1","0","0","1","0","2","0","1","","","","N","","","","","","","","","",""
"2008063065","","3","0","0","0","0","0","0","0","0","2","0","","02","5","2008","5","40.466162","-79.952248","","11","0","0","0","0","0","0","0","0","2","0","0","0","","","3","","1","","40 27:58.183","7","0","79 57:08.092","4","0","0","0","2301","0","0","0","N","0","0","0","3","02301","3","","1.0","","9","N","N","","0","","0","0","0","","2","Y","","3","3","3","0","0","0","0","2","0","3","","","","N","","","","","","","","","",""
"2008063079","","1","0","0","0","0","0","0","0","0","7","0","","02","5","2008","6","40.469886","-79.897837","","11","0","0","0","0","0","0","0","0","","0","0","0","","","0","","0","","40 28:11.589","","0","79 53:52.213","0","0","0","0","2301","0","0","0","","0","0","0","2","02301","0","","4.0","","9","","","","0","","0","0","0","","0","","","1","0","2","0","0","0","0","2","0","1","","","","N","","","","","","","","","",""
"2008063080","","2","0","0","0","0","0","0","0","0","4","0","","02","5","2008","6","40.442688","-80.002214","","11","0","0","0","0","0","0","0","0","","0","0","0","","","0","","0","","40 26:33.678","","0","80 00:07.971","0","0","0","0","2301","0","0","0","N","0","0","0","2","02301","0","","2.0","","1","N","N","","0","","0","0","0","","0","","","2","0","0","0","0","0","0","2","0","2","","","","N","","","","","","","","","",""
"2008063081","","2","0","0","0","0","0","0","0","0","1","0","","02","5","2008","5","40.401619","-80.02223","","11","0","0","0","0","0","0","0","0","","0","0","0","","","0","","2","","40 24:05.829","","0","80 01:20.028","0","0","0","0","2301","0","0","0","N","0","0","0","2","02301","0","","1.0","","9","N","N","","0","","0","0","0","","2","","","2","0","0","0","0","0","0","2","0","2","","","","N","","","","","","","","","",""
"2008063082","","1","0","0","0","0","0","0","0","0","8","0","","02","5","2008","6","40.442777","-79.996864","","11","0","0","0","0","0","0","0","0","","0","0","0","","","1","","1","","40 26:33.997","","0","79 59:48.710","4","0","0","0","2301","1","0","0","N","1","0","0","2","02301","1","","1.0","","9","N","N","","0","","0","0","0","","2","","","2","1","0","0","0","0","1","2","0","1","","","","N","","","","","","","","","",""
"2008063083","","2","0","0","0","0","0","0","0","0","1","0","","02","5","2008","6","40.438889","-79.993877","","11","0","0","0","0","0","0","0","0","3","0","0","0","","","0","","10","","40 26:20.001","2","0","79 59:37.957","0","0","0","0","2301","0","0","0","N","0","0","0","4","02301","0","","1.0","","9","N","N","","0","","0","0","0","","0","N","","2","0","0","0","0","0","0","2","0","2","","","","N","","","","","","","","","",""
"2008063084","","0","0","0","0","0","0","0","0","0","8","0","","02","4","2008","4","40.467634","-79.963634","","11","0","0","0","0","0","0","0","0","","0","0","0","","","1","","0","","40 28:03.484","","0","79 57:49.083","4","0","0","0","2301","1","0","0","N","1","0","0","2","02301","1","","1.0","","1","N","N","","1","","0","0","0","","0","","","2","1","0","0","0","0","0","2","0","1","","","","N","","","","","","","","","",""
"2008063085","","2","0","0","0","0","0","0","0","0","4","0","","02","5","2008","5","40.383092","-79.859843","","11","0","0","0","0","0","0","0","0","1","0","0","0","","","0","","0","","40 22:59.132","3","0","79 51:35.433","0","0","0","0","2301","0","0","0","N","0","0","0","2","02301","0","","1.0","","9","N","N","","0","","0","0","0","","4","Y","","2","0","0","0","0","0","0","2","0","2","","","","N","","","","","","","","","",""
"2008063094","","1","0","0","0","0","0","0","0","0","7","0","","02","5","2008","5","40.367962","-80.056473","","11","0","0","0","0","0","0","0","0","","0","0","0","","","0","","2","","40 22:04.663","","0","80 03:23.302","0","0","0","0","2109","0","0","0","N","0","0","0","1","02109","0","","5.0","","1","N","N","","0","","0","0","0","","3","","","1","0","1","0","0","0","0","2","0","1","","","","N","","","","","","","","","",""
"2008063095","","0","0","0","0","0","0","0","0","0","1","0","","02","5","2008","3","40.2634","-79.8782","","11","0","0","0","0","0","0","0","0","","0","0","0","","","1","","0","","40 15:48.240","","0","79 52:41.520","8","0","0","0","2204","0","0","0","N","0","0","0","3","02204","0","","1.0","","9","N","N","","0","","0","0","1","","0","","","2","1","0","0","0","1","0","1","1","2","","","","N","","","","","","","","","",""
"2008063121","","0","0","0","0","0","0","0","0","0","1","0","","02","4","2008","4","40.659525","-80.091096","","11","0","0","0","0","0","0","0","0","","0","0","0","","","0","","0","","40 39:34.289","","0","80 05:27.944","0","0","0","0","2212","0","0","0","N","0","0","0","3","68B03","0","","1.0","","1","N","N","","1","","0","0","1","","0","","","2","0","0","0","0","0","0","2","0","2","","","","N","","","","","","","","","",""
"2008063122","","0","0","0","0","0","0","0","0","0","0","0","","02","5","2008","7","40.502195","-80.136235","","11","0","0","0","0","0","1","0","0","","0","0","0","","","1","","0","","40 30:07.903","","0","80 08:10.447","3","0","0","1","2115","0","0","0","N","0","0","0","1","68B03","0","","1.0","","1","N","N","","0","","1","0","0","","0","","","1","1","0","0","0","0","0","2","0","1","","","","N","","","","","","","","","",""
"2008063123","","1","0","0","0","0","0","0","0","0","4","0","","02","5","2008","2","","","","11","0","0","0","0","0","0","0","0","2","0","0","0","","","1","","0","","40 27:29.16","1","0","80 11:18.96","4","0","0","0","2213","0","0","0","N","0","0","0","3","68B03","1","","1.0","","1","N","N","","0","","0","0","1","","0","Y","","3","1","0","0","0","0","0","2","0","2","","","","N","","","","","","","","","",""
"2008063124","","1","0","0","0","0","0","0","0","0","7","0","50","02","5","2008","3","","","","11","0","0","0","0","0","0","0","0","1","0","0","0","","","1","","7","","40 25:27.48","2","2","80 06:41.04","4","0","0","0","2102","0","0","0","N","0","0","0","1","68B03","1","","4.0","","1","N","N","","0","","0","0","0","","0","Y","","1","1","0","0","0","0","0","2","0","1","","","N","Y","4","1","N","N","N","N","N","N","Y",""
"2008063125","","1","0","0","0","0","0","0","0","0","1","0","","02","5","2008","3","40.351303","-80.11716","","11","0","0","0","0","0","0","0","0","1","0","0","0","","","1","","0","","40 21:04.692","2","0","80 07:01.777","8","0","0","0","2119","0","0","0","N","0","0","0","3","68B03","0","","1.0","","1","N","N","","0","","0","0","1","","0","N","","2","1","0","0","0","1","0","2","0","2","","","","N","","","","","","","","","",""
"2008063185","","0","0","0","0","0","0","0","0","0","7","0","","02","5","2008","4","40.535598","-79.973644","","11","0","0","0","0","0","0","0","0","1","0","0","0","","","2","","1","","40 32:08.152","3","0","79 58:25.118","8","0","0","0","2118","0","0","0","N","0","0","0","2","02118","0","","2.0","","1","N","N","","0","","0","0","1","","3","N","","1","2","0","0","0","2","0","2","0","1","","","","N","","","","","","","","","",""
"2008063196","","2","0","0","0","0","0","0","0","0","4","0","","02","5","2008","3","40.530018","-80.002313","","11","0","0","1","0","0","0","0","0","1","0","0","0","","","2","","2","","40 31:48.063","4","0","80 00:08.325","4","0","0","0","2116","0","0","0","N","0","0","0","2","02116","2","","1.0","","1","N","N","","0","","0","0","0","","3","Y","","2","2","0","0","0","0","0","2","0","2","","","","N","","","","","","","","","",""
"2008063199","","1","0","0","0","0","0","0","0","0","1","0","","02","5","2008","4","40.496131","-79.976872","","11","0","0","0","0","0","0","0","0","1","0","0","0","","","0","","0","","40 29:46.073","2","0","79 58:36.740","0","0","0","0","2116","0","0","0","N","0","0","0","1","02116","0","","1.0","","1","N","N","","1","","0","0","0","","0","N","","2","0","0","0","0","0","0","2","0","2","","","","N","","","","","","","","","",""
"2008063207","","0","0","0","0","0","0","0","0","0","1","0","","02","5","2008","4","40.432562","-79.800046","","11","0","0","0","0","0","2","0","0","","0","0","0","","","2","","0","","40 25:57.222","","0","79 48:00.164","4","0","0","0","2446","0","0","0","N","0","0","0","4","02446","1","","1.0","","1","N","N","","0","","0","0","2","","0","","","2","2","0","0","0","1","0","2","0","2","","","","N","","","","","","","","","",""
"2008063219","","1","0","0","0","0","0","0","0","0","4","0","","02","5","2008","1","40.378316","-79.816201","","11","0","0","0","0","0","1","0","0","2","0","0","0","","","1","","2","","40 22:41.936","7","0","79 48:58.324","8","0","0","0","2111","0","0","0","N","0","0","0","1","02111","0","","1.0","","1","N","N","","1","","0","0","0","","3","Y","","2","1","0","0","0","1","0","2","0","2","","","","N","","","","","","","","","",""
"2008063259","","1","0","0","0","0","0","0","0","0","99","0","","02","5","2008","3","","","","11","0","0","0","0","0","0","0","0","","0","0","0","","","0","","0","","40 29:27.96","","0","80 16:20.28","0","0","0","0","2203","0","0","0","Y","0","0","0","1","68B03","0","","1.0","","1","Y","Y","","0","","0","0","0","","0","","","1","0","0","0","0","0","0","2","0","1","","","","N","","","","","","","","","",""
"2008063332","","2","0","0","0","0","0","0","0","0","5","0","","02","5","2008","1","40.4789","-80.043","","11","0","0","0","0","0","0","0","0","2","0","0","0","","","0","","0","","40 28:44.040","2","0","80 02:34.800","0","0","0","0","2301","0","0","0","N","0","0","0","3","02301","0","","1.0","","1","N","N","","0","","0","0","0","","0","N","","2","0","0","0","0","0","0","2","0","2","","","","N","","","","","","","","","",""