"CRN","ARRIVAL_TM","AUTOMOBILE_COUNT","BELTED_DEATH_COUNT","BELTED_SUSP_SERIOUS_INJ_COUNT","BICYCLE_COUNT","BICYCLE_DEATH_COUNT","BICYCLE_SUSP_SERIOUS_INJ_COUNT","BUS_COUNT","CHLDPAS_DEATH_COUNT","CHLDPAS_SUSP_SERIOUS_INJ_COUNT","COLLISION_TYPE","COMM_VEH_COUNT","CONS_ZONE_SPD_LIM","COUNTY","CRASH_MONTH","CRASH_YEAR","DAY_OF_WEEK","DEC_LATITUDE","DEC_LONGITUDE","DISPATCH_TM","DISTRICT","DRIVER_COUNT_16YR","DRIVER_COUNT_17YR","DRIVER_COUNT_18YR","DRIVER_COUNT_19YR","DRIVER_COUNT_20YR","DRIVER_COUNT_50_64YR","DRIVER_COUNT_65_74YR","DRIVER_COUNT_75PLUS","EST_HRS_CLOSED","FATAL_COUNT","HEAVY_TRUCK_COUNT","HORSE_BUGGY_COUNT","HOUR_OF_DAY","ILLUMINATION","INJURY_COUNT","INTERSECTION_RELATED","INTERSECT_TYPE","LANE_CLOSED","LATITUDE","LN_CLOSE_DIR","LOCATION_TYPE","LONGITUDE","MAX_SEVERITY_LEVEL","MCYCLE_DEATH_COUNT","MCYCLE_SUSP_SERIOUS_INJ_COUNT","MOTORCYCLE_COUNT","MUNICIPALITY","NONMOTR_COUNT","NONMOTR_DEATH_COUNT","NONMOTR_SUSP_SERIOUS_INJ_COUNT","NTFY_HIWY_MAINT","PED_COUNT","PED_DEATH_COUNT","PED_SUSP_SERIOUS_INJ_COUNT","PERSON_COUNT","POLICE_AGCY","POSSIBLE_INJ_COUNT","RDWY_SURF_TYPE_CD","RELATION_TO_ROAD","ROADWAY_CLEARED","ROAD_CONDITION","SCH_BUS_IND","SCH_ZONE_IND","SECONDARY_CRASH","SMALL_TRUCK_COUNT","SPEC_JURIS_CD","SUSP_MINOR_INJ_COUNT","SUSP_SERIOUS_INJ_COUNT","SUV_COUNT","TCD_FUNC_CD","TCD_TYPE","TFC_DETOUR_IND","TIME_OF_DAY","TOTAL_UNITS","TOT_INJ_COUNT","UNBELTED_OCC_COUNT","UNB_DEATH_COUNT","UNB_SUSP_SERIOUS_INJ_COUNT","UNK_INJ_DEG_COUNT","UNK_INJ_PER_COUNT","URBAN_RURAL","VAN_COUNT","VEHICLE_COUNT","WEATHER1","WEATHER2","WORKERS_PRES","WORK_ZONE_IND","WORK_ZONE_LOC","WORK_ZONE_TYPE","WZ_CLOSE_DETOUR","WZ_FLAGGER","WZ_LAW_OFFCR_IND","WZ_LN_CLOSURE","WZ_MOVING","WZ_OTHER","WZ_SHLDER_MDN","WZ_WORKERS_INJ_KILLED"
"2008067100","","4","0","0","0","0","0","0","0","0","4","0","","02","5","2008","2","40.403251","-79.988942","","11","0","1","0","0","0","0","0","0","1","0","0","0","","","0","","1","","40 24:11.703","3","0","79 59:20.191","0","0","0","0","2301","0","0","0","N","0","0","0","5","02301","0","","1.0","","1","N","N","","0","","0","0","0","","3","N","","4","0","0","0","0","0","0","2","0","4","","","","N","","","","","","","","","",""
"2008067101","","1","0","0","0","0","0","0","0","0","1","0","","02","5","2008","6","40.471","-79.974464","","11","0","0","0","0","0","0","0","0","","0","0","0","","","1","","0","","40 28:15.599","","0","79 58:28.069","8","0","0","0","2301","0","0","0","N","0","0","0","2","02301","0","","1.0","","1","N","N","","1","","0","0","0","","0","","","2","1","0","0","0","1","0","2","0","2","","","","N","","","","","","","","","",""
"2008067102","","0","0","0","0","0","0","0","0","0","8","0","","02","5","2008","1","40.469839","-80.013912","","11","0","0","0","0","0","0","0","0","","0","0","0","","","1","","2","","40 28:11.420","","0","80 00:50.083","4","0","0","0","2301","1","0","0","","1","0","0","2","02301","1","","1.0","","1","","","","0","","0","0","0","","0","","","2","1","1","0","0","0","0","2","1","1","","","","N","","","","","","","","","",""
"2008067103","","0","0","0","0","0","0","0","0","0","1","0","","02","5","2008","3","40.413965","-80.030242","","11","0","0","0","0","0","1","0","0","2","0","0","0","","","1","","0","","40 24:50.274","1","0","80 01:48.871","8","0","0","0","2301","0","0","0","N","0","0","0","4","02301","0","","1.0","","9","N","N","","1","","0","0","2","","0","N","","3","1","0","0","0","1","0","2","0","3","","","","N","","","","","","","","","",""
"2008067104","","1","0","0","0","0","0","0","0","0","4","0","","02","5","2008","5","40.4284","-79.9735","","11","0","0","0","0","0","0","0","0","2","0","0","0","","","0","","2","","40 25:42.240","2","0","79 58:24.600","0","0","0","0","2301","0","0","0","N","0","0","0","3","02301","0","","1.0","","1","N","N","","0","","0","0","0","","2","N","","2","0","0","0","0","0","0","2","1","2","","","","N","","","","","","","","","",""
"2008067105","","8","0","0","0","0","0","0","0","0","4","0","","02","5","2008","2","40.450719","-79.986146","","11","0","0","0","1","0","0","0","0","","0","0","0","","","0","","0","","40 27:02.588","","0","79 59:10.125","0","0","0","0","2301","0","0","0","N","0","0","0","2","02301","0","","5.0","","1","N","N","","1","","0","0","2","","0","","","12","0","0","0","0","0","0","2","1","12","","","","N","","","","","","","","","",""
"2008067127","","2","0","0","0","0","0","0","0","0","4","0","","02","5","2008","2","40.378942","-79.975502","","11","0","0","0","0","0","0","0","0","1","0","0","0","","","0","","0","","40 22:44.191","5","0","79 58:31.807","0","0","0","0","2413","0","0","0","","0","0","0","1","02413","0","","2.0","","1","","","","0","","0","0","0","","0","N","","2","0","1","0","0","0","0","2","0","2","","","","N","","","","","","","","","",""
"2008067128","","1","0","0","0","0","0","0","0","0","0","0","","02","6","2008","4","40.587083","-79.925919","","11","0","1","0","0","0","0","0","0","1","0","0","0","","","0","","0","","40 35:13.498","2","0","79 55:33.308","0","0","0","0","2207","0","0","0","N","0","0","0","1","02207","0","","5.0","","9","N","N","","0","","0","0","0","","0","N","","1","0","0","0","0","0","0","2","0","1","","","","N","","","","","","","","","",""
"2008067131","","1","0","0","0","0","0","0","0","0","7","0","","02","6","2008","5","40.2157","-79.8182","","11","0","0","0","0","0","0","0","0","6","0","0","0","","","0","","0","","40 12:56.520","6","0","79 49:05.520","0","0","0","0","2105","0","0","0","Y","0","0","0","1","02105","0","","2.0","","9","N","N","","0","","0","0","0","","0","Y","","1","0","0","0","0","0","0","1","0","1","","","","N","","","","","","","","","",""
"2008067140","","1","0","0","0","0","0","0","0","0","1","0","","02","5","2008","5","","","","11","0","0","0","0","0","1","0","0","","0","0","0","","","0","","0","","40 30:04.32","","0","80 01:27.12","0","0","0","0","2116","0","0","0","N","0","0","0","2","68B03","0","","1.0","","1","N","N","","0","","0","0","1","","0","","","2","0","0","0","0","0","0","2","0","2","","","","N","","","","","","","","","",""
"2008067141","","1","0","0","0","0","0","0","0","0","1","0","","02","5","2008","5","40.403343","-80.106593","","11","0","0","0","0","0","1","0","0","","0","0","0","","","0","","0","","40 24:12.033","","0","80 06:23.736","0","0","0","0","2102","0","0","0","N","0","0","0","2","68B03","0","","1.0","","1","N","N","","1","","0","0","0","","0","","","2","0","0","0","0","0","0","2","0","2","","","","N","","","","","","","","","",""
"2008067235","","2","0","0","0","0","0","0","0","0","4","0","","02","6","2008","5","40.538368","-79.831598","","11","0","0","0","0","0","0","0","0","","0","0","0","","","0","","0","","40 32:18.125","","0","79 49:53.753","0","0","0","0","2208","0","0","0","N","0","0","0","2","02208","0","","1.0","","9","N","N","","0","","0","0","0","","0","","","2","0","0","0","0","0","0","2","0","2","","","","N","","","","","","","","","",""
"2008067237","","1","0","0","0","0","0","0","0","0","5","2","","02","6","2008","4","40.300468","-79.922757","","11","0","0","0","1","0","2","0","0","","0","2","0","","","0","","2","","40 18:01.685","","0","79 55:21.925","0","0","0","0","2440","0","0","0","N","0","0","0","4","02440","0","","1.0","","9","N","N","","0","","0","0","0","","0","","","3","0","0","0","0","0","0","2","0","3","","","","N","","","","","","","","","",""
"2008067245","","1","0","0","0","0","0","0","0","0","7","0","","02","5","2008","5","40.315129","-80.007514","","11","1","0","0","0","0","0","0","0","","0","0","0","","","1","","0","","40 18:54.463","","0","80 00:27.051","3","0","0","0","2219","0","0","0","N","0","0","0","1","02501","0","","5.0","","1","N","N","","0","","1","0","0","","0","","","1","1","0","0","0","0","0","2","0","1","","","","N","","","","","","","","","",""
"2008067271","","2","0","0","0","0","0","0","0","0","2","0","","02","6","2008","5","40.374469","-80.073299","","11","1","0","0","0","0","1","0","0","2","0","0","0","","","3","","1","","40 22:28.088","3","0","80 04:23.876","3","0","0","0","2109","0","0","0","N","0","0","0","3","02109","1","","1.0","","1","N","N","","0","","1","0","0","","2","N","","2","3","1","0","0","1","0","2","0","2","","","","N","","","","","","","","","",""
"2008067279","","1","0","0","0","0","0","0","0","0","7","0","","02","5","2008","2","40.404215","-79.909822","","11","0","0","1","0","0","0","0","0","1","0","0","0","","","0","","0","","40 24:15.174","5","0","79 54:35.360","0","0","0","0","2438","0","0","0","N","0","0","0","1","02438","0","","2.0","","1","N","N","","0","","0","0","0","","0","Y","","1","0","0","0","0","0","0","2","0","1","","","","N","","","","","","","","","",""
"2008067281","","2","0","0","0","0","0","0","0","0","4","0","","02","6","2008","1","","","","11","0","0","0","0","0","1","0","1","1","0","0","0","","","0","","0","","","1","0","","0","0","0","0","2213","0","0","0","N","0","0","0","2","02213","0","","1.0","","1","N","N","","0","","0","0","0","","0","N","","2","0","0","0","0","0","0","1","0","2","","","","N","","","","","","","","","",""
"2008067282","","1","0","0","0","0","0","1","0","0","4","1","","02","6","2008","4","40.293663","-79.984569","","11","0","0","0","0","0","0","0","0","2","0","0","0","","","1","","0","","40 17:37.186","5","0","79 59:04.448","4","0","0","0","2219","0","0","0","N","0","0","0","5","02219","1","","1.0","","1","Y","N","","0","","0","0","0","","0","Y","","2","1","0","0","0","0","0","2","0","2","","","","N","","","","","","","","","",""
"2008067305","","2","0","0","0","0","0","0","0","0","4","0","","02","6","2008","5","40.411308","-79.753148","","11","0","0","0","0","0","0","1","0","1","0","0","0","","","1","","0","","40 24:40.708","2","7","79 45:11.332","4","0","0","0","2446","0","0","0","N","0","0","0","4","02446","1","","1.0","","1","N","N","","0","","0","0","0","","0","N","","2","1","0","0","0","0","0","2","0","2","","","","N","","","","","","","","","",""
"2008067324","","1","0","0","0","0","0","0","0","0","1","0","","02","6","2008","3","","","","11","0","0","0","0","0","1","0","0","2","0","1","0","","","1","","0","","40 27:51.48","2","0","79 59:58.20","8","0","0","0","2301","0","0","0","N","0","0","0","3","68B03","0","","1.0","","1","N","N","","0","","0","0","1","","0","N","","3","1","0","0","0","1","0","2","0","3","","","","N","","","","","","","","","",""
"2008067325","","1","0","0","0","0","0","0","0","0","1","0","","02","6","2008","4","","","","11","0","0","0","0","0","0","0","0","","0","0","0","","","1","","0","","40 25:26.40","","0","80 06:32.04","4","0","0","0","2102","0","0","0","N","0","0","0","2","68B03","1","","1.0","","9","N","N","","1","","0","0","0","","0","","","2","1","0","0","0","0","0","2","0","2","","","","N","","","","","","","","","",""
"2008067394","","1","0","0","0","0","0","0","0","0","4","0","","02","5","2008","6","40.4579","-79.9353","","11","0","0","0","0","0","0","0","1","","0","0","0","","","3","","1","","40 27:28.440","","0","79 56:07.080","8","0","0","0","2301","0","0","0","N","0","0","0","3","02301","0","","1.0","","9","N","N","","0","","0","0","0","","2","","","2","3","1","0","0","3","0","2","1","2","","","","N","","","","","","","","","",""
"2008067399","","1","0","0","0","0","0","0","0","0","5","1","","02","5","2008","4","40.431144","-79.959222","","11","0","0","0","0","0","0","0","0","","0","1","0","","","0","","1","","40 25:52.118","","0","79 57:33.198","0","0","0","0","2301","0","0","0","","0","0","0","3","02301","0","","1.0","","1","N","N","","0","","0","0","0","","2","","","2","0","0","0","0","0","0","2","0","2","","","","N","","","","","","","","","",""
"2008067402","","2","0","0","0","0","0","0","0","0","1","0","","02","5","2008","2","40.4303","-80.0285","","11","0","0","0","0","0","1","1","0","1","0","0","0","","","0","","6","","40 25:49.080","2","2","80 01:42.600","0","0","0","0","2301","0","0","0","N","0","0","0","5","02301","0","","1.0","","1","N","N","","0","","0","0","1","","4","N","","3","0","0","0","0","0","0","2","0","3","","","","N","","","","","","","","","",""
"2008067404","","2","0","0","0","0","0","0","0","0","4","0","","02","5","2008","5","40.445515","-79.977824","","11","0","0","0","0","0","1","0","0","","0","0","0","","","1","","2","","40 26:43.854","","0","79 58:40.166","8","0","0","0","2301","0","0","0","N","0","0","0","3","02301","0","","1.0","","9","N","N","","0","","0","0","0","","3","","","2","1","0","0","0","1","0","2","0","2","","","","N","","","","","","","","","",""
"2008067411","","1","0","0","0","0","0","0","0","0","4","0","","02","5","2008","6","40.550829","-80.088012","","11","0","0","1","0","0","0","0","0","1","0","0","0","","","1","","2","","40 33:02.983","3","0","80 05:16.844","4","0","0","0","2215","0","0","0","N","0","0","0","2","02215","1","","1.0","","1","N","N","","1","","0","0","0","","3","N","","2","1","0","0","0","0","0","2","0","2","","","","N","","","","","","","","","",""
"2008067413","","0","0","0","0","0","0","0","0","0","0","0","","02","6","2008","5","40.2461","-79.859","","11","0","0","0","0","0","1","0","0","1","0","0","0","","","2","","0","","40 14:45.960","5","0","79 51:32.400","3","0","0","1","2105","0","0","0","N","0","0","0","2","02105","1","","1.0","","3","N","N","","0","","1","0","0","","0","N","","1","2","0","0","0","0","0","1","0","1","","","","N","","","","","","","","","",""
"2008067415","","1","0","0","0","0","0","0","0","0","1","0","","02","6","2008","5","40.578082","-79.953667","","11","0","0","0","0","1","0","1","0","","0","0","0","","","4","","0","","40 34:41.094","","0","79 57:13.202","3","0","0","0","2207","0","0","0","N","0","0","0","8","02207","2","","1.0","","1","N","N","","1","","2","0","1","","0","","","3","4","0","0","0","0","0","2","0","3","","","","N","","","","","","","","","",""
"2008067419","","1","0","0","0","0","0","0","0","0","8","0","","02","4","2008","1","40.33307","-79.844642","","11","0","0","0","0","0","0","0","0","","0","0","0","","","1","","1","","40 19:59.052","","0","79 50:40.711","4","0","0","0","2304","1","0","0","N","1","0","0","2","02304","1","","1.0","","1","N","N","","0","","0","0","0","","0","","","2","1","0","0","0","0","0","2","0","1","","","","N","","","","","","","","","",""
"2008067420","","1","0","0","0","0","0","0","0","0","4","0","","02","5","2008","4","40.346726","-79.855913","","11","0","0","0","0","0","0","1","0","1","0","0","0","","","3","","1","","40 20:48.213","4","0","79 51:21.286","4","0","0","0","2304","0","0","0","N","0","0","0","4","02304","1","","1.0","","9","N","N","","1","","0","0","0","","3","N","","2","3","3","0","0","2","0","2","0","2","","","","N","","","","","","","","","",""
"2008067421","","1","0","0","0","0","0","0","0","0","1","0","","02","5","2008","3","40.455217","-79.93176","","11","0","0","0","0","0","0","1","0","","0","0","0","","","0","","1","","40 27:18.781","","0","79 55:54.336","0","0","0","0","2301","0","0","0","N","0","0","0","2","02301","0","","1.0","","1","N","N","","0","","0","0","1","","3","","","2","0","0","0","0","0","0","2","0","2","","","","N","","","","","","","","","",""
"2008067478","","2","0","0","0","0","0","0","0","0","4","0","","02","5","2008","7","40.437184","-79.963007","","11","0","0","0","0","0","0","0","0","2","0","0","0","","","1","","1","","40 26:13.863","3","0","79 57:46.826","4","0","0","0","2301","0","0","0","N","0","0","0","5","02301","1","","1.0","","1","N","N","","0","","0","0","0","","2","Y","","2","1","0","0","0","0","0","2","0","2","","","","N","","","","","","","","","",""
"2008067479","","2","0","0","0","0","0","0","0","0","4","0","","02","5","2008","3","40.453297","-79.924801","","11","0","0","0","0","0","1","0","0","","0","0","0","","","0","","1","","40 27:11.869","","0","79 55:29.283","0","0","0","0","2301","0","0","0","N","0","0","0","2","02301","0","","1.0","","1","N","N","","0","","0","0","0","","3","","","2","0","0","0","0","0","0","2","0","2","","","","N","","","","","","","","","",""
"2008067480","","0","0","0","0","0","0","0","0","0","4","0","","02","5","2008","7","40.4361","-79.9793","","11","0","0","0","0","0","0","0","0","","0","0","0","","","0","","0","","40 26:09.960","","0","79 58:45.480","0","0","0","0","2301","0","0","0","N","0","0","0","6","02301","0","","1.0","","1","N","N","","0","","0","0","1","","0","","","2","0","0","0","0","0","0","2","1","2","","","","N","","","","","","","","","",""
"2008067483","","0","0","0","0","0","0","0","0","0","4","0","","02","5","2008","4","40.44161","-80.240672","","11","0","0","0","0","0","0","0","0","1","0","0","0","","","0","","1","","40 26:29.796","6","0","80 14:26.419","0","0","0","0","2214","0","0","0","Y","0","0","0","4","02214","0","","1.0","","1","N","N","","0","","0","0","1","","3","Y","","2","0","0","0","0","0","0","2","1","2","","","","N","","","","","","","","","",""
"2008067540","","1","0","0","0","0","0","0","0","0","4","0","","02","5","2008","3","40.351378","-79.866678","","11","0","0","0","0","0","0","0","1","1","0","0","0","","","1","","1","","40 21:04.959","6","0","79 52:00.040","8","0","0","0","2304","0","0","0","","0","0","0","2","02304","0","","1.0","","1","","","","1","","0","0","0","","2","N","","2","1","0","0","0","1","0","2","0","2","","","","N","","","","","","","","","",""
"2008067541","","0","0","0","0","0","0","0","0","0","8","0","","02","5","2008","7","40.407485","-79.987822","","11","0","0","0","0","0","0","0","0","","0","0","0","","","1","","0","","40 24:26.946","","0","79 59:16.160","8","0","0","0","2447","1","0","0","N","1","0","0","2","02447","0","","1.0","","1","N","N","","0","","0","0","0","","3","","","2","1","0","0","0","1","1","2","0","1","","","","N","","","","","","","","","",""
"2008067542","","1","0","0","0","0","0","0","0","0","4","0","","02","5","2008","1","40.567198","-80.055398","","11","0","0","1","0","0","0","0","0","","0","0","0","","","0","","0","","40 34:01.912","","0","80 03:19.433","0","0","0","0","2108","0","0","0","N","0","0","0","2","02108","0","","2.0","","9","N","N","","0","","0","0","1","","0","","","2","0","0","0","0","0","0","2","0","2","","","","N","","","","","","","","","",""
"2008067580","","1","0","0","0","0","0","0","0","0","7","0","","02","3","2008","2","40.650869","-79.85954","","11","0","0","0","0","0","0","0","0","2","0","0","0","","","0","","0","","40 39:03.127","2","0","79 51:34.344","0","0","0","0","2220","0","0","0","N","0","0","0","1","02220","0","","4.0","","9","N","N","","0","","0","0","0","","0","N","","1","0","0","0","0","0","0","1","0","1","","","","N","","","","","","","","","",""
"2008067611","","3","0","0","0","0","0","0","0","0","4","0","","02","5","2008","6","40.3876","-80.0909","","11","0","1","0","0","0","0","0","0","1","0","0","0","","","1","","2","","40 23:15.360","6","0","80 05:27.240","4","0","0","0","2437","0","0","0","N","0","0","0","4","02437","1","","1.0","","1","N","N","","0","","0","0","0","","2","N","","3","1","0","0","0","0","0","2","0","3","","","","N","","","","","","","","","",""
"2008067668","","1","0","0","0","0","0","0","0","0","0","0","","02","6","2008","5","40.327757","-79.858166","","11","0","0","0","0","0","1","0","0","","0","0","0","","","0","","10","","40 19:39.925","","0","79 51:29.397","0","0","0","0","2442","0","0","0","N","0","0","0","1","02455","0","","5.0","","9","N","N","","0","","0","0","0","","0","","","1","0","0","0","0","0","0","2","0","1","","","","N","","","","","","","","","",""
"2008067725","","1","0","0","0","0","0","0","0","0","7","0","","02","5","2008","5","40.429585","-79.870046","","11","0","0","0","1","0","0","0","0","","0","0","0","","","2","","0","","40 25:46.506","","0","79 52:12.165","4","0","0","0","2431","0","0","0","N","0","0","0","2","02431","2","","4.0","","1","N","N","","0","","0","0","0","","3","","","1","2","0","0","0","0","0","2","0","1","","","","N","","","","","","","","","",""
"2008067757","","2","0","0","0","0","0","0","0","0","7","0","","02","5","2008","7","40.455227","-79.978014","","11","0","0","0","0","0","0","0","0","2","0","0","0","","","1","","0","","40 27:18.817","4","0","79 58:40.850","8","0","0","0","2301","0","0","0","N","0","0","0","1","02301","0","","4.0","","1","N","N","","0","","0","0","0","","0","N","","2","1","0","0","0","1","0","2","0","2","","","","N","","","","","","","","","",""
"2008067758","","1","0","0","0","0","0","0","0","0","7","0","","02","5","2008","3","40.441475","-79.992635","","11","0","0","0","0","0","0","0","0","","0","0","0","","","0","","10","","40 26:29.311","","2","79 59:33.487","0","0","0","0","2301","0","0","0","N","0","0","0","1","02301","0","","2.0","","1","N","N","","0","","0","0","0","","0","","","1","0","0","0","0","0","0","2","0","1","","","","N","","","","","","","","","",""
"2008067759","","2","0","0","0","0","0","0","0","0","5","0","","02","5","2008","6","40.451709","-79.981622","","11","0","0","0","0","0","0","1","0","","0","0","0","","","1","","2","","40 27:06.151","","0","79 58:53.839","4","0","0","0","2301","0","0","0","","0","0","0","3","02301","1","","1.0","","1","N","N","","0","","0","0","0","","0","","","2","1","0","0","0","0","0","2","0","2","","","","N","","","","","","","","","",""
"2008067764","","2","0","0","0","0","0","0","0","0","4","0","","02","5","2008","7","40.475047","-80.011386","","11","0","0","0","0","0","0","0","0","2","0","0","0","","","1","","2","","40 28:30.169","7","0","80 00:40.990","4","0","0","0","2301","0","0","0","N","0","0","0","2","02301","1","","1.0","","1","N","N","","0","","0","0","0","","2","N","","2","1","0","0","0","0","0","2","0","2","","","","N","","","","","","","","","",""
"2008067766","","2","0","0","0","0","0","0","0","0","4","0","","02","5","2008","1","40.453987","-79.997852","","11","0","0","0","0","0","0","0","0","","0","0","0","","","1","","1","","40 27:14.354","","0","79 59:52.268","4","0","0","0","2301","0","0","0","N","0","0","0","4","02301","1","","1.0","","1","N","N","","0","","0","0","0","","2","","","2","1","1","0","0","0","0","2","0","2","","","","N","","","","","","","","","",""
"2008067774","","2","0","0","0","0","0","0","0","0","1","0","","02","5","2008","6","40.572128","-80.023504","","11","0","0","0","0","0","0","0","1","","0","0","0","","","2","","1","","40 34:19.660","","0","80 01:24.616","8","0","0","0","2108","0","0","0","N","0","0","0","5","02108","0","","1.0","","9","N","N","","1","","0","0","0","","2","","","3","2","0","0","0","2","0","2","0","3","","","","N","","","","","","","","","",""
"2008067775","","1","0","0","0","0","0","0","0","0","2","0","","02","5","2008","3","40.55622","-80.036206","","11","0","0","0","1","0","0","0","0","2","0","0","0","","","2","","0","","40 33:22.392","6","0","80 02:10.341","3","0","0","0","2108","0","0","0","N","0","0","0","2","02108","0","","1.0","","9","N","N","","0","","1","0","1","","0","Y","","2","2","0","0","0","1","0","2","0","2","","","","N","","","","","","","","","",""
"2008067776","","1","0","0","1","0","0","0","0","0","8","0","","02","5","2008","1","40.586879","-80.025117","","11","0","0","0","0","0","1","0","0","1","0","0","0","","","1","","2","","40 35:12.764","4","0","80 01:30.421","3","0","0","0","2108","1","0","0","N","0","0","0","2","02108","0","","1.0","","1","N","N","","0","","1","0","0","","0","N","","2","1","0","0","0","0","0","2","0","1","","","","N","","","","","","","","","",""
"2008067777","","1","0","0","0","0","0","0","0","0","1","0","","02","5","2008","6","40.447708","-79.938872","","11","0","0","0","0","0","1","0","0","1","0","0","0","","","3","","2","","40 26:51.748","4","0","79 56:19.939","8","0","0","0","2301","0","0","0","N","0","0","0","4","02301","0","","1.0","","1","N","N","","0","","0","0","0","","2","N","","2","3","0","0","0","3","0","2","1","2","","","","N","","","","","","","","","",""
"2008067778","","1","0","0","0","0","0","0","0","0","7","0","","02","5","2008","7","40.427962","-79.914724","","11","0","0","0","0","0","0","0","0","2","0","0","0","","","0","","1","","40 25:40.663","4","0","79 54:53.006","0","0","0","0","2301","0","0","0","N","0","0","0","1","02301","0","","5.0","","1","N","N","","0","","0","0","0","","3","Y","","1","0","0","0","0","0","0","2","0","1","","","","N","","","","","","","","","",""
"2008067779","","1","0","0","0","0","0","0","0","0","8","0","","02","5","2008","7","40.448912","-79.932571","","11","0","0","0","0","0","0","0","0","1","0","0","0","","","1","","2","","40 26:56.083","4","0","79 55:57.255","8","0","0","0","2301","1","0","0","N","1","0","0","2","02301","0","","1.0","","1","N","N","","0","","0","0","0","","0","N","","2","1","0","0","0","1","0","2","0","1","","","","N","","","","","","","","","",""
"2008067780","","2","0","0","0","0","0","0","0","0","5","0","","02","5","2008","2","40.441763","-79.958524","","11","0","0","0","0","0","0","0","0","","0","0","0","","","0","","2","","40 26:30.346","","0","79 57:30.686","0","0","0","0","2301","0","0","0","N","0","0","0","3","02301","0","","1.0","","1","N","N","","0","","0","0","1","","0","","","3","0","0","0","0","0","0","2","0","3","","","","N","","","","","","","","","",""
"2008067781","","2","0","0","0","0","0","0","0","0","6","0","","02","5","2008","1","40.454145","-79.944483","","11","0","0","0","0","0","0","0","0","","0","0","0","","","0","","1","","40 27:14.922","","0","79 56:40.138","0","0","0","0","2301","0","0","0","N","0","0","0","3","02301","0","","1.0","","9","N","N","","0","","0","0","0","","2","","","2","0","0","0","0","0","0","2","0","2","","","","N","","","","","","","","","",""
"2008067782","","2","0","0","0","0","0","0","0","0","4","0","","02","5","2008","7","40.46586","-79.922782","","11","0","0","0","0","0","0","0","0","","0","0","0","","","0","","1","","40 27:57.096","","0","79 55:22.015","0","0","0","0","2301","0","0","0","","0","0","0","4","02301","0","","1.0","","1","N","N","","0","","0","0","0","","2","","","2","0","0","0","0","0","0","2","0","2","","","","N","","","","","","","","","",""
"2008067783","","2","0","0","0","0","0","0","0","0","2","0","","02","5","2008","5","40.453559","-79.875993","","11","0","0","0","0","0","0","0","0","2","0","0","0","","","3","","0","","40 27:12.812","3","0","79 52:33.574","3","0","0","0","2301","0","0","0","N","0","0","0","3","02301","1","","1.0","","1","N","N","","0","","2","0","0","","0","N","","2","3","0","0","0","0","0","2","0","2","","","","N","","","","","","","","","",""
"2008067784","","1","0","0","0","0","0","0","0","0","7","0","","02","5","2008","6","40.4835","-79.9023","","11","0","1","0","0","0","0","0","0","","0","0","0","","","0","","0","","40 29:00.600","","0","79 54:08.280","0","0","0","0","2301","0","0","0","N","0","0","0","2","02301","0","","4.0","","1","N","N","","0","","0","0","0","","0","","","1","0","0","0","0","0","0","2","0","1","","","","N","","","","","","","","","",""
"2008067785","","1","0","0","0","0","0","0","0","0","5","0","","02","5","2008","3","40.472237","-79.959211","","11","0","0","0","0","0","0","0","0","1","0","0","0","","","0","","1","","40 28:20.052","4","0","79 57:33.161","0","0","0","0","2301","0","0","0","N","0","0","0","1","02301","0","","2.0","","1","N","N","","0","","0","0","0","","3","N","","2","0","0","0","0","0","0","2","1","2","","","","N","","","","","","","","","",""
"2008067789","","0","0","0","0","0","0","0","0","0","1","0","","02","5","2008","6","40.4415","-80.2356","","11","0","0","0","0","0","1","0","0","","0","0","0","","","0","","3","","40 26:29.400","","0","80 14:08.160","0","0","0","1","2214","0","0","0","N","0","0","0","2","02214","0","","1.0","","1","N","N","","1","","0","0","0","","3","","","2","0","0","0","0","0","0","2","0","2","","","","N","","","","","","","","","",""
"2008067794","","2","0","0","0","0","0","0","0","0","4","0","","02","5","2008","1","40.455625","-79.966122","","11","0","0","1","0","0","0","0","0","","0","0","0","","","0","","1","","40 27:20.250","","0","79 57:58.040","9","0","0","0","2301","0","0","0","N","0","0","0","2","02301","0","","1.0","","1","N","N","","0","","0","0","0","","2","","","2","0","0","0","0","0","1","2","0","2","","","","N","","","","","","","","","",""
"2008067823","","1","0","0","0","0","0","0","0","0","7","0","","02","5","2008","7","40.457283","-80.079798","","11","0","0","0","0","0","0","0","0","1","0","0","0","","","1","","0","","40 27:26.218","5","0","80 04:47.272","3","0","0","0","2301","0","0","0","N","0","0","0","1","02301","0","","5.0","","1","N","N","","0","","1","0","0","","0","N","","1","1","0","0","0","0","0","2","0","1","","","","N","","","","","","","","","",""
"2008067848","","2","0","0","0","0","0","0","0","0","4","0","","02","5","2008","6","40.432873","-79.936537","","11","0","0","0","0","0","1","0","1","3","0","0","0","","","1","","1","","40 25:58.342","7","0","79 56:11.533","2","0","0","0","2301","0","0","0","N","0","0","0","2","02301","0","","1.0","","1","N","N","","0","","0","1","0","","2","Y","","2","1","2","0","1","0","0","2","0","2","","","","N","","","","","","","","","",""