"CRN","ARRIVAL_TM","AUTOMOBILE_COUNT","BELTED_DEATH_COUNT","BELTED_SUSP_SERIOUS_INJ_COUNT","BICYCLE_COUNT","BICYCLE_DEATH_COUNT","BICYCLE_SUSP_SERIOUS_INJ_COUNT","BUS_COUNT","CHLDPAS_DEATH_COUNT","CHLDPAS_SUSP_SERIOUS_INJ_COUNT","COLLISION_TYPE","COMM_VEH_COUNT","CONS_ZONE_SPD_LIM","COUNTY","CRASH_MONTH","CRASH_YEAR","DAY_OF_WEEK","DEC_LATITUDE","DEC_LONGITUDE","DISPATCH_TM","DISTRICT","DRIVER_COUNT_16YR","DRIVER_COUNT_17YR","DRIVER_COUNT_18YR","DRIVER_COUNT_19YR","DRIVER_COUNT_20YR","DRIVER_COUNT_50_64YR","DRIVER_COUNT_65_74YR","DRIVER_COUNT_75PLUS","EST_HRS_CLOSED","FATAL_COUNT","HEAVY_TRUCK_COUNT","HORSE_BUGGY_COUNT","HOUR_OF_DAY","ILLUMINATION","INJURY_COUNT","INTERSECTION_RELATED","INTERSECT_TYPE","LANE_CLOSED","LATITUDE","LN_CLOSE_DIR","LOCATION_TYPE","LONGITUDE","MAX_SEVERITY_LEVEL","MCYCLE_DEATH_COUNT","MCYCLE_SUSP_SERIOUS_INJ_COUNT","MOTORCYCLE_COUNT","MUNICIPALITY","NONMOTR_COUNT","NONMOTR_DEATH_COUNT","NONMOTR_SUSP_SERIOUS_INJ_COUNT","NTFY_HIWY_MAINT","PED_COUNT","PED_DEATH_COUNT","PED_SUSP_SERIOUS_INJ_COUNT","PERSON_COUNT","POLICE_AGCY","POSSIBLE_INJ_COUNT","RDWY_SURF_TYPE_CD","RELATION_TO_ROAD","ROADWAY_CLEARED","ROAD_CONDITION","SCH_BUS_IND","SCH_ZONE_IND","SECONDARY_CRASH","SMALL_TRUCK_COUNT","SPEC_JURIS_CD","SUSP_MINOR_INJ_COUNT","SUSP_SERIOUS_INJ_COUNT","SUV_COUNT","TCD_FUNC_CD","TCD_TYPE","TFC_DETOUR_IND","TIME_OF_DAY","TOTAL_UNITS","TOT_INJ_COUNT","UNBELTED_OCC_COUNT","UNB_DEATH_COUNT","UNB_SUSP_SERIOUS_INJ_COUNT","UNK_INJ_DEG_COUNT","UNK_INJ_PER_COUNT","URBAN_RURAL","VAN_COUNT","VEHICLE_COUNT","WEATHER1","WEATHER2","WORKERS_PRES","WORK_ZONE_IND","WORK_ZONE_LOC","WORK_ZONE_TYPE","WZ_CLOSE_DETOUR","WZ_FLAGGER","WZ_LAW_OFFCR_IND","WZ_LN_CLOSURE","WZ_MOVING","WZ_OTHER","WZ_SHLDER_MDN","WZ_WORKERS_INJ_KILLED"
"2008069235","","1","0","0","0","0","0","0","0","0","8","0","","02","5","2008","2","40.344467","-79.837555","","11","0","0","0","0","0","1","0","0","","0","0","0","","","1","","2","","40 20:40.081","","0","79 50:15.198","4","0","0","0","2304","1","0","0","","1","0","0","2","02504","1","","1.0","","1","","","","0","","0","0","0","","0","","","2","1","0","0","0","0","0","2","0","1","","","","N","","","","","","","","","",""
"2008069236","","2","0","0","0","0","0","0","0","0","4","0","","02","5","2008","2","40.34518","-79.841013","","11","0","0","0","1","0","0","0","0","1","0","0","0","","","1","","2","","40 20:42.648","6","0","79 50:27.646","8","0","0","0","2304","0","0","0","N","0","0","0","4","02304","0","","1.0","","1","N","N","","0","","0","0","0","","0","Y","","2","1","0","0","0","1","0","2","0","2","","","","N","","","","","","","","","",""
"2008069239","","1","0","0","0","0","0","0","0","0","7","0","","02","5","2008","1","40.343747","-79.861108","","11","0","0","0","0","0","0","0","0","","0","0","0","","","1","","0","","40 20:37.489","","0","79 51:39.988","3","0","0","0","2304","0","0","0","N","0","0","0","1","02304","0","","5.0","","1","N","N","","0","","1","0","0","","0","","","1","1","0","0","0","0","0","2","0","1","","","","N","","","","","","","","","",""
"2008069240","","1","0","0","0","0","0","0","0","0","7","0","","02","5","2008","1","40.340585","-79.856971","","11","0","0","0","0","0","0","0","0","2","0","0","0","","","1","","1","","40 20:26.106","5","0","79 51:25.095","8","0","0","0","2304","0","0","0","","0","0","0","1","02304","0","","2.0","","1","","","","0","","0","0","0","","3","Y","","2","1","0","0","0","1","0","2","0","1","","","","N","","","","","","","","","",""
"2008069241","","3","0","0","0","0","0","0","0","0","2","0","","02","3","2008","5","40.329555","-79.840811","","11","0","0","0","0","0","0","0","0","","0","0","0","","","1","","0","","40 19:46.398","","0","79 50:26.919","8","0","0","0","2304","0","0","0","N","0","0","0","1","02304","0","","1.0","","1","N","N","","0","","0","0","0","","0","","","3","1","0","0","0","1","0","2","0","3","","","","N","","","","","","","","","",""
"2008069242","","1","0","0","0","0","0","0","0","0","7","0","","02","5","2008","6","40.484405","-80.025342","","11","0","0","1","0","0","0","0","0","","0","0","0","","","0","","0","","40 29:03.858","","0","80 01:31.231","0","0","0","0","2301","0","0","0","N","0","0","0","3","02301","0","","5.0","","1","N","N","","0","","0","0","0","","0","","","1","0","0","0","0","0","0","2","0","1","","","","N","","","","","","","","","",""
"2008069243","","0","0","0","0","0","0","0","0","0","4","0","","02","5","2008","4","40.441758","-80.007084","","11","0","0","0","0","0","2","0","0","","0","0","0","","","0","","0","","40 26:30.327","","0","80 00:25.504","0","0","0","0","2301","0","0","0","N","0","0","0","2","02301","0","","1.0","","1","N","N","","0","","0","0","2","","0","","","2","0","0","0","0","0","0","2","0","2","","","","N","","","","","","","","","",""
"2008069332","","1","0","0","0","0","0","0","0","0","2","0","","02","5","2008","5","40.425682","-79.953592","","11","0","0","0","0","0","1","0","0","1","0","0","0","","","1","","0","","40 25:32.455","5","0","79 57:12.932","2","0","1","1","2301","0","0","0","","0","0","0","3","02301","0","","1.0","","1","","","","0","","0","1","0","","0","N","","2","1","0","0","0","0","0","2","0","2","","","","N","","","","","","","","","",""
"2008069333","","1","0","0","0","0","0","0","0","0","7","0","","02","5","2008","5","40.45193","-79.93432","","11","0","0","0","0","0","0","0","0","","0","0","0","","","0","","0","","40 27:06.948","","0","79 56:03.552","0","0","0","0","2301","0","0","0","N","0","0","0","2","02301","0","","5.0","","1","N","N","","0","","0","0","0","","0","","","1","0","0","0","0","0","0","2","0","1","","","","N","","","","","","","","","",""
"2008069335","","2","0","0","0","0","0","0","0","0","4","0","","02","5","2008","5","40.425703","-79.949867","","11","0","0","0","0","0","0","0","0","","0","0","0","","","0","","1","","40 25:32.530","","0","79 56:59.521","0","0","0","0","2301","0","0","0","N","0","0","0","2","02301","0","","1.0","","1","N","N","","0","","0","0","0","","3","","","2","0","0","0","0","0","0","2","0","2","","","","N","","","","","","","","","",""
"2008069336","","0","0","0","0","0","0","0","0","0","1","0","","02","5","2008","4","40.41307","-79.921685","","11","0","0","0","0","0","1","1","0","","0","0","0","","","2","","0","","40 24:47.052","","0","79 55:18.066","4","0","0","0","2301","0","0","0","N","0","0","0","4","02301","2","","1.0","","1","N","N","","1","","0","0","2","","2","","","3","2","0","0","0","0","0","2","0","3","","","","N","","","","","","","","","",""
"2008069352","","1","0","0","0","0","0","0","0","0","8","0","","02","5","2008","3","40.474409","-80.056658","","11","0","0","0","0","0","1","0","0","","0","0","0","","","1","","0","","40 28:27.872","","0","80 03:23.968","8","0","0","0","2444","1","0","0","N","1","0","0","2","02444","0","","1.0","","1","N","N","","0","","0","0","0","","0","","","2","1","0","0","0","1","0","2","0","1","","","","N","","","","","","","","","",""
"2008069354","","1","0","0","0","0","0","0","0","0","1","0","","02","5","2008","7","","","","11","0","1","0","0","0","0","0","0","","0","0","0","","","1","","0","","","","0","","4","0","0","0","2112","0","0","0","N","0","0","0","3","02112","1","","1.0","","1","N","N","","0","","0","0","1","","0","","","2","1","0","0","0","0","0","1","0","2","","","","N","","","","","","","","","",""
"2008069355","","1","0","0","0","0","0","0","0","0","4","0","","02","5","2008","2","40.491481","-79.86589","","11","0","0","0","0","0","2","0","0","2","0","0","0","","","2","","1","","40 29:29.330","4","0","79 51:57.203","8","0","0","0","2112","0","0","0","N","0","0","0","2","02112","0","","1.0","","1","N","N","","0","","0","0","1","","2","N","","2","2","0","0","0","2","0","2","0","2","","","","N","","","","","","","","","",""
"2008069356","","2","0","0","0","0","0","0","0","0","5","0","","02","6","2008","1","40.500044","-79.924447","","11","0","1","0","0","0","0","0","0","","0","0","0","","","0","","0","","40 30:00.158","","0","79 55:28.009","0","0","0","0","2112","0","0","0","N","0","0","0","1","02112","0","","1.0","","1","N","N","","0","","0","0","0","","0","","","2","0","0","0","0","0","0","2","0","2","","","","N","","","","","","","","","",""
"2008069357","","2","0","0","0","0","0","0","0","0","4","0","","02","5","2008","4","40.497668","-79.869598","","11","0","0","0","0","0","0","0","0","","0","0","0","","","1","","0","","40 29:51.604","","0","79 52:10.552","4","0","0","0","2112","0","0","0","N","0","0","0","2","02112","1","","1.0","","9","N","N","","0","","0","0","0","","0","","","2","1","0","0","0","0","0","2","0","2","","","","N","","","","","","","","","",""
"2008069358","","1","0","0","0","0","0","0","0","0","7","0","","02","6","2008","3","40.4914","-79.9087","","11","0","0","0","0","0","0","0","0","1","0","0","0","","","0","","2","","40 29:29.040","1","2","79 54:31.320","0","0","0","0","2112","0","0","0","N","0","0","0","2","02112","0","","4.0","","9","N","N","","0","","0","0","0","","0","N","","1","0","0","0","0","0","0","2","0","1","","","","N","","","","","","","","","",""
"2008069359","","1","0","0","0","0","0","0","0","0","4","0","","02","4","2008","2","40.497972","-79.854762","","11","0","0","0","0","0","1","0","0","1","0","0","0","","","0","","1","","40 29:52.699","1","0","79 51:17.142","0","0","0","0","2112","0","0","0","N","0","0","0","4","02112","0","","1.0","","1","","N","","0","","0","0","0","","3","N","","2","0","0","0","0","0","0","2","1","2","","","","N","","","","","","","","","",""
"2008069360","","1","0","0","0","0","0","0","0","0","7","0","","02","4","2008","6","40.519003","-79.860969","","11","0","1","0","0","0","0","0","0","","0","0","0","","","0","","0","","40 31:08.410","","7","79 51:39.490","0","0","0","0","2301","0","0","0","N","0","0","0","1","02112","0","","2.0","","9","N","N","","0","","0","0","0","","0","","","1","0","0","0","0","0","0","2","0","1","","","","N","","","","","","","","","",""
"2008069361","","2","0","0","0","0","0","0","0","0","6","0","","02","4","2008","4","40.5386","-79.8304","","11","0","0","0","0","0","1","0","0","2","0","0","0","","","2","","1","","40 32:18.960","3","0","79 49:49.440","8","0","0","0","2112","0","0","0","N","0","0","0","4","02112","0","","1.0","","1","N","N","","0","","0","0","0","","2","N","","2","2","1","0","0","2","0","2","0","2","","","","N","","","","","","","","","",""
"2008069363","","2","0","0","0","0","0","0","0","0","4","0","","02","4","2008","1","40.4917","-79.8817","","11","0","0","0","0","0","2","0","0","1","0","0","0","","","0","","1","","40 29:30.120","2","0","79 52:54.120","0","0","0","0","2112","0","0","0","N","0","0","0","3","02112","0","","1.0","","1","N","N","","0","","0","0","0","","2","N","","2","0","0","0","0","0","0","2","0","2","","","","N","","","","","","","","","",""
"2008069364","","1","0","0","0","0","0","0","0","0","7","0","","02","4","2008","7","40.514624","-79.852948","","11","0","0","0","0","0","0","0","1","1","0","0","0","","","0","","0","","40 30:52.645","2","0","79 51:10.611","0","0","0","0","2112","0","0","0","N","0","0","0","2","02112","0","","4.0","","1","N","N","","0","","0","0","0","","0","N","","1","0","0","0","0","0","0","2","0","1","","","","N","","","","","","","","","",""
"2008069365","","1","0","0","0","0","0","0","0","0","7","0","","02","4","2008","4","40.503951","-79.936303","","11","0","0","0","0","0","0","0","0","","0","0","0","","","0","","0","","40 30:14.224","","0","79 56:10.692","0","0","0","0","2112","0","0","0","N","0","0","0","2","02112","0","","4.0","","1","N","N","","0","","0","0","0","","0","","","1","0","0","0","0","0","0","2","0","1","","","","N","","","","","","","","","",""
"2008069380","","2","0","0","0","0","0","0","0","0","1","0","","02","5","2008","6","40.344176","-79.890541","","11","0","0","0","0","0","1","0","0","2","0","0","0","","","0","","0","","40 20:39.034","5","0","79 53:25.949","0","0","0","0","2423","0","0","0","N","0","0","0","4","02304","0","","1.0","","1","N","N","","2","","0","0","0","","0","N","","4","0","0","0","0","0","0","2","0","4","","","","N","","","","","","","","","",""
"2008069431","","0","0","0","0","0","0","0","0","0","7","0","","02","5","2008","2","40.581937","-80.052119","","11","0","0","0","0","0","0","0","0","2","0","0","0","","","1","","0","","40 34:54.972","4","0","80 03:07.629","4","0","0","0","2108","0","0","0","N","0","0","0","2","02108","1","","5.0","","1","N","N","","1","","0","0","0","","0","N","","1","1","2","0","0","0","0","2","0","1","","","","N","","","","","","","","","",""
"2008069450","","2","0","0","0","0","0","0","0","0","6","0","","02","5","2008","5","40.571662","-80.20484","","11","0","0","0","0","0","2","0","0","","0","0","0","","","0","","0","","40 34:17.984","","0","80 12:17.425","0","0","0","0","2107","0","0","0","N","0","0","0","2","02107","0","","1.0","","1","N","N","","0","","0","0","0","","0","","","2","0","0","0","0","0","0","2","0","2","","","","N","","","","","","","","","",""
"2008069596","","2","0","0","0","0","0","0","0","0","1","0","","02","5","2008","3","40.400011","-80.043909","","11","0","0","0","0","0","1","0","1","","0","0","0","","","1","","0","","40 24:00.041","","0","80 02:38.074","8","0","0","0","2301","0","0","0","N","0","0","0","3","02301","0","","1.0","","1","N","N","","0","","0","0","0","","0","","","3","1","0","0","0","1","0","2","1","3","","","","N","","","","","","","","","",""
"2008069723","","3","0","0","0","0","0","0","0","0","4","0","","02","5","2008","7","40.453233","-79.906897","","11","0","1","0","0","0","0","0","0","","0","0","0","","","0","","1","","40 27:11.640","","0","79 54:24.828","0","0","0","0","2301","0","0","0","N","0","0","0","3","02301","0","","1.0","","9","N","N","","0","","0","0","0","","2","","","3","0","0","0","0","0","0","2","0","3","","","","N","","","","","","","","","",""
"2008069724","","2","0","0","0","0","0","0","0","0","4","0","","02","5","2008","6","40.419957","-79.987001","","11","0","0","0","0","0","0","1","0","1","0","0","0","","","0","","0","","40 25:11.845","1","0","79 59:13.203","0","0","0","0","2301","0","0","0","N","0","0","0","2","02301","0","","1.0","","1","N","N","","0","","0","0","0","","0","N","","2","0","0","0","0","0","0","2","0","2","","","","N","","","","","","","","","",""
"2008069725","","2","0","0","0","0","0","0","0","0","5","0","","02","5","2008","5","40.452168","-80.015354","","11","0","0","0","0","0","1","0","0","","0","0","0","","","0","","0","","40 27:07.804","","0","80 00:55.275","0","0","0","0","2301","0","0","0","N","0","0","0","1","02301","0","","6.0","","1","N","N","","0","","0","0","0","","0","","","2","0","0","0","0","0","0","2","0","2","","","","N","","","","","","","","","",""
"2008069726","","0","0","0","0","0","0","0","0","0","7","0","","02","5","2008","4","40.459909","-79.992848","","11","0","0","0","0","0","0","0","0","","0","0","0","","","0","","0","","40 27:35.672","","0","79 59:34.252","9","0","0","0","2301","0","0","0","N","0","0","0","2","02301","0","","5.0","","1","N","N","","1","","0","0","0","","0","","","1","0","1","0","0","0","1","2","0","1","","","","N","","","","","","","","","",""
"2008069727","","0","0","0","0","0","0","0","0","0","7","0","","02","5","2008","6","40.456927","-80.031752","","11","0","0","0","0","0","0","1","0","3","0","0","0","","","1","","1","","40 27:24.937","7","0","80 01:54.307","4","0","0","0","2301","0","0","0","","0","0","0","1","02301","1","","2.0","","1","","","","1","","0","0","0","","0","N","","1","1","0","0","0","0","0","2","0","1","","","","N","","","","","","","","","",""
"2008069728","","1","0","0","0","0","0","0","0","0","4","0","","02","5","2008","5","40.478813","-80.043148","","11","0","0","0","0","0","0","0","0","","0","0","0","","","0","","0","","40 28:43.727","","0","80 02:35.333","9","0","0","0","2301","0","0","0","","0","0","0","2","02301","0","","1.0","","1","","","","0","","0","0","1","","0","","","2","0","0","0","0","0","1","2","0","2","","","","N","","","","","","","","","",""
"2008069730","","1","0","0","0","0","0","0","0","0","1","0","","02","5","2008","6","40.426325","-79.918205","","11","0","0","0","0","0","0","0","0","2","0","0","0","","","1","","0","","40 25:34.770","6","0","79 55:05.538","4","0","0","0","2301","0","0","0","N","0","0","0","6","02301","1","","1.0","","1","N","N","","0","","0","0","1","","0","Y","","2","1","0","0","0","0","0","2","0","2","","","","N","","","","","","","","","",""
"2008069731","","1","0","0","0","0","0","0","0","0","1","0","99","02","5","2008","4","40.424845","-79.952025","","11","0","0","0","1","0","0","0","0","1","0","0","0","","","0","","0","","40 25:29.441","4","0","79 57:07.289","0","0","0","0","2301","0","0","0","N","0","0","0","1","02301","0","","2.0","","9","N","N","","1","","0","0","0","","0","N","","2","0","0","0","0","0","0","2","0","2","","","Y","Y","3","8","","","N","","","","Y",""
"2008069732","","2","0","0","0","0","0","0","0","0","4","0","","02","5","2008","6","40.556456","-80.039101","","11","0","0","0","0","0","0","1","1","1","0","0","0","","","0","","1","","40 33:23.241","1","0","80 02:20.765","0","0","0","0","2108","0","0","0","","0","0","0","3","02108","0","","1.0","","9","","","","0","","0","0","0","","2","N","","2","0","0","0","0","0","0","2","0","2","","","","N","","","","","","","","","",""
"2008069733","","1","0","0","0","0","0","0","0","0","5","0","","02","5","2008","2","40.441249","-79.959225","","11","0","0","0","0","0","0","0","0","","0","0","0","","","0","","1","","40 26:28.496","","0","79 57:33.210","0","0","0","0","2301","0","0","0","N","0","0","0","4","02301","0","","1.0","","1","N","N","","0","","0","0","0","","2","","","2","0","0","0","0","0","0","2","1","2","","","","N","","","","","","","","","",""
"2008069734","","1","0","0","0","0","0","0","0","0","7","0","","02","5","2008","2","40.450854","-79.903063","","11","0","0","0","0","0","0","0","0","","0","0","0","","","1","","2","","40 27:03.074","","0","79 54:11.026","3","0","0","0","2301","0","0","0","N","0","0","0","1","02301","0","","4.0","","1","N","N","","0","","1","0","0","","0","","","1","1","1","0","0","0","0","2","0","1","","","","N","","","","","","","","","",""
"2008069735","","0","0","0","1","0","0","0","0","0","8","0","","02","5","2008","3","40.464676","-79.936424","","11","0","0","0","0","0","0","0","0","","0","0","0","","","1","","1","","40 27:52.833","","0","79 56:11.126","3","0","0","0","2301","1","0","0","N","0","0","0","2","02301","0","","1.0","","1","N","N","","1","","1","0","0","","2","","","2","1","0","0","0","0","1","2","0","1","","","","N","","","","","","","","","",""
"2008069736","","2","0","0","0","0","0","0","0","0","4","0","","02","5","2008","4","40.43805","-79.993342","","11","0","0","0","0","0","0","0","0","","0","0","0","","","2","","1","","40 26:16.980","","0","79 59:36.031","8","0","0","0","2301","0","0","0","N","0","0","0","3","02301","0","","1.0","","1","N","N","","0","","0","0","0","","3","","","2","2","2","0","0","2","0","2","0","2","","","","N","","","","","","","","","",""
"2008069758","","1","0","0","0","0","0","0","0","0","7","0","","02","5","2008","5","40.475163","-79.939341","","11","0","0","0","0","0","0","0","0","3","0","0","0","","","0","","0","","40 28:30.586","5","0","79 56:21.627","0","0","0","0","2301","0","0","0","N","0","0","0","1","02301","0","","2.0","","1","N","N","","0","","0","0","1","","0","Y","","2","0","1","0","0","0","0","2","0","2","","","","N","","","","","","","","","",""
"2008069760","","2","0","0","0","0","0","0","0","0","4","0","","02","5","2008","4","40.432873","-79.936537","","11","0","0","0","0","0","1","0","0","","0","0","0","","","0","","1","","40 25:58.342","","0","79 56:11.533","0","0","0","0","2301","0","0","0","N","0","0","0","2","02301","0","","1.0","","1","N","N","","0","","0","0","0","","2","","","2","0","0","0","0","0","0","2","0","2","","","","N","","","","","","","","","",""
"2008069761","","0","0","0","0","0","0","0","0","0","7","0","","02","5","2008","1","40.415053","-80.011329","","11","0","0","0","0","0","0","0","0","","0","0","0","","","0","","0","","40 24:54.190","","0","80 00:40.785","9","0","0","0","2301","0","0","0","N","0","0","0","1","02301","0","","2.0","","9","N","N","","0","","0","0","1","","0","","","1","0","0","0","0","0","1","2","0","1","","","","N","","","","","","","","","",""
"2008069785","","0","0","0","0","0","0","0","0","0","8","0","","02","5","2008","4","40.403895","-79.990181","","11","0","0","0","0","0","1","0","0","3","1","0","0","","","0","","2","","40 24:14.022","7","0","79 59:24.651","1","0","0","0","2301","1","1","0","N","1","1","0","2","02301","0","2","1.0","","1","N","N","","1","0","0","0","0","","2","Y","","2","0","0","0","0","0","0","2","0","1","","","","N","","","","","","","","","",""
"2008069788","","2","0","0","0","0","0","0","0","0","5","0","","02","5","2008","4","40.396067","-79.987353","","11","0","0","0","0","0","0","0","0","","0","0","0","","","0","","0","","40 23:45.841","","0","79 59:14.470","0","0","0","0","2301","0","0","0","N","0","0","0","0","02301","0","","6.0","","1","N","N","","0","","0","0","1","","0","","","3","0","0","0","0","0","0","2","0","3","","","","N","","","","","","","","","",""
"2008069789","","0","0","0","0","0","0","0","0","0","7","0","","02","5","2008","1","40.388051","-79.996464","","11","0","0","0","0","0","0","0","0","","0","0","0","","","1","","0","","40 23:16.985","","0","79 59:47.269","3","0","0","0","2301","0","0","0","N","0","0","0","4","02301","0","","4.0","","9","N","N","","0","","1","0","0","","0","","","1","1","0","0","0","0","0","2","1","1","","","","N","","","","","","","","","",""
"2008069790","","1","0","0","0","0","0","0","0","0","0","0","","02","5","2008","6","40.426088","-79.980835","","11","0","0","0","0","0","0","0","0","1","0","0","0","","","0","","1","","40 25:33.916","3","0","79 58:51.006","0","0","0","0","2301","0","0","0","N","0","0","0","1","02301","0","","1.0","","1","N","N","","0","","0","0","0","","0","N","","1","0","0","0","0","0","0","2","0","1","","","","N","","","","","","","","","",""
"2008069791","","1","0","0","0","0","0","0","0","0","1","0","","02","5","2008","4","40.42884","-79.981959","","11","0","0","0","0","0","0","0","0","","0","0","0","","","0","","0","","40 25:43.825","","0","79 58:55.053","0","0","0","0","2301","0","0","0","N","0","0","0","3","02301","0","","1.0","","1","N","N","","0","","0","0","1","","0","","","2","0","0","0","0","0","0","2","0","2","","","","N","","","","","","","","","",""
"2008069792","","1","0","0","0","0","0","0","0","0","1","0","","02","5","2008","4","40.396218","-79.998194","","11","0","0","0","0","0","0","0","0","1","0","0","0","","","1","","1","","40 23:46.385","1","0","79 59:53.499","4","0","0","0","2301","0","0","0","N","0","0","0","2","02301","1","","1.0","","1","N","N","","1","","0","0","0","","2","N","","2","1","0","0","0","0","0","2","0","2","","","","N","","","","","","","","","",""
"2008069793","","1","0","0","1","0","0","0","0","0","8","0","","02","5","2008","4","40.395508","-80.022419","","11","0","0","0","0","0","1","0","0","","0","0","0","","","1","","1","","40 23:43.828","","0","80 01:20.708","8","0","0","0","2301","1","0","0","N","0","0","0","2","02301","0","","1.0","","1","N","N","","0","","0","0","0","","2","","","2","1","0","0","0","1","0","2","0","1","","","","N","","","","","","","","","",""
"2008069832","","0","0","0","0","0","0","0","0","0","7","0","","02","6","2008","4","40.510075","-80.135852","","11","0","0","0","0","0","0","0","0","","0","0","0","","","0","","0","","40 30:36.270","","3","80 08:09.068","0","0","0","0","2115","0","0","0","N","0","0","0","1","68B03","0","","3.0","","8","N","N","","0","","0","0","1","","0","","","1","0","0","0","0","0","0","2","0","1","","","","N","","","","","","","","","",""
"2008069833","","1","0","0","0","0","0","0","0","0","1","0","","02","6","2008","3","40.425799","-79.891702","","11","0","0","0","0","0","1","0","0","","0","0","0","","","0","","6","","40 25:32.877","","2","79 53:30.128","0","0","0","0","2301","0","0","0","N","0","0","0","2","68B03","0","","1.0","","1","N","N","","0","","0","0","1","","4","","","2","0","0","0","0","0","0","2","0","2","","","","N","","","","","","","","","",""
"2008069843","","1","0","0","0","0","0","0","0","0","1","0","25","02","6","2008","3","40.5699","-79.7952","","11","0","0","0","0","0","2","0","0","","0","0","0","","","1","","6","","40 34:11.640","","0","79 47:42.720","4","0","0","0","2206","0","0","0","N","0","0","0","2","68D02","1","","1.0","","1","N","N","","1","","0","0","0","","3","","","2","1","0","0","0","0","0","2","0","2","","","N","Y","4","1","N","N","N","N","N","N","Y",""
"2008069896","","1","0","0","0","0","0","0","0","0","7","0","","02","6","2008","5","40.5885","-79.8838","","11","0","0","0","0","0","0","0","0","1","0","0","0","","","0","","0","","40 35:18.600","3","0","79 53:01.680","0","0","0","0","2209","0","0","0","N","0","0","0","1","68T02","0","","3.0","","8","N","N","","0","","0","0","0","","0","N","","1","0","0","0","0","0","0","2","0","1","","","","N","","","","","","","","","",""
"2008069905","","2","0","0","0","0","0","0","0","0","3","0","","02","6","2008","3","40.541893","-79.777978","","11","0","0","0","0","0","0","0","1","","0","0","0","","","1","","1","","40 32:30.814","","0","79 46:40.720","3","0","0","0","2462","0","0","0","N","0","0","0","2","02462","0","","6.0","","1","N","N","","0","","1","0","0","","3","","","2","1","0","0","0","0","0","2","0","2","","","","N","","","","","","","","","",""
"2008069908","","0","0","0","0","0","0","0","0","0","8","0","","02","6","2008","4","40.423359","-79.886777","","11","0","0","0","0","0","0","0","1","","0","0","0","","","1","","2","","40 25:24.092","","0","79 53:12.397","8","0","0","0","2463","1","0","0","N","1","0","0","2","02463","0","","1.0","","1","N","N","","0","","0","0","1","","2","","","2","1","0","0","0","1","0","2","0","1","","","","N","","","","","","","","","",""
"2008069935","","1","0","0","0","0","0","0","0","0","4","0","","02","6","2008","4","40.351226","-79.819425","","11","0","0","0","0","0","0","0","0","","0","0","0","","","1","","1","","40 21:04.413","","0","79 49:09.930","4","0","0","0","2477","0","0","0","N","0","0","0","4","02477","1","","1.0","","1","N","N","","1","","0","0","0","","3","","","2","1","0","0","0","0","1","2","0","2","","","","N","","","","","","","","","",""
"2008069939","","2","0","0","0","0","0","0","0","0","7","0","","02","6","2008","3","40.3785","-79.9924","","11","0","0","0","0","0","0","0","0","2","0","0","0","","","1","","0","","40 22:42.600","1","0","79 59:32.640","4","0","0","0","2476","0","0","0","N","0","0","0","1","02476","1","","5.0","","1","N","N","","1","","0","0","0","","0","N","","3","1","1","0","0","0","0","2","0","3","","","","N","","","","","","","","","",""
"2008069941","","0","0","0","0","0","0","0","0","0","2","0","","02","6","2008","5","40.464843","-79.828658","","11","0","0","0","0","0","2","0","0","","0","0","0","","","0","","1","","40 27:53.434","","0","79 49:43.170","0","0","0","0","2113","0","0","0","N","0","0","0","2","02113","0","","1.0","","1","N","N","","0","","0","0","1","","2","","","2","0","0","0","0","0","0","2","1","2","","","","N","","","","","","","","","",""
"2008069943","","0","0","0","0","0","0","0","0","0","4","0","","02","6","2008","5","40.517405","-79.840697","","11","0","0","0","0","0","1","0","0","","0","0","0","","","2","","1","","40 31:02.658","","0","79 50:26.509","4","0","0","0","2451","0","0","0","N","0","0","0","3","02451","2","","1.0","","1","N","N","","0","","0","0","0","","3","","","2","2","1","0","0","0","0","2","2","2","","","","N","","","","","","","","","",""
"2008069948","","1","0","0","0","0","0","0","0","0","1","0","","02","6","2008","5","40.330563","-79.987503","","11","0","0","0","0","0","0","1","0","1","0","0","0","","","1","","3","","40 19:50.025","6","0","79 59:15.012","4","0","0","0","2454","0","0","0","N","0","0","0","3","02454","1","","1.0","","1","N","N","","1","","0","0","0","","3","N","","2","1","0","0","0","0","0","2","0","2","","","","N","","","","","","","","","",""
"2008069951","","2","0","0","0","0","0","0","0","0","1","0","","02","6","2008","4","40.437109","-80.147529","","11","0","0","0","0","0","0","0","0","1","0","0","0","","","1","","0","","40 26:13.591","3","0","80 08:51.106","4","0","0","0","2115","0","0","0","N","0","0","0","3","02115","1","","1.0","","1","N","N","","0","","0","0","1","","0","N","","3","1","0","0","0","0","0","2","0","3","","","","N","","","","","","","","","",""
"2008069952","","2","0","0","0","0","0","0","0","0","1","0","","02","6","2008","5","","","","11","0","0","0","0","0","0","0","0","","0","0","0","","","1","","2","","","","0","","3","0","0","0","2115","0","0","0","N","0","0","0","2","02115","0","","1.0","","1","N","N","","0","","1","0","0","","0","","","2","1","0","0","0","0","0","1","0","2","","","","N","","","","","","","","","",""