"CRN","ARRIVAL_TM","AUTOMOBILE_COUNT","BELTED_DEATH_COUNT","BELTED_SUSP_SERIOUS_INJ_COUNT","BICYCLE_COUNT","BICYCLE_DEATH_COUNT","BICYCLE_SUSP_SERIOUS_INJ_COUNT","BUS_COUNT","CHLDPAS_DEATH_COUNT","CHLDPAS_SUSP_SERIOUS_INJ_COUNT","COLLISION_TYPE","COMM_VEH_COUNT","CONS_ZONE_SPD_LIM","COUNTY","CRASH_MONTH","CRASH_YEAR","DAY_OF_WEEK","DEC_LATITUDE","DEC_LONGITUDE","DISPATCH_TM","DISTRICT","DRIVER_COUNT_16YR","DRIVER_COUNT_17YR","DRIVER_COUNT_18YR","DRIVER_COUNT_19YR","DRIVER_COUNT_20YR","DRIVER_COUNT_50_64YR","DRIVER_COUNT_65_74YR","DRIVER_COUNT_75PLUS","EST_HRS_CLOSED","FATAL_COUNT","HEAVY_TRUCK_COUNT","HORSE_BUGGY_COUNT","HOUR_OF_DAY","ILLUMINATION","INJURY_COUNT","INTERSECTION_RELATED","INTERSECT_TYPE","LANE_CLOSED","LATITUDE","LN_CLOSE_DIR","LOCATION_TYPE","LONGITUDE","MAX_SEVERITY_LEVEL","MCYCLE_DEATH_COUNT","MCYCLE_SUSP_SERIOUS_INJ_COUNT","MOTORCYCLE_COUNT","MUNICIPALITY","NONMOTR_COUNT","NONMOTR_DEATH_COUNT","NONMOTR_SUSP_SERIOUS_INJ_COUNT","NTFY_HIWY_MAINT","PED_COUNT","PED_DEATH_COUNT","PED_SUSP_SERIOUS_INJ_COUNT","PERSON_COUNT","POLICE_AGCY","POSSIBLE_INJ_COUNT","RDWY_SURF_TYPE_CD","RELATION_TO_ROAD","ROADWAY_CLEARED","ROAD_CONDITION","SCH_BUS_IND","SCH_ZONE_IND","SECONDARY_CRASH","SMALL_TRUCK_COUNT","SPEC_JURIS_CD","SUSP_MINOR_INJ_COUNT","SUSP_SERIOUS_INJ_COUNT","SUV_COUNT","TCD_FUNC_CD","TCD_TYPE","TFC_DETOUR_IND","TIME_OF_DAY","TOTAL_UNITS","TOT_INJ_COUNT","UNBELTED_OCC_COUNT","UNB_DEATH_COUNT","UNB_SUSP_SERIOUS_INJ_COUNT","UNK_INJ_DEG_COUNT","UNK_INJ_PER_COUNT","URBAN_RURAL","VAN_COUNT","VEHICLE_COUNT","WEATHER1","WEATHER2","WORKERS_PRES","WORK_ZONE_IND","WORK_ZONE_LOC","WORK_ZONE_TYPE","WZ_CLOSE_DETOUR","WZ_FLAGGER","WZ_LAW_OFFCR_IND","WZ_LN_CLOSURE","WZ_MOVING","WZ_OTHER","WZ_SHLDER_MDN","WZ_WORKERS_INJ_KILLED"
"2008071684","","1","0","0","0","0","0","0","0","0","7","0","","02","5","2008","7","","","","11","0","0","0","0","0","0","0","0","9","0","0","0","","","0","","2","","40 25:55.20","3","2","79 57:33.84","0","0","0","0","2301","0","0","0","","0","0","0","1","02301","0","","5.0","","1","","","","0","","0","0","0","","0","N","","1","0","0","0","0","0","0","2","0","1","","","","N","","","","","","","","","",""
"2008071685","","2","0","0","0","0","0","0","0","0","4","0","","02","6","2008","1","","","","11","0","0","0","0","0","2","0","0","1","0","0","0","","","1","","10","","","6","0","","4","0","0","0","2301","0","0","0","N","0","0","0","2","02301","1","","7.0","","1","N","N","","0","","0","0","0","","4","N","","2","1","0","0","0","0","0","1","0","2","","","","N","","","","","","","","","",""
"2008071686","","2","0","0","0","0","0","0","0","0","2","0","","02","6","2008","6","40.436084","-79.964483","","11","0","0","0","0","0","0","0","0","1","0","0","0","","","1","","1","","40 26:09.904","6","0","79 57:52.138","4","0","0","0","2301","0","0","0","N","0","0","0","2","02301","1","","1.0","","1","N","N","","0","","0","0","0","","2","Y","","2","1","0","0","0","0","0","2","0","2","","","","N","","","","","","","","","",""
"2008071687","","0","0","0","0","0","0","0","0","0","2","1","","02","6","2008","7","40.447138","-79.895168","","11","0","0","0","0","0","0","0","0","3","0","1","0","","","1","","1","","40 26:49.695","1","0","79 53:42.604","3","0","0","0","2301","0","0","0","N","0","0","0","2","02301","0","","1.0","","1","N","N","","1","","1","0","0","","0","Y","","2","1","0","0","0","0","0","2","0","2","","","","N","","","","","","","","","",""
"2008071688","","1","0","0","0","0","0","0","0","0","7","0","","02","6","2008","7","40.415501","-79.939206","","11","0","0","0","0","0","0","0","0","","0","0","0","","","0","","3","","40 24:55.803","","0","79 56:21.141","9","0","0","0","2301","0","0","0","N","0","0","0","2","02301","0","","5.0","","1","N","N","","0","","0","0","0","","0","","","1","0","0","0","0","0","2","2","0","1","","","","N","","","","","","","","","",""
"2008071690","","2","0","0","0","0","0","0","0","0","1","0","","02","6","2008","6","40.446779","-79.950564","","11","0","0","0","0","0","1","0","0","","0","0","0","","","1","","1","","40 26:48.404","","0","79 57:02.030","8","0","0","0","2301","0","0","0","N","0","0","0","2","02301","0","","1.0","","1","N","N","","0","","0","0","0","","2","","","2","1","0","0","0","1","0","2","0","2","","","","N","","","","","","","","","",""
"2008071694","","0","0","0","0","0","0","0","0","0","8","0","","02","5","2008","3","40.464114","-79.925068","","11","0","0","0","0","0","0","0","0","","0","0","0","","","1","","1","","40 27:50.810","","0","79 55:30.245","4","0","0","0","2301","1","0","0","","1","0","0","3","02301","1","","1.0","","1","","","","0","","0","0","1","","3","","","2","1","0","0","0","0","0","2","0","1","","","","N","","","","","","","","","",""
"2008071849","","2","0","0","0","0","0","0","0","0","4","0","","02","5","2008","5","40.4591","-79.8429","","11","0","0","0","0","0","1","0","1","","0","0","0","","","0","","0","","40 27:32.760","","0","79 50:34.440","0","0","0","0","2113","0","0","0","N","0","0","0","3","02113","0","","1.0","","1","N","N","","0","","0","0","0","","0","","","2","0","0","0","0","0","0","2","0","2","","","","N","","","","","","","","","",""
"2008071850","","0","0","0","0","0","0","0","0","0","8","0","","02","5","2008","6","40.4632","-79.8657","","11","0","0","0","0","0","0","0","0","1","0","0","0","","","1","","0","","40 27:47.520","5","0","79 51:56.520","3","0","0","0","2113","1","0","0","N","1","0","0","2","02113","0","","1.0","","1","N","N","","0","","1","0","1","","0","Y","","2","1","0","0","0","0","0","2","0","1","","","","N","","","","","","","","","",""
"2008071872","","1","0","0","0","0","0","0","0","0","7","0","","02","6","2008","3","40.478342","-79.870045","","11","0","0","0","0","0","0","0","0","","0","0","0","","","0","","0","","40 28:42.031","","0","79 52:12.162","9","0","0","0","2113","0","0","0","N","0","0","0","1","02113","0","","2.0","","1","N","N","","0","","0","0","0","","0","","","1","0","0","0","0","0","1","2","0","1","","","","N","","","","","","","","","",""
"2008071986","","2","0","0","0","0","0","0","0","0","1","0","","02","6","2008","2","40.410966","-80.006048","","11","0","0","0","0","0","3","0","0","","0","0","0","","","1","","2","","40 24:39.477","","0","80 00:21.773","4","0","0","0","2301","0","0","0","N","0","0","0","4","02301","1","","1.0","","1","N","N","","0","","0","0","1","","2","","","3","1","0","0","0","0","0","2","0","3","","","","N","","","","","","","","","",""
"2008071987","","0","0","0","0","0","0","0","0","0","8","0","","02","6","2008","4","40.454967","-79.945198","","11","0","0","0","0","0","1","0","0","","0","0","0","","","1","","1","","40 27:17.882","","0","79 56:42.712","8","0","0","0","2301","1","0","0","N","1","0","0","2","02301","0","","1.0","","9","N","N","","0","","0","0","1","","2","","","2","1","0","0","0","1","0","2","0","1","","","","N","","","","","","","","","",""
"2008071988","","0","0","0","0","0","0","0","0","0","8","0","","02","6","2008","3","40.462475","-79.924362","","11","0","0","0","0","0","0","0","0","","0","0","0","","","1","","1","","40 27:44.910","","0","79 55:27.703","8","0","0","0","2301","1","0","0","N","1","0","0","2","02301","0","","1.0","","1","N","N","","0","","0","0","1","","3","","","2","1","0","0","0","1","0","2","0","1","","","","N","","","","","","","","","",""
"2008071989","","2","0","0","0","0","0","0","0","0","1","0","","02","5","2008","3","40.450952","-79.900096","","11","0","0","0","0","0","0","0","0","2","0","0","0","","","2","","1","","40 27:03.427","3","0","79 54:00.345","8","0","0","0","2301","0","0","0","N","0","0","0","6","02301","0","","1.0","","1","N","N","","0","","0","0","0","","2","N","","3","2","0","0","0","2","0","2","1","3","","","","N","","","","","","","","","",""
"2008071990","","1","0","0","0","0","0","0","0","0","5","0","","02","6","2008","4","40.410589","-80.019188","","11","0","0","0","0","0","0","0","0","","0","0","0","","","0","","0","","40 24:38.120","","0","80 01:09.076","9","0","0","0","2301","0","0","0","","0","0","0","2","02301","0","","6.0","","1","","","","0","","0","0","0","","0","","","3","0","0","0","0","0","2","2","2","3","","","","N","","","","","","","","","",""
"2008072135","","1","0","0","0","0","0","0","0","0","4","0","","02","6","2008","1","40.436887","-79.852014","","11","0","0","0","0","0","0","0","0","1","0","0","0","","","2","","2","","40 26:12.793","6","0","79 51:07.250","4","0","0","0","2431","0","0","0","N","0","0","0","3","02431","2","","1.0","","9","N","N","","0","","0","0","1","","3","N","","2","2","0","0","0","0","0","2","0","2","","","","N","","","","","","","","","",""
"2008072136","","1","0","0","0","0","0","0","0","0","4","0","","02","6","2008","4","40.5279","-80.017712","","11","0","0","0","0","0","1","0","0","","0","0","0","","","1","","2","","40 31:40.440","","0","80 01:03.763","8","0","0","0","2116","0","0","0","N","0","0","0","4","02116","0","","1.0","","9","N","N","","0","","0","0","1","","0","","","2","1","0","0","0","1","0","2","0","2","","","","N","","","","","","","","","",""
"2008072137","","2","0","0","0","0","0","0","0","0","4","0","","02","6","2008","4","40.413479","-79.853272","","11","0","0","0","0","0","0","0","0","1","0","0","0","","","1","","2","","40 24:48.523","1","0","79 51:11.780","4","0","0","0","2411","0","0","0","N","0","0","0","2","02431","1","","1.0","","9","N","N","","0","","0","0","0","","0","N","","2","1","0","0","0","0","0","2","0","2","","","","N","","","","","","","","","",""
"2008072148","","1","0","0","0","0","0","0","0","0","4","0","","02","6","2008","5","40.472899","-79.958722","","11","0","0","0","0","0","1","0","0","","0","0","0","","","0","","1","","40 28:22.438","","0","79 57:31.400","0","0","0","0","2301","0","0","0","N","0","0","0","3","02301","0","","1.0","","1","Y","Y","","0","","0","0","0","","2","","","2","0","0","0","0","0","0","2","1","2","","","","N","","","","","","","","","",""
"2008072149","","1","0","0","0","0","0","0","0","0","4","0","","02","6","2008","1","40.438283","-79.996078","","11","0","0","0","0","0","1","0","0","","0","0","0","","","0","","1","","40 26:17.818","","0","79 59:45.880","0","0","0","0","2301","0","0","0","N","0","0","0","5","02301","0","","1.0","","1","N","N","","0","","0","0","1","","2","","","2","0","0","0","0","0","0","2","0","2","","","","N","","","","","","","","","",""
"2008072150","","3","0","0","0","0","0","0","0","0","5","0","","02","5","2008","6","","","","11","0","0","0","0","0","2","0","0","","0","0","0","","","0","","0","","","","0","","9","0","0","0","2301","0","0","0","N","0","0","0","4","02301","0","","1.0","","1","N","N","","1","","0","0","0","","0","","","4","0","0","0","0","0","1","1","0","4","","","","N","","","","","","","","","",""
"2008072151","","0","0","0","0","0","0","0","0","0","6","0","","02","6","2008","2","40.486926","-79.916041","","11","0","0","0","0","0","1","0","0","","0","0","0","","","0","","1","","40 29:12.932","","0","79 54:57.746","0","0","0","0","2301","0","0","0","N","0","0","0","2","02301","0","","1.0","","1","N","N","","2","","0","0","0","","0","","","2","0","0","0","0","0","0","2","0","2","","","","N","","","","","","","","","",""
"2008072152","","2","0","0","0","0","0","0","0","0","5","0","","02","6","2008","6","40.47283","-79.925702","","11","0","0","0","0","0","1","0","0","","0","0","0","","","0","","1","","40 28:22.188","","0","79 55:32.527","0","0","0","0","2301","0","0","0","N","0","0","0","1","02301","0","","1.0","","1","N","N","","0","","0","0","0","","0","","","2","0","0","0","0","0","0","2","0","2","","","","N","","","","","","","","","",""
"2008072156","","1","0","0","0","0","0","0","0","0","6","0","","02","5","2008","6","40.464773","-80.035483","","11","0","0","0","0","0","0","0","0","","0","0","0","","","0","","0","","40 27:53.182","","0","80 02:07.740","0","0","0","0","2301","0","0","0","","0","0","0","2","02301","0","","1.0","","1","","","","0","","0","0","1","","0","","","2","0","0","0","0","0","0","2","0","2","","","","N","","","","","","","","","",""
"2008072157","","2","0","0","0","0","0","0","0","0","1","0","","02","5","2008","6","40.478311","-80.044621","","11","0","0","0","0","0","2","0","0","1","0","0","0","","","1","","0","","40 28:41.918","3","3","80 02:40.636","8","0","0","0","2301","0","0","0","","0","0","0","4","02301","0","","1.0","","1","N","N","","0","","0","0","1","","0","N","","3","1","0","0","0","1","0","2","0","3","","","","N","","","","","","","","","",""
"2008072158","","0","0","0","0","0","0","0","0","0","7","0","","02","5","2008","7","40.458656","-79.998494","","11","0","0","0","0","1","0","0","0","","0","0","0","","","1","","3","","40 27:31.163","","0","79 59:54.577","4","0","0","0","2301","0","0","0","N","0","0","0","2","02301","1","","4.0","","1","N","N","","0","","0","0","1","","0","","","1","1","0","0","0","0","0","2","0","1","","","","N","","","","","","","","","",""
"2008072159","","0","0","0","0","0","0","0","0","0","4","0","","02","6","2008","1","40.454076","-79.996815","","11","0","0","0","1","0","0","0","0","1","0","0","0","","","1","","1","","40 27:14.672","1","0","79 59:48.533","3","0","0","0","2301","0","0","0","N","0","0","0","4","02301","0","","1.0","","1","N","N","","0","","1","0","2","","2","Y","","2","1","0","0","0","0","0","2","0","2","","","","N","","","","","","","","","",""
"2008072163","","1","0","0","0","0","0","0","0","0","5","0","","02","5","2008","5","40.461787","-79.924019","","11","0","0","0","0","0","0","0","0","","0","0","0","","","1","","0","","40 27:42.434","","0","79 55:26.470","8","0","0","0","2301","0","0","0","N","0","0","0","2","02301","0","","6.0","","1","N","N","","0","","0","0","1","","0","","","2","1","0","0","0","1","1","2","0","2","","","","N","","","","","","","","","",""
"2008072164","","1","0","0","1","0","0","0","0","0","8","0","","02","5","2008","6","40.479562","-79.935524","","11","0","0","0","0","0","0","1","0","","0","0","0","","","1","","2","","40 28:46.423","","0","79 56:07.886","4","0","0","0","2301","1","0","0","N","0","0","0","3","02301","1","","4.0","","1","N","N","","0","","0","0","0","","0","","","2","1","0","0","0","0","0","2","0","1","","","","N","","","","","","","","","",""
"2008072165","","3","0","0","0","0","0","0","0","0","2","0","","02","5","2008","5","40.470721","-79.923997","","11","0","0","0","0","0","0","0","0","","0","0","0","","","0","","0","","40 28:14.595","","0","79 55:26.389","0","0","0","0","2301","0","0","0","N","0","0","0","1","02301","0","","2.0","","1","N","N","","0","","0","0","0","","0","","","3","0","0","0","0","0","0","2","0","3","","","","N","","","","","","","","","",""
"2008072166","","0","0","0","0","0","0","0","0","0","8","0","","02","6","2008","2","40.450097","-79.983961","","11","0","0","0","0","0","0","0","0","1","0","0","0","","","1","","0","","40 27:00.349","4","0","79 59:02.259","3","0","0","0","2301","1","0","0","N","1","0","0","2","02301","0","","1.0","","1","N","N","","0","","1","0","0","","0","N","","2","1","0","0","0","0","1","2","0","1","","","","N","","","","","","","","","",""
"2008072167","","2","0","0","0","0","0","0","0","0","4","0","","02","6","2008","5","40.438552","-80.005748","","11","0","0","0","0","0","0","0","0","","0","0","0","","","1","","5","","40 26:18.786","","0","80 00:20.693","8","0","0","0","2301","0","0","0","N","0","0","0","3","02301","0","","1.0","","1","","","","0","","0","0","0","","2","","","2","1","0","0","0","1","0","2","0","2","","","","N","","","","","","","","","",""
"2008072176","","1","0","0","0","0","0","0","0","0","7","0","","02","6","2008","5","40.460691","-79.740919","","11","0","0","0","0","0","0","0","0","","0","0","0","","","0","","3","","40 27:38.487","","0","79 44:27.308","0","0","0","0","2466","0","0","0","N","0","0","0","1","02466","0","","2.0","","1","N","N","","0","","0","0","0","","3","","","1","0","0","0","0","0","0","2","0","1","","","","N","","","","","","","","","",""
"2008072185","","1","0","0","0","0","0","0","0","0","5","0","","02","5","2008","6","40.488518","-79.936855","","11","0","0","0","0","0","0","1","0","","0","0","0","","","0","","2","","40 29:18.663","","7","79 56:12.677","0","0","0","0","2301","0","0","0","N","0","0","0","5","02301","0","","1.0","","1","N","N","","1","","0","0","0","","8","","","2","0","0","0","0","0","0","2","0","2","","","","N","","","","","","","","","",""
"2008072186","","2","0","0","0","0","0","0","0","0","4","0","","02","5","2008","4","40.471098","-79.920382","","11","0","0","0","0","0","0","0","1","","0","0","0","","","1","","1","","40 28:15.952","","0","79 55:13.375","8","0","0","0","2301","0","0","0","N","0","0","0","2","02301","0","","1.0","","1","N","N","","0","","0","0","0","","3","","","2","1","0","0","0","1","0","2","0","2","","","","N","","","","","","","","","",""
"2008072187","","1","0","0","1","0","0","0","0","0","8","0","","02","6","2008","3","40.465018","-79.920004","","11","0","0","0","0","0","1","0","0","","0","0","0","","","1","","1","","40 27:54.064","","0","79 55:12.014","8","0","0","0","2301","1","0","0","N","0","0","0","2","02301","0","","1.0","","9","N","N","","0","","0","0","0","","2","","","2","1","0","0","0","1","0","2","0","1","","","","N","","","","","","","","","",""
"2008072188","","1","0","0","0","0","0","0","0","0","7","0","","02","6","2008","6","40.472323","-79.928353","","11","0","0","0","0","0","0","0","0","","0","0","0","","","0","","2","","40 28:20.362","","0","79 55:42.070","9","0","0","0","2301","0","0","0","N","0","0","0","1","02301","0","","4.0","","1","N","N","","0","","0","0","0","","0","","","1","0","0","0","0","0","1","2","0","1","","","","N","","","","","","","","","",""
"2008072189","","1","0","0","0","0","0","0","0","0","7","0","","02","6","2008","1","40.450699","-79.892567","","11","0","0","0","0","0","1","0","0","","0","0","0","","","1","","1","","40 27:02.516","","0","79 53:33.241","8","0","0","0","2301","0","0","0","N","0","0","0","1","02301","0","","5.0","","1","N","N","","0","","0","0","0","","0","","","1","1","0","0","0","1","0","2","0","1","","","","N","","","","","","","","","",""
"2008072190","","0","0","0","0","0","0","0","0","0","8","0","","02","6","2008","6","40.463745","-79.923774","","11","0","0","0","0","0","1","0","0","","0","0","0","","","1","","1","","40 27:49.482","","0","79 55:25.586","4","0","0","0","2301","1","0","0","N","1","0","0","2","02301","1","","1.0","","1","N","N","","1","","0","0","0","","2","","","2","1","0","0","0","0","0","2","0","1","","","","N","","","","","","","","","",""
"2008072191","","1","0","0","0","0","0","0","0","0","7","0","","02","6","2008","1","40.466008","-79.923629","","11","0","0","0","0","0","1","0","0","1","0","0","0","","","2","","0","","40 27:57.628","3","0","79 55:25.066","4","0","0","0","2301","0","0","0","N","0","0","0","2","02301","1","","5.0","","1","N","N","","0","","0","0","0","","0","Y","","1","2","0","0","0","1","0","2","0","1","","","","N","","","","","","","","","",""
"2008072192","","1","0","0","0","0","0","0","0","0","1","0","","02","5","2008","6","40.459957","-79.912411","","11","0","0","0","0","0","1","0","0","","0","0","0","","","1","","2","","40 27:35.845","","0","79 54:44.679","4","0","0","0","2301","0","0","0","N","0","0","0","4","02301","1","","1.0","","1","N","N","","0","","0","0","2","","0","","","3","1","0","0","0","0","1","2","0","3","","","","N","","","","","","","","","",""
"2008072193","","3","0","0","0","0","0","0","0","0","1","0","","02","5","2008","5","40.403077","-80.020521","","11","1","1","0","0","0","0","0","0","2","0","0","0","","","0","","0","","40 24:11.078","2","0","80 01:13.876","0","0","0","0","2301","0","0","0","N","0","0","0","3","02301","0","","1.0","","1","N","N","","0","","0","0","0","","0","N","","3","0","0","0","0","0","0","2","0","3","","","","N","","","","","","","","","",""
"2008072203","","1","0","0","0","0","0","0","0","0","1","0","","02","6","2008","2","40.401213","-80.018135","","11","0","0","0","0","0","1","0","0","2","0","0","0","","","1","","2","","40 24:04.366","2","0","80 01:05.286","8","0","0","1","2301","0","0","0","N","0","0","0","2","02301","0","","1.0","","1","N","N","","0","","0","0","0","","0","N","","2","1","0","0","0","1","0","2","0","2","","","","N","","","","","","","","","",""
"2008072204","","1","0","0","0","0","0","0","0","0","4","0","","02","6","2008","1","40.431142","-80.001856","","11","0","0","0","0","0","0","0","0","2","0","0","0","","","1","","5","","40 25:52.110","1","0","80 00:06.683","8","0","0","0","2301","0","0","0","N","0","0","0","2","02301","0","","1.0","","1","N","N","","1","","0","0","0","","2","Y","","2","1","0","0","0","1","0","2","0","2","","","","N","","","","","","","","","",""
"2008072205","","1","0","0","0","0","0","0","0","0","4","0","","02","5","2008","6","40.443515","-80.058143","","11","0","0","0","0","0","0","0","0","","0","0","0","","","1","","2","","40 26:36.654","","0","80 03:29.313","3","0","0","0","2439","0","0","0","","0","0","0","6","02439","0","","1.0","","1","","","","0","","1","0","1","","3","","","2","1","0","0","0","0","0","2","0","2","","","","N","","","","","","","","","",""
"2008072236","","1","0","0","0","0","0","0","0","0","99","0","","02","6","2008","7","40.452559","-79.888459","","11","0","0","0","0","0","0","0","0","","0","0","0","","","0","","0","","40 27:09.212","","0","79 53:18.452","0","0","0","0","2301","0","0","0","N","0","0","0","1","02301","0","","2.0","","1","N","N","","0","","0","0","0","","0","","","1","0","0","0","0","0","0","2","0","1","","","","N","","","","","","","","","",""
"2008072237","","1","0","0","0","0","0","0","0","0","1","0","","02","6","2008","7","40.4303","-80.0285","","11","0","0","0","0","0","1","0","0","","0","0","0","","","0","","6","","40 25:49.080","","2","80 01:42.600","0","0","0","0","2301","0","0","0","N","0","0","0","2","02301","0","","1.0","","1","N","N","","0","","0","0","0","","4","","","2","0","0","0","0","0","0","2","1","2","","","","N","","","","","","","","","",""
"2008072238","","1","0","0","0","0","0","0","0","0","0","0","","02","6","2008","7","40.454759","-80.060804","","11","0","0","0","0","0","0","0","0","","0","0","0","","","1","","0","","40 27:17.132","","0","80 03:38.894","3","0","0","0","2301","0","0","0","N","0","0","0","1","02301","0","","1.0","","9","N","N","","0","","1","0","0","","0","","","1","1","0","0","0","0","0","2","0","1","","","","N","","","","","","","","","",""
"2008072239","","2","0","0","0","0","0","0","0","0","1","0","","02","6","2008","1","40.46178","-79.896076","","11","0","0","0","0","0","0","0","0","","0","0","0","","","0","","0","","40 27:42.408","","0","79 53:45.873","0","0","0","0","2301","0","0","0","","0","0","0","1","02301","0","","2.0","","1","","","","0","","0","0","1","","0","","","3","0","0","0","0","0","0","2","0","3","","","","N","","","","","","","","","",""
"2008072240","","1","0","0","0","0","0","0","0","0","4","0","","02","6","2008","5","40.444958","-79.972069","","11","0","0","0","0","0","1","0","0","","0","0","0","","","2","","0","","40 26:41.848","","0","79 58:19.448","3","0","0","0","2301","0","0","0","N","0","0","0","2","02301","0","","1.0","","1","N","N","","1","","2","0","0","","0","","","2","2","0","0","0","0","0","2","0","2","","","","N","","","","","","","","","",""
"2008072241","","1","0","0","0","0","0","0","0","0","5","0","","02","6","2008","5","40.438897","-79.992597","","11","0","0","0","0","0","1","0","0","1","0","0","0","","","1","","2","","40 26:20.028","4","0","79 59:33.350","8","0","0","0","2301","0","0","0","N","0","0","0","5","02301","0","","1.0","","1","N","N","","0","","0","0","1","","0","N","","2","1","0","0","0","1","0","2","0","2","","","","N","","","","","","","","","",""
"2008072242","","1","0","0","0","0","0","0","0","0","2","0","","02","6","2008","5","40.420197","-79.98659","","11","0","0","0","0","0","1","0","0","","0","0","0","","","0","","0","","40 25:12.709","","0","79 59:11.724","0","0","0","0","2301","0","0","0","N","0","0","0","7","02301","0","","1.0","","1","N","N","","1","","0","0","0","","0","","","2","0","0","0","0","0","0","2","0","2","","","","N","","","","","","","","","",""
"2008072243","","1","0","0","0","0","0","0","0","0","1","0","","02","6","2008","2","40.428596","-79.977627","","11","0","0","0","0","1","1","0","0","","0","0","0","","","0","","1","","40 25:42.946","","0","79 58:39.457","0","0","0","0","2301","0","0","0","N","0","0","0","3","02301","0","","1.0","","1","N","N","","1","","0","0","0","","2","","","2","0","0","0","0","0","0","2","0","2","","","","N","","","","","","","","","",""
"2008072244","","0","0","0","0","0","0","0","0","0","7","0","","02","6","2008","1","40.447897","-80.026172","","11","0","0","0","0","0","0","0","0","4","1","0","0","","","0","","6","","40 26:52.430","2","2","80 01:34.220","1","1","0","1","2301","0","0","0","N","0","0","0","1","02301","0","1","7.0","","1","N","N","","0","0","0","0","0","","4","Y","","1","0","0","0","0","0","0","2","0","1","","","","N","","","","","","","","","",""
"2008072245","","0","0","0","0","0","0","0","0","0","7","0","","02","6","2008","6","40.442821","-80.039582","","11","0","0","0","0","0","0","0","0","","0","0","0","","","0","","0","","40 26:34.155","","0","80 02:22.495","0","0","0","0","2301","0","0","0","N","0","0","0","1","02301","0","","5.0","","1","N","N","","0","","0","0","0","","0","","","2","0","0","0","0","0","0","2","1","1","","","","N","","","","","","","","","",""
"2008072256","","1","0","0","0","0","0","0","0","0","1","0","","02","6","2008","6","40.39182","-80.016755","","11","0","0","0","1","0","0","0","0","","0","0","0","","","1","","1","","40 23:30.552","","0","80 01:00.318","8","0","0","0","2301","0","0","0","N","0","0","0","3","02301","0","","1.0","","1","N","N","","0","","0","0","0","","3","","","2","1","0","0","0","1","0","2","0","2","","","","N","","","","","","","","","",""
"2008072257","","1","0","0","0","0","0","0","0","0","1","0","","02","6","2008","6","40.411014","-80.005934","","11","0","0","0","0","0","1","1","0","1","0","0","0","","","0","","2","","40 24:39.651","1","0","80 00:21.361","0","0","0","0","2301","0","0","0","N","0","0","0","3","02301","0","","1.0","","1","N","N","","1","","0","0","0","","2","N","","2","0","0","0","0","0","0","2","0","2","","","","N","","","","","","","","","",""
"2008072258","","1","0","0","0","0","0","0","0","0","7","0","","02","6","2008","7","40.396064","-79.997289","","11","0","0","0","0","0","0","0","0","2","0","0","0","","","1","","0","","40 23:45.830","6","0","79 59:50.240","4","0","0","0","2301","0","0","0","N","0","0","0","1","02301","1","","2.0","","1","N","N","","0","","0","0","0","","0","Y","","1","1","0","0","0","0","0","2","0","1","","","","N","","","","","","","","","",""
"2008072259","","0","0","0","0","0","0","0","0","0","1","0","","02","6","2008","7","40.426204","-79.97486","","11","0","0","0","0","0","0","0","0","","0","0","0","","","0","","1","","40 25:34.334","","0","79 58:29.496","9","0","0","0","2301","0","0","0","N","0","0","0","1","02301","0","","6.0","","1","N","N","","0","","0","0","0","","0","","","3","0","0","0","0","0","1","2","1","3","","","","N","","","","","","","","","",""
"2008072260","","2","0","0","0","0","0","0","0","0","4","0","","02","5","2008","3","40.416826","-80.029827","","11","0","0","0","0","0","0","1","1","","0","0","0","","","1","","1","","40 25:00.575","","0","80 01:47.376","8","0","0","0","2301","0","0","0","N","0","0","0","3","02301","0","","1.0","","9","N","N","","1","","0","0","0","","2","","","3","1","1","0","0","1","0","2","0","3","","","","N","","","","","","","","","",""
"2008072261","","1","0","0","0","0","0","0","0","0","4","0","99","02","5","2008","6","40.448208","-80.01045","","11","0","0","0","0","0","1","0","0","","0","0","0","","","0","","1","","40 26:53.548","","0","80 00:37.620","0","0","0","0","2301","0","0","0","N","0","0","0","2","02301","0","","1.0","","1","N","N","","0","","0","0","1","","2","","","2","0","0","0","0","0","0","2","0","2","","","Y","Y","4","1","","","N","","","Y","",""
"2008072263","","3","0","0","0","0","0","0","0","0","1","0","","02","6","2008","6","40.462784","-80.013584","","11","0","0","0","0","0","0","0","0","","0","0","0","","","0","","0","","40 27:46.022","","0","80 00:48.902","0","0","0","0","2301","0","0","0","N","0","0","0","2","02301","0","","6.0","","1","N","N","","0","","0","0","0","","0","","","3","0","0","0","0","0","0","2","0","3","","","","N","","","","","","","","","",""
"2008072264","","2","0","0","0","0","0","0","0","0","2","0","","02","6","2008","6","40.447578","-80.004063","","11","0","0","0","0","0","0","1","0","","0","0","0","","","0","","2","","40 26:51.280","","0","80 00:14.626","0","0","0","0","2301","0","0","0","N","0","0","0","2","02301","0","","1.0","","1","N","N","","0","","0","0","0","","0","","","2","0","0","0","0","0","0","2","0","2","","","","N","","","","","","","","","",""