"CRN","ARRIVAL_TM","AUTOMOBILE_COUNT","BELTED_DEATH_COUNT","BELTED_SUSP_SERIOUS_INJ_COUNT","BICYCLE_COUNT","BICYCLE_DEATH_COUNT","BICYCLE_SUSP_SERIOUS_INJ_COUNT","BUS_COUNT","CHLDPAS_DEATH_COUNT","CHLDPAS_SUSP_SERIOUS_INJ_COUNT","COLLISION_TYPE","COMM_VEH_COUNT","CONS_ZONE_SPD_LIM","COUNTY","CRASH_MONTH","CRASH_YEAR","DAY_OF_WEEK","DEC_LATITUDE","DEC_LONGITUDE","DISPATCH_TM","DISTRICT","DRIVER_COUNT_16YR","DRIVER_COUNT_17YR","DRIVER_COUNT_18YR","DRIVER_COUNT_19YR","DRIVER_COUNT_20YR","DRIVER_COUNT_50_64YR","DRIVER_COUNT_65_74YR","DRIVER_COUNT_75PLUS","EST_HRS_CLOSED","FATAL_COUNT","HEAVY_TRUCK_COUNT","HORSE_BUGGY_COUNT","HOUR_OF_DAY","ILLUMINATION","INJURY_COUNT","INTERSECTION_RELATED","INTERSECT_TYPE","LANE_CLOSED","LATITUDE","LN_CLOSE_DIR","LOCATION_TYPE","LONGITUDE","MAX_SEVERITY_LEVEL","MCYCLE_DEATH_COUNT","MCYCLE_SUSP_SERIOUS_INJ_COUNT","MOTORCYCLE_COUNT","MUNICIPALITY","NONMOTR_COUNT","NONMOTR_DEATH_COUNT","NONMOTR_SUSP_SERIOUS_INJ_COUNT","NTFY_HIWY_MAINT","PED_COUNT","PED_DEATH_COUNT","PED_SUSP_SERIOUS_INJ_COUNT","PERSON_COUNT","POLICE_AGCY","POSSIBLE_INJ_COUNT","RDWY_SURF_TYPE_CD","RELATION_TO_ROAD","ROADWAY_CLEARED","ROAD_CONDITION","SCH_BUS_IND","SCH_ZONE_IND","SECONDARY_CRASH","SMALL_TRUCK_COUNT","SPEC_JURIS_CD","SUSP_MINOR_INJ_COUNT","SUSP_SERIOUS_INJ_COUNT","SUV_COUNT","TCD_FUNC_CD","TCD_TYPE","TFC_DETOUR_IND","TIME_OF_DAY","TOTAL_UNITS","TOT_INJ_COUNT","UNBELTED_OCC_COUNT","UNB_DEATH_COUNT","UNB_SUSP_SERIOUS_INJ_COUNT","UNK_INJ_DEG_COUNT","UNK_INJ_PER_COUNT","URBAN_RURAL","VAN_COUNT","VEHICLE_COUNT","WEATHER1","WEATHER2","WORKERS_PRES","WORK_ZONE_IND","WORK_ZONE_LOC","WORK_ZONE_TYPE","WZ_CLOSE_DETOUR","WZ_FLAGGER","WZ_LAW_OFFCR_IND","WZ_LN_CLOSURE","WZ_MOVING","WZ_OTHER","WZ_SHLDER_MDN","WZ_WORKERS_INJ_KILLED"
"2008074564","","1","0","0","0","0","0","0","0","0","99","1","","02","6","2008","6","40.3893","-80.148","","11","0","0","0","0","0","1","1","0","","0","1","0","","","1","","0","","40 23:21.480","","7","80 08:52.800","4","0","0","0","2109","0","0","0","N","0","0","0","4","02109","1","","1.0","","1","N","N","","0","","0","0","0","","3","","","2","1","0","0","0","0","0","2","0","2","","","","N","","","","","","","","","",""
"2008074579","","1","0","0","0","0","0","0","0","0","4","0","","02","6","2008","4","40.433794","-79.747686","","11","0","0","0","0","0","0","0","1","1","0","0","0","","","0","","0","","40 26:01.657","4","5","79 44:51.668","0","0","0","0","2446","0","0","0","N","0","0","0","2","68T09","0","","1.0","","1","N","N","","0","","0","0","0","","1","N","","2","0","0","0","0","0","0","2","1","2","","","","N","","","","","","","","","",""
"2008074583","","1","0","0","0","0","0","0","0","0","7","0","","02","6","2008","6","40.351704","-79.863111","","11","0","0","0","0","0","0","0","0","1","0","0","0","","","0","","0","","40 21:06.134","3","0","79 51:47.198","9","0","0","0","2304","0","0","0","N","0","0","0","1","02304","0","","4.0","","9","N","N","","0","","0","0","0","","0","N","","1","0","0","0","0","0","1","2","0","1","","","","N","","","","","","","","","",""
"2008074584","","1","0","0","0","0","0","0","0","0","1","0","","02","6","2008","1","40.343619","-79.863322","","11","0","0","0","0","0","0","0","0","1","0","0","0","","","0","","0","","40 20:37.027","2","0","79 51:47.959","0","0","0","0","2304","0","0","0","N","0","0","0","4","02301","0","","1.0","","1","N","N","","1","","0","0","0","","0","N","","2","0","0","0","0","0","0","2","0","2","","","","N","","","","","","","","","",""
"2008074585","","1","0","0","0","0","0","0","0","0","4","0","","02","5","2008","5","40.352495","-79.850993","","11","0","0","0","0","1","0","0","0","","0","0","0","","","0","","1","","40 21:08.981","","0","79 51:03.574","0","0","0","0","2304","0","0","0","N","0","0","0","3","02304","0","","1.0","","1","N","N","","0","","0","0","0","","2","","","2","0","0","0","0","0","0","2","1","2","","","","N","","","","","","","","","",""
"2008074586","","1","0","0","0","0","0","0","0","0","7","0","","02","6","2008","7","40.329583","-79.841538","","11","0","0","0","0","0","0","0","0","","0","0","0","","","0","","0","","40 19:46.500","","0","79 50:29.538","0","0","0","0","2304","0","0","0","N","0","0","0","3","02304","0","","4.0","","1","N","N","","0","","0","0","0","","0","","","1","0","1","0","0","0","0","2","0","1","","","","N","","","","","","","","","",""
"2008074587","","1","0","0","1","0","0","0","0","0","8","0","","02","5","2008","6","40.336138","-79.832047","","11","0","0","0","0","0","0","0","0","","0","0","0","","","1","","1","","40 20:10.096","","0","79 49:55.369","4","0","0","0","2304","1","0","0","N","0","0","0","2","02304","1","","1.0","","1","N","N","","0","","0","0","0","","3","","","2","1","0","0","0","0","0","2","0","1","","","","N","","","","","","","","","",""
"2008074588","","2","0","0","0","0","0","0","0","0","7","0","","02","6","2008","6","40.461684","-79.965949","","11","0","0","0","0","0","1","0","0","","0","0","0","","","1","","0","","40 27:42.064","","0","79 57:57.417","8","0","0","0","2301","0","0","0","N","0","0","0","1","02301","0","","2.0","","1","N","N","","0","","0","0","0","","0","","","2","1","0","0","0","1","0","2","0","2","","","","N","","","","","","","","","",""
"2008074589","","1","0","0","0","0","0","0","0","0","8","0","25","02","6","2008","6","40.441519","-80.002574","","11","0","0","0","0","0","0","0","0","","0","0","0","","","1","","2","","40 26:29.468","","0","80 00:09.266","4","0","0","0","2301","1","0","0","N","1","0","0","2","02301","1","","5.0","","1","N","N","","0","","0","0","0","","0","","","2","1","0","0","0","0","0","2","0","1","","","Y","Y","3","1","","","N","","","","",""
"2008074606","","2","0","0","0","0","0","0","0","0","4","0","","02","6","2008","3","40.456435","-80.014373","","11","0","1","0","0","0","0","0","0","","0","0","0","","","1","","1","","40 27:23.166","","0","80 00:51.742","4","0","0","0","2301","0","0","0","N","0","0","0","3","02301","1","","1.0","","1","N","N","","0","","0","0","0","","3","","","2","1","1","0","0","0","0","2","0","2","","","","N","","","","","","","","","",""
"2008074622","","2","0","0","0","0","0","0","0","0","4","0","","02","6","2008","5","40.314447","-79.829521","","11","0","0","0","0","0","0","1","0","","0","0","0","","","0","","2","","40 18:52.010","","0","79 49:46.276","0","0","0","0","2469","0","0","0","N","0","0","0","7","02469","0","","1.0","","1","N","N","","0","","0","0","0","","0","","","2","0","0","0","0","0","0","2","0","2","","","","N","","","","","","","","","",""
"2008074631","","1","0","0","0","0","0","0","0","0","7","0","","02","6","2008","4","40.348272","-80.160044","","11","0","0","0","0","0","0","0","0","","0","0","0","","","0","","0","","40 20:53.778","","0","80 09:36.157","0","0","0","0","2119","0","0","0","N","0","0","0","1","02119","0","","4.0","","9","N","N","","0","","0","0","0","","0","","","1","0","0","0","0","0","0","2","0","1","","","","N","","","","","","","","","",""
"2008074649","","1","0","0","0","0","0","0","0","0","7","0","","02","6","2008","3","40.41417","-79.924075","","11","0","0","0","0","0","0","1","0","","0","0","0","","","0","","0","","40 24:51.012","","0","79 55:26.670","0","0","0","0","2301","0","0","0","N","0","0","0","1","02301","0","","4.0","","1","N","N","","0","","0","0","0","","0","","","1","0","0","0","0","0","0","2","0","1","","","","N","","","","","","","","","",""
"2008074650","","1","0","0","0","0","0","0","0","0","4","0","","02","6","2008","5","40.432291","-79.915154","","11","0","0","0","0","0","1","0","0","","0","0","0","","","1","","0","","40 25:56.247","","0","79 54:54.554","8","0","0","1","2301","0","0","0","N","0","0","0","2","02301","0","","1.0","","1","N","N","","0","","0","0","0","","0","","","2","1","0","0","0","1","0","2","0","2","","","","N","","","","","","","","","",""
"2008074651","","0","0","0","0","0","0","0","0","0","4","0","","02","6","2008","5","40.455917","-79.922571","","11","0","0","0","0","1","0","0","0","","0","0","0","","","1","","1","","40 27:21.301","","0","79 55:21.255","3","0","0","1","2301","0","0","0","N","0","0","0","2","02301","0","","1.0","","1","N","N","","0","","1","0","0","","2","","","2","1","0","0","0","0","0","2","1","2","","","","N","","","","","","","","","",""
"2008074652","","1","0","0","0","0","0","0","0","0","5","0","","02","6","2008","5","40.43975","-79.896481","","11","0","0","0","1","0","0","0","0","","0","0","0","","","0","","1","","40 26:23.100","","0","79 53:47.331","0","0","0","0","2301","0","0","0","N","0","0","0","2","02301","0","","1.0","","1","N","N","","0","","0","0","1","","3","","","2","0","0","0","0","0","0","2","0","2","","","","N","","","","","","","","","",""
"2008074654","","0","0","0","0","0","0","0","0","0","7","0","","02","6","2008","6","40.406971","-79.927676","","11","0","0","0","0","0","1","0","0","","0","0","0","","","1","","0","","40 24:25.095","","1","79 55:39.633","3","0","0","0","2301","0","0","0","N","0","0","0","1","02301","0","","5.0","","9","N","N","","0","","1","0","0","","0","","","1","1","0","0","0","0","0","2","1","1","","","","N","","","","","","","","","",""
"2008074655","","2","0","0","0","0","0","0","0","0","4","0","","02","6","2008","6","40.438023","-79.913084","","11","0","0","0","0","0","0","1","0","","0","0","0","","","0","","1","","40 26:16.882","","0","79 54:47.102","0","0","0","0","2301","0","0","0","N","0","0","0","2","02301","0","","1.0","","1","N","N","","0","","0","0","0","","2","","","2","0","0","0","0","0","0","2","0","2","","","","N","","","","","","","","","",""
"2008074656","","1","0","0","0","0","0","0","0","0","4","0","","02","6","2008","2","40.402012","-80.000594","","11","0","0","0","0","0","1","0","0","1","0","0","0","","","1","","1","","40 24:07.244","1","0","80 00:02.140","4","0","0","0","2301","0","0","0","N","0","0","0","2","02301","1","","1.0","","9","N","N","","0","","0","0","0","","2","N","","2","1","0","0","0","0","0","2","1","2","","","","N","","","","","","","","","",""
"2008074663","","0","0","0","0","0","0","0","0","0","7","0","","02","6","2008","2","40.342877","-79.848908","","11","0","0","0","0","0","0","0","0","","0","0","0","","","0","","1","","40 20:34.357","","0","79 50:56.068","0","0","0","0","2304","0","0","0","N","0","0","0","1","02304","0","","4.0","","1","N","N","","1","","0","0","0","","0","","","1","0","0","0","0","0","0","2","0","1","","","","N","","","","","","","","","",""
"2008074667","","0","0","0","0","0","0","0","0","0","4","0","","02","6","2008","6","40.435884","-80.208861","","11","0","0","0","0","1","0","0","0","2","0","0","0","","","1","","0","","40 26:09.183","5","0","80 12:31.900","4","0","0","0","2214","0","0","0","N","0","0","0","3","02214","1","","1.0","","1","N","N","","2","","0","0","0","","0","Y","","2","1","0","0","0","0","0","1","0","2","","","","N","","","","","","","","","",""
"2008074686","","1","0","0","0","0","0","0","0","0","1","0","","02","6","2008","5","40.436937","-79.962917","","11","0","0","0","0","0","0","0","0","2","0","0","0","","","0","","0","","40 26:12.973","3","0","79 57:46.501","0","0","0","0","2301","0","0","0","N","0","0","0","4","02301","0","","1.0","","1","N","N","","1","","0","0","0","","0","N","","2","0","0","0","0","0","0","2","0","2","","","","N","","","","","","","","","",""
"2008074692","","0","0","0","0","0","0","0","0","0","8","0","","02","3","2008","5","40.518143","-80.167003","","11","0","0","0","0","0","1","0","0","","0","0","0","","","1","","2","","40 31:05.314","","0","80 10:01.210","8","0","0","0","2420","1","0","0","N","1","0","0","2","02420","0","","1.0","","1","N","N","","0","","0","0","1","","3","","","2","1","0","0","0","1","0","2","0","1","","","","N","","","","","","","","","",""
"2008074714","","1","0","0","0","0","0","0","0","0","7","0","","02","5","2008","4","40.3193","-80.1179","","11","0","0","1","0","0","0","0","0","2","0","0","0","","","0","","0","","40 19:09.480","4","0","80 07:04.440","0","0","0","0","2119","0","0","0","N","0","0","0","1","02119","0","","5.0","","9","N","N","","0","","0","0","0","","0","Y","","1","0","1","0","0","0","0","2","0","1","","","","N","","","","","","","","","",""
"2008074715","","2","0","0","0","0","0","0","0","0","2","0","","02","5","2008","6","40.3444","-80.1151","","11","0","0","0","0","0","1","0","0","2","0","0","0","","","1","","0","","40 20:39.840","2","0","80 06:54.360","3","0","0","0","2119","0","0","0","N","0","0","0","2","02119","0","","1.0","","1","N","N","","0","","1","0","0","","0","N","","2","1","0","0","0","0","0","2","0","2","","","","N","","","","","","","","","",""
"2008074716","","1","0","0","0","0","0","0","0","0","8","0","","02","5","2008","4","40.34569","-80.158007","","11","0","0","1","0","0","0","0","0","","0","0","0","","","1","","0","","40 20:44.484","","0","80 09:28.825","4","0","0","0","2119","1","0","0","N","1","0","0","3","02119","1","","1.0","","1","N","N","","0","","0","0","0","","0","","","2","1","0","0","0","0","0","2","0","1","","","","N","","","","","","","","","",""
"2008074717","","1","0","0","0","0","0","0","0","0","7","0","","02","6","2008","5","40.352558","-79.839622","","11","0","0","0","0","0","0","0","0","","0","0","0","","","0","","2","","40 21:09.208","","0","79 50:22.640","0","0","0","0","2304","0","0","0","N","0","0","0","1","02304","0","","5.0","","1","N","N","","0","","0","0","0","","0","","","1","0","0","0","0","0","0","2","0","1","","","","N","","","","","","","","","",""
"2008074718","","0","0","0","0","0","0","0","0","0","7","0","","02","6","2008","1","40.349624","-79.892903","","11","0","0","0","0","0","0","0","0","2","0","0","0","","","0","","0","","40 20:58.645","1","0","79 53:34.451","0","0","0","0","2304","0","0","0","N","0","0","0","1","02213","0","","4.0","","1","N","N","","1","","0","0","0","","0","N","","1","0","0","0","0","0","0","2","0","1","","","","N","","","","","","","","","",""
"2008074719","","2","0","0","0","0","0","0","0","0","4","0","","02","6","2008","6","40.352502","-79.833948","","11","0","0","1","0","1","0","0","0","","0","0","0","","","0","","0","","40 21:09.007","","0","79 50:02.212","0","0","0","0","2304","0","0","0","N","0","0","0","2","02304","0","","1.0","","1","N","N","","0","","0","0","0","","0","","","2","0","0","0","0","0","0","2","0","2","","","","N","","","","","","","","","",""
"2008074720","","1","0","0","0","0","0","0","0","0","7","0","","02","6","2008","2","40.351713","-79.859704","","11","0","0","0","0","0","0","0","0","","0","0","0","","","1","","2","","40 21:06.166","","0","79 51:34.933","3","0","0","0","2304","0","0","0","","0","0","0","1","02304","0","","5.0","","1","","","","0","","1","0","0","","0","","","1","1","0","0","0","0","0","2","0","1","","","","N","","","","","","","","","",""
"2008074721","","1","0","0","0","0","0","0","0","0","7","0","","02","6","2008","3","40.350014","-79.871543","","11","0","0","0","0","0","0","0","0","","0","0","0","","","0","","0","","40 21:00.051","","0","79 52:17.553","0","0","0","0","2304","0","0","0","N","0","0","0","2","02304","0","","5.0","","1","N","N","","0","","0","0","0","","0","","","1","0","0","0","0","0","0","2","0","1","","","","N","","","","","","","","","",""
"2008074722","","0","0","0","0","0","0","0","0","0","1","0","","02","6","2008","6","40.353389","-79.84537","","11","0","0","0","0","0","1","0","0","1","0","0","0","","","1","","6","","40 21:12.200","1","2","79 50:43.333","4","0","0","0","2304","0","0","0","N","0","0","0","5","02304","1","","7.0","","1","N","N","","1","","0","0","1","","4","N","","2","1","0","0","0","0","0","2","0","2","","","","N","","","","","","","","","",""
"2008074730","","2","0","0","0","0","0","0","0","0","4","0","","02","6","2008","1","40.441717","-80.239486","","11","1","0","0","0","1","0","0","0","2","0","0","0","","","0","","1","","40 26:30.181","4","0","80 14:22.151","0","0","0","0","2214","0","0","0","N","0","0","0","3","02214","0","","1.0","","1","N","N","","0","","0","0","0","","2","Y","","2","0","0","0","0","0","0","2","0","2","","","","N","","","","","","","","","",""
"2008074858","","0","0","0","0","0","0","0","0","0","8","0","","02","6","2008","2","40.426598","-79.968835","","11","0","0","0","0","0","1","0","0","1","0","0","0","","","1","","1","","40 25:35.752","2","0","79 58:07.806","4","0","0","0","2301","1","0","0","N","1","0","0","2","02301","1","","1.0","","1","N","N","","0","","0","0","1","","3","N","","2","1","0","0","0","0","0","2","0","1","","","","N","","","","","","","","","",""
"2008074859","","1","0","0","0","0","0","0","0","0","1","0","","02","6","2008","3","40.484224","-79.907887","","11","0","0","0","0","0","1","0","0","","0","0","0","","","0","","2","","40 29:03.206","","0","79 54:28.392","0","0","0","0","2301","0","0","0","N","0","0","0","4","02301","0","","1.0","","1","N","N","","1","","0","0","0","","2","","","2","0","0","0","0","0","0","2","0","2","","","","N","","","","","","","","","",""
"2008074935","","0","0","0","0","0","0","0","0","0","8","0","","02","6","2008","3","40.48168","-79.95326","","11","0","0","0","0","0","0","0","0","9","0","0","0","","","1","","1","","40 28:54.048","4","0","79 57:11.735","2","0","0","0","2301","1","0","1","N","1","0","1","2","02301","0","","1.0","","1","N","N","","0","","0","1","0","","2","N","","2","1","1","0","0","0","0","2","1","1","","","","N","","","","","","","","","",""
"2008074936","","1","0","0","0","0","0","0","0","0","8","0","","02","6","2008","2","40.442048","-79.999617","","11","0","0","0","0","0","0","0","0","","0","0","0","","","2","","1","","40 26:31.372","","0","79 59:58.621","4","0","0","0","2301","2","0","0","N","2","0","0","4","02301","2","","1.0","","1","N","N","","0","","0","0","0","","2","","","3","2","0","0","0","0","0","2","0","1","","","","N","","","","","","","","","",""
"2008074938","","3","0","0","0","0","0","0","0","0","5","0","","02","6","2008","6","40.440126","-79.996436","","11","0","0","0","0","0","0","0","1","","0","0","0","","","1","","2","","40 26:24.453","","0","79 59:47.169","3","0","0","0","2301","0","0","0","N","0","0","0","6","02301","0","","1.0","","1","N","N","","0","","1","0","1","","2","","","4","1","0","0","0","0","0","2","0","4","","","","N","","","","","","","","","",""
"2008074939","","2","0","0","0","0","0","0","0","0","6","0","","02","6","2008","7","40.445","-79.972984","","11","0","0","0","0","0","0","0","0","1","0","0","0","","","0","","0","","40 26:42.000","7","0","79 58:22.742","0","0","0","0","2301","0","0","0","N","0","0","0","2","02301","0","","2.0","","1","N","N","","0","","0","0","1","","0","N","","3","0","2","0","0","0","0","2","0","3","","","","N","","","","","","","","","",""
"2008074940","","1","0","0","0","0","0","0","0","0","4","0","","02","6","2008","7","40.465165","-79.957999","","11","0","0","0","0","0","0","0","0","2","0","0","0","","","2","","1","","40 27:54.594","2","0","79 57:28.796","4","0","0","0","2301","0","0","0","N","0","0","0","3","02301","1","","1.0","","9","N","N","","0","","0","0","0","","2","Y","","2","2","1","0","0","1","0","2","1","2","","","","N","","","","","","","","","",""
"2008074941","","2","0","0","0","0","0","0","0","0","4","0","","02","6","2008","1","40.459545","-79.957947","","11","0","0","0","0","0","0","0","0","","0","0","0","","","0","","0","","40 27:34.362","","0","79 57:28.609","9","0","0","0","2301","0","0","0","N","0","0","0","1","02301","0","","1.0","","1","N","N","","0","","0","0","0","","0","","","2","0","0","0","0","0","1","2","0","2","","","","N","","","","","","","","","",""
"2008074942","","2","0","0","0","0","0","0","0","0","4","0","","02","6","2008","2","40.43847","-80.005839","","11","0","0","0","0","0","1","0","0","","0","0","0","","","0","","1","","40 26:18.492","","0","80 00:21.020","0","0","0","0","2301","0","0","0","N","0","0","0","8","02301","0","","1.0","","1","N","N","","0","","0","0","0","","2","","","3","0","0","0","0","0","0","2","1","3","","","","N","","","","","","","","","",""
"2008074943","","0","0","0","0","0","0","0","0","0","7","0","","02","6","2008","2","40.444145","-79.993544","","11","0","0","0","0","0","0","0","0","1","0","0","0","","","0","","2","","40 26:38.922","3","0","79 59:36.758","9","0","0","0","2301","0","0","0","N","0","0","0","1","02301","0","","5.0","","1","N","N","","0","","0","0","1","","2","Y","","1","0","0","0","0","0","1","2","0","1","","","","N","","","","","","","","","",""
"2008074944","","3","0","0","0","0","0","0","0","0","5","0","","02","6","2008","3","40.466891","-79.964216","","11","0","0","0","0","0","0","0","0","1","0","0","0","","","2","","1","","40 28:00.807","5","0","79 57:51.178","4","0","0","0","2301","0","0","0","","0","0","0","4","02301","1","","1.0","","1","","","","0","","0","0","0","","0","N","","3","2","0","0","0","1","0","2","0","3","","","","N","","","","","","","","","",""
"2008074945","","0","0","0","0","0","0","0","0","0","8","0","","02","6","2008","2","40.451832","-79.943353","","11","0","0","0","0","0","0","0","0","","0","0","0","","","1","","1","","40 27:06.595","","0","79 56:36.070","8","0","0","0","2301","1","0","0","N","1","0","0","2","02301","0","","1.0","","1","N","N","","0","","0","0","0","","2","","","2","1","0","0","0","1","0","2","1","1","","","","N","","","","","","","","","",""
"2008074946","","1","0","0","0","0","0","0","0","0","8","0","","02","6","2008","3","40.456024","-79.903519","","11","0","0","0","0","0","1","0","0","","0","0","0","","","1","","0","","40 27:21.686","","0","79 54:12.668","3","0","0","0","2301","2","0","0","N","2","0","0","3","02301","0","","1.0","","1","N","N","","0","","1","0","0","","0","","","3","1","0","0","0","0","1","2","0","1","","","","N","","","","","","","","","",""
"2008074947","","5","0","0","0","0","0","0","0","0","4","0","","02","6","2008","3","40.454029","-79.912399","","11","0","0","0","0","0","5","0","0","2","0","0","0","","","2","","1","","40 27:14.504","6","0","79 54:44.638","8","0","0","0","2301","0","0","0","","0","0","0","7","02301","0","","1.0","","1","","","","0","","0","0","1","","2","Y","","6","2","0","0","0","2","0","2","0","6","","","","N","","","","","","","","","",""
"2008074949","","2","0","0","0","0","0","0","0","0","4","0","","02","6","2008","4","40.457842","-79.974246","","11","0","0","0","0","0","0","0","0","2","0","0","0","","","0","","1","","40 27:28.231","7","0","79 58:27.285","9","0","0","0","2301","0","0","0","N","0","0","0","3","02301","0","","1.0","","1","N","N","","0","","0","0","0","","3","Y","","2","0","0","0","0","0","1","2","0","2","","","","N","","","","","","","","","",""
"2008074950","","1","0","0","0","0","0","0","0","0","7","0","","02","6","2008","3","40.467823","-80.025132","","11","0","0","0","0","0","1","0","0","","0","0","0","","","0","","2","","40 28:04.162","","0","80 01:30.475","0","0","0","0","2301","0","0","0","","0","0","0","1","02301","0","","5.0","","1","N","N","","0","","0","0","0","","0","","","1","0","0","0","0","0","0","2","0","1","","","","N","","","","","","","","","",""
"2008074956","","2","0","0","0","0","0","0","0","0","2","0","","02","6","2008","1","40.454976","-79.911276","","11","0","0","0","0","0","0","0","0","2","0","0","0","","","0","","0","","40 27:17.915","1","0","79 54:40.593","0","0","0","0","2301","0","0","0","N","0","0","0","1","02301","0","","2.0","","1","N","N","","1","","0","0","1","","0","N","","4","0","0","0","0","0","0","2","0","4","","","","N","","","","","","","","","",""
"2008074957","","0","0","0","0","0","0","0","0","0","7","0","","02","6","2008","5","40.567377","-80.006843","","11","0","0","0","0","0","1","0","0","","0","0","0","","","2","","0","","40 34:02.556","","0","80 00:24.635","3","0","0","0","2108","0","0","0","N","0","0","0","2","02108","1","","2.0","","1","N","N","","0","","1","0","0","","0","","","1","2","2","0","0","0","0","2","1","1","","","","N","","","","","","","","","",""
"2008074958","","2","0","0","0","0","0","0","0","0","2","0","","02","6","2008","3","40.586724","-80.041844","","11","0","0","0","0","0","1","0","0","2","0","0","0","","","2","","0","","40 35:12.205","6","0","80 02:30.637","3","0","0","0","2108","0","0","0","N","0","0","0","2","02108","1","","1.0","","1","N","N","","0","","1","0","0","","0","Y","","2","2","1","0","0","0","0","2","0","2","","","","N","","","","","","","","","",""
"2008074959","","1","0","0","0","0","0","0","0","0","2","0","","02","6","2008","2","40.438046","-79.92768","","11","0","0","0","0","0","0","0","1","1","0","0","0","","","0","","1","","40 26:16.965","1","0","79 55:39.648","0","0","0","1","2301","0","0","0","N","0","0","0","2","02301","0","","1.0","","1","N","N","","0","","0","0","0","","2","N","","2","0","0","0","0","0","0","2","0","2","","","","N","","","","","","","","","",""
"2008074960","","0","0","0","1","0","0","0","0","0","8","0","","02","6","2008","4","40.441955","-79.958212","","11","0","0","0","0","0","1","0","0","","0","0","0","","","1","","0","","40 26:31.038","","0","79 57:29.563","3","0","0","0","2301","1","0","0","N","0","0","0","2","02301","0","","1.0","","1","N","N","","0","","1","0","0","","0","","","2","1","0","0","0","0","0","2","1","1","","","","N","","","","","","","","","",""
"2008074970","","0","0","0","0","0","0","0","0","0","7","0","","02","6","2008","4","40.446091","-80.21158","","11","0","0","0","0","0","1","0","0","2","0","0","0","","","1","","0","","40 26:45.927","2","0","80 12:41.687","4","0","0","0","2214","0","0","0","N","0","0","0","1","02214","1","","4.0","","1","N","N","","1","","0","0","0","","0","N","","1","1","0","0","0","0","0","2","0","1","","","","N","","","","","","","","","",""
"2008074971","","2","0","0","0","0","0","0","0","0","4","0","","02","6","2008","4","","","","11","0","0","0","1","0","0","0","0","","0","0","0","","","0","","1","","40 27:05.76","","0","80 10:12.72","0","0","0","0","2214","0","0","0","N","0","0","0","2","02214","0","","1.0","","1","N","N","","0","","0","0","0","","2","","","2","0","0","0","0","0","0","2","0","2","","","","N","","","","","","","","","",""
"2008074972","","0","0","0","0","0","0","0","0","0","7","0","","02","6","2008","7","40.455567","-80.191967","","11","0","0","0","0","0","0","0","0","1","0","0","0","","","1","","0","","40 27:20.040","1","3","80 11:31.080","4","0","0","0","2214","0","0","0","N","0","0","0","1","02214","1","","2.0","","9","N","N","","0","","0","0","1","","0","N","","1","1","0","0","0","0","0","2","0","1","","","","N","","","","","","","","","",""
"2008074980","","0","0","0","0","0","0","0","0","0","2","0","","02","6","2008","5","40.487043","-79.925302","","11","0","0","0","0","0","0","0","0","","0","0","0","","","0","","0","","40 29:13.354","","0","79 55:31.087","9","0","0","0","2301","0","0","0","N","0","0","0","1","02301","0","","6.0","","1","N","N","","2","","0","0","0","","0","","","2","0","0","0","0","0","1","2","0","2","","","","N","","","","","","","","","",""
"2008074981","","2","0","0","0","0","0","0","0","0","4","0","","02","6","2008","5","40.461852","-79.905687","","11","0","0","0","0","0","0","0","0","2","0","0","0","","","1","","0","","40 27:42.666","1","0","79 54:20.474","8","0","0","0","2301","0","0","0","N","0","0","0","2","02301","0","","1.0","","1","N","N","","0","","0","0","0","","0","N","","2","1","0","0","0","1","0","2","0","2","","","","N","","","","","","","","","",""
"2008074982","","1","0","0","0","0","0","0","0","0","7","0","","02","6","2008","1","40.4515","-79.9081","","11","0","0","0","0","0","0","0","0","","0","0","0","","","0","","1","","40 27:05.400","","0","79 54:29.160","9","0","0","0","2301","0","0","0","N","0","0","0","2","02301","0","","4.0","","1","N","N","","0","","0","0","0","","2","","","1","0","0","0","0","0","1","2","0","1","","","","N","","","","","","","","","",""
"2008075012","","1","0","0","0","0","0","0","0","0","2","0","","02","6","2008","1","40.428843","-79.982641","","11","0","0","0","0","0","0","0","0","9","0","0","0","","","0","","0","","40 25:43.836","1","0","79 58:57.508","0","0","0","0","2301","0","0","0","N","0","0","0","3","02301","0","","1.0","","1","N","N","","0","","0","0","1","","0","N","","2","0","1","0","0","0","0","2","0","2","","","","N","","","","","","","","","",""
"2008075013","","1","0","0","0","0","0","0","0","0","1","0","","02","6","2008","2","40.458614","-79.957394","","11","0","0","0","0","0","0","1","0","1","0","0","0","","","1","","5","","40 27:31.011","2","0","79 57:26.620","8","0","0","0","2301","0","0","0","N","0","0","0","3","02301","0","","1.0","","1","","","","1","","0","0","0","","2","N","","2","1","0","0","0","1","0","2","0","2","","","","N","","","","","","","","","",""
"2008075014","","1","0","0","0","0","0","0","0","0","1","0","","02","6","2008","1","40.447776","-79.989173","","11","0","0","0","0","0","0","0","0","","0","0","0","","","2","","0","","40 26:51.994","","0","79 59:21.022","4","0","0","0","2301","0","0","0","N","0","0","0","4","02301","2","","1.0","","1","N","N","","0","","0","0","0","","0","","","2","2","0","0","0","0","0","2","1","2","","","","N","","","","","","","","","",""