"CRN","ARRIVAL_TM","AUTOMOBILE_COUNT","BELTED_DEATH_COUNT","BELTED_SUSP_SERIOUS_INJ_COUNT","BICYCLE_COUNT","BICYCLE_DEATH_COUNT","BICYCLE_SUSP_SERIOUS_INJ_COUNT","BUS_COUNT","CHLDPAS_DEATH_COUNT","CHLDPAS_SUSP_SERIOUS_INJ_COUNT","COLLISION_TYPE","COMM_VEH_COUNT","CONS_ZONE_SPD_LIM","COUNTY","CRASH_MONTH","CRASH_YEAR","DAY_OF_WEEK","DEC_LATITUDE","DEC_LONGITUDE","DISPATCH_TM","DISTRICT","DRIVER_COUNT_16YR","DRIVER_COUNT_17YR","DRIVER_COUNT_18YR","DRIVER_COUNT_19YR","DRIVER_COUNT_20YR","DRIVER_COUNT_50_64YR","DRIVER_COUNT_65_74YR","DRIVER_COUNT_75PLUS","EST_HRS_CLOSED","FATAL_COUNT","HEAVY_TRUCK_COUNT","HORSE_BUGGY_COUNT","HOUR_OF_DAY","ILLUMINATION","INJURY_COUNT","INTERSECTION_RELATED","INTERSECT_TYPE","LANE_CLOSED","LATITUDE","LN_CLOSE_DIR","LOCATION_TYPE","LONGITUDE","MAX_SEVERITY_LEVEL","MCYCLE_DEATH_COUNT","MCYCLE_SUSP_SERIOUS_INJ_COUNT","MOTORCYCLE_COUNT","MUNICIPALITY","NONMOTR_COUNT","NONMOTR_DEATH_COUNT","NONMOTR_SUSP_SERIOUS_INJ_COUNT","NTFY_HIWY_MAINT","PED_COUNT","PED_DEATH_COUNT","PED_SUSP_SERIOUS_INJ_COUNT","PERSON_COUNT","POLICE_AGCY","POSSIBLE_INJ_COUNT","RDWY_SURF_TYPE_CD","RELATION_TO_ROAD","ROADWAY_CLEARED","ROAD_CONDITION","SCH_BUS_IND","SCH_ZONE_IND","SECONDARY_CRASH","SMALL_TRUCK_COUNT","SPEC_JURIS_CD","SUSP_MINOR_INJ_COUNT","SUSP_SERIOUS_INJ_COUNT","SUV_COUNT","TCD_FUNC_CD","TCD_TYPE","TFC_DETOUR_IND","TIME_OF_DAY","TOTAL_UNITS","TOT_INJ_COUNT","UNBELTED_OCC_COUNT","UNB_DEATH_COUNT","UNB_SUSP_SERIOUS_INJ_COUNT","UNK_INJ_DEG_COUNT","UNK_INJ_PER_COUNT","URBAN_RURAL","VAN_COUNT","VEHICLE_COUNT","WEATHER1","WEATHER2","WORKERS_PRES","WORK_ZONE_IND","WORK_ZONE_LOC","WORK_ZONE_TYPE","WZ_CLOSE_DETOUR","WZ_FLAGGER","WZ_LAW_OFFCR_IND","WZ_LN_CLOSURE","WZ_MOVING","WZ_OTHER","WZ_SHLDER_MDN","WZ_WORKERS_INJ_KILLED"
"2008075230","","0","0","0","0","0","0","0","0","0","5","0","","02","6","2008","6","40.6481","-79.9374","","11","0","0","1","0","0","1","0","0","","0","0","0","","","1","","0","","40 38:53.160","","0","79 56:14.640","8","0","0","0","2217","0","0","0","N","0","0","0","2","02505","0","","1.0","","1","N","N","","0","","0","0","2","","0","","","2","1","0","0","0","1","0","2","0","2","","","","N","","","","","","","","","",""
"2008075239","","0","0","0","0","0","0","0","0","0","0","0","","02","6","2008","5","40.518941","-80.293003","","11","0","0","0","0","0","0","0","0","2","0","0","0","","","1","","0","","40 31:08.187","6","0","80 17:34.810","3","0","0","0","2203","0","0","0","N","0","0","0","1","02203","0","","1.0","","9","N","N","","0","","1","0","0","","0","N","","1","1","0","0","0","0","0","1","0","1","","","","N","","","","","","","","","",""
"2008075243","","1","0","0","0","0","0","0","0","0","99","0","","02","6","2008","5","40.567749","-79.936054","","11","0","0","0","0","0","1","0","0","3","0","0","0","","","1","","0","","40 34:03.895","6","0","79 56:09.795","4","0","0","0","2207","0","0","0","N","0","0","0","1","02207","1","","1.0","","9","N","N","","0","","0","0","0","","0","Y","","1","1","0","0","0","0","0","2","0","1","","","","N","","","","","","","","","",""
"2008075254","","1","0","0","0","0","0","0","0","0","1","0","","02","6","2008","2","40.566055","-79.998807","","11","0","0","0","0","0","1","0","0","","0","0","0","","","1","","0","","40 33:57.798","","0","79 59:55.706","4","0","0","0","2108","0","0","0","N","0","0","0","3","02108","1","","1.0","","9","N","N","","0","","0","0","1","","0","","","2","1","0","0","0","0","0","2","0","2","","","","N","","","","","","","","","",""
"2008075255","","2","0","0","0","0","0","0","0","0","4","0","","02","6","2008","1","","","","11","0","1","1","0","0","0","0","0","1","0","0","0","","","0","","1","","","3","0","","0","0","0","0","2109","0","0","0","N","0","0","0","2","02108","0","","1.0","","1","N","N","","0","","0","0","0","","3","N","","2","0","0","0","0","0","0","1","0","2","","","","N","","","","","","","","","",""
"2008075256","","2","0","0","0","0","0","0","0","0","1","0","","02","6","2008","6","40.557933","-79.975342","","11","0","0","0","0","0","0","0","1","1","0","0","0","","","2","","0","","40 33:28.557","4","0","79 58:31.232","4","0","0","0","2108","0","0","0","N","0","0","0","2","02108","2","","1.0","","9","N","N","","0","","0","0","0","","0","N","","2","2","0","0","0","0","0","2","0","2","","","","N","","","","","","","","","",""
"2008075257","","1","0","0","0","0","0","0","0","0","1","0","","02","6","2008","2","40.604882","-80.050806","","11","0","0","0","0","0","0","0","0","1","0","0","0","","","0","","0","","40 36:17.575","1","0","80 03:02.900","0","0","0","0","2108","0","0","0","N","0","0","0","3","02108","0","","1.0","","9","N","N","","0","","0","0","1","","2","N","","2","0","0","0","0","0","0","2","0","2","","","","N","","","","","","","","","",""
"2008075266","","0","0","0","0","0","0","0","0","0","7","0","","02","6","2008","7","40.358509","-80.04534","","11","0","0","0","0","0","0","0","0","1","0","0","0","","","0","","0","","40 21:30.632","1","0","80 02:43.224","0","0","0","0","2109","0","0","0","N","0","0","0","1","02109","0","","2.0","","1","N","N","","0","","0","0","1","","0","N","","1","0","0","0","0","0","0","2","0","1","","","","N","","","","","","","","","",""
"2008075268","","0","0","0","0","0","0","0","0","0","0","0","","02","6","2008","5","40.280361","-79.943377","","11","0","0","0","0","1","0","0","0","2","0","0","0","","","0","","0","","40 16:49.299","3","0","79 56:36.158","0","0","0","0","2440","0","0","0","N","0","0","0","1","02440","0","","4.0","","1","N","N","","1","","0","0","0","","0","N","","1","0","0","0","0","0","0","2","0","1","","","","N","","","","","","","","","",""
"2008075269","","1","0","0","0","0","0","0","0","0","7","0","","02","6","2008","7","40.447953","-79.781766","","11","0","0","0","0","0","0","0","0","","0","0","0","","","0","","1","","40 26:52.630","","0","79 46:54.357","0","0","0","0","2446","0","0","0","N","0","0","0","1","02446","0","","2.0","","1","N","N","","0","","0","0","0","","0","","","1","0","0","0","0","0","0","2","0","1","","","","N","","","","","","","","","",""
"2008075325","","1","0","0","0","0","0","0","0","0","7","0","","02","6","2008","7","40.525341","-79.824301","","11","0","0","0","0","0","0","0","0","","0","0","0","","","1","","0","","40 31:31.229","","0","79 49:27.482","4","0","0","0","2466","0","0","0","N","0","0","0","1","02466","1","","5.0","","1","N","N","","0","","0","0","0","","0","","","1","1","0","0","0","0","0","2","0","1","","","","N","","","","","","","","","",""
"2008075331","","1","0","0","0","0","0","0","0","0","7","0","","02","6","2008","7","40.4383","-79.8304","","11","0","0","0","0","0","0","0","0","1","0","0","0","","","1","","0","","40 26:17.880","2","0","79 49:49.440","4","0","0","0","2419","0","0","0","Y","0","0","0","3","02419","1","","2.0","","1","N","N","","0","","0","0","0","","2","N","","1","1","0","0","0","0","0","2","0","1","","","","N","","","","","","","","","",""
"2008075342","","2","0","0","0","0","0","0","0","0","1","0","","02","6","2008","4","40.468215","-79.705862","","11","0","0","1","0","0","1","0","0","","0","0","0","","","1","","0","","40 28:05.573","","0","79 42:21.103","8","0","0","0","2466","0","0","0","N","0","0","0","4","02466","0","","1.0","","1","N","N","","0","","0","0","0","","0","","","2","1","0","0","0","1","0","2","0","2","","","","N","","","","","","","","","",""
"2008075345","","1","0","0","0","0","0","0","0","0","7","0","","02","6","2008","4","40.551158","-79.971466","","11","0","0","0","0","0","1","0","0","2","0","0","0","","","0","","0","","40 33:04.168","5","0","79 58:17.276","0","0","0","0","2118","0","0","0","N","0","0","0","1","02118","0","","5.0","","9","N","N","","0","","0","0","0","","0","Y","","1","0","0","0","0","0","0","2","0","1","","","","N","","","","","","","","","",""
"2008075347","","1","0","0","0","0","0","0","0","0","99","0","","02","6","2008","2","40.502601","-80.075385","","11","0","0","0","1","0","0","0","0","","0","0","0","","","0","","0","","40 30:09.363","","0","80 04:31.386","0","0","0","0","2405","1","0","0","N","1","0","0","2","02215","0","","1.0","","1","N","N","","0","","0","0","0","","0","","","2","0","0","0","0","0","0","2","0","1","","","","N","","","","","","","","","",""
"2008075363","","1","0","0","0","0","0","0","0","0","7","0","","02","6","2008","3","","","","11","0","0","0","0","0","0","0","0","","0","0","0","","","0","","0","","40 25:33.24","","0","79 53:52.44","0","0","0","0","2301","0","0","0","N","0","0","0","1","68B03","0","","2.0","","1","N","N","","0","","0","0","0","","0","","","1","0","1","0","0","0","0","2","0","1","","","","N","","","","","","","","","",""
"2008075364","","2","0","0","0","0","0","0","0","0","1","0","50","02","6","2008","1","","","","11","0","0","0","0","0","1","1","0","2","0","0","0","","","0","","0","","40 25:39.72","4","0","80 07:46.20","0","0","0","0","2102","0","0","0","N","0","0","0","3","68B03","0","","1.0","","1","N","N","","0","","0","0","0","","0","N","","2","0","0","0","0","0","0","2","0","2","","","N","Y","2","1","N","N","N","Y","N","N","Y",""
"2008075370","","1","0","0","0","0","0","0","0","0","7","0","","02","6","2008","5","40.4958","-79.9121","","11","0","0","0","1","0","0","0","0","1","0","0","0","","","0","","0","","40 29:44.880","1","2","79 54:43.560","0","0","0","0","2401","0","0","0","N","0","0","0","1","68D02","0","","4.0","","9","N","N","","0","","0","0","0","","0","N","","1","0","0","0","0","0","0","2","0","1","","","","N","","","","","","","","","",""
"2008075401","","1","0","0","0","0","0","0","0","0","7","0","","02","6","2008","5","40.297072","-79.917861","","11","0","0","0","0","0","0","0","0","","0","0","0","","","0","","0","","40 17:49.460","","2","79 55:04.300","0","0","0","0","2440","0","0","0","N","0","0","0","1","68T09","0","","2.0","","9","N","N","","0","","0","0","0","","0","","","1","0","0","0","0","0","0","2","0","1","","","","N","","","","","","","","","",""
"2008075406","","1","0","0","0","0","0","0","0","0","4","0","","02","6","2008","6","40.545264","-80.035993","","11","0","0","0","0","1","1","0","0","","0","0","0","","","2","","1","","40 32:42.951","","0","80 02:09.574","8","0","0","0","2116","0","0","0","N","0","0","0","6","02116","0","","1.0","","1","N","N","","0","","0","0","1","","2","","","2","2","0","0","0","2","0","2","0","2","","","","N","","","","","","","","","",""
"2008075422","","2","0","0","0","0","0","0","0","0","1","0","","02","6","2008","7","40.4393","-80.2376","","11","0","0","0","0","0","2","0","0","2","0","0","0","","","7","","1","","40 26:21.480","4","2","80 14:15.360","3","0","0","0","2424","0","0","0","N","0","0","0","7","02424","3","","1.0","","1","N","N","","0","","4","0","1","","2","N","","3","7","2","0","0","0","0","2","0","3","","","","N","","","","","","","","","",""
"2008075429","","0","0","0","0","0","0","0","0","0","7","0","","02","6","2008","3","40.5283","-80.123","","11","0","0","0","0","0","0","0","0","","0","0","0","","","0","","2","","40 31:41.880","","0","80 07:22.800","9","0","0","0","2125","0","0","0","N","0","0","0","1","02215","0","","2.0","","9","N","N","","1","","0","0","0","","0","","","1","0","0","0","0","0","1","2","0","1","","","","N","","","","","","","","","",""
"2008075432","","2","0","0","0","0","0","0","0","0","4","0","","02","6","2008","5","40.3916","-80.0715","","11","0","1","0","0","0","0","0","0","2","0","0","0","","","0","","0","","40 23:29.760","4","7","80 04:17.400","0","0","0","0","2117","0","0","0","N","0","0","0","2","02117","0","","1.0","","1","N","N","","0","","0","0","0","","3","N","","2","0","0","0","0","0","0","2","0","2","","","","N","","","","","","","","","",""
"2008075458","","2","0","0","0","0","0","0","0","0","2","0","","02","6","2008","7","40.530691","-79.956252","","11","0","0","1","0","0","0","0","0","1","0","0","0","","","3","","0","","40 31:50.487","5","0","79 57:22.507","8","0","0","0","2118","0","0","0","N","0","0","0","4","02118","0","","1.0","","9","N","N","","0","","0","0","0","","0","N","","2","3","0","0","0","3","0","2","0","2","","","","N","","","","","","","","","",""
"2008075459","","0","0","0","0","0","0","0","0","0","7","0","","02","6","2008","1","40.6578","-79.9671","","11","0","0","0","0","0","0","0","0","","0","0","0","","","0","","0","","40 39:28.080","","0","79 58:01.560","0","0","0","0","2217","0","0","0","N","0","0","0","1","02505","0","","4.0","","9","N","N","","0","","0","0","1","","0","","","1","0","0","0","0","0","0","1","0","1","","","","N","","","","","","","","","",""
"2008075465","","2","0","0","0","0","0","0","0","0","1","0","","02","6","2008","1","40.378251","-80.064729","","11","0","0","0","0","0","0","0","1","1","0","0","0","","","1","","5","","40 22:41.703","3","0","80 03:53.023","8","0","0","0","2109","0","0","0","N","0","0","0","4","02109","0","","1.0","","1","N","N","","0","","0","0","1","","2","N","","3","1","0","0","0","1","0","2","0","3","","","","N","","","","","","","","","",""
"2008075468","","2","0","0","0","0","0","0","0","0","1","0","","02","6","2008","1","40.647","-79.7876","","11","1","0","0","0","0","0","0","0","","0","0","0","","","0","","1","","40 38:49.200","","0","79 47:15.360","0","0","0","0","2202","0","0","0","N","0","0","0","5","02202","0","","1.0","","9","N","N","","0","","0","0","0","","0","","","2","0","0","0","0","0","0","1","0","2","","","","N","","","","","","","","","",""
"2008075471","","3","0","0","0","0","0","0","0","0","1","0","","02","6","2008","4","40.617082","-80.089444","","11","0","1","0","0","0","0","0","0","3","0","0","0","","","1","","2","","40 37:01.495","3","0","80 05:21.998","4","0","0","0","2212","0","0","0","N","0","0","0","5","02505","1","","1.0","","1","N","N","","1","","0","0","0","","2","N","","4","1","0","0","0","0","0","2","0","4","","","","N","","","","","","","","","",""
"2008075472","","0","0","0","0","0","0","0","0","0","7","0","","02","6","2008","1","40.24905","-79.87714","","11","0","0","0","0","0","0","0","0","1","0","0","0","","","0","","2","","40 14:56.579","1","0","79 52:37.705","0","0","0","0","2204","0","0","0","Y","0","0","0","1","02204","0","","3.0","","1","N","N","","1","","0","0","0","","2","N","","1","0","0","0","0","0","0","1","0","1","","","","N","","","","","","","","","",""
"2008075481","","0","0","0","0","0","0","0","0","0","7","0","","02","6","2008","1","40.658575","-79.995412","","11","0","1","0","0","0","0","0","0","1","0","0","0","","","0","","0","","40 39:30.869","4","0","79 59:43.483","0","0","0","0","2217","0","0","0","N","0","0","0","1","02505","0","","2.0","","9","N","N","","1","","0","0","0","","0","Y","","1","0","0","0","0","0","0","1","0","1","","","","N","","","","","","","","","",""
"2008075486","","2","0","0","0","0","0","0","0","0","4","0","","02","6","2008","1","40.381367","-79.812391","","11","0","0","0","0","0","2","0","0","2","0","0","0","","","3","","1","","40 22:52.922","4","0","79 48:44.606","3","0","0","0","2424","0","0","0","N","0","0","0","5","02424","2","","1.0","","1","N","N","","0","","1","0","0","","2","N","","2","3","0","0","0","0","0","2","0","2","","","","N","","","","","","","","","",""
"2008075498","","1","0","0","0","0","0","0","0","0","7","0","","02","6","2008","5","40.50422","-80.061516","","11","0","0","0","0","0","1","0","0","","0","0","0","","","1","","0","","40 30:15.192","","0","80 03:41.458","4","0","0","0","2402","0","0","0","N","0","0","0","1","02402","1","","4.0","","1","N","N","","0","","0","0","0","","0","","","1","1","0","0","0","0","0","2","0","1","","","","N","","","","","","","","","",""
"2008075503","","1","0","0","0","0","0","0","0","0","6","0","","02","6","2008","1","40.395305","-79.816804","","11","0","0","0","0","0","0","0","0","","0","0","0","","","0","","0","","40 23:43.099","","0","79 49:00.496","0","0","0","0","2111","0","0","0","N","0","0","0","1","02111","0","","6.0","","9","N","N","","0","","0","0","0","","0","","","2","0","1","0","0","0","0","2","1","2","","","","N","","","","","","","","","",""
"2008075513","","1","0","0","0","0","0","1","0","0","1","1","","02","6","2008","1","40.409059","-79.90304","","11","0","0","0","0","0","0","0","0","1","0","0","0","","","0","","1","","40 24:32.614","1","0","79 54:10.944","0","0","0","0","2448","0","0","0","N","0","0","0","6","02503","0","","1.0","","1","N","N","","0","","0","0","0","","2","N","","2","0","1","0","0","0","0","2","0","2","","","","N","","","","","","","","","",""
"2008075515","","2","1","1","0","0","0","0","0","0","4","0","","02","6","2008","3","40.531684","-79.710846","","11","0","0","0","0","0","0","0","1","3","1","0","0","","","4","","0","","40 31:54.061","6","0","79 42:39.044","1","0","0","0","2466","0","0","0","N","0","0","0","5","02466","0","2","1.0","","1","N","N","","0","0","0","1","0","","0","Y","","2","4","0","0","0","3","0","1","0","2","","","","N","","","","","","","","","",""
"2008075535","","1","0","0","0","0","0","0","0","0","1","0","","02","6","2008","2","40.3441","-79.9716","","11","0","0","0","0","0","2","0","0","1","0","0","0","","","0","","2","","40 20:38.760","1","0","79 58:17.760","0","0","0","0","2403","0","0","0","N","0","0","0","2","02403","0","","1.0","","1","N","N","","1","","0","0","0","","2","N","","2","0","0","0","0","0","0","2","0","2","","","","N","","","","","","","","","",""
"2008075545","","1","0","0","0","0","0","0","0","0","7","0","","02","6","2008","2","40.494022","-80.042208","","11","0","0","0","0","0","0","0","0","1","0","0","0","","","0","","0","","40 29:38.480","4","0","80 02:31.950","0","0","0","0","2116","0","0","0","Y","0","0","0","2","02116","0","","5.0","","9","N","N","","0","","0","0","0","","0","N","","1","0","1","0","0","0","0","2","0","1","","","","N","","","","","","","","","",""
"2008075559","","2","0","0","0","0","0","0","0","0","1","0","","02","6","2008","2","40.520923","-80.014443","","11","0","0","0","0","0","0","0","0","","0","0","0","","","1","","2","","40 31:15.322","","0","80 00:51.994","8","0","0","0","2116","0","0","0","N","0","0","0","5","02116","0","","1.0","","9","N","N","","1","","0","0","0","","0","","","3","1","0","0","0","1","0","2","0","3","","","","N","","","","","","","","","",""
"2008075562","","2","0","0","0","0","0","0","0","0","4","0","","02","6","2008","2","40.430757","-80.134568","","11","0","0","0","0","0","0","0","0","","0","0","0","","","2","","2","","40 25:50.725","","0","80 08:04.444","4","0","0","0","2115","0","0","0","N","0","0","0","2","02115","2","","1.0","","1","N","N","","0","","0","0","0","","0","","","2","2","0","0","0","0","0","2","0","2","","","","N","","","","","","","","","",""
"2008075563","","2","0","0","0","0","0","0","0","0","1","0","","02","6","2008","3","40.506","-80.2231","","11","0","0","0","0","0","0","0","0","1","0","0","0","","","2","","0","","40 30:21.600","1","0","80 13:23.160","4","0","0","0","2213","0","0","0","N","0","0","0","2","02213","1","","1.0","","1","N","N","","0","","0","0","0","","0","N","","2","2","0","0","0","1","0","2","0","2","","","","N","","","","","","","","","",""
"2008075564","","1","0","0","0","0","0","0","0","0","1","0","","02","6","2008","3","40.506222","-80.223141","","11","0","0","0","0","0","0","0","0","","0","0","0","","","2","","2","","40 30:22.400","","0","80 13:23.306","4","0","0","1","2213","0","0","0","N","0","0","0","3","02213","2","","1.0","","1","N","N","","0","","0","0","0","","0","","","2","2","0","0","0","0","0","2","0","2","","","","N","","","","","","","","","",""
"2008075565","","2","0","0","0","0","0","0","0","0","6","0","","02","6","2008","5","40.500044","-80.221987","","11","0","0","0","1","0","0","0","0","","0","0","0","","","1","","1","","40 30:00.158","","0","80 13:19.152","3","0","0","0","2213","0","0","0","N","0","0","0","3","02213","0","","1.0","","1","N","N","","0","","1","0","0","","2","","","2","1","1","0","0","0","0","2","0","2","","","","N","","","","","","","","","",""
"2008075566","","1","0","0","0","0","0","0","0","0","4","0","","02","6","2008","7","40.334431","-80.003062","","11","0","0","0","0","1","0","0","0","","0","0","0","","","2","","1","","40 20:03.953","","0","80 00:11.024","4","0","0","0","2407","0","0","0","N","0","0","0","4","02407","2","","1.0","","9","N","N","","2","","0","0","0","","3","","","3","2","0","0","0","0","0","2","0","3","","","","N","","","","","","","","","",""
"2008075639","","2","0","0","0","0","0","0","0","0","99","0","","02","6","2008","3","","","","11","0","0","0","0","0","0","0","0","","0","0","0","","","1","","0","","40 25:04.44","","0","80 03:19.44","4","0","0","0","2435","0","0","0","N","0","0","0","3","68B03","1","","1.0","","1","N","N","","0","","0","0","0","","0","","","2","1","0","0","0","0","0","2","0","2","","","","N","","","","","","","","","",""
"2008075640","","2","0","0","0","0","0","0","0","0","1","0","","02","6","2008","5","40.4206","-80.0375","","11","0","1","0","0","0","0","0","0","1","0","0","0","","","1","","0","","40 25:14.160","1","2","80 02:15.000","8","0","0","0","2301","0","0","0","N","0","0","0","2","68B03","0","","1.0","","9","N","N","","0","","0","0","0","","4","N","","2","1","0","0","0","1","0","2","0","2","","","","N","","","","","","","","","",""
"2008075673","","2","0","0","0","0","0","0","0","0","1","0","","02","6","2008","5","40.6128","-79.7566","","11","0","0","0","0","0","0","0","1","","0","0","0","","","1","","0","","40 36:46.080","","0","79 45:23.760","8","0","0","0","2464","0","0","0","N","0","0","0","3","68D02","0","","1.0","","1","N","N","","0","","0","0","0","","0","","","2","1","0","0","0","1","0","2","0","2","","","","N","","","","","","","","","",""
"2008075674","","1","0","0","0","0","0","0","0","0","7","0","","02","6","2008","7","40.5661","-79.7994","","11","0","0","0","0","1","0","0","0","","0","0","0","","","0","","0","","40 33:57.960","","2","79 47:57.840","0","0","0","0","2202","0","0","0","N","0","0","0","1","68D02","0","","2.0","","1","N","N","","0","","0","0","0","","0","","","1","0","0","0","0","0","0","2","0","1","","","","N","","","","","","","","","",""
"2008075727","","2","0","0","0","0","0","0","0","0","1","0","","02","6","2008","5","40.5285","-79.8503","","11","0","0","0","0","0","1","0","0","","0","0","0","","","0","","2","","40 31:42.600","","0","79 51:01.080","0","0","0","0","2208","0","0","0","N","0","0","0","3","02208","0","","1.0","","9","N","N","","0","","0","0","0","","2","","","2","0","0","0","0","0","0","2","0","2","","","","N","","","","","","","","","",""
"2008075859","","1","0","0","0","0","0","0","0","0","7","0","","02","6","2008","6","40.6402","-80.0035","","11","0","0","0","0","0","1","0","0","","0","0","0","","","2","","0","","40 38:24.720","","0","80 00:12.600","3","0","0","0","2216","0","0","0","N","0","0","0","2","68T02","1","","3.0","","1","N","N","","0","","1","0","0","","0","","","1","2","2","0","0","0","0","1","0","1","","","","N","","","","","","","","","",""
"2008075885","","2","0","0","0","0","0","0","0","0","1","0","","02","6","2008","3","40.5784","-80.0271","","11","0","0","0","0","0","0","0","0","1","0","0","0","","","1","","0","","40 34:42.240","1","0","80 01:37.560","8","0","0","0","2108","0","0","0","N","0","0","0","2","02108","0","","1.0","","1","N","N","","0","","0","0","0","","7","N","","2","1","0","0","0","1","0","2","0","2","","","","N","","","","","","","","","",""
"2008075889","","1","0","0","0","0","0","0","0","0","1","0","","02","6","2008","2","40.593915","-79.97034","","11","0","0","0","0","0","1","0","0","","0","0","0","","","1","","1","","40 35:38.094","","0","79 58:13.224","4","0","0","0","2207","0","0","0","N","0","0","0","2","02207","1","","1.0","","1","N","N","","1","","0","0","0","","2","","","2","1","0","0","0","0","0","2","0","2","","","","N","","","","","","","","","",""
"2008075909","","3","0","0","0","0","0","0","0","0","1","0","","02","6","2008","6","40.4301","-79.9578","","11","0","0","0","0","0","1","0","0","","0","0","0","","","1","","2","","40 25:48.360","","0","79 57:28.080","4","0","0","0","2301","0","0","0","N","0","0","0","3","02301","1","","1.0","","1","N","N","","0","","0","0","0","","2","","","3","1","0","0","0","0","0","2","0","3","","","","N","","","","","","","","","",""
"2008075914","","1","0","0","0","0","0","0","0","0","7","0","","02","6","2008","1","40.487069","-79.76782","","11","0","0","0","0","0","0","0","0","","0","0","0","","","1","","0","","40 29:13.448","","0","79 46:04.152","8","0","0","0","2466","0","0","0","N","0","0","0","2","02466","0","","5.0","","9","N","N","","0","","0","0","0","","0","","","1","1","0","0","0","1","0","2","0","1","","","","N","","","","","","","","","",""
"2008075917","","0","0","0","0","0","0","0","0","0","7","0","","02","6","2008","7","40.212146","-79.940279","","11","0","0","1","0","0","0","0","0","2","0","0","0","","","3","","0","","40 12:43.726","5","0","79 56:25.004","8","0","0","0","2204","0","0","0","N","0","0","0","3","02204","0","","2.0","","9","N","N","","1","","0","0","0","","0","Y","","1","3","1","0","0","3","0","2","0","1","","","","N","","","","","","","","","",""
"2008075921","","0","0","0","0","0","0","0","0","0","4","0","","02","6","2008","5","40.430529","-79.792429","","11","0","0","0","0","0","0","0","0","","0","0","0","","","1","","2","","40 25:49.905","","0","79 47:32.746","3","0","0","0","2446","0","0","0","N","0","0","0","4","02446","0","","1.0","","1","N","N","","2","","1","0","0","","1","","","2","1","1","0","0","0","0","2","0","2","","","","N","","","","","","","","","",""
"2008075922","","1","0","0","0","0","0","0","0","0","7","0","","02","6","2008","3","40.5828","-79.954","","11","0","0","0","0","0","1","0","0","1","0","0","0","","","0","","10","","40 34:58.080","1","0","79 57:14.400","0","0","0","0","2207","0","0","0","N","0","0","0","1","02207","0","","2.0","","1","N","N","","0","","0","0","0","","0","N","","1","0","0","0","0","0","0","2","0","1","","","","N","","","","","","","","","",""
"2008075932","","1","0","0","0","0","0","0","0","0","7","0","","02","6","2008","5","","","","11","0","0","0","0","0","0","0","0","2","0","0","0","","","1","","0","","40 31:12.00","1","0","80 03:28.44","8","0","0","0","2116","0","0","0","N","0","0","0","1","68B03","0","","4.0","","9","N","N","","0","","0","0","0","","0","N","","1","1","1","0","0","1","0","2","0","1","","","","N","","","","","","","","","",""
"2008075933","","3","0","0","0","0","0","0","0","0","1","0","","02","6","2008","7","","","","11","0","0","0","1","0","0","0","0","1","0","0","0","","","0","","0","","40 29:38.76","1","0","80 00:39.96","0","0","0","0","2301","0","0","0","N","0","0","0","5","68B03","0","","1.0","","1","N","N","","0","","0","0","0","","0","N","","3","0","0","0","0","0","0","2","0","3","","","","N","","","","","","","","","",""
"2008076032","","2","0","0","0","0","0","0","0","0","1","0","","02","6","2008","6","40.4355","-79.7488","","11","0","0","0","0","0","1","0","0","2","0","0","0","","","1","","0","","40 26:07.800","1","5","79 44:55.680","4","0","0","0","2446","0","0","0","N","0","0","0","10","68T09","1","","1.0","","1","N","N","","0","","0","0","0","","8","N","","2","1","0","0","0","0","0","2","0","2","","","","N","","","","","","","","","",""
"2008076034","","1","0","0","0","0","0","0","0","0","7","0","","02","6","2008","1","40.4109","-79.7261","","11","0","0","0","0","0","0","0","0","","0","0","0","","","1","","0","","40 24:39.240","","0","79 43:33.960","4","0","0","0","2446","0","0","0","N","0","0","0","2","68T09","1","","1.0","","1","N","N","","0","","0","0","0","","0","","","1","1","0","0","0","0","0","2","0","1","","","","N","","","","","","","","","",""
"2008076038","","1","0","0","0","0","0","0","0","0","7","0","","02","6","2008","5","40.642546","-80.123207","","11","0","0","1","0","0","0","0","0","","0","0","0","","","1","","0","","40 38:33.165","","0","80 07:23.545","3","0","0","0","2212","0","0","0","N","0","0","0","1","02505","0","","2.0","","1","N","N","","0","","1","0","0","","0","","","1","1","0","0","0","0","0","1","0","1","","","","N","","","","","","","","","",""
"2008076043","","1","0","0","0","0","0","0","0","0","2","0","","02","7","2008","3","40.51997","-79.839096","","11","0","0","0","0","0","0","0","0","1","0","0","0","","","0","","0","","40 31:11.891","5","0","79 50:20.746","0","0","0","0","2451","0","0","0","N","0","0","0","3","02451","0","","1.0","","1","N","N","","0","","0","0","1","","0","N","","2","0","2","0","0","0","0","2","0","2","","","","N","","","","","","","","","",""
"2008076044","","2","0","0","0","0","0","0","0","0","4","0","","02","7","2008","3","40.5214","-79.9596","","11","0","0","0","0","0","1","1","0","1","0","0","0","","","2","","1","","40 31:17.040","5","0","79 57:34.560","4","0","0","0","2118","0","0","0","N","0","0","0","3","02118","2","","1.0","","1","N","N","","1","","0","0","0","","3","Y","","3","2","0","0","0","0","0","2","0","3","","","","N","","","","","","","","","",""