"CRN","ARRIVAL_TM","AUTOMOBILE_COUNT","BELTED_DEATH_COUNT","BELTED_SUSP_SERIOUS_INJ_COUNT","BICYCLE_COUNT","BICYCLE_DEATH_COUNT","BICYCLE_SUSP_SERIOUS_INJ_COUNT","BUS_COUNT","CHLDPAS_DEATH_COUNT","CHLDPAS_SUSP_SERIOUS_INJ_COUNT","COLLISION_TYPE","COMM_VEH_COUNT","CONS_ZONE_SPD_LIM","COUNTY","CRASH_MONTH","CRASH_YEAR","DAY_OF_WEEK","DEC_LATITUDE","DEC_LONGITUDE","DISPATCH_TM","DISTRICT","DRIVER_COUNT_16YR","DRIVER_COUNT_17YR","DRIVER_COUNT_18YR","DRIVER_COUNT_19YR","DRIVER_COUNT_20YR","DRIVER_COUNT_50_64YR","DRIVER_COUNT_65_74YR","DRIVER_COUNT_75PLUS","EST_HRS_CLOSED","FATAL_COUNT","HEAVY_TRUCK_COUNT","HORSE_BUGGY_COUNT","HOUR_OF_DAY","ILLUMINATION","INJURY_COUNT","INTERSECTION_RELATED","INTERSECT_TYPE","LANE_CLOSED","LATITUDE","LN_CLOSE_DIR","LOCATION_TYPE","LONGITUDE","MAX_SEVERITY_LEVEL","MCYCLE_DEATH_COUNT","MCYCLE_SUSP_SERIOUS_INJ_COUNT","MOTORCYCLE_COUNT","MUNICIPALITY","NONMOTR_COUNT","NONMOTR_DEATH_COUNT","NONMOTR_SUSP_SERIOUS_INJ_COUNT","NTFY_HIWY_MAINT","PED_COUNT","PED_DEATH_COUNT","PED_SUSP_SERIOUS_INJ_COUNT","PERSON_COUNT","POLICE_AGCY","POSSIBLE_INJ_COUNT","RDWY_SURF_TYPE_CD","RELATION_TO_ROAD","ROADWAY_CLEARED","ROAD_CONDITION","SCH_BUS_IND","SCH_ZONE_IND","SECONDARY_CRASH","SMALL_TRUCK_COUNT","SPEC_JURIS_CD","SUSP_MINOR_INJ_COUNT","SUSP_SERIOUS_INJ_COUNT","SUV_COUNT","TCD_FUNC_CD","TCD_TYPE","TFC_DETOUR_IND","TIME_OF_DAY","TOTAL_UNITS","TOT_INJ_COUNT","UNBELTED_OCC_COUNT","UNB_DEATH_COUNT","UNB_SUSP_SERIOUS_INJ_COUNT","UNK_INJ_DEG_COUNT","UNK_INJ_PER_COUNT","URBAN_RURAL","VAN_COUNT","VEHICLE_COUNT","WEATHER1","WEATHER2","WORKERS_PRES","WORK_ZONE_IND","WORK_ZONE_LOC","WORK_ZONE_TYPE","WZ_CLOSE_DETOUR","WZ_FLAGGER","WZ_LAW_OFFCR_IND","WZ_LN_CLOSURE","WZ_MOVING","WZ_OTHER","WZ_SHLDER_MDN","WZ_WORKERS_INJ_KILLED"
"2008076563","","1","0","0","0","0","0","0","0","0","1","0","","02","6","2008","7","40.5129","-79.9584","","11","0","0","0","0","0","2","0","0","","0","0","0","","","1","","0","","40 30:46.440","","0","79 57:30.240","4","0","0","0","2118","0","0","0","N","0","0","0","2","02118","1","","1.0","","1","N","N","","0","","0","0","1","","0","","","2","1","0","0","0","0","0","2","0","2","","","","N","","","","","","","","","",""
"2008076567","","0","0","0","0","0","0","0","0","0","0","0","","02","7","2008","7","40.549426","-79.838004","","11","0","0","0","1","0","0","0","0","","0","0","0","","","0","","0","","40 32:57.933","","0","79 50:16.814","0","0","0","0","2208","0","0","0","N","0","0","0","1","02208","0","","2.0","","1","N","N","","0","","0","0","1","","0","","","1","0","0","0","0","0","0","2","0","1","","","","N","","","","","","","","","",""
"2008076577","","3","0","0","0","0","0","0","0","0","1","0","","02","7","2008","1","40.3491","-79.8183","","11","0","0","0","2","0","0","0","0","1","0","0","0","","","1","","0","","40 20:56.760","4","0","79 49:05.880","8","0","0","0","2477","0","0","0","N","0","0","0","4","02477","0","","1.0","","1","N","N","","0","","0","0","0","","0","N","","3","1","0","0","0","1","1","2","0","3","","","","N","","","","","","","","","",""
"2008076591","","0","0","0","0","0","0","0","0","0","5","0","","02","7","2008","1","40.38289","-79.810941","","11","0","0","0","0","0","0","0","0","2","0","0","0","","","0","","1","","40 22:58.404","5","0","79 48:39.387","0","0","0","0","2424","0","0","0","N","0","0","0","1","02424","0","","4.0","","1","N","N","","0","","0","0","1","","3","Y","","2","0","0","0","0","0","0","2","1","2","","","","N","","","","","","","","","",""
"2008076597","","0","0","0","0","0","0","0","0","0","7","0","","02","6","2008","5","40.6583","-79.7271","","11","0","0","0","0","0","1","0","0","9","0","0","0","","","0","","0","","40 39:29.880","5","0","79 43:37.560","0","0","0","0","2202","0","0","0","N","0","0","0","1","02202","0","","5.0","","9","N","N","","0","","0","0","1","","0","Y","","1","0","0","0","0","0","0","2","0","1","","","","N","","","","","","","","","",""
"2008076605","","2","0","0","0","0","0","0","0","0","5","0","","02","7","2008","4","40.349457","-79.987447","","11","0","0","1","0","0","0","1","0","","0","0","0","","","1","","2","","40 20:58.045","","0","79 59:14.809","8","0","0","0","2476","0","0","0","N","0","0","0","3","02476","0","","1.0","","1","N","N","","0","","0","0","0","","3","","","2","1","0","0","0","1","0","2","0","2","","","","N","","","","","","","","","",""
"2008076608","","1","0","0","0","0","0","0","0","0","1","0","","02","6","2008","7","40.4042","-79.8831","","11","0","0","0","0","0","0","0","0","1","0","0","0","","","0","","2","","40 24:15.120","4","3","79 52:59.160","0","0","0","0","2475","0","0","0","N","0","0","0","2","02475","0","","1.0","","9","N","N","","0","","0","0","0","","0","Y","","2","0","0","0","0","0","0","2","1","2","","","","N","","","","","","","","","",""
"2008076617","","1","0","0","0","0","0","0","0","0","7","0","","02","7","2008","1","40.264948","-79.83275","","11","0","0","0","0","0","0","0","0","3","0","0","0","","","0","","0","","40 15:53.813","5","0","79 49:57.900","0","0","0","0","2105","0","0","0","N","0","0","0","1","02105","0","","2.0","","1","N","N","","0","","0","0","0","","0","Y","","1","0","0","0","0","0","0","1","0","1","","","","N","","","","","","","","","",""
"2008076627","","3","0","0","0","0","0","0","0","0","7","1","","02","7","2008","1","40.37508","-80.095584","","11","0","0","0","0","0","0","0","0","2","0","1","0","","","2","","0","","40 22:30.288","6","0","80 05:44.102","3","0","0","0","2117","0","0","0","N","0","0","0","6","02117","0","","2.0","","1","N","N","","0","","2","0","1","","0","Y","","6","2","2","0","0","0","0","2","0","5","","","","N","","","","","","","","","",""
"2008076628","","0","0","0","0","0","0","0","0","0","4","0","","02","7","2008","3","40.382961","-79.806999","","11","0","0","0","0","1","1","0","0","1","0","0","0","","","1","","1","","40 22:58.659","1","0","79 48:25.196","3","0","0","0","2424","0","0","0","N","0","0","0","2","02424","0","","1.0","","1","N","N","","3","","1","0","0","","3","N","","3","1","0","0","0","0","0","2","0","3","","","","N","","","","","","","","","",""
"2008076629","","1","0","0","0","0","0","0","0","0","4","0","","02","7","2008","6","40.396351","-80.032157","","11","0","0","0","1","0","0","0","0","","0","0","0","","","1","","2","","40 23:46.864","","0","80 01:55.766","4","0","0","0","2422","0","0","0","N","0","0","0","2","02422","1","","1.0","","9","N","N","","0","","0","0","1","","3","","","2","1","0","0","0","0","1","2","0","2","","","","N","","","","","","","","","",""
"2008076757","","2","0","0","0","0","0","0","0","0","1","0","","02","6","2008","1","40.436804","-80.208371","","11","0","0","0","1","0","0","0","0","2","0","0","0","","","0","","0","","40 26:12.495","3","0","80 12:30.137","0","0","0","0","2214","0","0","0","N","0","0","0","4","68B03","0","","1.0","","1","N","N","","0","","0","0","0","","0","N","","2","0","0","0","0","0","0","2","0","2","","","","N","","","","","","","","","",""
"2008076758","","2","0","0","0","0","0","0","0","0","1","0","","02","6","2008","1","","","","11","0","0","0","0","0","0","0","0","","0","0","0","","","1","","0","","40 26:19.32","","3","80 00:41.40","4","0","0","0","2301","0","0","0","N","0","0","0","2","68B03","1","","1.0","","1","N","N","","0","","0","0","0","","0","","","2","1","0","0","0","0","1","2","0","2","","","","N","","","","","","","","","",""
"2008076759","","2","0","0","0","0","0","0","0","0","1","1","45","02","6","2008","3","40.511755","-80.135204","","11","0","0","0","0","0","0","0","0","2","0","1","0","","","2","","0","","40 30:42.317","1","3","80 08:06.736","3","0","0","0","2110","0","0","0","N","0","0","0","4","68B03","1","","1.0","","1","N","N","","0","","1","0","0","","0","Y","","4","2","0","0","0","0","0","2","1","4","","","N","Y","2","1","N","N","N","N","N","Y","N",""
"2008076760","","0","0","0","0","0","0","0","0","0","1","0","","02","6","2008","2","","","","11","0","0","0","0","0","0","0","0","1","0","1","0","","","1","","0","","40 25:35.40","4","4","79 54:54.72","2","0","1","1","2301","0","0","0","N","0","0","0","2","68B03","0","","1.0","","1","N","N","","0","","0","1","0","","0","N","","2","1","0","0","0","0","0","2","0","2","","","","N","","","","","","","","","",""
"2008076761","","2","0","0","0","0","0","0","0","0","1","0","","02","6","2008","3","","","","11","0","0","0","0","0","0","0","0","","0","0","0","","","0","","0","","40 25:47.28","","0","80 08:02.76","0","0","0","0","2102","0","0","0","N","0","0","0","2","68B03","0","","1.0","","1","N","N","","0","","0","0","0","","0","","","2","0","0","0","0","0","0","2","0","2","","","","N","","","","","","","","","",""
"2008076762","","1","0","0","0","0","0","0","0","0","1","0","","02","6","2008","3","","","","11","0","0","0","0","0","1","0","0","","0","0","0","","","0","","0","","40 25:51.24","","0","79 52:23.16","0","0","0","0","2411","0","0","0","N","0","0","0","4","68B03","0","","1.0","","1","N","N","","0","","0","0","1","","0","","","2","0","0","0","0","0","0","2","0","2","","","","N","","","","","","","","","",""
"2008076763","","1","0","0","0","0","0","0","0","0","1","0","","02","6","2008","4","","","","11","0","0","0","0","0","1","0","0","","0","0","0","","","1","","0","","40 26:42.72","","0","79 50:35.88","4","0","0","0","2419","0","0","0","N","0","0","0","2","68B03","1","","1.0","","1","N","N","","0","","0","0","1","","0","","","2","1","0","0","0","0","0","2","0","2","","","","N","","","","","","","","","",""
"2008076764","","1","0","0","0","0","0","0","0","0","7","0","","02","6","2008","2","","","","11","0","0","0","0","0","0","0","0","","0","0","0","","","0","","0","","40 26:34.08","","0","79 50:18.24","0","0","0","0","2419","0","0","0","Y","0","0","0","1","68B03","0","","2.0","","9","N","N","","0","","0","0","0","","0","","","1","0","0","0","0","0","0","2","0","1","","","","N","","","","","","","","","",""
"2008076765","","1","0","0","0","0","0","0","0","0","7","0","","02","6","2008","2","","","","11","0","0","0","0","0","0","0","1","","0","0","0","","","0","","0","","40 26:38.04","","0","79 45:57.24","0","0","0","0","2446","0","0","0","Y","0","0","0","1","68B03","0","","2.0","","9","N","N","","0","","0","0","0","","0","","","1","0","0","0","0","0","0","2","0","1","","","","N","","","","","","","","","",""
"2008076766","","0","0","0","0","0","0","0","0","0","4","0","","02","7","2008","3","","","","11","0","0","0","0","0","1","0","0","1","0","0","0","","","1","","0","","40 25:13.80","2","0","80 01:56.64","4","0","0","0","2301","0","0","0","N","0","0","0","2","68B03","1","","1.0","","1","N","N","","2","","0","0","0","","0","Y","","2","1","0","0","0","0","0","2","0","2","","","","N","","","","","","","","","",""
"2008076767","","1","0","0","0","0","0","0","0","0","7","0","","02","7","2008","3","","","","11","0","0","0","0","0","1","0","0","","0","0","0","","","0","","3","","40 25:27.48","","2","80 06:41.04","0","0","0","0","2102","0","0","0","Y","0","0","0","3","68B03","0","","7.0","","1","N","N","","0","","0","0","0","","0","","","1","0","0","0","0","0","0","2","0","1","","","","N","","","","","","","","","",""
"2008076768","","3","0","0","0","0","0","0","0","0","1","0","","02","7","2008","4","","","","11","0","0","0","0","0","0","0","0","1","0","0","0","","","1","","0","","40 25:47.64","4","0","79 52:46.20","4","0","0","0","2426","0","0","0","N","0","0","0","3","68B03","1","","1.0","","1","N","N","","0","","0","0","0","","0","N","","3","1","0","0","0","0","0","2","0","3","","","","N","","","","","","","","","",""
"2008076769","","1","0","0","0","0","0","0","0","0","1","0","","02","7","2008","4","40.447056","-80.166689","","11","0","0","0","0","0","0","0","0","","0","0","0","","","1","","6","","40 26:49.400","","2","80 10:00.080","4","0","0","0","2214","0","0","0","N","0","0","0","2","68B03","1","","1.0","","1","N","N","","0","","0","0","1","","3","","","2","1","0","0","0","0","0","2","0","2","","","","N","","","","","","","","","",""
"2008076770","","1","0","0","0","0","0","0","0","0","1","1","","02","7","2008","4","","","","11","0","0","0","0","0","0","0","0","","0","1","0","","","0","","0","","40 26:52.80","","0","80 00:30.60","0","0","0","0","2301","0","0","0","N","0","0","0","4","68B03","0","","1.0","","1","N","N","","0","","0","0","0","","0","","","2","0","0","0","0","0","0","2","0","2","","","","N","","","","","","","","","",""
"2008076771","","1","0","0","0","0","0","0","0","0","7","0","","02","7","2008","5","","","","11","0","0","0","0","0","0","0","0","1","0","0","0","","","0","","0","","40 25:56.28","4","0","79 52:17.04","0","0","0","0","2411","0","0","0","N","0","0","0","1","68B03","0","","4.0","","9","N","N","","0","","0","0","0","","0","N","","1","0","0","0","0","0","0","2","0","1","","","","N","","","","","","","","","",""
"2008076772","","2","0","0","0","0","0","0","0","0","1","0","55","02","7","2008","5","40.441081","-80.185458","","11","0","0","0","0","1","0","0","0","2","0","0","0","","","3","","0","","40 26:27.893","3","0","80 11:07.648","4","0","0","0","2214","0","0","0","N","0","0","0","3","68B03","3","","1.0","","1","N","N","","0","","0","0","1","","8","Y","","3","3","0","0","0","0","0","1","0","3","","","N","Y","2","1","N","N","N","Y","N","N","N",""
"2008076789","","1","0","0","0","0","0","0","0","0","7","0","","02","7","2008","2","40.379291","-79.936445","","11","0","0","1","0","0","0","0","0","","0","0","0","","","0","","0","","40 22:45.446","","0","79 56:11.203","0","0","0","0","2403","0","0","0","N","0","0","0","1","02403","0","","2.0","","1","N","N","","0","","0","0","0","","0","","","1","0","0","0","0","0","0","2","0","1","","","","N","","","","","","","","","",""
"2008076815","","1","0","0","0","0","0","0","0","0","1","1","45","02","6","2008","6","40.548833","-79.821653","","11","0","0","0","0","0","0","0","0","2","0","1","0","","","0","","0","","40 32:55.798","2","0","79 49:17.951","0","0","0","0","2208","0","0","0","N","0","0","0","2","68D02","0","","1.0","","1","N","N","","0","","0","0","0","","0","N","","2","0","0","0","0","0","0","2","0","2","","","Y","Y","4","1","N","N","Y","Y","N","N","N",""
"2008077033","","0","0","1","0","0","0","0","0","0","4","0","","02","7","2008","6","40.661161","-79.759492","","11","0","0","0","0","0","1","0","0","3","0","0","0","","","4","","1","","40 39:40.178","6","0","79 45:34.171","2","0","0","0","2202","0","0","0","N","0","0","0","4","02202","1","","1.0","","1","N","N","","0","","2","1","1","","3","Y","","2","4","0","0","0","0","0","1","1","2","","","","N","","","","","","","","","",""
"2008077043","","1","0","0","0","0","0","0","0","0","7","0","","02","7","2008","7","40.2148","-79.8309","","11","0","0","0","0","0","0","0","0","3","0","0","0","","","1","","0","","40 12:53.280","3","0","79 49:51.240","4","0","0","0","2105","0","0","0","N","0","0","0","1","02105","1","","5.0","","1","N","N","","0","","0","0","0","","0","N","","1","1","0","0","0","0","0","1","0","1","","","","N","","","","","","","","","",""
"2008077073","","1","0","0","0","0","0","0","0","0","7","0","55","02","7","2008","5","40.5336","-79.8213","","11","0","0","0","0","0","0","0","0","","0","0","0","","","0","","0","","40 32:00.960","","0","79 49:16.680","0","0","0","0","2466","0","0","0","N","0","0","0","1","68T02","0","","4.0","","8","N","N","","0","","0","0","0","","0","","","1","0","0","0","0","0","0","1","0","1","","","N","Y","8","1","N","N","N","N","N","Y","N",""
"2008077075","","0","0","0","0","0","0","0","0","0","7","0","","02","7","2008","5","40.636975","-79.939852","","11","0","0","0","0","0","0","0","0","","0","0","0","","","0","","10","","40 38:13.109","","7","79 56:23.467","0","0","0","0","2217","0","0","0","N","0","0","0","1","02505","0","","2.0","","9","N","N","","0","","0","0","0","","0","","","1","0","0","0","0","0","0","2","1","1","","","","N","","","","","","","","","",""
"2008077083","","0","0","0","0","0","0","0","0","0","7","1","","02","7","2008","3","40.4309","-79.7443","","11","0","0","0","0","0","0","0","0","3","0","1","0","","","1","","0","","40 25:51.240","4","2","79 44:39.480","4","0","0","0","2446","0","0","0","N","0","0","0","1","68T09","1","","2.0","","1","N","N","","0","","0","0","0","","0","N","","1","1","0","0","0","0","0","2","0","1","","","","N","","","","","","","","","",""
"2008077103","","2","0","0","0","0","0","0","0","0","1","0","","02","6","2008","6","40.339288","-79.913571","","11","0","0","0","0","0","1","0","1","1","0","0","0","","","1","","3","","40 20:21.438","4","0","79 54:48.855","4","0","0","0","2473","0","0","0","N","0","0","0","2","02473","1","","1.0","","9","N","N","","0","","0","0","0","","0","Y","","2","1","0","0","0","0","0","2","0","2","","","","N","","","","","","","","","",""
"2008077105","","1","0","0","1","0","0","0","0","0","8","0","","02","6","2008","1","40.4817","-79.9533","","11","0","0","0","0","0","0","0","0","","0","0","0","","","1","","1","","40 28:54.120","","0","79 57:11.880","8","0","0","0","2301","1","0","0","N","0","0","0","3","02301","0","","1.0","","9","N","N","","0","","0","0","0","","2","","","2","1","0","0","0","1","0","2","0","1","","","","N","","","","","","","","","",""
"2008077124","","1","0","0","0","0","0","0","0","0","4","0","","02","7","2008","5","40.530126","-80.018094","","11","0","0","0","0","0","0","0","0","","0","0","0","","","0","","2","","40 31:48.454","","0","80 01:05.137","0","0","0","0","2116","0","0","0","N","0","0","0","2","02116","0","","1.0","","9","N","N","","1","","0","0","0","","2","","","2","0","0","0","0","0","0","2","0","2","","","","N","","","","","","","","","",""
"2008077174","","1","0","0","0","0","0","0","0","0","7","0","","02","6","2008","5","40.3207","-79.867","","11","0","0","0","0","0","0","0","0","1","0","0","0","","","0","","0","","40 19:14.520","1","0","79 52:01.200","0","0","0","0","2443","0","0","0","N","0","0","0","1","02443","0","","4.0","","1","N","N","","0","","0","0","0","","0","N","","1","0","0","0","0","0","0","2","0","1","","","","N","","","","","","","","","",""
"2008077175","","2","0","0","0","0","0","0","0","0","4","0","","02","6","2008","7","40.2999","-79.845","","11","0","0","1","0","0","0","0","0","","0","0","0","","","0","","0","","40 17:59.640","","0","79 50:42.000","0","0","0","0","2443","0","0","0","N","0","0","0","5","02443","0","","1.0","","9","N","N","","0","","0","0","0","","0","","","2","0","0","0","0","0","0","1","0","2","","","","N","","","","","","","","","",""
"2008077187","","2","0","0","0","0","0","0","0","0","4","0","","02","6","2008","1","40.438714","-79.946437","","11","0","0","0","0","0","1","0","0","","0","0","0","","","0","","3","","40 26:19.370","","0","79 56:47.173","0","0","0","0","2301","0","0","0","N","0","0","0","4","02301","0","","1.0","","1","N","N","","0","","0","0","0","","0","","","2","0","1","0","0","0","0","2","0","2","","","","N","","","","","","","","","",""
"2008077188","","1","0","0","0","0","0","0","0","0","4","1","","02","6","2008","4","40.4358","-79.9678","","11","0","0","0","0","0","0","0","0","","0","1","0","","","1","","6","","40 26:08.880","","2","79 58:04.080","3","0","0","0","2301","0","0","0","N","0","0","0","2","02301","0","","7.0","","1","N","N","","0","","1","0","0","","3","","","2","1","0","0","0","0","0","2","0","2","","","","N","","","","","","","","","",""
"2008077189","","2","0","0","0","0","0","0","0","0","1","0","","02","5","2008","6","","","","11","0","0","0","0","0","0","1","0","","0","0","0","","","0","","2","","","","0","","0","0","0","0","2423","0","0","0","N","0","0","0","2","02423","0","","1.0","","1","N","N","","0","","0","0","0","","0","","","2","0","0","0","0","0","0","1","0","2","","","","N","","","","","","","","","",""
"2008077319","","2","0","0","0","0","0","0","0","0","7","0","","02","6","2008","5","40.41325","-79.98882","","11","0","0","1","0","0","0","0","0","","0","0","0","","","1","","0","","40 24:47.701","","0","79 59:19.751","3","0","0","0","2447","0","0","0","N","0","0","0","2","02447","0","","5.0","","1","N","N","","0","","1","0","0","","0","","","2","1","0","0","0","0","1","2","0","2","","","","N","","","","","","","","","",""
"2008077371","","2","0","0","0","0","0","0","0","0","1","0","","02","6","2008","7","40.498741","-79.813741","","11","0","0","0","1","0","0","0","0","","0","0","0","","","0","","0","","40 29:55.469","","0","79 48:49.469","0","0","0","0","2113","0","0","0","N","0","0","0","2","02113","0","","1.0","","9","N","N","","0","","0","0","0","","0","","","2","0","0","0","0","0","0","2","0","2","","","","N","","","","","","","","","",""
"2008077378","","1","0","0","0","0","0","0","0","0","4","0","","02","6","2008","5","40.460221","-79.842653","","11","0","0","0","0","0","0","0","0","","0","0","0","","","0","","1","","40 27:36.794","","0","79 50:33.549","9","0","0","0","2113","0","0","0","N","0","0","0","1","02113","0","","6.0","","1","N","N","","0","","0","0","1","","2","","","2","0","0","0","0","0","1","2","0","2","","","","N","","","","","","","","","",""
"2008077379","","1","0","0","0","0","0","0","0","0","7","0","","02","6","2008","7","40.460275","-79.827042","","11","0","0","0","0","0","0","0","0","1","0","0","0","","","1","","0","","40 27:36.990","2","0","79 49:37.351","4","0","0","0","2113","0","0","0","N","0","0","0","1","02113","1","","4.0","","9","N","N","","0","","0","0","0","","0","N","","1","1","0","0","0","0","0","2","0","1","","","","N","","","","","","","","","",""
"2008077380","","1","0","0","0","0","0","0","0","0","4","0","","02","6","2008","3","40.461313","-79.847853","","11","0","0","0","0","0","0","0","0","","0","0","0","","","1","","2","","40 27:40.725","","0","79 50:52.271","8","0","0","0","2113","0","0","0","N","0","0","0","2","02113","0","","1.0","","1","N","N","","0","","0","0","1","","3","","","2","1","0","0","0","1","0","2","0","2","","","","N","","","","","","","","","",""
"2008077513","","0","0","0","0","0","0","0","0","0","1","0","","02","6","2008","2","40.468748","-79.92751","","11","0","0","0","0","0","0","0","0","","0","0","0","","","0","","2","","40 28:07.492","","0","79 55:39.036","0","0","0","0","2301","0","0","0","N","0","0","0","2","02301","0","","1.0","","1","N","N","","0","","0","0","1","","2","","","2","0","0","0","0","0","0","2","1","2","","","","N","","","","","","","","","",""
"2008077590","","1","0","0","0","0","0","0","0","0","4","0","","02","7","2008","3","40.50922","-80.202388","","11","0","0","0","0","0","0","0","1","","0","0","0","","","1","","2","","40 30:33.192","","0","80 12:08.597","8","0","0","0","2213","0","0","0","N","0","0","0","2","02213","0","","1.0","","1","N","N","","1","","0","0","0","","3","","","2","1","0","0","0","1","0","2","0","2","","","","N","","","","","","","","","",""
"2008077591","","0","0","0","0","0","0","0","0","0","1","0","","02","7","2008","3","40.504437","-80.22266","","11","0","0","0","0","0","0","0","0","1","0","0","0","","","1","","0","","40 30:15.972","1","0","80 13:21.575","4","0","0","0","2213","0","0","0","N","0","0","0","4","02213","1","","1.0","","1","N","N","","1","","0","0","2","","0","N","","3","1","0","0","0","0","0","2","0","3","","","","N","","","","","","","","","",""
"2008077592","","0","0","0","0","0","0","0","0","0","1","0","","02","6","2008","4","40.3516","-80.024","","11","0","1","0","0","0","0","0","0","","0","0","0","","","1","","0","","40 21:05.760","","0","80 01:26.400","3","0","0","1","2407","0","0","0","N","0","0","0","4","02407","0","","1.0","","1","N","N","","1","","1","0","0","","0","","","2","1","0","0","0","0","0","2","0","2","","","","N","","","","","","","","","",""
"2008077593","","2","0","0","0","0","0","0","0","0","4","0","","02","7","2008","5","40.33875","-80.051483","","11","0","0","0","0","1","1","0","0","1","0","0","0","","","1","","1","","40 20:19.500","2","0","80 03:05.338","8","0","0","0","2407","0","0","0","N","0","0","0","2","02407","0","","1.0","","9","N","N","","0","","0","0","0","","2","N","","2","1","0","0","0","1","0","2","0","2","","","","N","","","","","","","","","",""
"2008077594","","0","0","0","1","0","0","0","0","0","8","0","","02","7","2008","1","40.303047","-80.066698","","11","0","0","0","0","0","0","0","0","","0","0","0","","","1","","0","","40 18:10.969","","0","80 04:00.112","8","0","0","0","2407","1","0","0","N","0","0","0","1","02407","0","","1.0","","1","N","N","","0","","0","0","1","","0","","","2","1","0","0","0","1","0","2","0","1","","","","N","","","","","","","","","",""
"2008077595","","1","0","0","0","0","0","0","0","0","4","0","","02","7","2008","4","40.352387","-80.027335","","11","0","0","0","0","0","0","0","0","","0","0","0","","","0","","0","","40 21:08.593","","0","80 01:38.406","0","0","0","0","2407","0","0","0","N","0","0","0","2","02407","0","","1.0","","1","N","N","","1","","0","0","0","","0","","","2","0","0","0","0","0","0","2","0","2","","","","N","","","","","","","","","",""
"2008077596","","1","0","0","0","0","0","0","0","0","7","0","","02","7","2008","6","40.286939","-80.023782","","11","0","0","0","1","0","0","0","0","","0","0","0","","","0","","0","","40 17:12.981","","0","80 01:25.614","0","0","0","0","2407","0","0","0","N","0","0","0","3","02407","0","","4.0","","1","N","N","","0","","0","0","0","","0","","","1","0","0","0","0","0","0","2","0","1","","","","N","","","","","","","","","",""
"2008077655","","0","0","0","0","0","0","0","0","0","1","1","","02","6","2008","5","40.421182","-80.104343","","11","0","0","0","0","0","2","0","0","2","0","1","0","","","1","","0","","40 25:16.255","2","0","80 06:15.636","8","0","0","0","2115","0","0","0","N","0","0","0","3","68B03","0","","1.0","","1","N","N","","1","","0","0","0","","0","N","","2","1","0","0","0","1","1","2","0","2","","","","N","","","","","","","","","",""
"2008077656","","2","0","0","0","0","0","0","0","0","1","0","","02","6","2008","5","40.5027","-80.1363","","11","0","0","0","0","0","1","0","0","","0","0","0","","","0","","0","","40 30:09.720","","2","80 08:10.680","0","0","0","0","2115","0","0","0","N","0","0","0","3","68B03","0","","1.0","","1","N","N","","0","","0","0","0","","4","","","2","0","0","0","0","0","0","2","0","2","","","","N","","","","","","","","","",""
"2008077657","","2","0","0","0","0","0","0","0","0","5","0","","02","7","2008","7","40.431986","-80.256997","","11","0","0","0","0","0","2","0","0","","0","0","0","","","1","","0","","40 25:55.149","","0","80 15:25.188","4","0","0","0","2214","0","0","0","Y","0","0","0","3","68B03","1","","1.0","","1","N","N","","0","","0","0","0","","0","","","2","1","1","0","0","0","0","2","0","2","","","","N","","","","","","","","","",""
"2008077787","","1","0","0","0","0","0","0","0","0","5","1","","02","6","2008","6","40.437961","-79.991059","","11","0","0","0","0","0","1","0","0","1","0","1","0","","","0","","1","","40 26:16.659","3","0","79 59:27.812","0","0","0","0","2301","0","0","0","N","0","0","0","2","02301","0","","1.0","","1","N","N","","0","","0","0","0","","2","N","","2","0","0","0","0","0","0","2","0","2","","","","N","","","","","","","","","",""
"2008077788","","2","0","0","0","0","0","0","0","0","4","1","","02","6","2008","6","40.446823","-79.989269","","11","0","0","0","0","0","1","0","0","2","0","0","0","","","1","","2","","40 26:48.562","4","0","79 59:21.368","8","0","0","0","2301","0","0","0","N","0","0","0","4","02301","0","","1.0","","1","N","N","","1","","0","0","0","","3","N","","3","1","0","0","0","1","0","2","0","3","","","","N","","","","","","","","","",""
"2008077789","","0","0","0","0","0","0","0","0","0","7","1","","02","6","2008","6","40.446379","-79.993054","","11","0","0","0","0","0","0","0","0","","0","1","0","","","0","","2","","40 26:46.964","","0","79 59:34.994","0","0","0","0","2301","0","0","0","N","0","0","0","1","02301","0","","5.0","","1","N","N","","0","","0","0","0","","0","","","1","0","0","0","0","0","0","2","0","1","","","","N","","","","","","","","","",""
"2008077790","","1","0","0","0","0","0","0","0","0","8","0","","02","6","2008","6","40.443641","-79.995244","","11","0","0","0","0","0","0","0","0","","0","0","0","","","1","","1","","40 26:37.109","","0","79 59:42.878","4","0","0","0","2301","1","0","0","N","1","0","0","3","02301","1","","1.0","","1","N","N","","0","","0","0","0","","2","","","2","1","0","0","0","0","0","2","0","1","","","","N","","","","","","","","","",""
"2008077791","","1","0","0","0","0","0","0","0","0","5","1","","02","6","2008","2","40.437995","-79.991979","","11","0","0","0","0","0","1","0","0","1","0","1","0","","","0","","3","","40 26:16.782","2","0","79 59:31.124","0","0","0","0","2301","0","0","0","N","0","0","0","2","02301","0","","1.0","","1","N","N","","0","","0","0","0","","0","N","","2","0","0","0","0","0","0","2","0","2","","","","N","","","","","","","","","",""
"2008077792","","2","0","0","0","0","0","0","0","0","4","0","25","02","6","2008","6","40.459494","-79.920242","","11","0","0","0","0","0","2","0","0","9","0","0","0","","","0","","0","","40 27:34.177","1","7","79 55:12.872","0","0","0","0","2301","0","0","0","N","0","0","0","3","02301","0","","1.0","","1","N","N","","0","","0","0","0","","0","N","","2","0","0","0","0","0","0","2","0","2","","","Y","Y","8","8","","","N","Y","","Y","",""