"CRN","ARRIVAL_TM","AUTOMOBILE_COUNT","BELTED_DEATH_COUNT","BELTED_SUSP_SERIOUS_INJ_COUNT","BICYCLE_COUNT","BICYCLE_DEATH_COUNT","BICYCLE_SUSP_SERIOUS_INJ_COUNT","BUS_COUNT","CHLDPAS_DEATH_COUNT","CHLDPAS_SUSP_SERIOUS_INJ_COUNT","COLLISION_TYPE","COMM_VEH_COUNT","CONS_ZONE_SPD_LIM","COUNTY","CRASH_MONTH","CRASH_YEAR","DAY_OF_WEEK","DEC_LATITUDE","DEC_LONGITUDE","DISPATCH_TM","DISTRICT","DRIVER_COUNT_16YR","DRIVER_COUNT_17YR","DRIVER_COUNT_18YR","DRIVER_COUNT_19YR","DRIVER_COUNT_20YR","DRIVER_COUNT_50_64YR","DRIVER_COUNT_65_74YR","DRIVER_COUNT_75PLUS","EST_HRS_CLOSED","FATAL_COUNT","HEAVY_TRUCK_COUNT","HORSE_BUGGY_COUNT","HOUR_OF_DAY","ILLUMINATION","INJURY_COUNT","INTERSECTION_RELATED","INTERSECT_TYPE","LANE_CLOSED","LATITUDE","LN_CLOSE_DIR","LOCATION_TYPE","LONGITUDE","MAX_SEVERITY_LEVEL","MCYCLE_DEATH_COUNT","MCYCLE_SUSP_SERIOUS_INJ_COUNT","MOTORCYCLE_COUNT","MUNICIPALITY","NONMOTR_COUNT","NONMOTR_DEATH_COUNT","NONMOTR_SUSP_SERIOUS_INJ_COUNT","NTFY_HIWY_MAINT","PED_COUNT","PED_DEATH_COUNT","PED_SUSP_SERIOUS_INJ_COUNT","PERSON_COUNT","POLICE_AGCY","POSSIBLE_INJ_COUNT","RDWY_SURF_TYPE_CD","RELATION_TO_ROAD","ROADWAY_CLEARED","ROAD_CONDITION","SCH_BUS_IND","SCH_ZONE_IND","SECONDARY_CRASH","SMALL_TRUCK_COUNT","SPEC_JURIS_CD","SUSP_MINOR_INJ_COUNT","SUSP_SERIOUS_INJ_COUNT","SUV_COUNT","TCD_FUNC_CD","TCD_TYPE","TFC_DETOUR_IND","TIME_OF_DAY","TOTAL_UNITS","TOT_INJ_COUNT","UNBELTED_OCC_COUNT","UNB_DEATH_COUNT","UNB_SUSP_SERIOUS_INJ_COUNT","UNK_INJ_DEG_COUNT","UNK_INJ_PER_COUNT","URBAN_RURAL","VAN_COUNT","VEHICLE_COUNT","WEATHER1","WEATHER2","WORKERS_PRES","WORK_ZONE_IND","WORK_ZONE_LOC","WORK_ZONE_TYPE","WZ_CLOSE_DETOUR","WZ_FLAGGER","WZ_LAW_OFFCR_IND","WZ_LN_CLOSURE","WZ_MOVING","WZ_OTHER","WZ_SHLDER_MDN","WZ_WORKERS_INJ_KILLED"
"2008077793","","0","0","0","0","0","0","0","0","0","7","0","","02","6","2008","6","40.479525","-79.929716","","11","0","0","0","0","0","0","0","0","","0","0","0","","","0","","0","","40 28:46.290","","0","79 55:46.977","0","0","0","0","2301","0","0","0","N","0","0","0","1","02301","0","","5.0","","1","N","N","","0","","0","0","0","","0","","","1","0","0","0","0","0","0","2","1","1","","","","N","","","","","","","","","",""
"2008077794","","1","0","0","0","0","0","0","0","0","4","0","","02","6","2008","2","40.46212","-79.940382","","11","0","0","0","0","0","0","0","1","","0","0","0","","","1","","1","","40 27:43.632","","0","79 56:25.375","8","0","0","0","2301","0","0","0","N","0","0","0","5","02301","0","","1.0","","1","N","N","","0","","0","0","1","","3","","","2","1","0","0","0","1","0","2","0","2","","","","N","","","","","","","","","",""
"2008077795","","1","0","0","0","0","0","0","0","0","4","0","","02","6","2008","4","40.462271","-79.905664","","11","0","0","0","0","0","1","0","0","","0","0","0","","","1","","2","","40 27:44.174","","0","79 54:20.389","4","0","0","0","2301","0","0","0","N","0","0","0","2","02301","1","","1.0","","1","N","N","","1","","0","0","0","","0","","","2","1","0","0","0","0","0","2","0","2","","","","N","","","","","","","","","",""
"2008077798","","1","0","0","0","0","0","0","0","0","7","0","","02","6","2008","7","40.4685","-79.9769","","11","0","0","0","0","0","0","0","0","3","0","0","0","","","0","","0","","40 28:06.600","2","0","79 58:36.840","0","0","0","0","2301","0","0","0","N","0","0","0","2","02301","0","","1.0","","1","N","N","","0","","0","0","0","","0","N","","1","0","0","0","0","0","0","2","0","1","","","","N","","","","","","","","","",""
"2008077799","","1","0","0","0","0","0","0","0","0","1","0","","02","6","2008","5","40.487989","-80.014552","","11","0","0","0","0","0","0","0","0","1","0","0","0","","","0","","0","","40 29:16.760","2","0","80 00:52.387","0","0","0","0","2301","0","0","0","N","0","0","0","1","02301","0","","6.0","","1","N","N","","0","","0","0","1","","0","N","","2","0","0","0","0","0","0","2","0","2","","","","N","","","","","","","","","",""
"2008077800","","1","0","0","0","0","0","0","0","0","0","0","","02","6","2008","1","40.492317","-80.011224","","11","0","0","0","1","0","0","0","0","","0","0","0","","","0","","0","","40 29:32.341","","0","80 00:40.407","0","0","0","0","2301","0","0","0","N","0","0","0","2","02301","0","","1.0","","1","N","N","","0","","0","0","0","","0","","","1","0","0","0","0","0","0","2","0","1","","","","N","","","","","","","","","",""
"2008077801","","1","0","0","0","0","0","0","0","0","7","0","","02","5","2008","7","40.457246","-79.997838","","11","0","0","0","0","0","0","0","0","","0","0","0","","","0","","2","","40 27:26.085","","0","79 59:52.216","9","0","0","0","2301","0","0","0","N","0","0","0","1","02301","0","","2.0","","1","N","N","","0","","0","0","0","","0","","","1","0","0","0","0","0","1","2","0","1","","","","N","","","","","","","","","",""
"2008077809","","1","0","0","0","0","0","1","0","0","1","1","","02","6","2008","2","40.454145","-79.944483","","11","0","0","0","0","0","1","1","0","","0","0","0","","","0","","1","","40 27:14.922","","0","79 56:40.138","0","0","0","0","2301","0","0","0","N","0","0","0","2","02301","0","","1.0","","1","N","N","","0","","0","0","0","","2","","","2","0","0","0","0","0","0","2","0","2","","","","N","","","","","","","","","",""
"2008077816","","2","0","0","0","0","0","0","0","0","1","0","","02","7","2008","4","40.287577","-80.011948","","11","0","0","0","0","0","0","0","0","1","0","0","0","","","1","","10","","40 17:15.277","2","0","80 00:43.012","4","0","0","0","2219","0","0","0","N","0","0","0","2","02219","1","","1.0","","1","N","N","","0","","0","0","0","","3","N","","2","1","0","0","0","0","0","2","0","2","","","","N","","","","","","","","","",""
"2008077830","","0","0","0","0","0","0","0","0","0","0","0","","02","6","2008","1","40.427503","-79.946876","","11","0","0","0","0","0","0","0","0","","0","0","0","","","1","","2","","40 25:39.010","","0","79 56:48.753","3","0","0","1","2301","0","0","0","N","0","0","0","2","02301","0","","1.0","","1","N","N","","0","","1","0","0","","0","","","1","1","0","0","0","0","0","2","0","1","","","","N","","","","","","","","","",""
"2008077831","","1","0","0","0","0","0","0","0","0","7","0","","02","6","2008","5","40.461313","-79.934164","","11","0","0","0","0","0","1","0","0","","0","0","0","","","1","","1","","40 27:40.726","","0","79 56:02.990","3","0","0","0","2301","0","0","0","N","0","0","0","1","02301","0","","5.0","","1","N","N","","0","","1","0","0","","0","","","1","1","0","0","0","0","0","2","0","1","","","","N","","","","","","","","","",""
"2008077832","","1","0","0","0","0","0","0","0","0","1","0","","02","6","2008","5","40.458117","-79.903769","","11","0","0","0","0","0","0","0","0","","0","0","0","","","0","","2","","40 27:29.221","","0","79 54:13.568","0","0","0","0","2301","0","0","0","N","0","0","0","2","02301","0","","1.0","","1","N","N","","1","","0","0","0","","2","","","2","0","0","0","0","0","0","2","0","2","","","","N","","","","","","","","","",""
"2008077833","","0","0","0","0","0","0","0","0","0","1","0","","02","6","2008","6","40.449673","-79.972477","","11","0","0","0","0","0","0","0","0","2","0","0","0","","","0","","0","","40 26:58.822","3","0","79 58:20.917","0","0","0","0","2301","0","0","0","N","0","0","0","1","02301","0","","6.0","","1","N","N","","0","","0","0","2","","0","Y","","2","0","0","0","0","0","0","2","0","2","","","","N","","","","","","","","","",""
"2008077877","","2","0","0","0","0","0","0","0","0","1","0","","02","7","2008","2","40.278854","-79.875329","","11","0","0","1","0","0","1","0","0","","0","0","0","","","0","","1","","40 16:43.876","","0","79 52:31.186","0","0","0","0","2105","0","0","0","N","0","0","0","2","02105","0","","1.0","","1","N","N","","0","","0","0","0","","1","","","2","0","0","0","0","0","0","1","0","2","","","","N","","","","","","","","","",""
"2008077882","","0","0","0","0","0","0","0","0","0","99","0","","02","6","2008","1","40.443725","-80.032717","","11","0","0","0","0","0","0","0","1","","0","0","0","","","0","","2","","40 26:37.410","","0","80 01:57.781","0","0","0","0","2301","0","0","0","N","0","0","0","1","02301","0","","5.0","","1","N","N","","1","","0","0","0","","0","","","1","0","0","0","0","0","0","2","0","1","","","","N","","","","","","","","","",""
"2008077883","","1","0","0","0","0","0","0","0","0","4","0","","02","6","2008","5","40.4379","-80.054","","11","0","0","0","1","0","0","0","0","","0","0","0","","","0","","3","","40 26:16.440","","0","80 03:14.400","0","0","0","0","2301","0","0","0","N","0","0","0","3","02301","0","","1.0","","1","N","N","","0","","0","0","1","","0","","","2","0","0","0","0","0","0","2","0","2","","","","N","","","","","","","","","",""
"2008077884","","1","0","0","0","0","0","0","0","0","7","0","","02","6","2008","2","40.3836","-79.9957","","11","0","0","0","0","0","1","0","0","","0","0","0","","","1","","0","","40 23:00.960","","0","79 59:44.520","4","0","0","0","2301","0","0","0","N","0","0","0","1","02301","1","","3.0","","1","N","N","","0","","0","0","0","","0","","","1","1","1","0","0","0","0","2","0","1","","","","N","","","","","","","","","",""
"2008077885","","1","0","0","0","0","0","0","0","0","4","0","","02","6","2008","6","40.432576","-80.030035","","11","0","0","0","0","0","0","0","0","2","0","0","0","","","0","","2","","40 25:57.273","2","0","80 01:48.126","0","0","0","0","2301","0","0","0","N","0","0","0","2","02301","0","","1.0","","1","N","N","","0","","0","0","0","","3","Y","","2","0","0","0","0","0","0","2","1","2","","","","N","","","","","","","","","",""
"2008077886","","0","0","0","0","0","0","0","0","0","7","0","","02","6","2008","7","40.433037","-80.029231","","11","0","0","0","0","0","0","0","0","","0","0","0","","","1","","3","","40 25:58.933","","0","80 01:45.231","4","0","0","0","2301","0","0","0","N","0","0","0","1","02301","1","","5.0","","9","N","N","","1","","0","0","0","","0","","","1","1","0","0","0","0","0","2","0","1","","","","N","","","","","","","","","",""
"2008077887","","3","0","0","0","0","0","0","0","0","5","0","","02","6","2008","7","40.401937","-80.01832","","11","0","0","0","0","0","0","0","0","","0","0","0","","","0","","0","","40 24:06.973","","0","80 01:05.952","0","0","0","0","2301","0","0","0","N","0","0","0","3","02301","0","","1.0","","1","N","N","","0","","0","0","0","","0","","","3","0","0","0","0","0","0","2","0","3","","","","N","","","","","","","","","",""
"2008077888","","2","0","0","0","0","0","0","0","0","1","0","","02","6","2008","5","40.4541","-79.9968","","11","0","0","0","0","0","1","0","0","","0","0","0","","","0","","1","","40 27:14.760","","0","79 59:48.480","9","0","0","0","2301","0","0","0","N","0","0","0","3","02301","0","","1.0","","1","N","N","","0","","0","0","1","","2","","","3","0","0","0","0","0","1","2","0","3","","","","N","","","","","","","","","",""
"2008077889","","2","0","0","0","0","0","0","0","0","5","0","","02","6","2008","5","40.432654","-79.925778","","11","0","0","0","0","0","0","0","0","","0","0","0","","","0","","0","","40 25:57.555","","0","79 55:32.800","0","0","0","0","2301","0","0","0","N","0","0","0","2","02301","0","","1.0","","1","N","N","","0","","0","0","1","","0","","","4","0","0","0","0","0","0","2","1","4","","","","N","","","","","","","","","",""
"2008077901","","1","0","0","0","0","0","0","0","0","4","0","","02","6","2008","6","40.409949","-80.031638","","11","0","0","0","0","0","0","0","0","9","0","0","0","","","0","","2","","40 24:35.818","5","0","80 01:53.895","0","0","0","0","2301","0","0","0","N","0","0","0","3","02301","0","","1.0","","1","N","N","","1","","0","0","0","","3","N","","2","0","1","0","0","0","0","2","0","2","","","","N","","","","","","","","","",""
"2008077902","","2","0","0","0","0","0","0","0","0","4","0","","02","6","2008","1","40.430302","-80.000609","","11","0","0","0","0","0","0","0","0","9","0","0","0","","","0","","2","","40 25:49.087","3","0","80 00:02.192","0","0","0","0","2301","0","0","0","N","0","0","0","2","02301","0","","1.0","","1","N","N","","0","","0","0","0","","3","N","","2","0","0","0","0","0","0","2","0","2","","","","N","","","","","","","","","",""
"2008077903","","1","0","0","0","0","0","0","0","0","1","1","","02","6","2008","4","40.413213","-80.008322","","11","0","0","0","0","0","0","0","0","","0","1","0","","","2","","0","","40 24:47.565","","0","80 00:29.959","8","0","0","0","2301","0","0","0","N","0","0","0","3","02301","0","","1.0","","1","N","N","","0","","0","0","0","","0","","","2","2","0","0","0","2","0","2","0","2","","","","N","","","","","","","","","",""
"2008077904","","1","0","0","0","0","0","0","0","0","1","0","","02","6","2008","5","","","","11","0","0","0","0","0","1","0","0","","0","0","0","","","1","","0","","","","0","","4","0","0","0","2301","0","0","0","N","0","0","0","3","02301","1","","1.0","","1","N","N","","0","","0","0","1","","0","","","2","1","0","0","0","0","0","1","0","2","","","","N","","","","","","","","","",""
"2008077905","","1","0","0","0","0","0","0","0","0","7","0","","02","6","2008","6","40.382229","-79.995888","","11","0","0","0","0","0","1","0","0","2","0","0","0","","","2","","1","","40 22:56.024","1","0","79 59:45.195","8","0","0","0","2301","0","0","0","N","0","0","0","2","02301","0","","2.0","","1","N","N","","0","","0","0","0","","2","N","","1","2","0","0","0","2","0","2","0","1","","","","N","","","","","","","","","",""
"2008077906","","4","0","0","0","0","0","0","0","0","1","0","","02","6","2008","2","40.402","-80.0006","","11","0","0","0","0","0","2","0","0","2","0","0","0","","","0","","1","","40 24:07.200","2","0","80 00:02.160","0","0","0","0","2301","0","0","0","N","0","0","0","4","02301","0","","1.0","","1","N","N","","0","","0","0","0","","2","N","","4","0","0","0","0","0","0","2","0","4","","","","N","","","","","","","","","",""
"2008077908","","2","0","0","0","0","0","0","0","0","1","0","","02","6","2008","2","40.391204","-80.01651","","11","0","0","0","0","0","1","0","0","","0","0","0","","","1","","0","","40 23:28.334","","0","80 00:59.436","8","0","0","0","2301","0","0","0","N","0","0","0","2","02301","0","","1.0","","1","N","N","","0","","0","0","0","","0","","","2","1","1","0","0","1","0","2","0","2","","","","N","","","","","","","","","",""
"2008077909","","2","0","0","0","0","0","0","0","0","6","0","","02","6","2008","6","40.42242","-79.99744","","11","0","0","0","0","0","0","0","0","","0","0","0","","","0","","1","","40 25:20.712","","0","79 59:50.784","0","0","0","0","2301","0","0","0","N","0","0","0","2","02301","0","","1.0","","1","N","N","","0","","0","0","0","","3","","","2","0","0","0","0","0","0","2","0","2","","","","N","","","","","","","","","",""
"2008077910","","1","0","0","0","0","0","0","0","0","4","0","","02","6","2008","6","40.456279","-79.97498","","11","0","0","0","0","0","1","0","0","","0","0","0","","","0","","1","","40 27:22.604","","0","79 58:29.928","0","0","0","0","2301","0","0","0","N","0","0","0","2","02301","0","","1.0","","1","N","N","","0","","0","0","1","","2","","","2","0","0","0","0","0","0","2","0","2","","","","N","","","","","","","","","",""
"2008077911","","2","0","0","0","0","0","0","0","0","4","0","","02","6","2008","1","40.441045","-79.996808","","11","0","0","0","0","0","0","0","0","","0","0","0","","","0","","1","","40 26:27.762","","0","79 59:48.508","0","0","0","0","2301","0","0","0","N","0","0","0","2","02301","0","","1.0","","1","N","N","","0","","0","0","0","","2","","","2","0","0","0","0","0","0","2","0","2","","","","N","","","","","","","","","",""
"2008077912","","3","0","0","0","0","0","0","0","0","4","0","","02","6","2008","2","40.452759","-79.936741","","11","0","0","0","0","0","0","0","2","","0","0","0","","","2","","1","","40 27:09.932","","0","79 56:12.267","4","0","0","0","2301","0","0","0","N","0","0","0","4","02301","2","","1.0","","1","N","N","","0","","0","0","0","","0","","","3","2","0","0","0","0","1","2","0","3","","","","N","","","","","","","","","",""
"2008077913","","1","0","0","0","0","0","0","0","0","4","0","","02","6","2008","4","40.4392","-79.95664","","11","0","0","0","0","0","1","0","0","","0","0","0","","","0","","1","","40 26:21.120","","0","79 57:23.904","0","0","0","0","2301","0","0","0","N","0","0","0","2","02301","0","","1.0","","1","N","N","","0","","0","0","1","","3","","","2","0","0","0","0","0","0","2","0","2","","","","N","","","","","","","","","",""
"2008077914","","1","0","0","0","0","0","0","0","0","7","0","","02","6","2008","5","","","","11","0","0","0","0","0","0","0","0","1","0","0","0","","","1","","0","","","3","1","","3","0","0","0","2301","0","0","0","N","0","0","0","1","02301","0","","4.0","","1","N","N","","0","","1","0","0","","0","N","","1","1","0","0","0","0","0","1","0","1","","","","N","","","","","","","","","",""
"2008077915","","3","0","0","1","0","0","0","0","0","5","0","","02","6","2008","7","40.434675","-79.922824","","11","0","0","0","0","0","1","0","0","","0","0","0","","","0","","0","","40 26:04.830","","0","79 55:22.166","9","0","0","0","2301","1","0","0","N","0","0","0","3","02301","0","","1.0","","1","N","N","","0","","0","0","1","","0","","","5","0","0","0","0","0","1","2","0","4","","","","N","","","","","","","","","",""
"2008077916","","2","0","0","0","0","0","0","0","0","5","0","","02","6","2008","6","40.385303","-79.978457","","11","0","0","0","0","0","1","0","0","1","0","0","0","","","0","","0","","40 23:07.090","1","0","79 58:42.445","0","0","0","0","2301","0","0","0","N","0","0","0","2","02301","0","","1.0","","1","N","N","","1","","0","0","0","","0","N","","3","0","0","0","0","0","0","2","0","3","","","","N","","","","","","","","","",""
"2008077917","","0","0","0","0","0","0","0","0","0","7","0","","02","5","2008","7","40.408184","-79.971056","","11","0","0","0","0","0","0","0","0","","0","0","0","","","0","","0","","40 24:29.462","","0","79 58:15.801","9","0","0","0","2301","0","0","0","N","0","0","0","1","02301","0","","4.0","","1","N","N","","0","","0","0","1","","0","","","1","0","0","0","0","0","1","2","0","1","","","","N","","","","","","","","","",""
"2008077939","","1","0","0","0","0","0","0","0","0","7","0","","02","6","2008","6","40.474617","-79.86324","","11","0","0","0","0","0","0","0","0","","0","0","0","","","0","","1","","40 28:28.621","","0","79 51:47.664","9","0","0","0","2113","0","0","0","N","0","0","0","1","02113","0","","5.0","","1","N","N","","0","","0","0","0","","0","","","1","0","0","0","0","0","1","2","0","1","","","","N","","","","","","","","","",""
"2008077940","","1","0","0","0","0","0","0","0","0","5","0","","02","6","2008","6","40.460383","-79.807187","","11","0","0","0","0","0","0","0","0","2","0","0","0","","","1","","0","","40 27:37.378","4","0","79 48:25.873","4","0","0","0","2113","0","0","0","N","0","0","0","1","02113","1","","5.0","","1","N","N","","0","","0","0","1","","0","N","","2","1","0","0","0","0","0","2","0","2","","","","N","","","","","","","","","",""
"2008077968","","2","0","0","0","0","0","0","0","0","6","0","","02","5","2008","1","40.352984","-79.917303","","11","0","0","0","0","0","0","0","0","2","0","0","0","","","3","","3","","40 21:10.742","3","0","79 55:02.291","8","0","0","0","2473","0","0","0","N","0","0","0","4","02473","0","","1.0","","9","N","N","","0","","0","0","0","","2","N","","2","3","0","0","0","3","0","2","0","2","","","","N","","","","","","","","","",""
"2008077969","","2","0","0","0","0","0","0","0","0","4","0","","02","6","2008","5","40.367874","-79.929597","","11","0","0","0","0","1","1","0","0","","0","0","0","","","0","","1","","40 22:04.346","","0","79 55:46.549","0","0","0","0","2473","0","0","0","N","0","0","0","2","02473","0","","1.0","","1","N","N","","0","","0","0","0","","2","","","2","0","0","0","0","0","0","2","0","2","","","","N","","","","","","","","","",""
"2008077970","","1","0","0","0","0","0","0","0","0","1","0","","02","6","2008","6","40.2689","-79.8842","","11","0","0","0","0","0","0","0","1","1","0","0","0","","","0","","0","","40 16:08.040","1","7","79 53:03.120","0","0","0","0","2473","0","0","0","N","0","0","0","2","02473","0","","1.0","","1","N","N","","0","","0","0","1","","2","N","","2","0","0","0","0","0","0","1","0","2","","","","N","","","","","","","","","",""
"2008077971","","3","0","0","0","0","0","0","0","0","1","0","","02","6","2008","6","40.3539","-79.9148","","11","0","0","0","0","0","1","0","0","1","0","0","0","","","2","","0","","40 21:14.040","3","0","79 54:53.280","8","0","0","0","2473","0","0","0","N","0","0","0","5","02473","0","","1.0","","1","N","N","","1","","0","0","0","","0","N","","4","2","0","0","0","2","0","2","0","4","","","","N","","","","","","","","","",""
"2008077972","","1","0","0","0","0","0","0","0","0","4","0","","02","6","2008","7","","","","11","0","0","0","0","0","0","1","0","1","0","0","0","","","2","","2","","","3","0","","4","0","0","0","2473","0","0","0","N","0","0","0","4","02473","2","","1.0","","9","N","N","","0","","0","0","1","","3","Y","","2","2","1","0","0","0","0","1","0","2","","","","N","","","","","","","","","",""
"2008077973","","1","0","0","0","0","0","0","0","0","4","0","","02","5","2008","6","40.35036","-79.926999","","11","0","0","0","0","0","0","0","0","1","0","0","0","","","0","","1","","40 21:01.296","1","0","79 55:37.197","0","0","0","0","2473","0","0","0","N","0","0","0","2","02473","0","","1.0","","1","N","N","","1","","0","0","0","","2","N","","2","0","0","0","0","0","0","2","0","2","","","","N","","","","","","","","","",""
"2008077974","","2","0","1","0","0","0","0","0","0","2","0","","02","5","2008","7","40.34887","-79.886484","","11","0","0","0","0","0","0","0","0","","0","0","0","","","1","","0","","40 20:55.932","","0","79 53:11.343","2","0","0","0","2473","0","0","0","N","0","0","0","2","02473","0","","1.0","","3","N","N","","0","","0","1","0","","0","","","2","1","0","0","0","0","0","2","0","2","","","","N","","","","","","","","","",""
"2008077975","","2","0","0","0","0","0","0","0","0","4","0","","02","6","2008","7","40.352984","-79.917303","","11","0","0","0","0","0","0","0","0","","0","0","0","","","0","","3","","40 21:10.742","","0","79 55:02.291","0","0","0","0","2473","0","0","0","N","0","0","0","3","02473","0","","1.0","","1","N","N","","0","","0","0","0","","2","","","2","0","2","0","0","0","0","2","0","2","","","","N","","","","","","","","","",""
"2008077976","","1","0","0","0","0","0","0","0","0","0","0","","02","6","2008","3","40.344344","-79.928195","","11","0","0","1","0","0","0","0","0","2","0","0","0","","","0","","2","","40 20:39.638","6","0","79 55:41.502","0","0","0","0","2473","0","0","0","N","0","0","0","4","02473","0","","1.0","","1","N","N","","0","","0","0","0","","3","Y","","1","0","0","0","0","0","0","2","0","1","","","","N","","","","","","","","","",""
"2008077977","","1","0","0","0","0","0","0","0","0","4","1","","02","6","2008","4","40.319934","-79.898751","","11","0","0","0","0","0","0","0","1","2","0","1","0","","","1","","0","","40 19:11.761","5","0","79 53:55.505","8","0","0","0","2473","0","0","0","N","0","0","0","2","02473","0","","1.0","","1","N","N","","0","","0","0","0","","0","Y","","2","1","0","0","0","1","0","2","0","2","","","","N","","","","","","","","","",""
"2008077998","","1","0","0","0","0","0","0","0","0","5","1","","02","6","2008","7","","","","11","0","0","0","0","0","0","0","0","","0","1","0","","","1","","10","","40 26:54.96","","8","80 00:27.00","4","0","0","0","2301","0","0","0","N","0","0","0","3","02301","1","","1.0","","1","N","N","","0","","0","0","0","","0","","","2","1","0","0","0","0","0","2","0","2","","","","N","","","","","","","","","",""
"2008078001","","2","0","0","0","0","0","0","0","0","1","0","","02","6","2008","4","40.3481","-79.9478","","11","0","0","0","0","0","0","0","0","1","0","0","0","","","0","","0","","40 20:53.160","3","0","79 56:52.080","0","0","0","0","2473","0","0","0","N","0","0","0","2","02473","0","","1.0","","1","N","N","","0","","0","0","0","","0","Y","","2","0","0","0","0","0","0","2","0","2","","","","N","","","","","","","","","",""
"2008078003","","2","0","0","0","0","0","0","0","0","4","0","","02","7","2008","1","40.531223","-80.140064","","11","0","0","0","0","0","0","0","0","","1","0","0","","","0","","0","","40 31:52.403","","0","80 08:24.229","1","1","0","1","2125","0","0","0","N","0","0","0","1","02215","0","2","4.0","","1","N","N","","0","0","0","0","0","","0","","","3","0","0","0","0","0","0","1","0","3","","","","N","","","","","","","","","",""
"2008078012","","2","0","0","0","0","0","0","0","0","4","0","","02","7","2008","2","40.4122","-80.0459","","11","0","0","0","0","0","0","0","0","","0","0","0","","","1","","0","","40 24:43.920","","0","80 02:45.240","4","0","0","0","2435","0","0","0","N","0","0","0","3","02435","1","","1.0","","1","N","N","","0","","0","0","0","","0","","","2","1","0","0","0","0","0","2","0","2","","","","N","","","","","","","","","",""
"2008078025","","2","0","0","0","0","0","0","0","0","1","0","","02","6","2008","5","40.492","-80.0104","","11","0","0","0","0","0","0","0","0","","0","0","0","","","0","","0","","40 29:31.200","","2","80 00:37.440","0","0","0","0","2301","0","0","0","N","0","0","0","2","68B03","0","","1.0","","9","N","N","","0","","0","0","0","","0","","","2","0","0","0","0","0","0","2","0","2","","","","N","","","","","","","","","",""
"2008078110","","1","0","0","0","0","0","0","0","0","7","0","","02","6","2008","6","40.370519","-79.975201","","11","0","0","0","0","0","0","0","0","","0","0","0","","","1","","1","","40 22:13.868","","0","79 58:30.723","8","0","0","0","2413","0","0","0","N","0","0","0","1","02413","0","","4.0","","9","N","N","","0","","0","0","0","","2","","","1","1","0","0","0","1","0","2","0","1","","","","N","","","","","","","","","",""
"2008078114","","3","0","0","0","0","0","0","0","0","1","0","","02","6","2008","1","40.490009","-79.905433","","11","0","0","1","1","0","0","1","0","","0","0","0","","","1","","2","","40 29:24.031","","0","79 54:19.557","3","0","0","0","2401","0","0","0","N","0","0","0","4","02401","0","","1.0","","9","N","N","","0","","1","0","0","","2","","","3","1","0","0","0","0","0","2","0","3","","","","N","","","","","","","","","",""
"2008078121","","2","0","0","0","0","0","0","0","0","4","0","","02","7","2008","6","40.407618","-79.802717","","11","0","0","1","0","0","0","0","0","1","0","0","0","","","0","","0","","40 24:27.424","1","0","79 48:09.782","0","0","0","0","2446","0","0","0","N","0","0","0","3","02446","0","","1.0","","1","N","N","","0","","0","0","0","","0","N","","2","0","0","0","0","0","0","2","0","2","","","","N","","","","","","","","","",""
"2008078124","","1","0","0","0","0","0","0","0","0","4","0","","02","7","2008","4","40.445446","-79.765266","","11","0","0","0","0","0","0","0","1","","0","0","0","","","0","","2","","40 26:43.605","","0","79 45:54.957","0","0","0","0","2446","0","0","0","N","0","0","0","2","02446","0","","1.0","","1","N","N","","1","","0","0","0","","3","","","2","0","0","0","0","0","0","2","0","2","","","","N","","","","","","","","","",""
"2008078132","","0","0","0","0","0","0","0","0","0","6","0","","02","6","2008","1","40.3613","-79.982624","","11","0","0","0","0","0","0","0","0","","0","0","0","","","1","","2","","40 21:40.681","","0","79 58:57.447","8","0","0","0","2413","0","0","0","N","0","0","0","2","02413","0","","1.0","","1","N","N","","1","","0","0","1","","3","","","2","1","0","0","0","1","0","2","0","2","","","","N","","","","","","","","","",""
"2008078133","","2","0","0","0","0","0","0","0","0","4","0","","02","7","2008","3","40.41813","-79.882646","","11","0","0","0","0","0","0","0","0","1","0","0","0","","","0","","1","","40 25:05.268","7","0","79 52:57.525","0","0","0","0","2463","0","0","0","N","0","0","0","2","02463","0","","1.0","","1","N","N","","0","","0","0","0","","3","N","","2","0","0","0","0","0","0","2","0","2","","","","N","","","","","","","","","",""
"2008078148","","0","0","0","0","0","0","0","0","0","8","0","","02","7","2008","3","40.380687","-80.044408","","11","0","0","0","0","0","0","0","0","1","0","0","0","","","1","","2","","40 22:50.473","6","0","80 02:39.867","4","0","0","0","2109","1","0","0","N","1","0","0","2","02109","1","","1.0","","1","N","N","","1","","0","0","0","","2","Y","","2","1","0","0","0","0","0","2","0","1","","","","N","","","","","","","","","",""
"2008078153","","1","0","0","0","0","0","0","0","0","1","1","","02","7","2008","3","40.339396","-79.96801","","11","0","0","0","0","0","0","0","1","","0","1","0","","","0","","2","","40 20:21.824","","0","79 58:04.836","0","0","0","0","2454","0","0","0","N","0","0","0","2","02454","0","","1.0","","1","N","N","","0","","0","0","0","","3","","","2","0","0","0","0","0","0","2","0","2","","","","N","","","","","","","","","",""