"CRN","ARRIVAL_TM","AUTOMOBILE_COUNT","BELTED_DEATH_COUNT","BELTED_SUSP_SERIOUS_INJ_COUNT","BICYCLE_COUNT","BICYCLE_DEATH_COUNT","BICYCLE_SUSP_SERIOUS_INJ_COUNT","BUS_COUNT","CHLDPAS_DEATH_COUNT","CHLDPAS_SUSP_SERIOUS_INJ_COUNT","COLLISION_TYPE","COMM_VEH_COUNT","CONS_ZONE_SPD_LIM","COUNTY","CRASH_MONTH","CRASH_YEAR","DAY_OF_WEEK","DEC_LATITUDE","DEC_LONGITUDE","DISPATCH_TM","DISTRICT","DRIVER_COUNT_16YR","DRIVER_COUNT_17YR","DRIVER_COUNT_18YR","DRIVER_COUNT_19YR","DRIVER_COUNT_20YR","DRIVER_COUNT_50_64YR","DRIVER_COUNT_65_74YR","DRIVER_COUNT_75PLUS","EST_HRS_CLOSED","FATAL_COUNT","HEAVY_TRUCK_COUNT","HORSE_BUGGY_COUNT","HOUR_OF_DAY","ILLUMINATION","INJURY_COUNT","INTERSECTION_RELATED","INTERSECT_TYPE","LANE_CLOSED","LATITUDE","LN_CLOSE_DIR","LOCATION_TYPE","LONGITUDE","MAX_SEVERITY_LEVEL","MCYCLE_DEATH_COUNT","MCYCLE_SUSP_SERIOUS_INJ_COUNT","MOTORCYCLE_COUNT","MUNICIPALITY","NONMOTR_COUNT","NONMOTR_DEATH_COUNT","NONMOTR_SUSP_SERIOUS_INJ_COUNT","NTFY_HIWY_MAINT","PED_COUNT","PED_DEATH_COUNT","PED_SUSP_SERIOUS_INJ_COUNT","PERSON_COUNT","POLICE_AGCY","POSSIBLE_INJ_COUNT","RDWY_SURF_TYPE_CD","RELATION_TO_ROAD","ROADWAY_CLEARED","ROAD_CONDITION","SCH_BUS_IND","SCH_ZONE_IND","SECONDARY_CRASH","SMALL_TRUCK_COUNT","SPEC_JURIS_CD","SUSP_MINOR_INJ_COUNT","SUSP_SERIOUS_INJ_COUNT","SUV_COUNT","TCD_FUNC_CD","TCD_TYPE","TFC_DETOUR_IND","TIME_OF_DAY","TOTAL_UNITS","TOT_INJ_COUNT","UNBELTED_OCC_COUNT","UNB_DEATH_COUNT","UNB_SUSP_SERIOUS_INJ_COUNT","UNK_INJ_DEG_COUNT","UNK_INJ_PER_COUNT","URBAN_RURAL","VAN_COUNT","VEHICLE_COUNT","WEATHER1","WEATHER2","WORKERS_PRES","WORK_ZONE_IND","WORK_ZONE_LOC","WORK_ZONE_TYPE","WZ_CLOSE_DETOUR","WZ_FLAGGER","WZ_LAW_OFFCR_IND","WZ_LN_CLOSURE","WZ_MOVING","WZ_OTHER","WZ_SHLDER_MDN","WZ_WORKERS_INJ_KILLED"
"2008078163","","2","0","0","0","0","0","0","0","0","4","0","","02","7","2008","3","40.363209","-80.046868","","11","0","0","0","0","0","1","0","0","2","0","0","0","","","0","","2","","40 21:47.551","3","0","80 02:48.723","0","0","0","0","2109","0","0","0","N","0","0","0","2","02109","0","","1.0","","1","N","N","","0","","0","0","0","","2","Y","","2","0","0","0","0","0","0","2","0","2","","","","N","","","","","","","","","",""
"2008078174","","1","0","0","0","0","0","0","0","0","1","0","","02","7","2008","2","40.536469","-80.184354","","11","0","0","0","0","0","0","0","0","","0","0","0","","","0","","2","","40 32:11.288","","0","80 11:03.675","0","0","0","0","2458","0","0","0","N","0","0","0","2","02458","0","","1.0","","1","N","N","","0","","0","0","1","","2","","","2","0","0","0","0","0","0","2","0","2","","","","N","","","","","","","","","",""
"2008078234","","0","0","0","0","0","0","0","0","0","4","0","","02","7","2008","3","40.478138","-79.968965","","11","0","0","0","0","0","0","1","0","1","0","0","0","","","1","","1","","40 28:41.298","1","0","79 58:08.273","4","0","0","0","2445","0","0","0","N","0","0","0","4","02445","1","","1.0","","1","N","N","","1","","0","0","1","","3","N","","2","1","1","0","0","0","0","2","0","2","","","","N","","","","","","","","","",""
"2008078242","","0","0","0","0","0","0","0","0","0","7","0","","02","7","2008","6","40.506116","-79.990497","","11","0","0","1","0","0","0","0","0","","0","0","0","","","0","","1","","40 30:22.018","","0","79 59:25.789","0","0","0","0","2116","0","0","0","N","0","0","0","1","02116","0","","4.0","","1","N","N","","0","","0","0","1","","0","","","1","0","0","0","0","0","0","2","0","1","","","","N","","","","","","","","","",""
"2008078246","","0","0","0","0","0","0","0","0","0","2","0","","02","7","2008","3","40.2947","-80.03","","11","0","0","0","0","0","0","0","0","3","0","0","0","","","0","","9","","40 17:40.920","7","0","80 01:48.000","9","0","0","0","2407","1","0","0","N","1","0","0","2","02503","0","","1.0","","1","N","N","","1","","0","0","0","","5","Y","","2","0","0","0","0","0","1","2","0","1","","","","N","","","","","","","","","",""
"2008078251","","0","0","0","0","0","0","0","0","0","7","0","","02","7","2008","4","40.437333","-79.770731","","11","0","0","0","0","0","0","0","0","1","0","0","0","","","0","","0","","40 26:14.400","2","0","79 46:14.630","9","0","0","0","2446","0","0","0","N","0","0","0","1","02446","0","","5.0","","1","N","N","","0","","0","0","0","","0","N","","1","0","0","0","0","0","1","2","1","1","","","","N","","","","","","","","","",""
"2008078254","","1","0","0","0","0","0","0","0","0","5","0","","02","7","2008","2","40.5381","-80.0115","","11","0","0","1","0","0","1","0","0","","0","0","0","","","0","","0","","40 32:17.160","","0","80 00:41.400","0","0","0","0","2116","0","0","0","N","0","0","0","3","02116","0","","1.0","","1","N","N","","0","","0","0","1","","0","","","2","0","0","0","0","0","0","2","0","2","","","","N","","","","","","","","","",""
"2008078269","","0","0","0","0","0","0","1","0","0","1","1","45","02","5","2008","7","","","","11","0","0","0","0","0","0","0","0","","0","0","0","","","1","","0","","40 26:18.24","","0","79 51:46.08","3","0","0","0","2419","0","0","0","N","0","0","0","2","68B03","0","","1.0","","9","N","N","","0","","1","0","0","","7","","","2","1","1","0","0","0","0","2","1","2","","","Y","Y","8","2","N","N","Y","Y","Y","N","N",""
"2008078270","","2","0","0","0","0","0","0","0","0","1","0","","02","7","2008","1","","","","11","0","0","0","1","0","0","0","0","","0","0","0","","","0","","0","","40 25:03.36","","0","80 03:21.96","0","0","0","0","2435","0","0","0","N","0","0","0","2","68B03","0","","1.0","","9","N","N","","0","","0","0","0","","0","","","2","0","0","0","0","0","0","2","0","2","","","","N","","","","","","","","","",""
"2008078277","","0","0","0","0","0","0","0","0","0","99","0","","02","7","2008","2","40.638748","-79.722856","","11","0","0","0","0","0","1","0","0","2","0","0","0","","","1","","0","","40 38:19.494","2","0","79 43:22.281","8","0","0","1","2106","0","0","0","N","0","0","0","1","68D02","0","","1.0","","1","N","N","","0","","0","0","0","","0","N","","1","1","0","0","0","1","0","2","0","1","","","","N","","","","","","","","","",""
"2008078333","","1","0","0","0","0","0","0","0","0","7","0","","02","7","2008","3","40.35406","-80.005076","","11","0","0","0","0","0","0","1","0","","0","0","0","","","1","","1","","40 21:14.617","","0","80 00:18.274","4","0","0","0","2476","0","0","0","N","0","0","0","1","02476","1","","5.0","","1","N","N","","0","","0","0","0","","0","","","1","1","0","0","0","0","0","2","0","1","","","","N","","","","","","","","","",""
"2008078361","","1","0","0","0","0","0","0","0","0","1","0","","02","7","2008","4","40.493701","-79.944877","","11","0","0","0","0","0","1","0","0","1","0","0","0","","","1","","0","","40 29:37.325","1","0","79 56:41.556","8","0","0","0","2430","0","0","0","N","0","0","0","2","02430","0","","1.0","","9","N","N","","1","","0","0","0","","0","N","","2","1","0","0","0","1","0","2","0","2","","","","N","","","","","","","","","",""
"2008078362","","1","0","0","0","0","0","0","0","0","7","0","","02","7","2008","4","40.527646","-80.01929","","11","0","0","0","0","0","0","0","0","3","0","0","0","","","3","","0","","40 31:39.525","6","0","80 01:09.445","4","0","0","0","2116","0","0","0","N","0","0","0","3","02116","1","","5.0","","9","N","N","","0","","0","0","0","","0","Y","","1","3","0","0","0","2","0","2","0","1","","","","N","","","","","","","","","",""
"2008078367","","1","0","0","0","0","0","0","0","0","1","0","","02","7","2008","4","40.44594","-79.827977","","11","0","0","0","0","0","0","0","0","","0","0","0","","","0","","0","","40 26:45.384","","0","79 49:40.718","0","0","0","0","2113","0","0","0","N","0","0","0","4","02113","0","","1.0","","1","N","N","","0","","0","0","1","","0","","","2","0","0","0","0","0","0","2","0","2","","","","N","","","","","","","","","",""
"2008078373","","0","0","0","0","0","0","0","0","0","8","0","","02","7","2008","3","40.447928","-80.162433","","11","0","0","0","0","0","0","0","0","1","0","0","0","","","1","","1","","40 26:52.539","4","0","80 09:44.759","3","0","0","0","2115","1","0","0","N","1","0","0","2","02115","0","","1.0","","9","N","N","","1","","1","0","0","","2","N","","2","1","0","0","0","0","0","2","0","1","","","","N","","","","","","","","","",""
"2008078374","","1","0","0","0","0","0","0","0","0","7","0","","02","6","2008","1","40.4722","-80.1992","","11","0","0","1","0","0","0","0","0","","0","0","0","","","1","","0","","40 28:19.920","","0","80 11:57.120","4","0","0","0","2213","0","0","0","N","0","0","0","1","02213","1","","3.0","","9","N","N","","0","","0","0","0","","0","","","1","1","1","0","0","0","0","2","0","1","","","","N","","","","","","","","","",""
"2008078375","","3","0","0","0","0","0","0","0","0","1","0","","02","7","2008","4","40.5332","-80.1877","","11","0","0","1","0","0","1","0","0","2","0","0","0","","","2","","0","","40 31:59.520","1","3","80 11:15.720","4","0","0","0","2213","0","0","0","N","0","0","0","3","02213","2","","1.0","","1","N","N","","0","","0","0","0","","0","N","","3","2","0","0","0","0","0","2","0","3","","","","N","","","","","","","","","",""
"2008078423","","0","0","0","0","0","0","0","0","0","7","1","","02","6","2008","4","40.58934","-80.098087","","11","0","0","0","0","0","0","0","0","1","0","1","0","","","0","","0","","40 35:21.623","1","0","80 05:53.114","0","0","0","0","2481","0","0","0","N","0","0","0","1","68B03","0","","3.0","","9","N","N","","0","","0","0","0","","0","N","","1","0","0","0","0","0","0","2","0","1","","","","N","","","","","","","","","",""
"2008078424","","1","0","0","0","0","0","0","0","0","1","0","","02","6","2008","4","","","","11","0","0","0","0","0","0","0","0","","0","0","0","","","2","","0","","40 25:24.96","","0","80 01:49.80","4","0","0","0","2301","0","0","0","N","0","0","0","2","68B03","2","","1.0","","9","N","N","","0","","0","0","1","","0","","","2","2","0","0","0","0","0","2","0","2","","","","N","","","","","","","","","",""
"2008078425","","1","0","0","0","0","0","0","0","0","5","1","","02","6","2008","4","","","","11","0","0","0","0","0","1","0","0","","0","1","0","","","1","","0","","40 26:41.28","","3","80 00:33.84","8","0","0","0","2301","0","0","0","N","0","0","0","2","68B03","0","","1.0","","1","N","N","","0","","0","0","0","","0","","","2","1","0","0","0","1","0","2","0","2","","","","N","","","","","","","","","",""
"2008078460","","2","0","0","0","0","0","0","0","0","1","0","","02","7","2008","4","40.4784","-79.7563","","11","0","0","0","0","0","0","0","0","","0","0","0","","","1","","0","","40 28:42.240","","0","79 45:22.680","8","0","0","0","2466","0","0","0","N","0","0","0","4","02466","0","","1.0","","1","N","N","","0","","0","0","0","","0","","","2","1","0","0","0","1","0","2","0","2","","","","N","","","","","","","","","",""
"2008078475","","1","0","0","0","0","0","0","0","0","7","0","","02","7","2008","4","40.479426","-79.838564","","11","0","0","0","0","0","0","0","0","","0","0","0","","","0","","0","","40 28:45.933","","0","79 50:18.831","0","0","0","0","2113","0","0","0","N","0","0","0","1","02113","0","","2.0","","1","N","N","","0","","0","0","0","","0","","","1","0","0","0","0","0","0","2","0","1","","","","N","","","","","","","","","",""
"2008078490","","1","0","0","0","0","0","0","0","0","7","0","45","02","6","2008","7","40.5511","-80.1185","","11","0","0","0","0","0","0","0","0","2","0","0","0","","","0","","0","","40 33:03.960","1","0","80 07:06.600","0","0","0","0","2215","0","0","0","Y","0","0","0","1","68B04","0","","2.0","","9","N","N","","0","","0","0","0","","0","Y","","1","0","0","0","0","0","0","2","0","1","","","N","Y","4","1","N","N","N","N","N","N","Y",""
"2008078491","","3","0","0","0","0","0","0","0","0","1","0","","02","6","2008","1","","","","11","0","0","0","0","0","0","0","0","","0","0","0","","","0","","0","","40 25:46.56","","0","79 53:07.08","0","0","0","0","2478","0","0","0","N","0","0","0","6","68B04","0","","1.0","","1","N","N","","0","","0","0","0","","0","","","3","0","0","0","0","0","0","2","0","3","","","","N","","","","","","","","","",""
"2008078492","","0","0","0","0","0","0","0","0","0","7","0","","02","6","2008","7","","","","11","0","0","0","0","0","0","0","0","1","0","0","0","","","0","","0","","40 29:07.80","2","0","80 00:30.24","0","0","0","0","2301","0","0","0","N","0","0","0","1","68B04","0","","3.0","","1","N","N","","1","","0","0","0","","0","Y","","1","0","0","0","0","0","0","2","0","1","","","","N","","","","","","","","","",""
"2008078572","","0","0","0","0","0","0","0","0","0","5","0","","02","7","2008","4","40.360304","-80.047662","","11","0","0","0","0","0","0","1","1","2","0","0","0","","","0","","0","","40 21:37.094","1","0","80 02:51.584","0","0","0","0","2109","0","0","0","N","0","0","0","3","02109","0","","1.0","","1","N","N","","0","","0","0","2","","0","N","","2","0","0","0","0","0","0","2","0","2","","","","N","","","","","","","","","",""
"2008078577","","0","0","0","0","0","0","0","0","0","0","0","","02","7","2008","5","40.374789","-79.796033","","11","0","0","0","0","0","1","0","0","1","0","0","0","","","1","","0","","40 22:29.239","3","0","79 47:45.718","4","0","0","1","2111","0","0","0","N","0","0","0","1","02111","1","","1.0","","1","N","N","","0","","0","0","0","","0","N","","1","1","0","0","0","0","0","2","0","1","","","","N","","","","","","","","","",""
"2008078582","","0","0","0","0","0","0","0","0","0","0","1","","02","7","2008","3","40.549719","-79.959331","","11","0","0","0","0","0","0","0","0","5","1","1","0","","","0","","0","","40 32:58.989","5","0","79 57:33.590","1","0","0","0","2118","0","0","0","N","0","0","0","1","02118","0","2","1.0","","1","N","N","","0","0","0","0","0","","0","Y","","1","0","1","1","0","0","0","2","0","1","","","","N","","","","","","","","","",""
"2008078583","","2","0","0","0","0","0","0","0","0","4","0","","02","7","2008","5","40.466241","-79.888624","","11","0","0","0","0","0","0","1","0","2","0","0","0","","","2","","1","","40 27:58.467","7","0","79 53:19.046","3","0","0","0","2113","0","0","0","N","0","0","0","3","02113","1","","1.0","","1","N","N","","0","","1","0","0","","3","Y","","2","2","0","0","0","0","0","2","0","2","","","","N","","","","","","","","","",""
"2008078590","","2","0","0","0","0","0","0","0","0","4","0","","02","7","2008","4","40.542526","-80.011933","","11","0","0","0","0","0","2","0","0","1","0","0","0","","","1","","0","","40 32:33.094","3","0","80 00:42.958","4","0","0","0","2116","0","0","0","N","0","0","0","2","02116","1","","1.0","","1","N","N","","0","","0","0","0","","0","N","","2","1","0","0","0","0","0","2","0","2","","","","N","","","","","","","","","",""
"2008078593","","1","0","0","0","0","0","0","0","0","7","0","","02","7","2008","4","40.3666","-79.9844","","11","0","0","0","0","0","1","0","0","","0","0","0","","","1","","0","","40 21:59.760","","0","79 59:03.840","8","0","0","0","2413","0","0","0","N","0","0","0","1","02413","0","","5.0","","1","N","N","","0","","0","0","0","","0","","","1","1","1","0","0","1","0","2","0","1","","","","N","","","","","","","","","",""
"2008078597","","0","0","0","0","0","0","0","0","0","7","0","","02","6","2008","7","40.3314","-79.9328","","11","0","0","0","0","0","0","0","0","6","0","0","0","","","1","","0","","40 19:53.040","5","0","79 55:58.080","3","0","0","0","2440","0","0","0","Y","0","0","0","1","02440","0","","5.0","","1","N","N","","1","","1","0","0","","0","Y","","1","1","0","0","0","0","0","2","0","1","","","","N","","","","","","","","","",""
"2008078601","","1","0","0","0","0","0","0","0","0","1","0","","02","7","2008","2","40.537181","-79.838534","","11","0","0","0","0","0","0","0","0","","0","0","0","","","1","","0","","40 32:13.851","","0","79 50:18.724","4","0","0","0","2208","0","0","0","N","0","0","0","3","02208","1","","1.0","","1","N","N","","1","","0","0","1","","0","","","3","1","0","0","0","0","0","2","0","3","","","","N","","","","","","","","","",""
"2008078606","","2","0","0","0","0","0","0","0","0","1","0","35","02","7","2008","3","40.5378","-79.8348","","11","0","0","0","0","0","0","0","2","","0","0","0","","","0","","0","","40 32:16.080","","0","79 50:05.280","0","0","0","0","2208","0","0","0","N","0","0","0","2","02208","0","","1.0","","1","N","N","","0","","0","0","0","","7","","","2","0","0","0","0","0","0","2","0","2","","","Y","Y","4","1","","Y","N","Y","","","",""
"2008078609","","0","0","0","0","0","0","0","0","0","7","0","","02","7","2008","4","40.456224","-79.709826","","11","0","0","0","0","0","0","0","0","2","0","0","0","","","1","","0","","40 27:22.408","5","0","79 42:35.375","8","0","0","0","2466","0","0","0","N","0","0","0","1","02466","0","","2.0","","1","N","N","","0","","0","0","1","","0","Y","","1","1","0","0","0","1","0","2","0","1","","","","N","","","","","","","","","",""
"2008078616","","1","0","0","0","0","0","0","0","0","7","0","","02","5","2008","4","40.342146","-79.985202","","11","0","0","0","0","0","0","0","0","","0","0","0","","","1","","0","","40 20:31.726","","0","79 59:06.728","8","0","0","0","2403","0","0","0","N","0","0","0","1","02403","0","","5.0","","1","N","N","","0","","0","0","0","","0","","","1","1","0","0","0","1","0","2","0","1","","","","N","","","","","","","","","",""
"2008078617","","1","0","0","0","0","0","0","0","0","1","0","","02","7","2008","4","40.413413","-79.752464","","11","0","0","0","0","0","1","0","0","2","0","0","0","","","1","","0","","40 24:48.286","1","0","79 45:08.870","8","0","0","0","2446","0","0","0","N","0","0","0","3","02446","0","","1.0","","1","N","N","","0","","0","0","1","","0","N","","2","1","1","0","0","1","0","2","0","2","","","","N","","","","","","","","","",""
"2008078621","","0","0","0","0","0","0","0","0","0","1","1","","02","7","2008","5","40.474775","-79.971286","","11","0","0","0","0","0","1","0","0","1","0","1","0","","","0","","0","","40 28:29.189","2","0","79 58:16.628","0","0","0","0","2445","0","0","0","N","0","0","0","2","02445","0","","1.0","","1","N","N","","0","","0","0","1","","0","N","","2","0","0","0","0","0","0","2","0","2","","","","N","","","","","","","","","",""
"2008078624","","1","0","0","0","0","0","0","0","0","5","0","","02","3","2008","4","40.493822","-80.056669","","11","0","0","0","0","0","0","0","0","","0","0","0","","","0","","0","","40 29:37.759","","0","80 03:24.008","9","0","0","0","2404","0","0","0","N","0","0","0","1","02404","0","","6.0","","1","N","N","","0","","0","0","0","","0","","","2","0","0","0","0","0","1","2","0","2","","","","N","","","","","","","","","",""
"2008078626","","1","0","0","0","0","0","0","0","0","7","0","","02","7","2008","1","40.5114","-80.2666","","11","0","0","0","0","0","0","0","0","","0","0","0","","","0","","6","","40 30:41.040","","2","80 15:59.760","0","0","0","0","2213","0","0","0","Y","0","0","0","1","02213","0","","5.0","","1","N","N","","0","","0","0","0","","4","","","1","0","0","0","0","0","0","2","0","1","","","","N","","","","","","","","","",""
"2008078660","","1","0","0","0","0","0","0","0","0","5","0","","02","7","2008","5","40.5306","-80.0098","","11","0","0","0","0","0","1","1","0","","0","0","0","","","0","","1","","40 31:50.160","","0","80 00:35.280","0","0","0","0","2116","0","0","0","N","0","0","0","7","02116","0","","1.0","","9","N","N","","0","","0","0","2","","2","","","3","0","0","0","0","0","0","2","0","3","","","","N","","","","","","","","","",""
"2008078715","","0","0","0","0","0","0","0","0","0","7","0","","02","6","2008","2","40.41052","-79.728712","","11","0","0","0","0","0","0","1","0","6","0","0","0","","","2","","0","","40 24:37.871","5","0","79 43:43.362","4","0","0","0","2446","0","0","0","N","0","0","0","2","02446","2","","4.0","","9","N","","","0","","0","0","1","","0","Y","","1","2","0","0","0","0","0","2","0","1","","","","N","","","","","","","","","",""
"2008078722","","1","0","0","0","0","0","0","0","0","4","0","","02","7","2008","5","40.3387","-79.8049","","11","0","0","0","0","0","1","0","0","","0","0","0","","","1","","0","","40 20:19.320","","7","79 48:17.640","8","0","0","0","2477","0","0","0","N","0","0","0","2","02477","0","","5.0","","1","N","N","","0","","0","0","1","","0","","","2","1","0","0","0","1","0","2","0","2","","","","N","","","","","","","","","",""
"2008078780","","2","0","0","0","0","0","0","0","0","5","0","","02","6","2008","3","40.493785","-80.056718","","11","0","0","0","0","0","0","0","0","","0","0","0","","","0","","0","","40 29:37.626","","0","80 03:24.184","9","0","0","0","2404","0","0","0","N","0","0","0","2","02404","0","","6.0","","1","N","N","","0","","0","0","1","","0","","","4","0","0","0","0","0","1","2","1","4","","","","N","","","","","","","","","",""
"2008078864","","1","0","0","0","0","0","0","0","0","7","0","","02","7","2008","4","40.417538","-80.0661","","11","0","0","0","0","0","0","0","0","2","0","0","0","","","1","","0","","40 25:03.136","3","0","80 03:57.959","3","0","0","0","2435","0","0","0","N","0","0","0","1","02435","0","","5.0","","1","N","N","","0","","1","0","0","","0","N","","1","1","1","0","0","0","0","2","0","1","","","","N","","","","","","","","","",""
"2008078937","","0","0","0","0","0","0","0","0","0","0","0","","02","6","2008","3","40.3062","-79.8639","","11","0","0","0","1","0","0","0","0","1","0","0","0","","","0","","0","","40 18:22.320","3","0","79 51:50.040","0","0","0","0","2443","0","0","0","N","0","0","0","1","02443","0","","5.0","","98","N","N","","0","","0","0","1","","0","N","","1","0","0","0","0","0","0","1","0","1","","","","N","","","","","","","","","",""
"2008078940","","1","0","0","0","0","0","0","0","0","1","0","","02","6","2008","3","40.451923","-79.923981","","11","0","0","0","0","0","0","0","1","","0","0","0","","","1","","1","","40 27:06.924","","0","79 55:26.331","8","0","0","0","2301","0","0","0","N","0","0","0","2","02301","0","","1.0","","1","N","N","","0","","0","0","1","","2","","","2","1","0","0","0","1","0","2","0","2","","","","N","","","","","","","","","",""
"2008078941","","2","0","0","0","0","0","0","0","0","4","0","","02","6","2008","3","40.382","-79.9958","","11","0","0","0","0","0","0","0","0","","0","0","0","","","0","","0","","40 22:55.200","","0","79 59:44.880","0","0","0","0","2301","0","0","0","N","0","0","0","3","02301","0","","1.0","","1","N","N","","0","","0","0","0","","0","","","2","0","0","0","0","0","0","2","0","2","","","","N","","","","","","","","","",""
"2008078944","","1","0","0","0","0","0","0","0","0","4","0","","02","6","2008","5","","","","11","0","1","0","0","0","0","0","0","","0","0","0","","","0","","0","","","","0","","9","0","0","0","2453","0","0","0","N","0","0","0","5","02450","0","","1.0","","9","N","N","","0","","0","0","1","","0","","","2","0","0","0","0","0","1","1","0","2","","","","N","","","","","","","","","",""
"2008078973","","1","0","0","0","0","0","0","0","0","4","0","","02","6","2008","2","40.494662","-79.925223","","11","0","0","0","0","0","0","0","0","","0","0","0","","","1","","0","","40 29:40.783","","0","79 55:30.804","3","0","0","0","2461","0","0","0","N","0","0","0","4","02461","0","","1.0","","1","N","N","","0","","1","0","1","","3","","","2","1","0","0","0","0","0","2","0","2","","","","N","","","","","","","","","",""
"2008079102","","0","0","0","0","0","0","0","0","0","1","0","","02","6","2008","6","40.387642","-80.090992","","11","0","0","0","0","0","1","0","0","1","0","0","0","","","0","","2","","40 23:15.510","1","0","80 05:27.572","0","0","0","0","2437","0","0","0","N","0","0","0","2","02437","0","","1.0","","1","N","N","","0","","0","0","2","","2","N","","2","0","0","0","0","0","0","2","0","2","","","","N","","","","","","","","","",""
"2008079323","","1","0","0","0","0","0","0","0","0","0","0","","02","6","2008","5","40.440296","-80.006994","","11","0","0","0","0","0","0","0","0","2","0","0","0","","","0","","1","","40 26:25.067","3","0","80 00:25.180","0","0","0","0","2301","0","0","0","N","0","0","0","1","02301","0","","4.0","","1","N","N","","0","","0","0","0","","0","N","","1","0","0","0","0","0","0","2","0","1","","","","N","","","","","","","","","",""
"2008079324","","1","0","0","0","0","0","0","0","0","6","0","","02","6","2008","3","40.403279","-79.988475","","11","0","0","0","0","0","1","0","0","","0","0","0","","","0","","0","","40 24:11.804","","0","79 59:18.510","0","0","0","0","2301","0","0","0","N","0","0","0","2","02301","0","","1.0","","1","N","N","","1","","0","0","0","","0","","","2","0","0","0","0","0","0","2","0","2","","","","N","","","","","","","","","",""
"2008079325","","1","0","0","1","0","0","0","0","0","8","0","","02","6","2008","2","40.4688","-79.9622","","11","0","0","0","0","0","1","0","0","","0","0","0","","","1","","1","","40 28:07.680","","0","79 57:43.920","3","0","0","0","2301","1","0","0","N","0","0","0","4","02301","0","","1.0","","1","N","N","","0","","1","0","0","","2","","","2","1","1","0","0","0","0","2","0","1","","","","N","","","","","","","","","",""
"2008079326","","2","0","0","0","0","0","0","0","0","4","0","","02","6","2008","2","40.43514","-79.963288","","11","0","0","0","0","0","0","0","0","","0","0","0","","","0","","1","","40 26:06.504","","0","79 57:47.836","0","0","0","0","2301","0","0","0","N","0","0","0","2","02301","0","","1.0","","1","N","N","","0","","0","0","0","","3","","","2","0","0","0","0","0","0","2","0","2","","","","N","","","","","","","","","",""
"2008079327","","1","0","0","0","0","0","0","0","0","4","0","","02","6","2008","4","40.458621","-79.908008","","11","0","0","0","0","0","0","0","0","","0","0","0","","","0","","1","","40 27:31.035","","0","79 54:28.827","0","0","0","0","2301","0","0","0","N","0","0","0","2","02301","0","","1.0","","1","N","N","","0","","0","0","0","","2","","","2","0","0","0","0","0","0","2","1","2","","","","N","","","","","","","","","",""
"2008079328","","2","0","0","0","0","0","0","0","0","4","0","","02","6","2008","3","40.484395","-80.040399","","11","0","0","0","0","0","1","0","0","","0","0","0","","","0","","3","","40 29:03.822","","0","80 02:25.436","0","0","0","0","2301","0","0","0","N","0","0","0","2","02301","0","","5.0","","1","N","N","","1","","0","0","0","","2","","","3","0","0","0","0","0","0","2","0","3","","","","N","","","","","","","","","",""
"2008079335","","0","0","0","0","0","0","0","0","0","7","0","","02","6","2008","3","40.4024","-80.2464","","11","0","1","0","0","0","0","0","0","","0","0","0","","","0","","0","","40 24:08.640","","0","80 14:47.040","0","0","0","0","2214","0","0","0","N","0","0","0","2","02214","0","","5.0","","1","N","N","","0","","0","0","0","","0","","","1","0","0","0","0","0","0","1","1","1","","","","N","","","","","","","","","",""
"2008079340","","2","0","0","0","0","0","0","0","0","1","0","","02","6","2008","5","40.437603","-79.983517","","11","0","0","0","0","0","0","0","0","3","0","0","0","","","1","","0","","40 26:15.370","3","0","79 59:00.661","4","0","0","0","2301","0","0","0","N","0","0","0","3","02301","1","","6.0","","9","N","N","","0","","0","0","0","","0","N","","2","1","0","0","0","0","0","2","0","2","","","","N","","","","","","","","","",""
"2008079341","","4","0","0","0","0","0","0","0","0","1","0","","02","6","2008","1","40.434","-79.996","","11","1","0","0","0","1","1","0","0","2","0","0","0","","","2","","0","","40 26:02.400","2","3","79 59:45.600","8","0","0","0","2301","0","0","0","N","0","0","0","6","02301","0","","1.0","","9","N","N","","0","","0","0","0","","0","N","","4","2","0","0","0","2","0","2","0","4","","","","N","","","","","","","","","",""
"2008079392","","2","0","0","0","0","0","0","0","0","2","0","","02","6","2008","3","40.4412","-79.9926","","11","0","0","0","0","0","0","0","0","","0","0","0","","","1","","0","","40 26:28.320","","2","79 59:33.360","4","0","0","0","2301","0","0","0","N","0","0","0","3","02301","1","","1.0","","1","N","N","","0","","0","0","0","","0","","","2","1","0","0","0","0","0","2","0","2","","","","N","","","","","","","","","",""
"2008079395","","1","0","0","0","0","0","0","0","0","4","0","","02","6","2008","5","40.414887","-80.011224","","11","0","0","0","0","0","1","0","0","","0","0","0","","","0","","5","","40 24:53.592","","0","80 00:40.408","0","0","0","0","2301","0","0","0","N","0","0","0","2","02301","0","","1.0","","9","N","N","","0","","0","0","0","","2","","","2","0","0","0","0","0","0","2","0","2","","","","N","","","","","","","","","",""
"2008079396","","0","0","0","0","0","0","0","0","0","99","0","","02","6","2008","5","40.403301","-79.991194","","11","0","0","0","0","0","0","0","0","","0","0","0","","","1","","0","","40 24:11.883","","0","79 59:28.298","8","0","0","0","2301","0","0","0","N","0","0","0","1","02301","0","","9.0","","1","N","N","","0","","0","0","0","","0","","","1","1","1","0","0","1","0","2","1","1","","","","N","","","","","","","","","",""
"2008079397","","2","0","0","0","0","0","0","0","0","5","0","","02","6","2008","6","40.394749","-80.021323","","11","0","0","0","0","0","0","0","0","1","0","0","0","","","0","","0","","40 23:41.096","4","0","80 01:16.762","0","0","0","0","2301","0","0","0","N","0","0","0","1","02301","0","","1.0","","1","N","N","","1","","0","0","0","","0","Y","","3","0","0","0","0","0","0","2","0","3","","","","N","","","","","","","","","",""