"CRN","ARRIVAL_TM","AUTOMOBILE_COUNT","BELTED_DEATH_COUNT","BELTED_SUSP_SERIOUS_INJ_COUNT","BICYCLE_COUNT","BICYCLE_DEATH_COUNT","BICYCLE_SUSP_SERIOUS_INJ_COUNT","BUS_COUNT","CHLDPAS_DEATH_COUNT","CHLDPAS_SUSP_SERIOUS_INJ_COUNT","COLLISION_TYPE","COMM_VEH_COUNT","CONS_ZONE_SPD_LIM","COUNTY","CRASH_MONTH","CRASH_YEAR","DAY_OF_WEEK","DEC_LATITUDE","DEC_LONGITUDE","DISPATCH_TM","DISTRICT","DRIVER_COUNT_16YR","DRIVER_COUNT_17YR","DRIVER_COUNT_18YR","DRIVER_COUNT_19YR","DRIVER_COUNT_20YR","DRIVER_COUNT_50_64YR","DRIVER_COUNT_65_74YR","DRIVER_COUNT_75PLUS","EST_HRS_CLOSED","FATAL_COUNT","HEAVY_TRUCK_COUNT","HORSE_BUGGY_COUNT","HOUR_OF_DAY","ILLUMINATION","INJURY_COUNT","INTERSECTION_RELATED","INTERSECT_TYPE","LANE_CLOSED","LATITUDE","LN_CLOSE_DIR","LOCATION_TYPE","LONGITUDE","MAX_SEVERITY_LEVEL","MCYCLE_DEATH_COUNT","MCYCLE_SUSP_SERIOUS_INJ_COUNT","MOTORCYCLE_COUNT","MUNICIPALITY","NONMOTR_COUNT","NONMOTR_DEATH_COUNT","NONMOTR_SUSP_SERIOUS_INJ_COUNT","NTFY_HIWY_MAINT","PED_COUNT","PED_DEATH_COUNT","PED_SUSP_SERIOUS_INJ_COUNT","PERSON_COUNT","POLICE_AGCY","POSSIBLE_INJ_COUNT","RDWY_SURF_TYPE_CD","RELATION_TO_ROAD","ROADWAY_CLEARED","ROAD_CONDITION","SCH_BUS_IND","SCH_ZONE_IND","SECONDARY_CRASH","SMALL_TRUCK_COUNT","SPEC_JURIS_CD","SUSP_MINOR_INJ_COUNT","SUSP_SERIOUS_INJ_COUNT","SUV_COUNT","TCD_FUNC_CD","TCD_TYPE","TFC_DETOUR_IND","TIME_OF_DAY","TOTAL_UNITS","TOT_INJ_COUNT","UNBELTED_OCC_COUNT","UNB_DEATH_COUNT","UNB_SUSP_SERIOUS_INJ_COUNT","UNK_INJ_DEG_COUNT","UNK_INJ_PER_COUNT","URBAN_RURAL","VAN_COUNT","VEHICLE_COUNT","WEATHER1","WEATHER2","WORKERS_PRES","WORK_ZONE_IND","WORK_ZONE_LOC","WORK_ZONE_TYPE","WZ_CLOSE_DETOUR","WZ_FLAGGER","WZ_LAW_OFFCR_IND","WZ_LN_CLOSURE","WZ_MOVING","WZ_OTHER","WZ_SHLDER_MDN","WZ_WORKERS_INJ_KILLED"
"2008080335","","1","0","0","0","0","0","0","0","0","6","0","","02","7","2008","2","40.3999","-80.0655","","11","0","0","0","0","0","1","0","0","2","0","0","0","","","0","","0","","40 23:59.640","4","0","80 03:55.800","0","0","0","0","2117","0","0","0","N","0","0","0","2","02117","0","","1.0","","1","N","N","","0","","0","0","1","","0","Y","","2","0","0","0","0","0","0","2","0","2","","","","N","","","","","","","","","",""
"2008080338","","1","0","0","0","0","0","0","0","0","7","0","","02","7","2008","3","40.5311","-79.7093","","11","0","0","0","0","0","0","0","0","","0","0","0","","","0","","0","","40 31:51.960","","0","79 42:33.480","0","0","0","0","2466","0","0","0","N","0","0","0","1","02466","0","","2.0","","1","N","N","","0","","0","0","0","","0","","","1","0","0","0","0","0","0","1","0","1","","","","N","","","","","","","","","",""
"2008080341","","2","0","0","0","0","0","0","0","0","4","0","","02","7","2008","2","40.554806","-79.964893","","11","0","0","0","0","1","0","0","0","","0","0","0","","","0","","0","","40 33:17.301","","0","79 57:53.614","0","0","0","0","2207","0","0","0","N","0","0","0","1","02207","0","","2.0","","1","N","N","","0","","0","0","0","","0","","","2","0","0","0","0","0","0","2","0","2","","","","N","","","","","","","","","",""
"2008080356","","1","0","0","0","0","0","0","0","0","1","0","","02","6","2008","6","","","","11","0","0","0","0","0","1","0","0","","0","0","0","","","0","","0","","40 25:43.68","","0","79 55:46.20","0","0","0","0","2301","0","0","0","Y","0","0","0","3","68B03","0","","1.0","","1","N","N","","0","","0","0","0","","0","","","3","0","0","0","0","0","0","2","2","3","","","","N","","","","","","","","","",""
"2008080357","","2","0","0","0","0","0","0","0","0","1","0","40","02","7","2008","5","","","","11","0","0","0","0","0","0","0","0","","0","0","0","","","1","","3","","40 35:21.12","","0","80 05:55.68","4","0","0","0","2481","0","0","0","N","0","0","0","2","68B03","1","","1.0","","1","N","N","","0","","0","0","0","","0","","","2","1","0","0","0","0","0","2","0","2","","","Y","Y","4","1","N","N","Y","Y","N","N","N",""
"2008080488","","1","0","0","0","0","0","0","0","0","4","0","","02","7","2008","3","40.4458","-79.712587","","11","0","0","1","0","0","1","0","0","","0","0","0","","","0","","0","","40 26:44.879","","7","79 42:45.314","0","0","0","0","2446","0","0","0","N","0","0","0","3","02446","0","","1.0","","1","N","N","","0","","0","0","0","","0","","","2","0","0","0","0","0","0","2","1","2","","","","N","","","","","","","","","",""
"2008080495","","0","0","0","0","0","0","0","0","0","7","0","","02","7","2008","3","40.50752","-79.763121","","11","0","0","0","0","1","0","0","0","1","0","0","0","","","0","","0","","40 30:27.073","3","0","79 45:47.234","0","0","0","0","2466","0","0","0","N","0","0","0","1","02466","0","","5.0","","1","N","Y","","1","","0","0","0","","0","Y","","1","0","0","0","0","0","0","1","0","1","","","","N","","","","","","","","","",""
"2008080496","","1","0","0","0","0","0","0","0","0","4","0","","02","7","2008","7","40.387219","-79.902307","","11","0","0","0","0","0","0","0","1","","0","0","0","","","0","","1","","40 23:13.988","","0","79 54:08.305","0","0","0","0","2448","0","0","0","N","0","0","0","2","02448","0","","1.0","","1","N","N","","0","","0","0","1","","3","","","2","0","0","0","0","0","0","2","0","2","","","","N","","","","","","","","","",""
"2008080510","","1","0","0","0","0","0","0","0","0","4","0","","02","7","2008","7","40.338544","-80.017787","","11","0","0","0","0","0","1","0","0","1","0","0","0","","","2","","1","","40 20:18.758","2","0","80 01:04.034","3","0","0","0","2407","0","0","0","N","0","0","0","4","02407","0","","1.0","","1","N","N","","0","","1","0","0","","2","N","","2","2","0","0","0","1","0","2","1","2","","","","N","","","","","","","","","",""
"2008080511","","0","0","0","0","0","0","0","0","0","7","0","","02","7","2008","7","40.292953","-80.030786","","11","0","0","0","0","0","0","0","0","","0","0","0","","","0","","0","","40 17:34.629","","3","80 01:50.829","0","0","0","0","2407","0","0","0","Y","0","0","0","1","02407","0","","2.0","","1","N","N","","1","","0","0","0","","0","","","1","0","0","0","0","0","0","2","0","1","","","","N","","","","","","","","","",""
"2008080516","","1","0","0","0","0","0","0","0","0","4","0","","02","7","2008","3","40.385398","-79.821905","","11","0","0","0","0","0","0","0","0","1","0","0","0","","","0","","0","","40 23:07.431","5","7","79 49:18.857","0","0","0","0","2111","0","0","0","N","0","0","0","2","02111","0","","1.0","","1","N","N","","0","","0","0","1","","3","N","","2","0","0","0","0","0","0","2","0","2","","","","N","","","","","","","","","",""
"2008080518","","0","0","0","0","0","0","0","0","0","0","0","","02","7","2008","6","40.264852","-79.878772","","11","0","0","0","0","0","0","0","0","2","0","0","0","","","1","","0","","40 15:53.468","2","0","79 52:43.579","4","0","0","1","2105","0","0","0","N","0","0","0","1","02105","1","","1.0","","3","N","N","","0","","0","0","0","","2","N","","1","1","0","0","0","0","0","1","0","1","","","","N","","","","","","","","","",""
"2008080526","","1","0","0","0","0","0","0","0","0","7","0","","02","7","2008","3","40.559234","-80.106504","","11","0","0","0","0","0","0","0","0","","0","0","0","","","0","","0","","40 33:33.243","","0","80 06:23.413","0","0","0","0","2215","0","0","0","N","0","0","0","1","02215","0","","3.0","","1","N","N","","0","","0","0","0","","0","","","1","0","0","0","0","0","0","2","0","1","","","","N","","","","","","","","","",""
"2008080536","","2","0","0","0","0","0","0","0","0","1","0","","02","7","2008","3","40.487882","-79.897595","","11","0","0","0","0","0","1","0","0","","0","0","0","","","1","","2","","40 29:16.376","","0","79 53:51.342","4","0","0","1","2401","0","0","0","N","0","0","0","3","02401","1","","1.0","","1","N","N","","0","","0","0","0","","2","","","3","1","0","0","0","0","0","2","0","3","","","","N","","","","","","","","","",""
"2008080540","","1","0","0","0","0","0","0","0","0","7","0","","02","7","2008","3","40.41547","-79.718008","","11","0","0","0","0","0","0","1","0","","0","0","0","","","1","","0","","40 24:55.692","","99","79 43:04.828","8","0","0","0","2446","0","0","0","N","0","0","0","1","02446","0","","5.0","","1","N","N","","0","","0","0","0","","3","","","1","1","0","0","0","1","0","2","0","1","","","","N","","","","","","","","","",""
"2008080545","","0","0","0","0","0","0","0","0","0","4","1","","02","7","2008","3","40.3389","-79.9557","","11","0","0","0","0","0","1","0","0","","0","1","0","","","1","","0","","40 20:20.040","","7","79 57:20.520","4","0","0","0","2454","0","0","0","N","0","0","0","2","02454","1","","1.0","","1","N","N","","0","","0","0","0","","2","","","2","1","0","0","0","0","0","2","1","2","","","","N","","","","","","","","","",""
"2008080548","","2","0","0","0","0","0","0","0","0","5","0","","02","7","2008","1","40.394017","-79.785901","","11","0","0","0","0","0","0","0","0","2","0","0","0","","","0","","2","","40 23:38.461","4","0","79 47:09.243","0","0","0","0","2470","0","0","0","N","0","0","0","1","02424","0","","4.0","","1","N","N","","0","","0","0","0","","0","N","","2","0","0","0","0","0","0","2","0","2","","","","N","","","","","","","","","",""
"2008080551","","1","0","0","0","0","0","0","0","0","4","1","","02","7","2008","3","40.667333","-80.096509","","11","0","0","0","0","0","2","0","0","","0","1","0","","","1","","2","","40 40:02.398","","0","80 05:47.434","3","0","0","0","2212","0","0","0","N","0","0","0","2","02505","0","","1.0","","1","N","N","","0","","1","0","0","","2","","","2","1","0","0","0","0","0","2","0","2","","","","N","","","","","","","","","",""
"2008080560","","1","0","0","0","0","0","0","0","0","4","0","","02","7","2008","1","40.3414","-79.9655","","11","0","0","0","0","0","1","0","0","1","0","0","0","","","1","","0","","40 20:29.040","1","7","79 57:55.800","4","0","0","0","2454","0","0","0","N","0","0","0","4","02454","1","","1.0","","1","N","N","","0","","0","0","0","","2","Y","","2","1","0","0","0","0","0","2","1","2","","","","N","","","","","","","","","",""
"2008080563","","1","0","0","0","0","0","0","0","0","4","0","","02","7","2008","3","40.2794","-79.9056","","11","0","0","0","0","0","0","1","0","1","0","0","0","","","0","","0","","40 16:45.840","2","0","79 54:20.160","0","0","0","0","2440","0","0","0","N","0","0","0","2","02440","0","","1.0","","1","N","N","","1","","0","0","0","","0","N","","2","0","0","0","0","0","0","2","0","2","","","","N","","","","","","","","","",""
"2008080605","","1","0","0","0","0","0","0","0","0","7","0","","02","7","2008","3","40.453","-79.9959","","11","0","0","0","0","1","0","0","0","2","0","0","0","","","0","","0","","40 27:10.800","5","0","79 59:45.240","0","0","0","0","2464","0","0","0","N","0","0","0","2","68D02","0","","3.0","","1","N","N","","0","","0","0","0","","0","N","","1","0","0","0","0","0","0","2","0","1","","","","N","","","","","","","","","",""
"2008080680","","0","0","0","0","0","0","0","0","0","0","0","","02","7","2008","5","40.403465","-80.159576","","11","0","0","0","0","0","1","0","0","1","0","0","0","","","1","","0","","40 24:12.474","5","0","80 09:34.475","8","0","0","1","2102","0","0","0","N","0","0","0","1","02102","0","","1.0","","1","N","N","","0","","0","0","0","","0","N","","1","1","0","0","0","1","0","1","0","1","","","","N","","","","","","","","","",""
"2008080682","","1","0","0","0","0","0","0","0","0","7","0","","02","7","2008","3","40.303913","-80.079985","","11","0","1","0","0","0","0","0","0","2","0","0","0","","","0","","0","","40 18:14.086","3","0","80 04:47.946","0","0","0","0","2123","0","0","0","N","0","0","0","1","02123","0","","5.0","","1","N","N","","0","","0","0","0","","0","N","","1","0","0","0","0","0","0","2","0","1","","","","N","","","","","","","","","",""
"2008080699","","1","0","0","0","0","0","0","0","0","7","0","","02","7","2008","4","40.523725","-79.833634","","11","0","0","0","0","0","0","0","0","","0","0","0","","","1","","0","","40 31:25.409","","0","79 50:01.082","4","0","0","0","2451","0","0","0","N","0","0","0","1","02451","1","","5.0","","1","N","N","","0","","0","0","0","","0","","","1","1","0","0","0","0","0","2","0","1","","","","N","","","","","","","","","",""
"2008080703","","2","0","1","0","0","0","0","0","0","4","0","","02","7","2008","1","40.638937","-79.711306","","11","0","0","0","0","0","0","0","0","3","0","0","0","","","3","","1","","40 38:20.174","7","2","79 42:40.700","2","0","0","0","2106","0","0","0","N","0","0","0","3","02501","2","","1.0","","1","N","N","","0","","0","1","0","","3","Y","","2","3","2","0","0","0","0","2","0","2","","","","N","","","","","","","","","",""
"2008080712","","2","0","0","0","0","0","0","0","0","4","0","","02","7","2008","4","40.385678","-79.834472","","11","0","0","0","0","0","0","0","0","1","0","0","0","","","2","","1","","40 23:08.440","2","0","79 50:04.099","4","0","0","0","2111","0","0","0","N","0","0","0","2","02111","2","","1.0","","1","N","N","","0","","0","0","0","","3","N","","2","2","0","0","0","0","0","2","0","2","","","","N","","","","","","","","","",""
"2008080715","","1","0","0","0","0","0","0","0","0","1","0","","02","7","2008","3","40.3413","-79.9661","","11","0","0","0","0","0","0","0","0","","0","0","0","","","1","","2","","40 20:28.680","","2","79 57:57.960","3","0","0","1","2454","0","0","0","N","0","0","0","2","02454","0","","1.0","","1","N","N","","0","","1","0","0","","3","","","2","1","0","0","0","0","0","2","0","2","","","","N","","","","","","","","","",""
"2008080724","","1","0","0","0","0","0","0","0","0","6","1","","02","7","2008","4","40.338458","-79.998714","","11","0","0","0","0","0","0","1","0","","0","0","0","","","1","","0","","40 20:18.449","","0","79 59:55.370","4","0","0","0","2403","0","0","0","N","0","0","0","2","02403","1","","1.0","","1","N","N","","1","","0","0","0","","0","","","2","1","0","0","0","0","0","2","0","2","","","","N","","","","","","","","","",""
"2008080725","","2","0","0","0","0","0","0","0","0","1","0","","02","7","2008","3","40.344213","-80.050541","","11","0","1","0","0","0","0","0","1","1","0","0","0","","","2","","0","","40 20:39.167","1","0","80 03:01.948","4","0","0","0","2407","0","0","0","N","0","0","0","4","02407","2","","1.0","","1","N","N","","1","","0","0","0","","0","N","","3","2","0","0","0","0","0","2","0","3","","","","N","","","","","","","","","",""
"2008080726","","1","0","0","0","0","0","0","0","0","4","0","","02","7","2008","2","40.575974","-80.054457","","11","0","0","1","0","0","0","0","0","","0","0","0","","","0","","0","","40 34:33.506","","0","80 03:16.046","0","0","0","0","2407","0","0","0","N","0","0","0","2","02407","0","","1.0","","1","N","N","","0","","0","0","1","","0","","","2","0","0","0","0","0","0","2","0","2","","","","N","","","","","","","","","",""
"2008080766","","1","0","0","0","0","0","0","0","0","1","0","","02","6","2008","7","","","","11","0","0","1","0","0","0","0","0","","0","0","0","","","0","","0","","40 25:50.16","","0","80 01:35.76","0","0","0","0","2301","0","0","0","N","0","0","0","3","68B03","0","","1.0","","1","N","N","","0","","0","0","2","","0","","","3","0","0","0","0","0","0","2","0","3","","","","N","","","","","","","","","",""
"2008080768","","1","0","0","0","0","0","0","0","0","1","0","","02","7","2008","4","40.526","-79.8425","","11","0","0","0","0","0","2","0","0","","0","0","0","","","2","","0","","40 31:33.600","","0","79 50:33.000","4","0","0","0","2451","0","0","0","N","0","0","0","2","02451","2","","1.0","","1","N","N","","0","","0","0","1","","2","","","2","2","0","0","0","0","0","2","0","2","","","","N","","","","","","","","","",""
"2008080773","","2","0","0","0","0","0","0","0","0","4","0","","02","7","2008","4","","","","11","0","0","0","0","0","2","0","0","1","0","0","0","","","0","","1","","","2","0","","0","0","0","0","2424","0","0","0","N","0","0","0","2","02424","0","","1.0","","1","N","N","","0","","0","0","0","","3","N","","2","0","0","0","0","0","0","1","0","2","","","","N","","","","","","","","","",""
"2008080789","","0","0","0","0","0","0","0","0","0","1","0","","02","7","2008","3","40.623778","-79.714712","","11","0","0","0","0","0","0","0","0","2","0","0","0","","","1","","0","","40 37:25.601","4","0","79 42:52.962","3","0","0","0","2106","0","0","0","N","0","0","0","3","02106","0","","1.0","","1","N","N","","2","","1","0","0","","0","Y","","2","1","0","0","0","0","0","2","0","2","","","","N","","","","","","","","","",""
"2008080790","","1","0","0","0","0","0","0","0","0","2","0","","02","7","2008","4","40.3669","-80.0141","","11","0","0","0","0","1","0","0","1","","0","0","0","","","0","","0","","40 22:00.840","","0","80 00:50.760","0","0","0","0","2416","0","0","0","N","0","0","0","5","02416","0","","1.0","","1","N","N","","1","","0","0","0","","0","","","2","0","0","0","0","0","0","2","0","2","","","","N","","","","","","","","","",""
"2008080794","","1","0","0","0","0","0","0","0","0","7","0","","02","7","2008","5","40.439719","-80.188793","","11","0","0","0","0","0","0","0","0","1","0","0","0","","","0","","0","","40 26:22.990","3","0","80 11:19.653","0","0","0","0","2214","0","0","0","N","0","0","0","2","68B03","0","","4.0","","9","N","N","","0","","0","0","0","","0","N","","1","0","0","0","0","0","0","2","0","1","","","","N","","","","","","","","","",""
"2008080795","","4","0","0","0","0","0","0","0","0","1","0","","02","7","2008","2","","","","11","0","0","0","0","0","0","0","0","2","0","0","0","","","0","","0","","40 25:47.64","4","0","79 53:04.92","0","0","0","0","2426","0","0","0","N","0","0","0","7","68B03","0","","1.0","","1","N","N","","0","","0","0","0","","0","N","","4","0","0","0","0","0","0","2","0","4","","","","N","","","","","","","","","",""
"2008080796","","1","0","0","0","0","0","0","0","0","7","0","","02","7","2008","2","","","","11","0","0","0","0","0","1","0","0","","0","0","0","","","0","","0","","40 31:03.36","","0","80 16:35.40","0","0","0","0","2203","0","0","0","Y","0","0","0","3","68B03","0","","2.0","","1","N","N","","0","","0","0","0","","0","","","1","0","0","0","0","0","0","2","0","1","","","","N","","","","","","","","","",""
"2008080797","","1","0","0","0","0","0","0","0","0","1","0","","02","7","2008","3","40.4326","-79.8651","","11","0","0","0","1","0","1","0","0","1","0","0","0","","","0","","0","","40 25:57.360","1","2","79 51:54.360","0","0","0","0","2431","0","0","0","N","0","0","0","3","68B03","0","","1.0","","1","N","N","","0","","0","0","2","","0","Y","","3","0","0","0","0","0","0","2","0","3","","","","N","","","","","","","","","",""
"2008080799","","1","0","0","0","0","0","0","0","0","2","0","","02","6","2008","3","40.313407","-79.990753","","11","0","0","0","0","0","1","0","0","1","0","0","0","","","0","","0","","40 18:48.266","4","0","79 59:26.712","0","0","0","0","2219","0","0","0","N","0","0","0","1","02219","0","","2.0","","1","N","N","","1","","0","0","0","","0","N","","2","0","0","0","0","0","0","2","0","2","","","","N","","","","","","","","","",""
"2008080812","","2","0","0","0","0","0","0","0","0","2","0","","02","7","2008","4","40.445161","-79.858535","","11","0","0","0","0","0","0","2","0","2","0","0","0","","","1","","1","","40 26:42.580","1","0","79 51:30.727","8","0","0","0","2419","0","0","0","N","0","0","0","2","02419","0","","1.0","","1","N","N","","0","","0","0","0","","2","N","","2","1","0","0","0","1","0","2","0","2","","","","N","","","","","","","","","",""
"2008080815","","1","0","0","0","0","0","0","0","0","7","0","","02","6","2008","7","40.492092","-79.873529","","11","0","0","0","0","0","0","0","0","","0","0","0","","","0","","0","","40 29:31.532","","0","79 52:24.706","9","0","0","0","2112","0","0","0","N","0","0","0","1","68D02","0","","4.0","","1","N","N","","0","","0","0","0","","0","","","1","0","0","0","0","0","1","2","0","1","","","","N","","","","","","","","","",""
"2008080895","","2","0","0","0","0","0","0","0","0","5","0","","02","7","2008","3","40.47642","-79.760319","","11","0","0","0","0","0","0","0","0","","0","0","0","","","0","","2","","40 28:35.111","","0","79 45:37.149","0","0","0","0","2466","0","0","0","N","0","0","0","4","02466","0","","2.0","","1","N","N","","0","","0","0","0","","0","","","2","0","0","0","0","0","0","2","0","2","","","","N","","","","","","","","","",""
"2008080898","","0","0","0","0","0","0","0","0","0","1","0","","02","7","2008","5","40.445915","-79.713843","","11","0","1","1","0","0","0","0","0","","0","0","0","","","0","","0","","40 26:45.295","","0","79 42:49.833","0","0","0","0","2446","0","0","0","N","0","0","0","2","02446","0","","1.0","","1","N","N","","0","","0","0","2","","0","","","2","0","0","0","0","0","0","2","0","2","","","","N","","","","","","","","","",""
"2008080899","","2","0","0","0","0","0","0","0","0","1","0","","02","7","2008","3","40.522975","-80.177734","","11","0","0","0","0","0","2","0","0","","0","0","0","","","1","","0","","40 31:22.709","","0","80 10:39.841","4","0","0","0","2213","0","0","0","N","0","0","0","2","02213","1","","1.0","","1","N","N","","0","","0","0","0","","0","","","2","1","0","0","0","0","0","2","0","2","","","","N","","","","","","","","","",""
"2008080900","","1","0","0","0","0","0","0","0","0","4","0","","02","7","2008","7","40.342719","-80.036277","","11","0","0","0","0","0","0","0","0","2","0","0","0","","","3","","2","","40 20:33.788","4","0","80 02:10.597","3","0","0","0","2407","0","0","0","N","0","0","0","5","02407","2","","1.0","","1","N","N","","1","","1","0","0","","2","N","","2","3","0","0","0","0","0","2","0","2","","","","N","","","","","","","","","",""
"2008080932","","1","0","0","0","0","0","0","0","0","7","0","","02","6","2008","6","40.491957","-80.125701","","11","0","0","0","0","0","0","0","0","","0","0","0","","","1","","0","","40 29:31.046","","0","80 07:32.523","4","0","0","0","2126","0","0","0","N","0","0","0","1","68B03","1","","2.0","","1","N","N","","0","","0","0","0","","0","","","1","1","0","0","0","0","0","2","0","1","","","","N","","","","","","","","","",""
"2008080933","","3","0","0","0","0","0","0","0","0","1","0","","02","7","2008","1","","","","11","0","0","0","0","0","0","0","0","","0","0","0","","","4","","0","","40 26:04.92","","0","79 59:11.76","3","0","0","0","2301","0","0","0","N","0","0","0","10","68B03","3","","1.0","","1","N","N","","0","","1","0","0","","0","","","3","4","0","0","0","0","0","2","0","3","","","","N","","","","","","","","","",""
"2008080934","","0","0","0","0","0","0","0","0","0","7","0","","02","7","2008","4","","","","11","0","0","0","0","1","0","0","0","","0","0","0","","","0","","0","","40 24:44.64","","0","80 04:41.16","0","0","0","0","2117","0","0","0","N","0","0","0","1","68B03","0","","2.0","","1","N","N","","1","","0","0","0","","0","","","1","0","0","0","0","0","0","2","0","1","","","","N","","","","","","","","","",""
"2008080983","","2","0","0","0","0","0","0","0","0","4","0","","02","7","2008","4","40.447698","-79.849377","","11","0","0","0","0","0","1","0","0","1","0","0","0","","","0","","2","","40 26:51.713","1","0","79 50:57.757","0","0","0","0","2419","0","0","0","N","0","0","0","3","02419","0","","1.0","","1","N","N","","0","","0","0","0","","3","N","","2","0","0","0","0","0","0","2","0","2","","","","N","","","","","","","","","",""
"2008080988","","1","0","0","0","0","0","0","0","0","7","0","","02","6","2008","1","40.327818","-79.838934","","11","0","0","0","0","0","0","0","0","2","0","0","0","","","0","","2","","40 19:40.146","4","0","79 50:20.163","9","0","0","0","2304","0","0","0","N","0","0","0","1","02304","0","","5.0","","1","N","N","","0","","0","0","0","","0","Y","","1","0","0","0","0","0","1","2","0","1","","","","N","","","","","","","","","",""
"2008080989","","1","0","0","0","0","0","0","0","0","1","0","","02","6","2008","2","40.338597","-79.838961","","11","0","0","0","0","0","0","0","0","","0","0","0","","","0","","0","","40 20:18.949","","0","79 50:20.259","0","0","0","0","2304","0","0","0","N","0","0","0","5","02304","0","","1.0","","9","N","N","","2","","0","0","0","","0","","","3","0","0","0","0","0","0","2","0","3","","","","N","","","","","","","","","",""
"2008080990","","1","0","0","0","0","0","0","0","0","1","0","","02","6","2008","6","40.353831","-79.836778","","11","0","0","0","0","0","2","0","0","","0","0","0","","","1","","0","","40 21:13.790","","7","79 50:12.401","8","0","0","0","2304","0","0","0","N","0","0","0","3","02304","0","","1.0","","1","N","N","","0","","0","0","1","","2","","","2","1","0","0","0","1","0","2","0","2","","","","N","","","","","","","","","",""
"2008080991","","0","0","0","0","0","0","0","0","0","7","0","","02","6","2008","1","40.3213","-79.8282","","11","0","0","0","0","0","0","0","0","2","0","0","0","","","1","","0","","40 19:16.680","5","0","79 49:41.520","8","0","0","0","2304","0","0","0","N","0","0","0","1","02304","0","","4.0","","1","N","N","","1","","0","0","0","","0","Y","","1","1","1","0","0","1","0","2","0","1","","","","N","","","","","","","","","",""
"2008080992","","0","0","0","0","0","0","0","0","0","5","0","","02","6","2008","1","40.3531","-79.8374","","11","0","0","0","0","0","0","0","0","1","0","0","0","","","0","","0","","40 21:11.160","3","0","79 50:14.640","0","0","0","0","2304","0","0","0","N","0","0","0","3","02304","0","","1.0","","9","N","N","","2","","0","0","0","","4","N","","2","0","0","0","0","0","0","2","0","2","","","","N","","","","","","","","","",""
"2008081000","","1","0","0","0","0","0","0","0","0","1","0","","02","6","2008","6","40.364413","-79.930939","","11","0","0","0","0","0","0","0","0","","0","0","0","","","1","","0","","40 21:51.885","","0","79 55:51.381","4","0","0","0","2473","0","0","0","N","0","0","0","2","02473","1","","1.0","","9","N","N","","0","","0","0","1","","0","","","2","1","0","0","0","0","0","2","0","2","","","","N","","","","","","","","","",""
"2008081020","","1","0","0","0","0","0","0","0","0","4","0","","02","6","2008","7","40.450499","-79.927503","","11","0","0","0","0","0","1","0","0","9","0","0","0","","","0","","2","","40 27:01.796","3","0","79 55:39.010","0","0","0","0","2301","0","0","0","N","0","0","0","3","02301","0","","1.0","","9","N","N","","0","","0","0","1","","2","N","","3","0","0","0","0","0","0","2","1","3","","","","N","","","","","","","","","",""
"2008081021","","1","0","0","0","0","0","0","0","0","4","0","","02","7","2008","5","40.454021","-79.951931","","11","0","0","0","0","0","0","0","0","2","0","0","0","","","2","","1","","40 27:14.477","4","0","79 57:06.950","4","0","0","0","2301","0","0","0","N","0","0","0","3","02301","2","","1.0","","1","N","N","","0","","0","0","1","","2","N","","2","2","0","0","0","0","0","2","0","2","","","","N","","","","","","","","","",""
"2008081032","","0","0","0","0","0","0","0","0","0","0","0","","02","6","2008","6","40.5332","-79.9221","","11","0","0","0","0","0","0","0","0","","0","0","0","","","1","","0","","40 31:59.520","","0","79 55:19.560","3","0","0","0","2112","0","0","0","N","0","0","0","1","02112","0","","1.0","","9","N","N","","1","","1","0","0","","0","","","1","1","0","0","0","0","0","2","0","1","","","","N","","","","","","","","","",""
"2008081033","","0","0","0","0","0","0","0","0","0","8","0","","02","6","2008","5","40.348765","-79.838342","","11","0","0","0","0","0","0","0","0","","0","0","0","","","1","","0","","40 20:55.554","","0","79 50:18.031","8","0","0","0","2304","1","0","0","N","1","0","0","2","02304","0","","1.0","","1","N","N","","0","","0","0","1","","0","","","2","1","0","0","0","1","0","2","0","1","","","","N","","","","","","","","","",""
"2008081038","","0","0","0","0","0","0","0","0","0","7","0","","02","6","2008","4","40.372427","-80.12922","","11","0","0","0","0","0","0","0","0","2","0","0","0","","","0","","0","","40 22:20.737","3","0","80 07:45.192","0","0","0","0","2102","0","0","0","N","0","0","0","1","02102","0","","5.0","","1","N","N","","0","","0","0","1","","0","N","","1","0","0","0","0","0","0","2","0","1","","","","N","","","","","","","","","",""
"2008081045","","2","0","0","0","0","0","0","0","0","1","0","","02","5","2008","6","40.4021","-79.776","","11","0","0","0","0","0","0","0","0","","0","0","0","","","2","","0","","40 24:07.560","","0","79 46:33.600","4","0","0","0","2453","0","0","0","N","0","0","0","3","02453","2","","1.0","","1","N","N","","0","","0","0","0","","2","","","2","2","2","0","0","0","0","2","0","2","","","","N","","","","","","","","","",""
"2008081046","","1","0","0","0","0","0","0","0","0","1","0","","02","1","2008","6","40.401815","-79.774563","","11","0","0","0","0","0","2","0","0","","0","0","0","","","0","","0","","40 24:06.534","","0","79 46:28.428","0","0","0","0","2453","0","0","0","N","0","0","0","2","02453","0","","1.0","","9","N","N","","1","","0","0","0","","0","","","2","0","0","0","0","0","0","2","0","2","","","","N","","","","","","","","","",""