"CRN","ARRIVAL_TM","AUTOMOBILE_COUNT","BELTED_DEATH_COUNT","BELTED_SUSP_SERIOUS_INJ_COUNT","BICYCLE_COUNT","BICYCLE_DEATH_COUNT","BICYCLE_SUSP_SERIOUS_INJ_COUNT","BUS_COUNT","CHLDPAS_DEATH_COUNT","CHLDPAS_SUSP_SERIOUS_INJ_COUNT","COLLISION_TYPE","COMM_VEH_COUNT","CONS_ZONE_SPD_LIM","COUNTY","CRASH_MONTH","CRASH_YEAR","DAY_OF_WEEK","DEC_LATITUDE","DEC_LONGITUDE","DISPATCH_TM","DISTRICT","DRIVER_COUNT_16YR","DRIVER_COUNT_17YR","DRIVER_COUNT_18YR","DRIVER_COUNT_19YR","DRIVER_COUNT_20YR","DRIVER_COUNT_50_64YR","DRIVER_COUNT_65_74YR","DRIVER_COUNT_75PLUS","EST_HRS_CLOSED","FATAL_COUNT","HEAVY_TRUCK_COUNT","HORSE_BUGGY_COUNT","HOUR_OF_DAY","ILLUMINATION","INJURY_COUNT","INTERSECTION_RELATED","INTERSECT_TYPE","LANE_CLOSED","LATITUDE","LN_CLOSE_DIR","LOCATION_TYPE","LONGITUDE","MAX_SEVERITY_LEVEL","MCYCLE_DEATH_COUNT","MCYCLE_SUSP_SERIOUS_INJ_COUNT","MOTORCYCLE_COUNT","MUNICIPALITY","NONMOTR_COUNT","NONMOTR_DEATH_COUNT","NONMOTR_SUSP_SERIOUS_INJ_COUNT","NTFY_HIWY_MAINT","PED_COUNT","PED_DEATH_COUNT","PED_SUSP_SERIOUS_INJ_COUNT","PERSON_COUNT","POLICE_AGCY","POSSIBLE_INJ_COUNT","RDWY_SURF_TYPE_CD","RELATION_TO_ROAD","ROADWAY_CLEARED","ROAD_CONDITION","SCH_BUS_IND","SCH_ZONE_IND","SECONDARY_CRASH","SMALL_TRUCK_COUNT","SPEC_JURIS_CD","SUSP_MINOR_INJ_COUNT","SUSP_SERIOUS_INJ_COUNT","SUV_COUNT","TCD_FUNC_CD","TCD_TYPE","TFC_DETOUR_IND","TIME_OF_DAY","TOTAL_UNITS","TOT_INJ_COUNT","UNBELTED_OCC_COUNT","UNB_DEATH_COUNT","UNB_SUSP_SERIOUS_INJ_COUNT","UNK_INJ_DEG_COUNT","UNK_INJ_PER_COUNT","URBAN_RURAL","VAN_COUNT","VEHICLE_COUNT","WEATHER1","WEATHER2","WORKERS_PRES","WORK_ZONE_IND","WORK_ZONE_LOC","WORK_ZONE_TYPE","WZ_CLOSE_DETOUR","WZ_FLAGGER","WZ_LAW_OFFCR_IND","WZ_LN_CLOSURE","WZ_MOVING","WZ_OTHER","WZ_SHLDER_MDN","WZ_WORKERS_INJ_KILLED"
"2008084600","","0","0","0","0","0","0","0","0","0","99","0","","02","7","2008","4","","","","11","0","0","0","0","0","0","0","0","","0","0","0","","","1","","0","","40 26:31.20","","0","79 47:40.92","8","0","0","0","2446","0","0","0","N","0","0","0","1","68B03","0","","4.0","","1","N","N","","1","","0","0","0","","0","","","1","1","0","0","0","1","0","2","0","1","","","","N","","","","","","","","","",""
"2008084601","","3","0","0","0","0","0","0","0","0","1","0","","02","7","2008","5","","","","11","0","0","0","0","0","1","0","0","2","0","0","0","","","3","","6","","40 25:36.48","3","2","79 53:31.20","4","0","0","0","2426","0","0","0","N","0","0","0","4","68B03","3","","1.0","","1","N","N","","0","","0","0","0","","0","N","","3","3","0","0","0","0","0","2","0","3","","","","N","","","","","","","","","",""
"2008084641","","2","0","0","0","0","0","0","0","0","5","0","","02","7","2008","7","40.501288","-80.020248","","11","0","0","0","0","0","0","0","0","","0","0","0","","","0","","0","","40 30:04.636","","0","80 01:12.892","0","0","0","0","2116","0","0","0","N","0","0","0","2","02116","0","","1.0","","1","N","N","","0","","0","0","0","","0","","","2","0","0","0","0","0","0","2","0","2","","","","N","","","","","","","","","",""
"2008084645","","2","0","0","0","0","0","0","0","0","1","0","","02","7","2008","7","40.3235","-79.7877","","11","0","0","0","0","0","0","0","0","","0","0","0","","","0","","0","","40 19:24.600","","0","79 47:15.720","0","0","0","0","2477","0","0","0","N","0","0","0","2","02477","0","","1.0","","1","N","N","","0","","0","0","0","","0","","","2","0","0","0","0","0","0","2","0","2","","","","N","","","","","","","","","",""
"2008084647","","1","0","0","0","0","0","0","0","0","4","0","","02","7","2008","6","40.370263","-80.100721","","11","0","0","0","0","0","1","0","0","2","0","0","0","","","2","","5","","40 22:12.945","2","0","80 06:02.596","8","0","0","0","2102","0","0","0","N","0","0","0","3","02102","0","","1.0","","1","N","N","","1","","0","0","0","","2","N","","2","2","1","0","0","2","0","2","0","2","","","","N","","","","","","","","","",""
"2008084653","","0","0","0","0","0","0","1","0","0","5","1","","02","7","2008","5","40.457214","-80.029404","","11","0","0","0","0","0","1","0","0","","0","0","0","","","0","","1","","40 27:25.972","","0","80 01:45.856","0","0","0","1","2301","0","0","0","N","0","0","0","4","02503","0","","1.0","","1","N","N","","0","","0","0","0","","0","","","2","0","0","0","0","0","0","2","0","2","","","","N","","","","","","","","","",""
"2008084668","","2","0","0","0","0","0","0","0","0","1","0","","02","7","2008","7","40.5288","-79.8024","","11","0","0","0","0","0","0","1","0","1","0","0","0","","","0","","0","","40 31:43.680","3","0","79 48:08.640","0","0","0","0","2466","0","0","0","N","0","0","0","2","02466","0","","1.0","","1","N","N","","0","","0","0","0","","0","N","","2","0","0","0","0","0","0","1","0","2","","","","N","","","","","","","","","",""
"2008084671","","1","0","0","0","0","0","0","0","0","2","0","","02","7","2008","7","40.44811","-79.709521","","11","0","0","1","0","0","0","0","0","1","0","0","0","","","1","","1","","40 26:53.195","1","0","79 42:34.276","8","0","0","0","2466","0","0","0","N","0","0","0","2","02466","0","","1.0","","1","N","N","","1","","0","0","0","","3","Y","","2","1","0","0","0","1","0","2","0","2","","","","N","","","","","","","","","",""
"2008084675","","0","0","0","0","0","0","0","0","0","7","0","","02","7","2008","5","40.655068","-80.014812","","11","0","0","0","0","0","0","0","0","","0","0","0","","","1","","0","","40 39:18.244","","0","80 00:53.323","3","0","0","0","2216","0","0","0","N","0","0","0","1","02505","0","","5.0","","1","N","N","","1","","1","0","0","","0","","","1","1","0","0","0","0","0","2","0","1","","","","N","","","","","","","","","",""
"2008084676","","1","0","0","0","0","0","0","0","0","7","0","","02","7","2008","7","40.3951","-80.1306","","11","0","0","0","0","0","0","0","0","3","0","0","0","","","0","","0","","40 23:42.360","2","0","80 07:50.160","0","0","0","0","2102","0","0","0","N","0","0","0","2","02102","0","","5.0","","1","N","N","","0","","0","0","0","","0","Y","","1","0","0","0","0","0","0","2","0","1","","","","N","","","","","","","","","",""
"2008084677","","2","0","0","0","0","0","0","0","0","4","0","","02","7","2008","7","40.381","-79.812","","11","0","0","0","0","0","0","0","0","1","0","0","0","","","1","","0","","40 22:51.600","2","0","79 48:43.200","4","0","0","0","2424","0","0","0","N","0","0","0","4","02424","1","","1.0","","1","N","N","","0","","0","0","0","","0","Y","","2","1","0","0","0","0","0","2","0","2","","","","N","","","","","","","","","",""
"2008084685","","1","0","0","0","0","0","0","0","0","1","0","","02","7","2008","5","40.4908","-79.8864","","11","0","0","0","0","0","1","0","0","","0","0","0","","","0","","0","","40 29:26.880","","2","79 53:11.040","0","0","0","0","2112","0","0","0","N","0","0","0","2","68D02","0","","1.0","","1","N","N","","0","","0","0","1","","4","","","2","0","0","0","0","0","0","2","0","2","","","","N","","","","","","","","","",""
"2008084701","","1","0","0","0","0","0","0","0","0","2","0","","02","7","2008","7","40.4958","-80.0669","","11","1","0","0","0","0","0","1","0","1","0","0","0","","","2","","0","","40 29:44.880","5","0","80 04:00.840","8","0","0","0","2402","0","0","0","N","0","0","0","3","02402","0","","1.0","","1","N","N","","0","","0","0","1","","2","N","","2","2","0","0","0","2","0","2","0","2","","","","N","","","","","","","","","",""
"2008084715","","2","0","0","0","0","0","0","0","0","1","0","","02","7","2008","1","40.4727","-80.2222","","11","0","1","0","0","0","0","0","0","","0","0","0","","","0","","0","","40 28:21.720","","0","80 13:19.920","9","0","0","0","2203","0","0","0","N","0","0","0","2","02203","0","","1.0","","1","N","N","","0","","0","0","0","","0","","","2","0","0","0","0","0","1","2","0","2","","","","N","","","","","","","","","",""
"2008084718","","1","0","0","0","0","0","0","0","0","7","0","","02","7","2008","7","40.5161","-80.2716","","11","0","1","0","0","0","0","0","0","","0","0","0","","","1","","0","","40 30:57.960","","0","80 16:17.760","4","0","0","0","2203","0","0","0","Y","0","0","0","2","02203","1","","3.0","","1","N","N","","0","","0","0","0","","0","","","1","1","0","0","0","0","0","2","0","1","","","","N","","","","","","","","","",""
"2008084739","","1","0","0","0","0","0","0","0","0","4","0","","02","7","2008","6","40.438833","-79.765292","","11","0","1","0","0","0","0","0","0","1","0","0","0","","","0","","0","","40 26:19.800","3","0","79 45:55.050","0","0","0","0","2446","0","0","0","N","0","0","0","3","02446","0","","1.0","","1","N","N","","1","","0","0","0","","0","N","","2","0","0","0","0","0","0","2","0","2","","","","N","","","","","","","","","",""
"2008084748","","2","0","0","0","0","0","0","0","0","4","0","","02","7","2008","1","40.5085","-79.9905","","11","0","0","1","0","0","0","0","1","","0","0","0","","","0","","0","","40 30:30.600","","0","79 59:25.800","0","0","0","0","2118","0","0","0","N","0","0","0","2","02118","0","","1.0","","1","N","N","","0","","0","0","0","","0","","","2","0","0","0","0","0","0","2","0","2","","","","N","","","","","","","","","",""
"2008084750","","1","0","0","0","0","0","0","0","0","7","0","","02","7","2008","4","40.649624","-79.934233","","11","0","1","0","0","0","0","0","0","","0","0","0","","","1","","0","","40 38:58.646","","0","79 56:03.237","4","0","0","0","2217","0","0","0","N","0","0","0","1","02505","1","","5.0","","9","N","N","","0","","0","0","0","","0","","","1","1","0","0","0","0","0","2","0","1","","","","N","","","","","","","","","",""
"2008084757","","0","0","0","0","0","0","0","0","0","1","0","","02","7","2008","7","40.517563","-79.843163","","11","0","0","0","0","0","0","0","0","","0","0","0","","","1","","10","","40 31:03.228","","0","79 50:35.388","4","0","0","0","2451","0","0","0","N","0","0","0","3","02451","1","","1.0","","1","N","N","","1","","0","0","1","","0","","","2","1","0","0","0","0","0","2","0","2","","","","N","","","","","","","","","",""
"2008084759","","1","0","0","0","0","0","0","0","0","4","0","","02","7","2008","7","40.642197","-79.938393","","11","0","0","0","0","0","1","0","0","2","0","0","0","","","0","","1","","40 38:31.910","1","0","79 56:18.213","0","0","0","0","2217","0","0","0","N","0","0","0","4","02505","0","","1.0","","1","N","N","","0","","0","0","1","","2","N","","2","0","0","0","0","0","0","2","0","2","","","","N","","","","","","","","","",""
"2008084764","","1","0","0","0","0","0","0","0","0","4","0","","02","7","2008","1","40.491826","-80.061374","","11","0","0","0","0","0","0","0","0","2","0","0","0","","","1","","0","","40 29:30.573","1","0","80 03:40.948","4","0","0","0","2404","0","0","0","N","0","0","0","2","02404","1","","1.0","","1","N","N","","0","","0","0","1","","0","N","","2","1","0","0","0","0","0","2","0","2","","","","N","","","","","","","","","",""
"2008084775","","2","0","0","0","0","0","0","0","0","2","0","","02","7","2008","1","40.383866","-79.859627","","11","0","0","0","0","0","0","0","0","","0","0","0","","","0","","2","","40 23:01.918","","0","79 51:34.656","0","0","0","0","2303","0","0","0","N","0","0","0","2","02303","0","","1.0","","1","N","N","","0","","0","0","0","","3","","","2","0","0","0","0","0","0","2","0","2","","","","N","","","","","","","","","",""
"2008084778","","1","0","0","0","0","0","0","0","0","4","0","","02","7","2008","5","40.5355","-80.036","","11","0","0","0","0","0","2","0","0","2","0","0","0","","","0","","0","","40 32:07.800","1","7","80 02:09.600","0","0","0","0","2216","0","0","0","N","0","0","0","3","02505","0","","1.0","","1","N","N","","0","","0","0","1","","2","Y","","2","0","0","0","0","0","0","2","0","2","","","","N","","","","","","","","","",""
"2008084785","","1","0","0","0","0","0","0","0","0","7","0","","02","7","2008","1","40.482945","-79.776524","","11","0","0","0","0","0","0","0","0","","0","0","0","","","1","","0","","40 28:58.602","","0","79 46:35.486","4","0","0","0","2466","0","0","0","N","0","0","0","1","02466","1","","5.0","","1","N","N","","0","","0","0","0","","0","","","1","1","0","0","0","0","0","2","0","1","","","","N","","","","","","","","","",""
"2008084791","","1","0","0","0","0","0","0","0","0","7","0","","02","7","2008","1","40.286519","-80.019201","","11","0","0","0","0","0","0","0","0","","0","0","0","","","0","","0","","40 17:11.468","","0","80 01:09.122","0","0","0","0","2219","0","0","0","N","0","0","0","1","02219","0","","5.0","","1","N","N","","0","","0","0","0","","0","","","1","0","0","0","0","0","0","2","0","1","","","","N","","","","","","","","","",""
"2008084797","","1","0","0","0","0","0","0","0","0","7","0","","02","7","2008","7","40.2771","-79.8374","","11","0","0","0","0","0","0","0","0","","0","0","0","","","0","","0","","40 16:37.560","","0","79 50:14.640","0","0","0","0","2105","0","0","0","N","0","0","0","2","02105","0","","5.0","","1","N","N","","0","","0","0","0","","0","","","1","0","0","0","0","0","0","2","0","1","","","","N","","","","","","","","","",""
"2008084799","","2","0","0","0","0","0","0","0","0","4","0","","02","7","2008","7","40.382938","-79.857483","","11","0","0","1","0","0","0","1","0","1","0","0","0","","","1","","1","","40 22:58.576","2","0","79 51:26.939","4","0","0","0","2303","0","0","0","N","0","0","0","3","02303","1","","1.0","","1","N","N","","0","","0","0","0","","2","Y","","2","1","0","0","0","0","0","2","0","2","","","","N","","","","","","","","","",""
"2008084843","","0","0","0","0","0","0","0","0","0","6","0","","02","7","2008","2","40.62282","-80.091675","","11","0","0","0","0","0","2","0","0","","0","0","0","","","2","","0","","40 37:22.152","","0","80 05:30.030","8","0","0","0","2212","0","0","0","N","0","0","0","2","02505","0","","1.0","","1","N","N","","0","","0","0","2","","0","","","2","2","0","0","0","2","0","2","0","2","","","","N","","","","","","","","","",""
"2008084844","","0","0","0","0","0","0","0","0","0","0","0","","02","7","2008","6","40.6499","-80.0089","","11","0","0","0","0","0","1","0","0","1","0","0","0","","","1","","0","","40 38:59.640","1","0","80 00:32.040","3","0","0","1","2216","0","0","0","N","0","0","0","1","02505","0","","1.0","","1","N","N","","0","","1","0","0","","0","N","","1","1","0","0","0","0","0","1","0","1","","","","N","","","","","","","","","",""
"2008084851","","1","0","0","0","0","0","0","0","0","7","0","","02","7","2008","1","40.656","-79.9541","","11","0","0","0","0","1","0","0","0","","0","0","0","","","0","","0","","40 39:21.600","","0","79 57:14.760","0","0","0","0","2217","0","0","0","N","0","0","0","1","02505","0","","5.0","","1","N","N","","0","","0","0","0","","0","","","1","0","0","0","0","0","0","2","0","1","","","","N","","","","","","","","","",""
"2008084855","","0","0","0","0","0","0","0","0","0","7","0","","02","7","2008","7","40.478139","-79.735391","","11","0","0","0","0","0","0","0","0","2","0","0","0","","","1","","0","","40 28:41.302","6","0","79 44:07.408","8","0","0","0","2466","0","0","0","N","0","0","0","1","02466","0","","5.0","","1","N","N","","0","","0","0","0","","0","Y","","1","1","0","0","0","1","0","2","1","1","","","","N","","","","","","","","","",""
"2008084871","","1","0","0","0","0","0","0","0","0","7","0","","02","7","2008","7","40.373734","-79.844768","","11","0","0","0","0","0","0","0","0","","0","0","0","","","0","","1","","40 22:25.442","","99","79 50:41.166","0","0","0","0","2303","0","0","0","N","0","0","0","1","02303","0","","5.0","","1","N","N","","0","","0","0","0","","2","","","1","0","0","0","0","0","0","2","0","1","","","","N","","","","","","","","","",""
"2008084876","","0","0","0","0","0","0","0","0","0","0","0","","02","7","2008","2","40.537846","-79.949324","","11","0","0","0","0","0","0","1","0","","0","0","0","","","1","","0","","40 32:16.245","","0","79 56:57.566","8","0","0","1","2118","0","0","0","N","0","0","0","1","02118","0","","1.0","","3","N","N","","0","","0","0","0","","0","","","1","1","0","0","0","1","0","2","0","1","","","","N","","","","","","","","","",""
"2008084895","","2","0","0","0","0","0","0","0","0","1","0","","02","7","2008","2","40.3815","-80.0442","","11","0","0","0","0","0","0","0","0","2","0","0","0","","","1","","0","","40 22:53.400","1","0","80 02:39.120","8","0","0","0","2109","0","0","0","N","0","0","0","7","02109","0","","1.0","","1","N","N","","0","","0","0","1","","0","N","","3","1","0","0","0","1","0","2","0","3","","","","N","","","","","","","","","",""
"2008084896","","3","0","0","0","0","0","0","0","0","4","0","","02","7","2008","5","40.5001","-80.2193","","11","0","0","0","0","0","2","0","0","1","0","0","0","","","1","","1","","40 30:00.360","1","0","80 13:09.480","4","0","0","0","2213","0","0","0","N","0","0","0","4","02213","1","","1.0","","1","N","N","","0","","0","0","0","","2","N","","3","1","0","0","0","0","0","2","0","3","","","","N","","","","","","","","","",""
"2008084897","","2","0","0","0","0","0","0","0","0","5","0","","02","7","2008","7","40.615958","-80.093195","","11","0","0","0","0","1","0","1","0","","0","0","0","","","0","","2","","40 36:57.447","","0","80 05:35.502","0","0","0","0","2481","0","0","0","N","0","0","0","4","02481","0","","1.0","","1","N","N","","0","","0","0","0","","2","","","2","0","0","0","0","0","0","2","0","2","","","","N","","","","","","","","","",""
"2008084925","","1","0","0","0","0","0","0","0","0","5","0","","02","7","2008","4","","","","11","0","0","0","0","0","1","0","0","1","0","0","0","","","1","","2","","","5","0","","3","0","0","1","2116","0","0","0","N","0","0","0","2","02116","0","","1.0","","1","N","N","","0","","1","0","0","","3","N","","2","1","0","0","0","0","0","1","0","2","","","","N","","","","","","","","","",""
"2008084968","","1","0","0","0","0","0","0","0","0","5","1","","02","7","2008","4","40.3313","-80.1386","","11","0","0","0","0","0","0","0","0","","0","1","0","","","0","","0","","40 19:52.680","","0","80 08:18.960","0","0","0","0","2119","0","0","0","N","0","0","0","3","68B01","0","","1.0","","1","N","N","","0","","0","0","0","","0","","","2","0","0","0","0","0","0","2","0","2","","","","N","","","","","","","","","",""
"2008084969","","1","0","0","0","0","0","0","0","0","1","0","","02","7","2008","4","","","","11","0","0","0","0","0","0","0","0","","0","0","0","","","0","","0","","40 26:02.76","","0","79 59:43.80","0","0","0","0","2301","0","0","0","N","0","0","0","1","68B04","0","","1.0","","1","N","N","","1","","0","0","0","","0","","","2","0","0","0","0","0","0","2","0","2","","","","N","","","","","","","","","",""
"2008084991","","1","0","0","0","0","0","0","0","0","7","0","45","02","7","2008","6","40.5355","-79.8452","","11","0","0","0","0","0","0","0","0","","0","0","0","","","0","","0","","40 32:07.800","","0","79 50:42.720","0","0","0","0","2208","0","0","0","N","0","0","0","3","68D02","0","","1.0","","1","N","N","","0","","0","0","0","","8","","","1","0","0","0","0","0","0","2","0","1","","","N","Y","4","1","N","N","N","N","N","N","Y",""
"2008085175","","1","0","0","0","0","0","0","0","0","7","0","","02","7","2008","6","40.5926","-79.8914","","11","0","0","0","0","0","0","0","0","","0","0","0","","","0","","0","","40 35:33.360","","0","79 53:29.040","0","0","0","0","2209","0","0","0","N","0","0","0","3","68T02","0","","1.0","","1","N","N","","0","","0","0","0","","0","","","1","0","0","0","0","0","0","1","0","1","","","","N","","","","","","","","","",""
"2008085190","","0","0","0","0","0","0","0","0","0","4","0","","02","6","2008","2","40.60871","-80.052671","","11","0","0","0","0","0","0","0","0","","0","0","0","","","0","","0","","40 36:31.355","","0","80 03:09.617","0","0","0","0","2108","0","0","0","N","0","0","0","3","02108","0","","1.0","","9","N","N","","1","","0","0","0","","0","","","2","0","0","0","0","0","0","2","1","2","","","","N","","","","","","","","","",""
"2008085223","","1","0","0","0","0","0","0","0","0","5","0","","02","7","2008","6","40.484546","-80.035885","","11","0","0","0","0","0","1","0","0","","0","0","0","","","0","","0","","40 29:04.365","","0","80 02:09.186","0","0","0","0","2301","0","0","0","N","0","0","0","4","02301","0","","2.0","","1","N","N","","0","","0","0","0","","2","","","2","0","0","0","0","0","0","2","1","2","","","","N","","","","","","","","","",""
"2008085230","","0","0","0","0","0","0","0","0","0","4","0","","02","7","2008","7","40.432124","-80.003994","","11","0","0","0","0","0","0","0","0","2","0","0","0","","","8","","2","","40 25:55.646","7","7","80 00:14.378","2","0","0","0","2301","0","0","0","N","0","0","0","10","02301","0","","1.0","","1","N","N","","0","","2","5","2","","2","Y","","2","8","0","0","0","1","0","2","0","2","","","","N","","","","","","","","","",""
"2008085235","","0","0","0","0","0","0","0","0","0","1","0","","02","7","2008","3","40.450015","-79.984028","","11","0","0","0","0","0","0","0","0","","0","0","0","","","0","","0","","40 27:00.054","","0","79 59:02.500","0","0","0","0","2301","0","0","0","N","0","0","0","2","02301","0","","1.0","","1","N","N","","0","","0","0","1","","0","","","2","0","0","0","0","0","0","2","1","2","","","","N","","","","","","","","","",""
"2008085262","","2","0","0","0","0","0","0","0","0","1","0","","02","7","2008","7","40.471767","-79.973477","","11","0","0","0","0","0","0","0","0","","0","0","0","","","0","","0","","40 28:18.362","","0","79 58:24.518","9","0","0","0","2445","0","0","0","N","0","0","0","5","02445","0","","1.0","","1","N","N","","0","","0","0","1","","0","","","3","0","0","0","0","0","1","2","0","3","","","","N","","","","","","","","","",""
"2008085264","","2","0","0","0","0","0","0","0","0","4","0","","02","7","2008","6","40.550471","-80.019388","","11","0","0","0","0","0","0","0","0","1","0","0","0","","","1","","1","","40 33:01.697","2","0","80 01:09.795","4","0","0","0","2116","0","0","0","N","0","0","0","2","02116","1","","1.0","","1","N","N","","0","","0","0","0","","2","N","","2","1","0","0","0","0","0","2","0","2","","","","N","","","","","","","","","",""
"2008085267","","2","0","0","0","0","0","0","0","0","1","0","","02","7","2008","3","40.497673","-80.069758","","11","0","0","0","0","0","0","0","0","1","0","0","0","","","1","","2","","40 29:51.623","2","0","80 04:11.130","8","0","0","0","2402","0","0","0","N","0","0","0","3","02402","0","","1.0","","1","N","N","","0","","0","0","0","","0","Y","","2","1","0","0","0","1","0","2","0","2","","","","N","","","","","","","","","",""
"2008085268","","0","0","0","0","0","0","0","0","0","8","0","","02","7","2008","6","40.222","-79.8488","","11","0","0","0","0","0","1","0","0","","0","0","0","","","1","","0","","40 13:19.200","","0","79 50:55.680","2","0","0","0","2204","1","0","1","N","1","0","1","2","02204","0","","1.0","","1","N","N","","0","","0","1","1","","0","","","2","1","0","0","0","0","0","2","0","1","","","","N","","","","","","","","","",""
"2008085275","","1","0","1","0","0","0","0","0","0","2","0","","02","7","2008","2","40.480183","-79.837504","","11","0","0","0","0","0","0","0","0","2","0","0","0","","","4","","2","","40 28:48.657","6","0","79 50:15.014","2","0","0","0","2113","0","0","0","N","0","0","0","4","02113","3","","1.0","","1","N","N","","0","","0","1","0","","0","Y","","2","4","0","0","0","0","0","2","1","2","","","","N","","","","","","","","","",""
"2008085351","","2","0","0","0","0","0","0","0","0","4","0","","02","6","2008","4","40.609478","-80.053046","","11","0","0","0","0","0","0","0","1","","0","0","0","","","0","","0","","40 36:34.119","","0","80 03:10.966","0","0","0","0","2108","0","0","0","N","0","0","0","2","02108","0","","1.0","","1","N","N","","0","","0","0","0","","0","","","2","0","0","0","0","0","0","2","0","2","","","","N","","","","","","","","","",""
"2008085356","","1","0","0","0","0","0","0","0","0","8","0","","02","7","2008","4","40.4288","-79.7175","","11","0","0","0","0","0","0","0","0","","0","0","0","","","1","","0","","40 25:43.680","","0","79 43:03.000","4","0","0","0","2446","1","0","0","N","1","0","0","2","02446","1","","1.0","","1","N","N","","0","","0","0","0","","0","","","2","1","0","0","0","0","0","2","0","1","","","","N","","","","","","","","","",""
"2008085378","","0","0","0","0","0","0","0","0","0","7","0","","02","6","2008","5","40.3613","-79.8125","","11","0","0","0","0","0","0","0","0","1","0","0","0","","","1","","0","","40 21:40.680","6","0","79 48:45.000","8","0","0","0","2477","0","0","0","N","0","0","0","1","02477","0","","2.0","","1","N","N","","0","","0","0","1","","0","Y","","1","1","0","0","0","1","0","2","0","1","","","","N","","","","","","","","","",""
"2008085379","","0","0","0","0","0","0","0","0","0","4","0","","02","7","2008","5","40.3239","-79.7819","","11","0","0","0","0","0","1","0","0","1","0","0","0","","","3","","0","","40 19:26.040","6","0","79 46:54.840","8","0","0","0","2477","0","0","0","N","0","0","0","4","02477","0","","1.0","","1","N","N","","0","","0","0","1","","0","Y","","3","3","1","0","0","3","0","2","2","3","","","","N","","","","","","","","","",""
"2008085391","","3","0","0","0","0","0","0","0","0","1","0","45","02","7","2008","1","","","","11","0","0","0","0","0","0","0","0","2","0","0","0","","","0","","0","","40 25:58.44","3","0","79 52:13.44","0","0","0","0","2478","0","0","0","N","0","0","0","4","68B03","0","","1.0","","1","N","N","","0","","0","0","0","","8","N","","3","0","0","0","0","0","0","2","0","3","","","Y","Y","4","1","N","N","N","Y","N","N","N",""
"2008085392","","1","0","0","0","0","0","0","0","0","7","0","","02","7","2008","1","","","","11","0","0","1","0","0","0","0","0","","0","0","0","","","0","","0","","40 26:39.48","","0","79 46:34.68","0","0","0","0","2446","0","0","0","Y","0","0","0","1","68B03","0","","2.0","","9","N","N","","0","","0","0","0","","0","","","1","0","0","0","0","0","0","2","0","1","","","","N","","","","","","","","","",""
"2008085458","","1","0","0","0","0","0","0","0","0","5","0","","02","7","2008","7","40.4182","-79.732","1110","11","0","0","0","0","0","1","1","0","","0","0","0","","","0","","0","","40 25:05.520","","0","79 43:55.200","0","0","0","0","2446","0","0","0","N","0","0","0","4","68T09","0","","1.0","","1","N","N","","1","","0","0","0","","0","","","2","0","0","0","0","0","0","2","0","2","","","","N","","","","","","","","","",""
"2008085461","","1","0","0","0","0","0","0","0","0","1","0","","02","7","2008","3","40.539","-79.8286","1333","11","0","0","0","0","0","1","0","0","","0","0","0","","","0","","0","","40 32:20.400","","0","79 49:42.960","0","0","0","0","2208","0","0","0","N","0","0","0","2","02208","0","","1.0","","1","N","N","","1","","0","0","0","","0","","","2","0","0","0","0","0","0","2","0","2","","","","N","","","","","","","","","",""
"2008085465","","1","0","0","0","0","0","0","0","0","4","0","","02","7","2008","7","40.486096","-79.96641","1851","11","0","0","1","0","0","0","0","0","2","0","0","0","","","1","","2","","40 29:09.945","5","0","79 57:59.076","3","0","0","0","2118","0","0","0","N","0","0","0","2","02118","0","","1.0","","1","N","N","","0","","1","0","1","","0","N","","2","1","0","0","0","0","0","2","0","2","","","","N","","","","","","","","","",""
"2008085466","","1","0","0","0","0","0","0","0","0","7","0","","02","7","2008","2","40.531073","-79.965387","1420","11","0","0","0","0","0","0","0","1","","0","0","0","","","0","","0","","40 31:51.862","","0","79 57:55.393","0","0","0","0","2118","0","0","0","N","0","0","0","1","02118","0","","2.0","","1","N","N","","0","","0","0","0","","0","","","1","0","0","0","0","0","0","2","0","1","","","","N","","","","","","","","","",""
"2008085471","","0","0","0","0","0","0","1","0","0","5","1","","02","7","2008","2","40.454029","-79.912399","1057","11","0","0","0","0","0","1","0","0","","0","0","0","","","2","","2","","40 27:14.504","","0","79 54:44.638","4","0","0","0","2301","0","0","0","N","0","0","0","4","02503","2","","1.0","","1","N","N","","1","","0","0","0","","2","","","2","2","1","0","0","0","0","2","0","2","","","","N","","","","","","","","","",""
"2008085478","","1","0","0","0","0","0","0","0","0","1","1","","02","7","2008","4","40.356586","-79.980388","0842","11","0","0","0","0","0","0","0","0","2","0","0","0","","","1","","2","","40 21:23.711","1","0","79 58:49.398","8","0","0","0","2476","0","0","0","N","0","0","0","2","02476","0","","1.0","","1","N","N","","0","","0","0","0","","2","Y","","2","1","0","0","0","1","0","2","0","2","","","","N","","","","","","","","","",""
"2008085483","","2","0","0","0","0","0","0","0","0","4","0","","02","7","2008","4","40.383138","-79.82765","1248","11","0","0","0","0","0","0","0","0","1","0","0","0","","","1","","1","","40 22:59.298","1","0","79 49:39.539","4","0","0","0","2111","0","0","0","N","0","0","0","4","02111","1","","1.0","","1","N","N","","0","","0","0","0","","2","Y","","2","1","0","0","0","0","3","2","0","2","","","","N","","","","","","","","","",""