"CRN","ARRIVAL_TM","AUTOMOBILE_COUNT","BELTED_DEATH_COUNT","BELTED_SUSP_SERIOUS_INJ_COUNT","BICYCLE_COUNT","BICYCLE_DEATH_COUNT","BICYCLE_SUSP_SERIOUS_INJ_COUNT","BUS_COUNT","CHLDPAS_DEATH_COUNT","CHLDPAS_SUSP_SERIOUS_INJ_COUNT","COLLISION_TYPE","COMM_VEH_COUNT","CONS_ZONE_SPD_LIM","COUNTY","CRASH_MONTH","CRASH_YEAR","DAY_OF_WEEK","DEC_LATITUDE","DEC_LONGITUDE","DISPATCH_TM","DISTRICT","DRIVER_COUNT_16YR","DRIVER_COUNT_17YR","DRIVER_COUNT_18YR","DRIVER_COUNT_19YR","DRIVER_COUNT_20YR","DRIVER_COUNT_50_64YR","DRIVER_COUNT_65_74YR","DRIVER_COUNT_75PLUS","EST_HRS_CLOSED","FATAL_COUNT","HEAVY_TRUCK_COUNT","HORSE_BUGGY_COUNT","HOUR_OF_DAY","ILLUMINATION","INJURY_COUNT","INTERSECTION_RELATED","INTERSECT_TYPE","LANE_CLOSED","LATITUDE","LN_CLOSE_DIR","LOCATION_TYPE","LONGITUDE","MAX_SEVERITY_LEVEL","MCYCLE_DEATH_COUNT","MCYCLE_SUSP_SERIOUS_INJ_COUNT","MOTORCYCLE_COUNT","MUNICIPALITY","NONMOTR_COUNT","NONMOTR_DEATH_COUNT","NONMOTR_SUSP_SERIOUS_INJ_COUNT","NTFY_HIWY_MAINT","PED_COUNT","PED_DEATH_COUNT","PED_SUSP_SERIOUS_INJ_COUNT","PERSON_COUNT","POLICE_AGCY","POSSIBLE_INJ_COUNT","RDWY_SURF_TYPE_CD","RELATION_TO_ROAD","ROADWAY_CLEARED","ROAD_CONDITION","SCH_BUS_IND","SCH_ZONE_IND","SECONDARY_CRASH","SMALL_TRUCK_COUNT","SPEC_JURIS_CD","SUSP_MINOR_INJ_COUNT","SUSP_SERIOUS_INJ_COUNT","SUV_COUNT","TCD_FUNC_CD","TCD_TYPE","TFC_DETOUR_IND","TIME_OF_DAY","TOTAL_UNITS","TOT_INJ_COUNT","UNBELTED_OCC_COUNT","UNB_DEATH_COUNT","UNB_SUSP_SERIOUS_INJ_COUNT","UNK_INJ_DEG_COUNT","UNK_INJ_PER_COUNT","URBAN_RURAL","VAN_COUNT","VEHICLE_COUNT","WEATHER1","WEATHER2","WORKERS_PRES","WORK_ZONE_IND","WORK_ZONE_LOC","WORK_ZONE_TYPE","WZ_CLOSE_DETOUR","WZ_FLAGGER","WZ_LAW_OFFCR_IND","WZ_LN_CLOSURE","WZ_MOVING","WZ_OTHER","WZ_SHLDER_MDN","WZ_WORKERS_INJ_KILLED"
"2008086062","","1","0","0","0","0","0","0","0","0","4","0","","02","7","2008","5","40.664154","-79.93431","0920","11","0","0","0","0","0","1","0","0","5","0","0","0","","","2","","1","","40 39:50.956","1","0","79 56:03.516","2","0","1","1","2217","0","0","0","N","0","0","0","2","02505","1","","1.0","","1","N","N","","0","","0","1","0","","2","N","","2","2","0","0","0","0","0","1","0","2","","","","N","","","","","","","","","",""
"2008086074","","3","0","0","0","0","0","0","0","0","4","0","","02","7","2008","3","40.552848","-80.115683","0755","11","0","0","0","0","2","1","0","0","1","0","0","0","","","0","","2","","40 33:10.254","3","0","80 06:56.459","0","0","0","0","2215","0","0","0","N","0","0","0","3","02215","0","","1.0","","1","N","N","","0","","0","0","0","","0","N","","3","0","0","0","0","0","0","2","0","3","","","","N","","","","","","","","","",""
"2008086088","","0","0","0","0","0","0","0","0","0","6","0","","02","8","2008","6","40.458003","-79.826483","1035","11","0","0","0","0","0","1","0","0","","0","0","0","","","0","","0","","40 27:28.810","","0","79 49:35.338","0","0","0","0","2113","0","0","0","N","0","0","0","2","02113","0","","1.0","","1","N","N","","1","","0","0","1","","0","","","2","0","1","0","0","0","0","2","0","2","","","","N","","","","","","","","","",""
"2008086092","","0","0","0","0","0","0","0","0","0","6","0","","02","8","2008","6","40.2601","-79.8487","1037","11","0","0","0","0","0","1","0","0","","0","0","0","","","1","","0","","40 15:36.360","","0","79 50:55.320","4","0","0","0","2105","0","0","0","N","0","0","0","3","02105","1","","1.0","","1","","N","","0","","0","0","2","","0","","","2","1","0","0","0","0","0","1","0","2","","","","N","","","","","","","","","",""
"2008086107","","3","0","0","0","0","0","0","0","0","1","0","","02","8","2008","6","40.5306","-79.7086","1726","11","0","0","0","1","0","0","0","0","","0","0","0","","","0","","0","","40 31:50.160","","0","79 42:30.960","9","0","0","0","2466","0","0","0","N","0","0","0","3","02466","0","","1.0","","1","N","N","","0","","0","0","0","","2","","","3","0","0","0","0","0","3","1","0","3","","","","N","","","","","","","","","",""
"2008086136","","2","0","0","0","0","0","0","0","0","1","0","","02","7","2008","5","","","1650","11","1","0","0","0","0","0","0","0","","0","0","0","","","2","","0","","40 24:45.36","","0","80 04:44.40","4","0","0","0","2117","0","0","0","N","0","0","0","4","68B03","2","","1.0","","1","N","N","","0","","0","0","1","","0","","","3","2","0","0","0","0","0","2","0","3","","","","N","","","","","","","","","",""
"2008086180","","1","0","0","0","0","0","0","0","0","2","0","","02","8","2008","6","40.594485","-79.947757","1815","11","0","0","0","0","0","1","0","0","","0","0","0","","","0","","3","","40 35:40.145","","0","79 56:51.925","9","0","0","0","2207","0","0","0","N","0","0","0","2","02207","0","","1.0","","1","N","N","","1","","0","0","0","","0","","","2","0","0","0","0","0","1","2","0","2","","","","N","","","","","","","","","",""
"2008086181","","0","0","0","0","0","0","0","0","0","0","0","","02","8","2008","6","40.5074","-80.064","1927","11","0","0","0","0","0","0","0","0","1","0","0","0","","","1","","0","","40 30:26.640","2","0","80 03:50.400","3","0","0","1","2402","0","0","0","N","0","0","0","1","02402","0","","2.0","","3","N","N","","0","","1","0","0","","0","N","","1","1","0","0","0","0","0","2","0","1","","","","N","","","","","","","","","",""
"2008086185","","0","0","0","0","0","0","0","0","0","4","0","","02","7","2008","3","40.392971","-79.892535","1308","11","0","0","0","0","0","0","0","0","","0","0","0","","","1","","2","","40 23:34.695","","0","79 53:33.126","4","0","0","0","2473","0","0","0","N","0","0","0","3","02473","1","","1.0","","1","N","N","","1","","0","0","1","","3","","","2","1","3","0","0","0","0","2","0","2","","","","N","","","","","","","","","",""
"2008086186","","1","0","0","0","0","0","0","0","0","7","0","","02","7","2008","6","40.344421","-79.838479","0035","11","0","0","0","0","0","0","0","0","","0","0","0","","","0","","0","","40 20:39.915","","0","79 50:18.524","0","0","0","0","2304","0","0","0","N","0","0","0","1","02304","0","","4.0","","9","N","N","","0","","0","0","0","","0","","","1","0","0","0","0","0","0","2","0","1","","","","N","","","","","","","","","",""
"2008086187","","0","0","0","1","0","0","0","0","0","8","0","","02","7","2008","6","40.4367","-80.0009","1519","11","0","0","0","0","0","0","0","0","1","0","0","0","","","1","","1","","40 26:12.120","4","0","80 00:03.240","3","0","0","0","2301","1","0","0","N","0","0","0","3","02301","0","","1.0","","1","N","N","","1","","1","0","0","","2","N","","2","1","0","0","0","0","0","2","0","1","","","","N","","","","","","","","","",""
"2008086218","","2","0","0","0","0","0","0","0","0","1","0","","02","7","2008","6","40.562904","-80.041248","1811","11","0","0","0","0","0","0","0","0","","0","0","0","","","0","","2","","40 33:46.454","","0","80 02:28.492","0","0","0","0","2108","0","0","0","N","0","0","0","2","02108","0","","1.0","","1","N","N","","0","","0","0","0","","0","","","2","0","0","0","0","0","0","2","0","2","","","","N","","","","","","","","","",""
"2008086220","","1","0","0","0","0","0","0","0","0","7","0","","02","7","2008","1","40.463586","-79.952975","0021","11","0","0","0","0","0","0","0","0","","0","0","0","","","0","","1","","40 27:48.909","","0","79 57:10.710","0","0","0","0","2301","0","0","0","N","0","0","0","1","02301","0","","1.0","","1","N","N","","0","","0","0","0","","2","","","2","0","0","0","0","0","0","2","0","1","","","","N","","","","","","","","","",""
"2008086221","","0","0","0","0","0","0","0","0","0","7","0","","02","7","2008","1","40.473275","-79.930825","1328","11","0","0","0","0","0","0","0","0","3","0","0","0","","","2","","0","","40 28:23.790","6","0","79 55:50.970","2","0","1","1","2301","0","0","0","N","0","0","0","2","02301","1","","5.0","","1","N","N","","0","","0","1","0","","0","Y","","1","2","0","0","0","0","0","2","0","1","","","","N","","","","","","","","","",""
"2008086263","","1","0","0","0","0","0","0","0","0","1","0","","02","6","2008","5","40.349","-80.1123","1204","11","0","0","0","0","0","1","0","0","","0","0","0","","","0","","0","","40 20:56.400","","0","80 06:44.280","0","0","0","0","2119","0","0","0","N","0","0","0","3","02119","0","","1.0","","1","N","N","","0","","0","0","1","","0","","","2","0","0","0","0","0","0","2","0","2","","","","N","","","","","","","","","",""
"2008086264","","1","0","0","0","0","0","0","0","0","7","0","","02","6","2008","1","40.348193","-80.164644","1913","11","0","0","0","0","0","0","0","0","2","0","0","0","","","1","","0","","40 20:53.493","1","0","80 09:52.717","8","0","0","0","2119","0","0","0","N","0","0","0","1","02119","0","","4.0","","9","N","N","","0","","0","0","0","","0","N","","1","1","0","0","0","1","0","2","0","1","","","","N","","","","","","","","","",""
"2008086265","","1","0","0","0","0","0","0","0","0","7","0","","02","7","2008","1","40.32728","-80.124228","0340","11","0","0","0","0","1","0","0","0","","0","0","0","","","1","","0","","40 19:38.209","","0","80 07:27.220","2","0","0","0","2119","0","0","0","N","0","0","0","1","02119","0","","4.0","","1","N","N","","0","","0","1","0","","0","","","1","1","1","0","1","0","0","2","0","1","","","","N","","","","","","","","","",""
"2008086266","","1","0","0","0","0","0","0","0","0","7","0","","02","7","2008","5","40.357328","-80.12991","0209","11","0","0","0","0","0","0","0","0","3","0","0","0","","","1","","0","","40 21:26.382","4","0","80 07:47.676","8","0","0","0","2119","0","0","0","N","0","0","0","2","02119","0","","4.0","","1","N","N","","0","","0","0","0","","0","N","","1","1","0","0","0","1","1","2","0","1","","","","N","","","","","","","","","",""
"2008086268","","1","0","0","0","0","0","0","0","0","7","0","","02","7","2008","6","40.5833","-80.0367","0315","11","0","0","0","0","0","0","0","0","2","0","0","0","","","1","","0","","40 34:59.880","6","0","80 02:12.120","8","0","0","0","2108","0","0","0","N","0","0","0","1","02108","0","","4.0","","1","N","N","","0","","0","0","0","","0","Y","","1","1","0","0","0","1","0","2","0","1","","","","N","","","","","","","","","",""
"2008086270","","2","0","0","0","0","0","0","0","0","4","0","","02","7","2008","6","40.604442","-80.050595","0943","11","0","1","0","0","0","0","0","0","2","0","0","0","","","0","","0","","40 36:15.991","2","0","80 03:02.142","0","0","0","0","2108","0","0","0","N","0","0","0","4","02108","0","","1.0","","1","N","N","","0","","0","0","0","","0","N","","2","0","0","0","0","0","0","2","0","2","","","","N","","","","","","","","","",""
"2008086271","","0","0","0","0","0","0","0","0","0","99","0","","02","7","2008","3","40.437239","-80.191516","2126","11","0","0","0","0","0","1","0","0","","0","0","0","","","1","","0","","40 26:14.059","","0","80 11:29.456","4","0","0","0","2214","0","0","0","N","0","0","0","6","02214","1","","1.0","","1","N","N","","0","","0","0","0","","0","","","1","1","0","0","0","0","0","2","1","1","","","","N","","","","","","","","","",""
"2008086272","","1","0","0","0","0","0","0","0","0","1","0","","02","7","2008","2","40.447556","-80.179667","1910","11","0","0","0","0","0","0","0","0","","0","0","0","","","0","","0","","40 26:51.200","","0","80 10:46.800","0","0","0","0","2214","0","0","0","N","0","0","0","3","02214","0","","1.0","","1","N","N","","0","","0","0","1","","0","","","2","0","0","0","0","0","0","2","0","2","","","","N","","","","","","","","","",""
"2008086276","","2","0","0","0","0","0","0","0","0","4","0","","02","7","2008","6","40.480916","-79.975062","0010","11","0","0","0","0","0","0","0","0","","0","0","0","","","0","","1","","40 28:51.297","","0","79 58:30.223","0","0","0","0","2445","0","0","0","N","0","0","0","3","02445","0","","1.0","","1","N","N","","0","","0","0","0","","2","","","2","0","0","0","0","0","0","2","0","2","","","","N","","","","","","","","","",""
"2008086279","","0","0","0","0","0","0","0","0","0","7","0","","02","6","2008","6","40.602","-79.8998","1218","11","0","0","0","0","0","0","0","0","1","0","0","0","","","0","","0","","40 36:07.200","3","0","79 53:59.280","0","0","0","0","2220","0","0","0","Y","0","0","0","1","02220","0","","2.0","","1","N","N","","0","","0","0","0","","0","N","","1","0","0","0","0","0","0","2","0","1","","","","N","","","","","","","","","",""
"2008086286","","2","0","0","0","0","0","0","0","0","1","0","","02","7","2008","2","40.314745","-79.885342","1628","11","0","0","0","0","0","0","0","2","1","0","0","0","","","1","","2","","40 18:53.083","6","0","79 53:07.231","8","0","0","0","2433","0","0","0","N","0","0","0","3","02433","0","","1.0","","1","N","N","","0","","0","0","0","","0","Y","","2","1","0","0","0","1","0","2","0","2","","","","N","","","","","","","","","",""
"2008086306","","2","0","0","0","0","0","0","0","0","0","0","","02","8","2008","7","40.492","-80.1105","0050","11","0","0","0","0","0","0","0","0","1","0","0","0","","","0","","0","","40 29:31.200","5","0","80 06:37.800","0","0","0","0","2126","0","0","0","N","0","0","0","3","02126","0","","4.0","","9","N","N","","0","","0","0","0","","0","N","","2","0","1","0","0","0","0","2","0","2","","","","N","","","","","","","","","",""
"2008086307","","1","0","0","0","0","0","0","0","0","7","0","","02","7","2008","7","40.443719","-79.865526","0307","11","0","0","0","0","0","0","0","0","1","0","0","0","","","0","","0","","40 26:37.387","3","0","79 51:55.892","0","0","0","0","2301","0","0","0","N","0","0","0","1","02301","0","","2.0","","1","N","N","","0","","0","0","0","","0","Y","","1","0","1","0","0","0","0","2","0","1","","","","N","","","","","","","","","",""
"2008086315","","1","0","0","0","0","0","0","0","0","5","0","","02","7","2008","5","40.434675","-79.922824","0720","11","0","0","0","0","0","1","0","1","","0","0","0","","","1","","0","","40 26:04.830","","0","79 55:22.166","4","0","0","0","2301","0","0","0","N","0","0","0","2","02301","1","","1.0","","1","N","N","","1","","0","0","0","","2","","","2","1","0","0","0","0","0","2","0","2","","","","N","","","","","","","","","",""
"2008086343","","2","0","0","0","0","0","0","0","0","4","0","","02","7","2008","5","40.415433","-79.847955","1723","11","0","0","0","0","1","0","0","0","1","0","0","0","","","0","","0","","40 24:55.558","1","0","79 50:52.638","0","0","0","0","2431","0","0","0","N","0","0","0","2","02431","0","","1.0","","1","N","N","","0","","0","0","0","","0","N","","2","0","0","0","0","0","0","2","0","2","","","","N","","","","","","","","","",""
"2008086354","","0","0","0","0","0","0","0","0","0","1","0","","02","7","2008","3","","","1755","11","0","0","0","0","0","0","0","0","2","0","0","0","","","1","","0","","","1","3","","8","0","0","0","2301","0","0","0","N","0","0","0","2","02301","0","","1.0","","1","N","N","","1","","0","0","1","","0","N","","2","1","0","0","0","1","0","1","0","2","","","","N","","","","","","","","","",""
"2008086356","","1","0","0","0","0","0","0","0","0","7","0","","02","7","2008","2","40.400215","-79.937913","2009","11","0","0","0","0","0","0","0","0","","0","0","0","","","0","","2","","40 24:00.773","","3","79 56:16.488","0","0","0","0","2301","0","0","0","N","0","0","0","1","02301","0","","4.0","","9","N","N","","0","","0","0","0","","0","","","1","0","0","0","0","0","0","2","0","1","","","","N","","","","","","","","","",""
"2008086358","","2","0","0","0","0","0","0","0","0","1","0","","02","7","2008","4","40.5571","-80.0393","1425","11","0","0","0","0","0","1","0","0","","0","0","0","","","1","","0","","40 33:25.560","","0","80 02:21.480","8","0","0","0","2108","0","0","0","N","0","0","0","2","02108","0","","1.0","","1","N","N","","0","","0","0","0","","0","","","2","1","0","0","0","1","0","2","0","2","","","","N","","","","","","","","","",""
"2008086359","","1","0","0","0","0","0","0","0","0","7","0","","02","7","2008","5","40.582","-80.0381","0236","11","0","0","0","0","0","0","0","0","","0","0","0","","","1","","1","","40 34:55.200","","0","80 02:17.160","4","0","0","0","2108","0","0","0","N","0","0","0","1","02108","1","","4.0","","1","N","N","","0","","0","0","0","","2","","","1","1","0","0","0","0","0","2","0","1","","","","N","","","","","","","","","",""
"2008086360","","1","0","0","0","0","0","0","0","0","4","0","","02","7","2008","7","40.438478","-80.001921","0205","11","0","0","0","0","0","0","0","0","","0","0","0","","","1","","1","","40 26:18.519","","0","80 00:06.917","4","0","0","0","2301","0","0","0","N","0","0","0","3","02301","1","","1.0","","1","N","N","","0","","0","0","1","","2","","","2","1","0","0","0","0","0","2","0","2","","","","N","","","","","","","","","",""
"2008086361","","0","0","0","0","0","0","0","0","0","7","0","","02","7","2008","6","40.4026","-80.1702","1949","11","0","0","0","0","0","0","0","0","3","0","0","0","","","0","","0","","40 24:09.360","3","0","80 10:12.720","0","0","0","0","2214","0","0","0","Y","0","0","0","1","02214","0","","4.0","","1","N","N","","1","","0","0","0","","0","N","","1","0","0","0","0","0","0","1","0","1","","","","N","","","","","","","","","",""
"2008086362","","0","0","0","0","0","0","0","0","0","7","0","","02","7","2008","5","40.45514","-80.191962","2201","11","0","0","0","0","0","0","0","0","1","0","0","0","","","0","","2","","40 27:18.504","3","0","80 11:31.063","0","0","0","0","2214","0","0","0","N","0","0","0","1","02214","0","","4.0","","9","N","N","","0","","0","0","1","","0","N","","1","0","0","0","0","0","0","2","0","1","","","","N","","","","","","","","","",""
"2008086363","","1","0","0","0","0","0","0","0","0","7","0","","02","7","2008","5","40.452313","-80.193423","1754","11","0","0","1","0","0","0","0","0","","0","0","0","","","0","","0","","40 27:08.328","","0","80 11:36.322","0","0","0","0","2214","0","0","0","N","0","0","0","2","02214","0","","4.0","","9","N","N","","0","","0","0","0","","0","","","1","0","0","0","0","0","0","2","0","1","","","","N","","","","","","","","","",""
"2008086364","","1","0","0","0","0","0","0","0","0","4","0","","02","7","2008","6","40.450629","-80.174301","1734","11","0","0","0","1","0","1","0","0","","0","0","0","","","4","","1","","40 27:02.263","","0","80 10:27.483","4","0","0","0","2214","0","0","0","N","0","0","0","4","02214","4","","1.0","","1","N","N","","0","","0","0","1","","2","","","2","4","0","0","0","0","0","2","0","2","","","","N","","","","","","","","","",""
"2008086372","","2","0","0","0","0","0","0","0","0","4","0","","02","7","2008","5","40.458104","-79.875912","1920","11","0","0","0","0","0","0","1","0","","0","0","0","","","1","","2","","40 27:29.176","","0","79 52:33.283","8","0","0","0","2301","0","0","0","N","0","0","0","3","02301","0","","1.0","","1","N","N","","0","","0","0","0","","3","","","2","1","0","0","0","1","0","2","0","2","","","","N","","","","","","","","","",""
"2008086373","","0","0","0","0","0","0","0","0","0","7","0","","02","7","2008","5","40.442873","-80.067655","0818","11","0","0","0","0","0","1","0","0","","0","0","0","","","0","","0","","40 26:34.343","","0","80 04:03.559","0","0","0","0","2439","0","0","0","N","0","0","0","1","02439","0","","5.0","","1","N","N","","0","","0","0","0","","0","","","1","0","0","0","0","0","0","2","1","1","","","","N","","","","","","","","","",""
"2008086377","","0","0","0","0","0","0","0","0","0","7","0","","02","7","2008","5","40.477823","-80.036202","0148","11","0","0","0","0","0","0","0","0","1","0","0","0","","","0","","0","","40 28:40.162","7","0","80 02:10.327","0","0","0","0","2301","0","0","0","N","0","0","0","1","02301","0","","2.0","","1","N","N","","0","","0","0","1","","0","Y","","1","0","0","0","0","0","0","2","0","1","","","","N","","","","","","","","","",""
"2008086378","","2","0","0","0","0","0","0","0","0","1","0","","02","7","2008","7","40.4303","-80.0285","1156","11","0","0","0","0","0","0","0","0","","0","0","0","","","0","","6","","40 25:49.080","","8","80 01:42.600","0","0","0","0","2301","0","0","0","N","0","0","0","2","02301","0","","1.0","","1","N","N","","0","","0","0","0","","4","","","2","0","0","0","0","0","0","2","0","2","","","","N","","","","","","","","","",""
"2008086382","","1","0","0","0","0","0","0","0","0","1","0","","02","7","2008","6","40.433006","-79.996655","1911","11","0","0","0","0","0","0","0","0","1","0","0","0","","","0","","0","","40 25:58.822","2","0","79 59:47.959","9","0","0","0","2301","0","0","0","N","0","0","0","2","02301","0","","1.0","","1","N","N","","0","","0","0","1","","0","N","","2","0","0","0","0","0","1","2","0","2","","","","N","","","","","","","","","",""
"2008086383","","0","0","0","0","0","0","0","0","0","2","0","","02","7","2008","3","","","1153","11","0","0","0","0","0","1","0","1","","0","0","0","","","0","","0","","","","0","","0","0","0","0","2301","0","0","0","N","0","0","0","2","02301","0","","1.0","","1","N","N","","2","","0","0","0","","0","","","2","0","0","0","0","0","0","1","0","2","","","","N","","","","","","","","","",""
"2008086384","","1","0","0","0","0","0","0","0","0","1","0","","02","7","2008","6","40.451509","-79.908149","1313","11","0","0","0","0","0","0","0","0","","0","0","0","","","0","","1","","40 27:05.433","","0","79 54:29.335","9","0","0","0","2301","0","0","0","N","0","0","0","2","02301","0","","1.0","","1","N","N","","0","","0","0","1","","2","","","2","0","1","0","0","0","1","2","0","2","","","","N","","","","","","","","","",""
"2008086385","","1","0","0","0","0","0","0","0","0","4","0","","02","7","2008","1","40.449195","-80.004952","1900","11","0","0","0","0","0","0","0","0","1","0","0","0","","","0","","1","","40 26:57.102","2","0","80 00:17.827","0","0","0","0","2301","0","0","0","N","0","0","0","3","02301","0","","1.0","","1","N","N","","1","","0","0","0","","2","N","","2","0","0","0","0","0","0","2","0","2","","","","N","","","","","","","","","",""
"2008086386","","1","0","0","0","0","0","0","0","0","7","0","","02","7","2008","2","40.454746","-80.063492","9999","11","0","1","0","0","0","0","0","0","","0","0","0","","","0","","0","","40 27:17.085","","0","80 03:48.571","0","0","0","0","2301","0","0","0","N","0","0","0","3","02301","0","","2.0","","1","N","N","","0","","0","0","0","","0","","","1","0","3","0","0","0","0","2","0","1","","","","N","","","","","","","","","",""
"2008086387","","1","0","0","0","0","0","0","0","0","1","0","","02","7","2008","2","40.442295","-80.033708","1608","11","0","0","0","0","0","0","0","0","","0","0","0","","","1","","0","","40 26:32.262","","0","80 02:01.348","8","0","0","0","2301","0","0","0","N","0","0","0","2","02301","0","","1.0","","1","N","N","","1","","0","0","0","","0","","","2","1","0","0","0","1","0","2","0","2","","","","N","","","","","","","","","",""
"2008086388","","2","0","0","0","0","0","0","0","0","3","0","","02","7","2008","1","40.391245","-80.021387","1127","11","0","0","0","0","0","1","0","0","","0","0","0","","","1","","2","","40 23:28.482","","0","80 01:16.993","8","0","0","0","2301","0","0","0","N","0","0","0","2","02301","0","","1.0","","1","N","N","","0","","0","0","0","","3","","","2","1","0","0","0","1","0","2","0","2","","","","N","","","","","","","","","",""
"2008086389","","0","0","0","0","0","0","0","0","0","7","0","","02","7","2008","1","40.383","-79.9959","1631","11","0","0","0","0","0","1","0","0","2","0","0","0","","","1","","0","","40 22:58.800","2","0","79 59:45.240","8","0","0","0","2301","0","0","0","N","0","0","0","1","02301","0","","4.0","","1","N","N","","0","","0","0","1","","0","N","","1","1","0","0","0","1","0","2","0","1","","","","N","","","","","","","","","",""
"2008086390","","1","0","0","0","0","0","0","0","0","7","0","","02","7","2008","2","40.401974","-80.0163","1345","11","0","0","0","0","0","1","0","0","","0","0","0","","","1","","0","","40 24:07.106","","0","80 00:58.680","8","0","0","0","2301","0","0","0","N","0","0","0","1","02301","0","","4.0","","1","N","N","","0","","0","0","0","","0","","","1","1","0","0","0","1","0","2","0","1","","","","N","","","","","","","","","",""
"2008086391","","1","0","0","0","0","0","0","0","0","0","0","","02","6","2008","1","40.3484","-79.9448","1408","11","0","0","0","0","0","0","0","0","","0","0","0","","","1","","1","","40 20:54.240","","0","79 56:41.280","8","0","0","0","2473","0","0","0","N","0","0","0","6","02473","0","","1.0","","1","N","N","","0","","0","0","0","","2","","","1","1","6","0","0","1","0","2","0","1","","","","N","","","","","","","","","",""
"2008086392","","0","0","0","0","0","0","0","0","0","0","0","","02","6","2008","2","","","1525","11","0","0","0","0","0","0","0","0","2","0","0","0","","","0","","0","","","6","0","","0","0","0","0","2473","0","0","0","N","0","0","0","1","02473","0","","1.0","","9","N","N","","0","","0","0","1","","0","Y","","1","0","0","0","0","0","0","1","0","1","","","","N","","","","","","","","","",""
"2008086403","","1","0","0","0","0","0","0","0","0","7","0","","02","8","2008","7","40.363813","-79.842856","0500","11","0","0","0","0","0","0","0","0","2","0","0","0","","","0","","2","","40 21:49.725","2","3","79 50:34.283","0","0","0","0","2303","0","0","0","N","0","0","0","1","02303","0","","2.0","","1","N","N","","0","","0","0","0","","0","Y","","1","0","0","0","0","0","0","2","0","1","","","","N","","","","","","","","","",""
"2008086404","","0","0","0","0","0","0","0","0","0","4","0","","02","7","2008","3","40.5715","-80.037","1332","11","0","0","1","0","0","0","0","1","1","0","0","0","","","2","","2","","40 34:17.400","2","0","80 02:13.200","4","0","0","0","2108","0","0","0","N","0","0","0","4","02108","1","","1.0","","1","N","N","","0","","0","0","3","","3","Y","","3","2","0","0","0","1","0","2","0","3","","","","N","","","","","","","","","",""
"2008086405","","3","0","0","0","0","0","0","0","0","4","0","","02","7","2008","7","40.459987","-79.925013","0157","11","0","0","0","0","0","0","0","0","","0","0","0","","","2","","1","","40 27:35.954","","0","79 55:30.047","8","0","0","0","2301","0","0","0","N","0","0","0","3","02301","0","","2.0","","1","N","N","","0","","0","0","1","","1","","","4","2","0","0","0","2","0","2","0","4","","","","N","","","","","","","","","",""
"2008086406","","1","0","0","0","0","0","0","0","0","2","0","","02","7","2008","5","40.4417","-79.992","1630","11","0","0","0","0","0","1","1","0","","0","0","0","","","0","","1","","40 26:30.120","","0","79 59:31.200","0","0","0","0","2301","0","0","0","N","0","0","0","3","02301","0","","1.0","","1","N","N","","0","","0","0","2","","2","","","3","0","0","0","0","0","0","2","0","3","","","","N","","","","","","","","","",""
"2008086407","","3","0","0","0","0","0","0","0","0","1","0","","02","7","2008","3","","","1511","11","0","0","0","0","0","1","0","0","3","0","0","0","","","2","","0","","","2","0","","3","0","0","0","2301","0","0","0","N","0","0","0","3","02301","1","","1.0","","1","N","N","","0","","1","0","0","","0","Y","","3","2","0","0","0","0","0","1","0","3","","","","N","","","","","","","","","",""
"2008086408","","1","0","0","0","0","0","0","0","0","1","0","","02","7","2008","5","40.4647","-79.9798","0511","11","0","0","0","0","0","1","1","0","","0","0","0","","","2","","1","","40 27:52.920","","0","79 58:47.280","4","0","0","0","2301","0","0","0","N","0","0","0","4","02301","2","","1.0","","1","N","N","","1","","0","0","1","","2","","","3","2","0","0","0","0","0","2","0","3","","","","N","","","","","","","","","",""
"2008086413","","2","0","0","0","0","0","0","0","0","1","0","","02","6","2008","5","40.3545","-80.1148","1725","11","0","0","0","0","0","1","0","0","1","0","0","0","","","0","","2","","40 21:16.200","3","0","80 06:53.280","0","0","0","0","2119","0","0","0","N","0","0","0","3","02119","0","","1.0","","1","N","N","","0","","0","0","1","","2","N","","3","0","0","0","0","0","0","2","0","3","","","","N","","","","","","","","","",""
"2008086414","","4","0","0","0","0","0","0","0","0","1","0","","02","6","2008","6","40.3468","-80.1135","0750","11","0","0","1","0","0","1","0","0","1","0","0","0","","","2","","0","","40 20:48.480","2","0","80 06:48.600","8","0","0","0","2119","0","0","0","N","0","0","0","5","02119","0","","1.0","","1","N","N","","0","","0","0","0","","0","N","","4","2","0","0","0","2","0","2","0","4","","","","N","","","","","","","","","",""
"2008086501","","1","0","0","0","0","0","0","0","0","1","0","","02","7","2008","2","40.6435","-80.0246","0757","11","0","0","0","1","0","0","0","0","","0","0","0","","","0","","0","","40 38:36.600","","0","80 01:28.560","0","0","0","0","2216","0","0","0","N","0","0","0","3","68T02","0","","1.0","","1","N","N","","0","","0","0","0","","0","","","2","0","0","0","0","0","0","2","1","2","","","","N","","","","","","","","","",""
"2008086502","","0","0","0","0","0","0","0","0","0","0","0","","02","7","2008","1","40.6682","-80.0985","1350","11","0","0","0","0","0","1","0","0","","0","0","0","","","2","","0","","40 40:05.520","","0","80 05:54.600","2","0","1","1","2212","0","0","0","N","0","0","0","2","68T02","0","","4.0","","1","N","N","","0","","1","1","0","","0","","","1","2","0","0","0","0","0","2","0","1","","","","N","","","","","","","","","",""