"CRN","ARRIVAL_TM","AUTOMOBILE_COUNT","BELTED_DEATH_COUNT","BELTED_SUSP_SERIOUS_INJ_COUNT","BICYCLE_COUNT","BICYCLE_DEATH_COUNT","BICYCLE_SUSP_SERIOUS_INJ_COUNT","BUS_COUNT","CHLDPAS_DEATH_COUNT","CHLDPAS_SUSP_SERIOUS_INJ_COUNT","COLLISION_TYPE","COMM_VEH_COUNT","CONS_ZONE_SPD_LIM","COUNTY","CRASH_MONTH","CRASH_YEAR","DAY_OF_WEEK","DEC_LATITUDE","DEC_LONGITUDE","DISPATCH_TM","DISTRICT","DRIVER_COUNT_16YR","DRIVER_COUNT_17YR","DRIVER_COUNT_18YR","DRIVER_COUNT_19YR","DRIVER_COUNT_20YR","DRIVER_COUNT_50_64YR","DRIVER_COUNT_65_74YR","DRIVER_COUNT_75PLUS","EST_HRS_CLOSED","FATAL_COUNT","HEAVY_TRUCK_COUNT","HORSE_BUGGY_COUNT","HOUR_OF_DAY","ILLUMINATION","INJURY_COUNT","INTERSECTION_RELATED","INTERSECT_TYPE","LANE_CLOSED","LATITUDE","LN_CLOSE_DIR","LOCATION_TYPE","LONGITUDE","MAX_SEVERITY_LEVEL","MCYCLE_DEATH_COUNT","MCYCLE_SUSP_SERIOUS_INJ_COUNT","MOTORCYCLE_COUNT","MUNICIPALITY","NONMOTR_COUNT","NONMOTR_DEATH_COUNT","NONMOTR_SUSP_SERIOUS_INJ_COUNT","NTFY_HIWY_MAINT","PED_COUNT","PED_DEATH_COUNT","PED_SUSP_SERIOUS_INJ_COUNT","PERSON_COUNT","POLICE_AGCY","POSSIBLE_INJ_COUNT","RDWY_SURF_TYPE_CD","RELATION_TO_ROAD","ROADWAY_CLEARED","ROAD_CONDITION","SCH_BUS_IND","SCH_ZONE_IND","SECONDARY_CRASH","SMALL_TRUCK_COUNT","SPEC_JURIS_CD","SUSP_MINOR_INJ_COUNT","SUSP_SERIOUS_INJ_COUNT","SUV_COUNT","TCD_FUNC_CD","TCD_TYPE","TFC_DETOUR_IND","TIME_OF_DAY","TOTAL_UNITS","TOT_INJ_COUNT","UNBELTED_OCC_COUNT","UNB_DEATH_COUNT","UNB_SUSP_SERIOUS_INJ_COUNT","UNK_INJ_DEG_COUNT","UNK_INJ_PER_COUNT","URBAN_RURAL","VAN_COUNT","VEHICLE_COUNT","WEATHER1","WEATHER2","WORKERS_PRES","WORK_ZONE_IND","WORK_ZONE_LOC","WORK_ZONE_TYPE","WZ_CLOSE_DETOUR","WZ_FLAGGER","WZ_LAW_OFFCR_IND","WZ_LN_CLOSURE","WZ_MOVING","WZ_OTHER","WZ_SHLDER_MDN","WZ_WORKERS_INJ_KILLED"
"2008087333","","3","0","0","0","0","0","0","0","0","1","0","","02","7","2008","4","40.491703","-79.890996","1746","11","0","0","0","0","0","0","0","0","","0","0","0","","","0","","0","","40 29:30.131","","0","79 53:27.587","0","0","0","0","2432","0","0","0","N","0","0","0","3","68D02","0","","1.0","","1","N","N","","0","","0","0","0","","0","","","3","0","0","0","0","0","0","2","0","3","","","","N","","","","","","","","","",""
"2008087410","","1","0","0","0","0","0","0","0","0","1","0","","02","7","2008","2","40.4109","-79.7261","1710","11","0","0","0","0","0","2","0","0","2","0","0","0","","","1","","0","","40 24:39.240","3","0","79 43:33.960","8","0","0","0","2446","0","0","0","N","0","0","0","4","68T09","0","","1.0","","1","N","N","","0","","0","0","2","","0","N","","3","1","0","0","0","1","0","2","0","3","","","","N","","","","","","","","","",""
"2008087420","","1","0","0","0","0","0","0","0","0","7","0","","02","8","2008","2","40.364777","-79.999442","1357","11","1","0","0","0","0","0","0","0","","0","0","0","","","0","","2","","40 21:53.197","","0","79 59:57.990","0","0","0","0","2476","0","0","0","N","0","0","0","1","02476","0","","3.0","","1","N","N","","0","","0","0","0","","0","","","1","0","0","0","0","0","0","2","0","1","","","","N","","","","","","","","","",""
"2008087421","","2","0","0","0","0","0","0","0","0","2","0","","02","8","2008","6","40.3967","-79.7936","0802","11","0","0","0","0","0","0","0","0","","0","0","0","","","1","","2","","40 23:48.120","","0","79 47:36.960","8","0","0","0","2447","0","0","0","N","0","0","0","2","02446","0","","1.0","","1","N","N","","0","","0","0","0","","3","","","2","1","0","0","0","1","0","2","0","2","","","","N","","","","","","","","","",""
"2008087423","","2","0","0","0","0","0","0","0","0","4","0","","02","8","2008","4","40.373443","-80.048838","0735","11","0","0","0","0","0","0","0","0","1","0","0","0","","","0","","2","","40 22:24.396","2","0","80 02:55.817","0","0","0","0","2109","0","0","0","N","0","0","0","2","02109","0","","1.0","","1","N","N","","0","","0","0","0","","2","N","","2","0","0","0","0","0","0","2","0","2","","","","N","","","","","","","","","",""
"2008087424","","0","0","0","0","0","0","0","0","0","1","0","","02","8","2008","3","40.3152","-80.1069","1455","11","0","0","0","0","0","0","0","1","","0","0","0","","","1","","0","","40 18:54.720","","0","80 06:24.840","4","0","0","0","2123","0","0","0","N","0","0","0","2","02123","1","","1.0","","1","N","N","","1","","0","0","0","","0","","","2","1","0","0","0","0","0","2","1","2","","","","N","","","","","","","","","",""
"2008087436","","2","0","0","0","0","0","0","0","0","4","0","","02","8","2008","1","40.393109","-79.805088","1433","11","0","0","0","0","0","1","0","0","1","0","0","0","","","1","","2","","40 23:35.192","4","0","79 48:18.316","4","0","0","0","2479","0","0","0","N","0","0","0","5","02111","1","","1.0","","1","N","N","","0","","0","0","0","","2","Y","","2","1","0","0","0","0","0","2","0","2","","","","N","","","","","","","","","",""
"2008087439","","2","0","0","0","0","0","0","0","0","1","0","","02","8","2008","4","40.4562","-79.9909","0939","11","0","0","0","0","0","0","1","0","2","0","0","0","","","3","","0","","40 27:22.320","1","0","79 59:27.240","4","0","0","0","2430","0","0","0","N","0","0","0","6","02430","3","","1.0","","1","N","N","","0","","0","0","0","","0","N","","2","3","1","0","0","0","0","2","0","2","","","","N","","","","","","","","","",""
"2008087444","","1","0","0","0","0","0","0","0","0","1","0","","02","7","2008","3","40.342944","-79.98866","1155","11","0","0","0","0","0","0","1","0","","0","0","0","","","1","","0","","40 20:34.598","","0","79 59:19.176","8","0","0","1","2403","0","0","0","N","0","0","0","1","02403","0","","2.0","","1","N","N","","1","","0","0","0","","0","","","3","1","0","0","0","1","0","2","0","3","","","","N","","","","","","","","","",""
"2008087454","","1","0","0","0","0","0","0","0","0","1","0","","02","8","2008","4","40.344508","-79.814789","1254","11","0","1","0","0","0","0","0","0","","0","0","0","","","1","","0","","40 20:40.228","","0","79 48:53.242","4","0","0","0","2477","0","0","0","N","0","0","0","6","02477","1","","1.0","","1","N","N","","1","","0","0","0","","0","","","2","1","0","0","0","0","0","2","0","2","","","","N","","","","","","","","","",""
"2008087460","","1","0","0","0","0","0","0","0","0","1","0","","02","7","2008","2","40.542328","-80.013202","1518","11","0","0","0","0","0","1","0","0","","0","0","0","","","0","","0","","40 32:32.379","","0","80 00:47.526","0","0","0","0","2116","0","0","0","N","0","0","0","3","02116","0","","1.0","","1","N","N","","1","","0","0","0","","0","","","2","0","0","0","0","0","0","2","0","2","","","","N","","","","","","","","","",""
"2008087463","","1","0","0","0","0","0","0","0","0","4","0","","02","7","2008","4","40.355172","-79.835241","2305","11","0","0","0","0","0","0","0","0","","0","0","0","","","1","","2","","40 21:18.618","","0","79 50:06.866","3","0","0","1","2304","0","0","0","N","0","0","0","2","02304","0","","1.0","","1","N","N","","0","","1","0","0","","2","","","2","1","0","0","0","0","0","2","0","2","","","","N","","","","","","","","","",""
"2008087464","","1","0","0","0","0","0","0","0","0","7","0","","02","7","2008","3","40.467017","-80.024881","0154","11","0","0","1","0","0","0","0","0","","0","0","0","","","0","","1","","40 28:01.260","","0","80 01:29.571","0","0","0","0","2301","0","0","0","N","0","0","0","1","02301","0","","9.0","","1","N","N","","0","","0","0","0","","2","","","1","0","0","0","0","0","0","2","0","1","","","","N","","","","","","","","","",""
"2008087482","","2","0","0","0","0","0","0","0","0","4","0","","02","7","2008","4","40.3922","-80.0678","1347","11","0","0","0","0","0","0","0","2","2","0","0","0","","","1","","0","","40 23:31.920","3","0","80 04:04.080","4","0","0","0","2109","0","0","0","N","0","0","0","2","02109","1","","1.0","","1","N","N","","0","","0","0","0","","0","N","","2","1","0","0","0","0","0","2","0","2","","","","N","","","","","","","","","",""
"2008087492","","1","0","0","0","0","0","0","0","0","7","0","","02","7","2008","6","40.314905","-79.830137","1300","11","0","0","0","0","0","0","1","0","","0","0","0","","","0","","0","","40 18:53.659","","0","79 49:48.492","0","0","0","0","2469","0","0","0","N","0","0","0","1","02469","0","","2.0","","1","N","N","","0","","0","0","0","","0","","","1","0","0","0","0","0","0","2","0","1","","","","N","","","","","","","","","",""
"2008087498","","2","0","0","0","0","0","0","0","0","1","1","","02","7","2008","2","40.399597","-80.044463","1608","11","0","0","0","0","0","3","0","0","","0","0","0","","","0","","2","","40 23:58.549","","0","80 02:40.068","0","0","0","0","2301","0","0","0","N","0","0","0","3","02301","0","","1.0","","1","N","N","","0","","0","0","0","","2","","","3","0","0","0","0","0","0","2","1","3","","","","N","","","","","","","","","",""
"2008087499","","2","0","0","0","0","0","0","0","0","1","0","","02","7","2008","1","40.464557","-79.953786","1920","11","0","0","0","0","0","0","0","0","","0","0","0","","","2","","2","","40 27:52.405","","0","79 57:13.629","4","0","0","0","2301","0","0","0","N","0","0","0","2","02301","2","","1.0","","1","N","N","","0","","0","0","0","","0","","","2","2","0","0","0","0","0","2","0","2","","","","N","","","","","","","","","",""
"2008087500","","2","0","0","0","0","0","0","0","0","4","0","","02","7","2008","3","40.457237","-79.934066","1826","11","0","0","0","0","0","0","0","0","","0","0","0","","","0","","1","","40 27:26.053","","0","79 56:02.637","0","0","0","0","2301","0","0","0","N","0","0","0","3","02301","0","","1.0","","1","N","N","","0","","0","0","0","","2","","","2","0","0","0","0","0","0","2","0","2","","","","N","","","","","","","","","",""
"2008087530","","2","0","0","0","0","0","0","0","0","1","0","","02","6","2008","6","40.3487","-80.1124","9999","11","0","0","0","0","0","1","0","0","","0","0","0","","","0","","0","","40 20:55.320","","0","80 06:44.640","0","0","0","0","2119","0","0","0","N","0","0","0","2","02119","0","","1.0","","1","N","N","","0","","0","0","0","","0","","","2","0","0","0","0","0","0","2","0","2","","","","N","","","","","","","","","",""
"2008087536","","2","0","0","0","0","0","0","0","0","4","0","","02","7","2008","1","40.5856","-80.0361","1451","11","0","0","0","0","1","0","0","1","2","0","0","0","","","0","","1","","40 35:08.160","1","0","80 02:09.960","0","0","0","0","2108","0","0","0","N","0","0","0","6","02108","0","","1.0","","9","N","N","","0","","0","0","1","","2","N","","3","0","0","0","0","0","0","2","0","3","","","","N","","","","","","","","","",""
"2008087537","","2","0","0","0","0","0","0","0","0","4","0","","02","7","2008","2","40.558283","-80.015921","1625","11","0","0","0","0","0","0","0","1","","0","0","0","","","1","","0","","40 33:29.817","","0","80 00:57.317","4","0","0","0","2108","0","0","0","N","0","0","0","4","02108","1","","1.0","","1","N","N","","0","","0","0","0","","0","","","2","1","1","0","0","0","1","2","0","2","","","","N","","","","","","","","","",""
"2008087547","","1","0","0","0","0","0","0","0","0","7","0","","02","6","2008","7","40.6549","-79.8966","1310","11","0","0","0","0","0","0","0","1","2","0","0","0","","","1","","0","","40 39:17.640","3","3","79 53:47.760","4","0","0","0","2220","0","0","0","N","0","0","0","1","02220","1","","4.0","","1","N","N","","0","","0","0","0","","0","N","","1","1","0","0","0","0","0","1","0","1","","","","N","","","","","","","","","",""
"2008087577","","1","0","0","0","0","0","0","0","0","2","0","","02","7","2008","1","40.491576","-80.010897","2228","11","0","0","1","0","0","0","0","0","3","0","0","0","","","7","","0","","40 29:29.672","1","0","80 00:39.229","3","0","0","0","2301","0","0","0","N","0","0","0","7","02301","0","","1.0","","1","N","N","","0","","5","0","0","","0","Y","","2","7","1","0","0","2","0","2","1","2","","","","N","","","","","","","","","",""
"2008087599","","1","0","0","0","0","0","0","0","0","7","0","","02","7","2008","3","","","1450","11","0","0","0","0","1","0","0","0","","0","0","0","","","1","","0","","","","0","","4","0","0","0","2457","0","0","0","N","0","0","0","1","02457","1","","2.0","","1","N","N","","0","","0","0","0","","0","","","1","1","0","0","0","0","0","1","0","1","","","","N","","","","","","","","","",""
"2008087602","","1","0","0","1","0","0","0","0","0","8","0","","02","7","2008","3","40.42675","-79.860812","2025","11","0","0","0","0","0","1","0","0","2","0","0","0","","","1","","1","","40 25:36.300","5","0","79 51:38.923","8","0","0","0","2431","1","0","0","N","0","0","0","3","02431","0","","1.0","","9","N","N","","0","","0","0","0","","3","N","","2","1","0","0","0","1","0","2","0","1","","","","N","","","","","","","","","",""
"2008087611","","1","0","0","0","0","0","0","0","0","4","1","","02","7","2008","2","40.4688","-79.9622","0828","11","0","0","0","0","0","2","0","0","","0","1","0","","","1","","1","","40 28:07.680","","0","79 57:43.920","8","0","0","0","2301","0","0","0","N","0","0","0","2","02301","0","","1.0","","1","N","N","","0","","0","0","0","","2","","","2","1","0","0","0","1","0","2","0","2","","","","N","","","","","","","","","",""
"2008087612","","2","0","0","0","0","0","0","0","0","4","0","","02","7","2008","3","40.44768","-79.961509","1222","11","0","0","0","0","0","0","0","0","","0","0","0","","","0","","0","","40 26:51.649","","7","79 57:41.433","0","0","0","0","2301","0","0","0","N","0","0","0","2","02301","0","","1.0","","1","N","N","","0","","0","0","0","","0","","","2","0","0","0","0","0","0","2","0","2","","","","N","","","","","","","","","",""
"2008087632","","1","0","0","0","0","0","0","0","0","1","0","","02","7","2008","4","40.445803","-79.998135","0610","11","0","0","0","0","0","0","0","0","","0","0","0","","","1","","3","","40 26:44.892","","0","79 59:53.286","8","0","0","0","2301","0","0","0","N","0","0","0","4","02301","0","","1.0","","1","N","N","","0","","0","0","1","","2","","","2","1","0","0","0","1","0","2","0","2","","","","N","","","","","","","","","",""
"2008087633","","1","0","0","0","0","0","0","0","0","4","0","","02","7","2008","3","40.452631","-79.866611","1239","11","0","0","0","0","0","2","0","0","","0","0","0","","","0","","2","","40 27:09.473","","0","79 51:59.801","0","0","0","0","2301","0","0","0","N","0","0","0","3","02301","0","","1.0","","1","N","N","","0","","0","0","1","","3","","","2","0","1","0","0","0","0","2","0","2","","","","N","","","","","","","","","",""
"2008087643","","1","0","0","0","0","0","0","0","0","7","0","","02","7","2008","4","40.476473","-79.919393","0117","11","0","0","0","0","0","0","0","0","4","0","0","0","","","2","","1","","40 28:35.302","6","0","79 55:09.814","2","0","0","0","2301","0","0","0","N","0","0","0","2","02301","0","","4.0","","1","N","N","","0","","0","1","0","","3","Y","","1","2","0","0","0","1","0","2","0","1","","","","N","","","","","","","","","",""
"2008087644","","0","0","0","0","0","0","0","0","0","7","1","","02","7","2008","5","40.463438","-80.056841","1543","11","0","0","0","0","0","0","0","0","3","0","1","0","","","0","","2","","40 27:48.378","7","3","80 03:24.629","0","0","0","0","2301","0","0","0","N","0","0","0","2","02301","0","","2.0","","1","N","N","","0","","0","0","0","","0","N","","1","0","0","0","0","0","0","2","0","1","","","","N","","","","","","","","","",""
"2008087648","","2","0","0","0","0","0","0","0","0","1","0","","02","7","2008","4","40.476184","-79.95757","1757","11","0","0","0","0","0","0","0","0","","0","0","0","","","0","","0","","40 28:34.263","","0","79 57:27.253","0","0","0","0","2301","0","0","0","N","0","0","0","2","02301","0","","1.0","","1","N","N","","0","","0","0","0","","0","","","2","0","1","0","0","0","0","2","0","2","","","","N","","","","","","","","","",""
"2008087649","","0","0","0","0","0","0","0","0","0","8","0","","02","7","2008","6","40.440741","-79.986628","1650","11","0","0","0","0","0","1","0","0","","0","0","0","","","1","","0","","40 26:26.668","","7","79 59:11.862","8","0","0","0","2301","1","0","0","N","1","0","0","2","02301","0","","1.0","","1","N","N","","0","","0","0","1","","0","","","2","1","1","0","0","1","0","2","0","1","","","","N","","","","","","","","","",""
"2008087650","","0","0","0","0","0","0","0","0","0","8","0","","02","7","2008","7","40.452269","-79.9823","1319","11","0","0","0","0","0","0","1","0","","0","0","0","","","1","","1","","40 27:08.168","","0","79 58:56.280","4","0","0","0","2301","1","0","0","N","1","0","0","2","02301","1","","1.0","","1","N","N","","0","","0","0","0","","2","","","2","1","0","0","0","0","0","2","1","1","","","","N","","","","","","","","","",""
"2008087651","","1","0","0","0","0","0","0","0","0","7","0","","02","7","2008","1","40.466","-79.9788","1945","11","0","0","0","0","0","0","0","0","","0","0","0","","","2","","0","","40 27:57.600","","0","79 58:43.680","8","0","0","0","2301","0","0","0","N","0","0","0","2","02301","0","","4.0","","1","N","N","","0","","0","0","0","","0","","","1","2","2","0","0","2","0","2","0","1","","","","N","","","","","","","","","",""
"2008087652","","0","0","0","0","0","0","0","0","0","7","0","","02","7","2008","2","40.457888","-79.988238","1902","11","0","0","0","0","0","0","0","0","","0","0","0","","","1","","0","","40 27:28.396","","0","79 59:17.656","2","0","1","1","2301","0","0","0","N","0","0","0","1","02301","0","","2.0","","1","N","N","","0","","0","1","0","","0","","","1","1","0","0","0","0","0","2","0","1","","","","N","","","","","","","","","",""
"2008087661","","3","0","0","0","0","0","0","0","0","1","0","","02","7","2008","6","40.466656","-79.832848","1552","11","1","0","0","0","0","0","0","0","","0","0","0","","","1","","1","","40 27:59.961","","0","79 49:58.253","3","0","0","0","2113","0","0","0","N","0","0","0","5","02113","0","","1.0","","1","N","N","","0","","1","0","0","","0","","","3","1","0","0","0","0","0","2","0","3","","","","N","","","","","","","","","",""
"2008087662","","1","0","0","0","0","0","0","0","0","4","0","","02","7","2008","5","40.4773","-79.7845","1248","11","0","0","0","0","0","0","0","1","1","0","0","0","","","1","","0","","40 28:38.280","4","0","79 47:04.200","3","0","0","0","2113","0","0","0","N","0","0","0","2","02113","0","","1.0","","1","N","N","","0","","1","0","0","","0","N","","2","1","0","0","0","0","0","2","0","2","","","","N","","","","","","","","","",""
"2008087664","","1","0","0","0","0","0","0","0","0","7","0","","02","7","2008","2","40.44773","-79.798994","2128","11","0","0","0","0","0","1","0","0","2","0","0","0","","","0","","3","","40 26:51.827","1","0","79 47:56.377","0","0","0","0","2113","0","0","0","N","0","0","0","1","02113","0","","5.0","","1","N","N","","0","","0","0","0","","0","Y","","1","0","0","0","0","0","0","2","0","1","","","","N","","","","","","","","","",""
"2008087666","","0","0","0","0","0","0","0","0","0","7","0","","02","7","2008","2","40.425","-80.0311","1627","11","0","0","1","0","0","0","0","0","","0","0","0","","","1","","7","","40 25:30.000","","2","80 01:51.960","4","0","0","0","2301","0","0","0","N","0","0","0","3","02301","1","","4.0","","9","N","N","","1","","0","0","0","","0","","","1","1","0","0","0","0","0","2","0","1","","","","N","","","","","","","","","",""
"2008087667","","1","0","0","0","0","0","0","0","0","6","0","","02","7","2008","3","40.395124","-79.986798","1200","11","0","0","1","0","0","0","1","0","","0","0","0","","","0","","1","","40 23:42.446","","7","79 59:12.472","0","0","0","0","2301","0","0","0","N","0","0","0","2","02301","0","","1.0","","1","N","N","","0","","0","0","1","","0","","","2","0","2","0","0","0","0","2","0","2","","","","N","","","","","","","","","",""
"2008087669","","0","0","0","0","0","0","0","0","0","5","0","","02","7","2008","3","40.481965","-80.04165","1330","11","0","0","0","0","0","0","0","0","","0","0","0","","","0","","1","","40 28:55.074","","0","80 02:29.940","0","0","0","0","2301","0","0","0","N","0","0","0","4","02301","0","","1.0","","1","N","N","","1","","0","0","1","","2","","","2","0","0","0","0","0","0","2","0","2","","","","N","","","","","","","","","",""
"2008087670","","1","0","0","0","0","0","0","0","0","4","0","","02","7","2008","6","40.39182","-80.016755","1756","11","0","0","1","0","0","0","0","0","","0","0","0","","","1","","2","","40 23:30.552","","0","80 01:00.318","3","0","0","1","2301","0","0","0","N","0","0","0","2","02301","0","","1.0","","1","N","N","","0","","1","0","0","","3","","","2","1","0","0","0","0","0","2","0","2","","","","N","","","","","","","","","",""
"2008087671","","1","0","0","0","0","0","0","0","0","1","0","","02","7","2008","2","40.403604","-80.040431","1645","11","0","0","0","0","1","0","0","0","1","0","0","0","","","0","","1","","40 24:12.974","2","0","80 02:25.553","0","0","0","0","2301","0","0","0","N","0","0","0","2","02301","0","","1.0","","1","N","N","","0","","0","0","0","","0","N","","2","0","0","0","0","0","0","2","0","2","","","","N","","","","","","","","","",""
"2008087672","","2","0","0","0","0","0","0","0","0","2","0","","02","7","2008","3","40.4318","-80.0033","1241","11","0","0","0","0","0","1","0","0","","0","0","0","","","0","","0","","40 25:54.480","","0","80 00:11.880","0","0","0","0","2301","0","0","0","N","0","0","0","2","02301","0","","1.0","","1","N","N","","0","","0","0","0","","2","","","2","0","0","0","0","0","0","2","0","2","","","","N","","","","","","","","","",""
"2008087673","","3","0","0","0","0","0","0","0","0","2","0","","02","7","2008","5","40.430024","-79.98866","2000","11","0","0","0","0","0","0","1","0","1","0","0","0","","","0","","2","","40 25:48.086","1","0","79 59:19.176","0","0","0","0","2301","0","0","0","N","0","0","0","5","02301","0","","1.0","","1","N","N","","0","","0","0","0","","2","Y","","3","0","2","0","0","0","0","2","0","3","","","","N","","","","","","","","","",""
"2008087674","","0","0","0","0","0","0","0","0","0","4","1","","02","7","2008","2","40.401217","-79.998157","0955","11","0","0","0","0","0","1","0","0","","0","0","0","","","0","","0","","40 24:04.381","","0","79 59:53.365","9","0","0","0","2301","0","0","0","N","0","0","0","5","02301","0","","1.0","","1","N","N","","1","","0","0","0","","0","","","2","0","0","0","0","0","1","2","0","2","","","","N","","","","","","","","","",""
"2008087675","","1","0","0","0","0","0","0","0","0","4","0","","02","7","2008","5","40.4313","-80.0021","0016","11","0","0","0","0","0","0","0","0","","0","0","0","","","1","","0","","40 25:52.680","","0","80 00:07.560","3","0","0","1","2301","0","0","0","N","0","0","0","2","02301","0","","1.0","","1","N","N","","0","","1","0","0","","0","","","2","1","0","0","0","0","1","2","0","2","","","","N","","","","","","","","","",""
"2008087676","","2","0","0","0","0","0","0","0","0","4","0","","02","7","2008","3","40.423764","-79.998535","1904","11","0","1","0","0","0","1","0","0","","0","0","0","","","0","","1","","40 25:25.550","","0","79 59:54.726","0","0","0","0","2301","0","0","0","N","0","0","0","2","02301","0","","1.0","","1","N","N","","0","","0","0","0","","3","","","2","0","0","0","0","0","0","2","0","2","","","","N","","","","","","","","","",""
"2008087677","","2","0","0","0","0","0","0","0","0","1","0","","02","7","2008","3","","","2106","11","0","0","0","0","0","0","0","0","","0","0","0","","","0","","0","","","","3","","0","0","0","0","2301","0","0","0","N","0","0","0","3","02301","0","","1.0","","1","N","N","","0","","0","0","0","","0","","","2","0","0","0","0","0","0","1","0","2","","","","N","","","","","","","","","",""
"2008087678","","1","0","0","0","0","0","0","0","0","5","0","","02","7","2008","4","40.338042","-79.919805","0717","11","0","0","0","0","0","0","0","0","1","0","0","0","","","0","","0","","40 20:16.951","1","0","79 55:11.298","0","0","0","0","2473","0","0","0","N","0","0","0","1","02473","0","","1.0","","1","N","N","","1","","0","0","0","","0","Y","","2","0","0","0","0","0","0","2","0","2","","","","N","","","","","","","","","",""
"2008087679","","0","0","0","0","0","0","0","0","0","4","1","","02","7","2008","5","40.340344","-79.938196","0822","11","0","0","0","0","0","1","0","1","1","0","1","0","","","0","","2","","40 20:25.240","1","7","79 56:17.507","0","0","0","0","2473","0","0","0","N","0","0","0","3","02473","0","","1.0","","1","N","N","","0","","0","0","0","","2","N","","2","0","0","0","0","0","0","2","1","2","","","","N","","","","","","","","","",""
"2008087682","","0","0","0","0","0","0","0","0","0","4","0","","02","7","2008","2","40.381182","-79.883159","1155","11","0","0","0","0","0","0","0","1","2","0","0","0","","","1","","0","","40 22:52.254","3","0","79 52:59.371","4","0","0","0","2473","0","0","0","N","0","0","0","3","02473","1","","1.0","","1","N","N","","1","","0","0","0","","0","N","","2","1","0","0","0","0","0","2","0","2","","","","N","","","","","","","","","",""
"2008087700","","0","0","0","0","0","0","0","0","0","4","0","","02","7","2008","2","40.397641","-80.018471","1604","11","0","0","0","0","0","0","0","0","","0","0","0","","","1","","0","","40 23:51.507","","0","80 01:06.495","8","0","0","0","2301","1","0","0","N","1","0","0","2","02301","0","","1.0","","1","N","N","","0","","0","0","0","","0","","","2","1","0","0","0","1","0","2","1","1","","","","N","","","","","","","","","",""
"2008087708","","1","0","0","0","0","0","0","0","0","1","0","","02","7","2008","3","40.4403","-80.0821","0853","11","0","0","0","0","0","1","0","0","","0","0","0","","","1","","0","","40 26:25.080","","3","80 04:55.560","4","0","0","0","2115","0","0","0","N","0","0","0","6","02115","1","","1.0","","1","N","N","","0","","0","0","0","","0","","","2","1","0","0","0","0","0","2","1","2","","","","N","","","","","","","","","",""
"2008087709","","2","0","0","0","0","0","0","0","0","4","0","","02","7","2008","5","","","1222","11","0","0","0","0","0","0","0","0","1","0","0","0","","","1","","1","","","2","0","","4","0","0","0","2115","0","0","0","N","0","0","0","2","02115","1","","1.0","","1","N","N","","0","","0","0","0","","0","N","","2","1","0","0","0","0","0","1","0","2","","","","N","","","","","","","","","",""
"2008087710","","3","0","0","0","0","0","0","0","0","1","0","","02","8","2008","3","40.451748","-80.135615","1411","11","0","0","0","0","0","2","0","0","","0","0","0","","","2","","0","","40 27:06.294","","0","80 08:08.214","4","0","0","0","2115","0","0","0","N","0","0","0","5","02115","2","","1.0","","1","N","N","","0","","0","0","0","","0","","","3","2","0","0","0","0","0","2","0","3","","","","N","","","","","","","","","",""
"2008087711","","2","0","0","0","0","0","0","0","0","4","0","","02","8","2008","3","40.319528","-80.02695","1630","11","0","0","0","0","0","1","0","0","1","0","0","0","","","0","","2","","40 19:10.301","5","0","80 01:37.019","0","0","0","0","2407","0","0","0","N","0","0","0","5","02407","0","","1.0","","1","N","N","","0","","0","0","0","","3","N","","2","0","0","0","0","0","0","2","0","2","","","","N","","","","","","","","","",""
"2008087713","","0","0","0","0","0","0","0","0","0","1","1","","02","7","2008","5","40.534377","-80.179995","1328","11","0","0","0","0","0","1","0","0","","0","1","0","","","0","","2","","40 32:03.758","","0","80 10:47.983","0","0","0","0","2458","0","0","0","N","0","0","0","2","02458","0","","1.0","","1","N","N","","1","","0","0","0","","0","","","2","0","0","0","0","0","0","2","0","2","","","","N","","","","","","","","","",""
"2008087748","","2","0","0","0","0","0","0","0","0","1","0","","02","7","2008","7","","","1736","11","0","0","0","0","0","0","0","0","2","0","0","0","","","3","","0","","40 25:32.88","4","0","79 54:06.84","4","0","0","0","2301","0","0","0","N","0","0","0","4","68B03","1","","1.0","","1","N","N","","0","","0","0","0","","0","N","","2","3","0","0","0","2","0","2","0","2","","","","N","","","","","","","","","",""
"2008087749","","0","0","0","0","0","0","0","0","0","99","0","","02","8","2008","7","40.477272","-80.118713","0342","11","0","0","0","0","0","0","0","0","2","0","0","0","","","1","","0","","40 28:38.179","1","0","80 07:07.368","4","0","0","1","2126","0","0","0","N","0","0","0","1","68B03","1","","1.0","","1","N","N","","0","","0","0","0","","0","N","","1","1","0","0","0","0","0","2","0","1","","","","N","","","","","","","","","",""
"2008087750","","0","0","0","0","0","0","0","0","0","7","0","","02","8","2008","1","","","0547","11","0","0","0","0","0","0","0","0","","0","0","0","","","1","","0","","40 25:33.96","","0","79 53:44.16","4","0","0","0","2301","0","0","0","N","0","0","0","1","68B03","1","","4.0","","1","N","N","","1","","0","0","0","","0","","","1","1","1","0","0","0","0","2","0","1","","","","N","","","","","","","","","",""
"2008087819","","2","0","0","0","0","0","0","0","0","4","0","","02","8","2008","3","40.536333","-79.990426","1859","11","0","0","0","0","0","1","0","1","","0","0","0","","","1","","2","","40 32:10.798","","0","79 59:25.533","4","0","0","0","2116","0","0","0","N","0","0","0","3","02116","1","","1.0","","1","N","N","","0","","0","0","0","","3","","","2","1","0","0","0","0","0","2","0","2","","","","N","","","","","","","","","",""