"CRN","ARRIVAL_TM","AUTOMOBILE_COUNT","BELTED_DEATH_COUNT","BELTED_SUSP_SERIOUS_INJ_COUNT","BICYCLE_COUNT","BICYCLE_DEATH_COUNT","BICYCLE_SUSP_SERIOUS_INJ_COUNT","BUS_COUNT","CHLDPAS_DEATH_COUNT","CHLDPAS_SUSP_SERIOUS_INJ_COUNT","COLLISION_TYPE","COMM_VEH_COUNT","CONS_ZONE_SPD_LIM","COUNTY","CRASH_MONTH","CRASH_YEAR","DAY_OF_WEEK","DEC_LATITUDE","DEC_LONGITUDE","DISPATCH_TM","DISTRICT","DRIVER_COUNT_16YR","DRIVER_COUNT_17YR","DRIVER_COUNT_18YR","DRIVER_COUNT_19YR","DRIVER_COUNT_20YR","DRIVER_COUNT_50_64YR","DRIVER_COUNT_65_74YR","DRIVER_COUNT_75PLUS","EST_HRS_CLOSED","FATAL_COUNT","HEAVY_TRUCK_COUNT","HORSE_BUGGY_COUNT","HOUR_OF_DAY","ILLUMINATION","INJURY_COUNT","INTERSECTION_RELATED","INTERSECT_TYPE","LANE_CLOSED","LATITUDE","LN_CLOSE_DIR","LOCATION_TYPE","LONGITUDE","MAX_SEVERITY_LEVEL","MCYCLE_DEATH_COUNT","MCYCLE_SUSP_SERIOUS_INJ_COUNT","MOTORCYCLE_COUNT","MUNICIPALITY","NONMOTR_COUNT","NONMOTR_DEATH_COUNT","NONMOTR_SUSP_SERIOUS_INJ_COUNT","NTFY_HIWY_MAINT","PED_COUNT","PED_DEATH_COUNT","PED_SUSP_SERIOUS_INJ_COUNT","PERSON_COUNT","POLICE_AGCY","POSSIBLE_INJ_COUNT","RDWY_SURF_TYPE_CD","RELATION_TO_ROAD","ROADWAY_CLEARED","ROAD_CONDITION","SCH_BUS_IND","SCH_ZONE_IND","SECONDARY_CRASH","SMALL_TRUCK_COUNT","SPEC_JURIS_CD","SUSP_MINOR_INJ_COUNT","SUSP_SERIOUS_INJ_COUNT","SUV_COUNT","TCD_FUNC_CD","TCD_TYPE","TFC_DETOUR_IND","TIME_OF_DAY","TOTAL_UNITS","TOT_INJ_COUNT","UNBELTED_OCC_COUNT","UNB_DEATH_COUNT","UNB_SUSP_SERIOUS_INJ_COUNT","UNK_INJ_DEG_COUNT","UNK_INJ_PER_COUNT","URBAN_RURAL","VAN_COUNT","VEHICLE_COUNT","WEATHER1","WEATHER2","WORKERS_PRES","WORK_ZONE_IND","WORK_ZONE_LOC","WORK_ZONE_TYPE","WZ_CLOSE_DETOUR","WZ_FLAGGER","WZ_LAW_OFFCR_IND","WZ_LN_CLOSURE","WZ_MOVING","WZ_OTHER","WZ_SHLDER_MDN","WZ_WORKERS_INJ_KILLED"
"2008087822","","2","0","0","0","0","0","0","0","0","6","0","","02","8","2008","4","40.2553","-79.8463","1810","11","0","0","0","0","0","1","0","0","","0","0","0","","","0","","0","","40 15:19.080","","0","79 50:46.680","0","0","0","0","2105","0","0","0","N","0","0","0","2","02105","0","","1.0","","1","N","N","","0","","0","0","0","","0","","","2","0","0","0","0","0","0","1","0","2","","","","N","","","","","","","","","",""
"2008087824","","0","0","0","0","0","0","0","0","0","7","0","","02","7","2008","5","40.437838","-79.964029","0031","11","0","0","0","0","0","0","0","0","1","0","0","0","","","0","","2","","40 26:16.216","2","0","79 57:50.504","0","0","0","0","2301","0","0","0","N","0","0","0","1","02301","0","","5.0","","1","N","N","","0","","0","0","1","","2","Y","","1","0","0","0","0","0","0","2","0","1","","","","N","","","","","","","","","",""
"2008087826","","1","0","0","0","0","0","0","0","0","1","0","","02","7","2008","4","40.447578","-80.004063","2300","11","0","0","0","0","0","0","0","0","","0","0","0","","","1","","2","","40 26:51.280","","0","80 00:14.626","8","0","0","0","2301","0","0","0","N","0","0","0","1","02301","0","","6.0","","1","N","N","","0","","0","0","1","","0","","","2","1","0","0","0","1","0","2","0","2","","","","N","","","","","","","","","",""
"2008087874","","3","1","0","0","0","0","0","0","0","2","0","","02","8","2008","4","40.508524","-80.090146","0750","11","0","0","0","0","1","1","0","0","2","1","0","0","","","1","","2","","40 30:30.687","5","0","80 05:24.527","1","0","0","0","2429","0","0","0","N","0","0","0","4","02215","0","2","1.0","","1","N","N","","0","0","1","0","0","","3","Y","","3","1","0","0","0","0","0","2","0","3","","","","N","","","","","","","","","",""
"2008087882","","2","0","0","0","0","0","0","0","0","4","0","","02","7","2008","4","40.446335","-79.955571","0730","11","0","0","0","0","0","1","0","1","","0","0","0","","","0","","1","","40 26:46.806","","0","79 57:20.055","9","0","0","0","2301","0","0","0","N","0","0","0","3","02301","0","","1.0","","1","N","N","","0","","0","0","0","","3","","","2","0","0","0","0","0","1","2","0","2","","","","N","","","","","","","","","",""
"2008087883","","0","0","0","0","0","0","0","0","0","8","0","","02","7","2008","5","40.449793","-79.950765","1251","11","0","1","0","0","0","0","0","0","","0","0","0","","","1","","1","","40 26:59.254","","0","79 57:02.754","4","0","0","0","2301","1","0","0","N","1","0","0","2","02301","1","","1.0","","1","N","N","","0","","0","0","0","","2","","","2","1","0","0","0","0","0","2","1","1","","","","N","","","","","","","","","",""
"2008087886","","1","0","0","0","0","0","0","0","0","1","0","","02","7","2008","6","40.454053","-80.026321","0715","11","0","0","0","0","0","1","0","0","","0","0","0","","","0","","1","","40 27:14.590","","0","80 01:34.755","0","0","0","0","2301","0","0","0","N","0","0","0","2","02301","0","","1.0","","1","N","N","","0","","0","0","1","","3","","","2","0","0","0","0","0","0","2","0","2","","","","N","","","","","","","","","",""
"2008087891","","1","0","0","0","0","0","0","0","0","2","0","","02","7","2008","6","40.457991","-79.904036","0227","11","0","0","0","0","0","1","0","0","2","0","0","0","","","1","","3","","40 27:28.767","4","0","79 54:14.528","4","0","0","0","2301","0","0","0","N","0","0","0","3","02301","1","","1.0","","1","N","N","","0","","0","0","1","","2","N","","2","1","1","0","0","0","0","2","0","2","","","","N","","","","","","","","","",""
"2008087892","","0","0","0","0","0","0","0","0","0","7","0","","02","7","2008","3","40.4","-80.2325","0627","11","0","0","0","0","0","0","0","0","1","0","0","0","","","1","","0","","40 24:00.000","5","0","80 13:57.000","3","0","0","0","2214","0","0","0","N","0","0","0","1","02214","0","","5.0","","1","N","N","","1","","1","0","0","","0","Y","","1","1","1","0","0","0","0","1","0","1","","","","N","","","","","","","","","",""
"2008087899","","0","0","0","0","0","0","0","0","0","7","0","","02","8","2008","1","40.363451","-80.043707","0139","11","0","0","1","0","0","0","0","0","","0","0","0","","","0","","0","","40 21:48.423","","0","80 02:37.345","0","0","0","0","2109","0","0","0","N","0","0","0","2","02109","0","","5.0","","1","N","N","","0","","0","0","1","","0","","","1","0","1","0","0","0","0","2","0","1","","","","N","","","","","","","","","",""
"2008087913","","1","0","0","0","0","0","0","0","0","7","0","","02","8","2008","5","40.3309","-79.987","0056","11","0","0","0","0","0","0","0","0","3","0","0","0","","","1","","0","","40 19:51.240","6","0","79 59:13.200","4","0","0","0","2219","0","0","0","N","0","0","0","1","02219","1","","5.0","","1","N","N","","0","","0","0","0","","0","Y","","1","1","0","0","0","0","0","2","0","1","","","","N","","","","","","","","","",""
"2008088009","","2","0","0","0","0","0","0","0","0","5","0","","02","7","2008","5","40.4843","-79.9078","1108","11","0","0","0","0","0","0","1","0","","0","0","0","","","3","","1","","40 29:03.480","","0","79 54:28.080","8","0","0","0","2301","0","0","0","N","0","0","0","4","02301","0","","1.0","","1","N","N","","0","","0","0","0","","0","","","2","3","0","0","0","3","0","2","0","2","","","","N","","","","","","","","","",""
"2008088010","","1","0","0","0","0","0","0","0","0","6","0","","02","7","2008","6","","","1600","11","0","0","0","0","0","1","0","0","","0","0","0","","","0","","0","","","","0","","0","0","0","0","2301","0","0","0","N","0","0","0","7","02301","0","","1.0","","1","N","N","","0","","0","0","1","","0","","","3","0","0","0","0","0","0","1","1","3","","","","N","","","","","","","","","",""
"2008088011","","2","0","0","0","0","0","0","0","0","4","0","","02","7","2008","7","40.459749","-79.907165","1505","11","0","0","0","0","0","1","0","0","1","0","0","0","","","0","","2","","40 27:35.096","2","0","79 54:25.794","0","0","0","0","2301","0","0","0","N","0","0","0","4","02301","0","","1.0","","1","N","N","","0","","0","0","0","","0","N","","2","0","1","0","0","0","0","2","0","2","","","","N","","","","","","","","","",""
"2008088341","","2","0","0","0","0","0","0","0","0","4","0","","02","7","2008","4","40.399133","-80.025152","1903","11","0","0","1","0","0","0","0","0","","0","0","0","","","1","","2","","40 23:56.877","","0","80 01:30.546","4","0","0","0","2301","0","0","0","N","0","0","0","6","02301","1","","1.0","","1","N","N","","0","","0","0","0","","3","","","2","1","0","0","0","0","0","2","0","2","","","","N","","","","","","","","","",""
"2008088342","","1","0","0","0","0","0","0","0","0","7","0","","02","7","2008","3","40.447138","-79.895168","2204","11","0","0","0","0","0","1","0","0","","0","0","0","","","0","","1","","40 26:49.695","","0","79 53:42.604","0","0","0","0","2301","0","0","0","N","0","0","0","1","02301","0","","2.0","","1","N","N","","0","","0","0","0","","2","","","1","0","0","0","0","0","0","2","0","1","","","","N","","","","","","","","","",""
"2008088343","","1","0","0","0","0","0","0","0","0","6","0","","02","7","2008","1","40.454528","-79.929847","1055","11","0","0","0","0","0","0","0","0","","0","0","0","","","0","","0","","40 27:16.300","","0","79 55:47.449","9","0","0","0","2301","0","0","0","N","0","0","0","1","02301","0","","1.0","","1","N","N","","0","","0","0","0","","0","","","2","0","0","0","0","0","1","2","0","2","","","","N","","","","","","","","","",""
"2008088345","","4","0","0","0","0","0","0","0","0","5","0","","02","7","2008","6","40.494059","-80.024383","2345","11","0","0","0","0","0","0","0","0","","0","0","0","","","1","","0","","40 29:38.612","","0","80 01:27.778","8","0","0","0","2301","0","0","0","N","0","0","0","1","02301","0","","6.0","","1","N","N","","0","","0","0","2","","0","","","7","1","1","0","0","1","0","2","1","7","","","","N","","","","","","","","","",""
"2008088346","","2","0","0","0","0","0","0","0","0","5","0","","02","7","2008","7","40.455804","-80.004579","1815","11","0","0","0","0","0","0","0","0","","0","0","0","","","0","","2","","40 27:20.894","","0","80 00:16.484","9","0","0","0","2301","0","0","0","N","0","0","0","1","02301","0","","6.0","","1","N","N","","0","","0","0","0","","2","","","3","0","0","0","0","0","1","2","1","3","","","","N","","","","","","","","","",""
"2008088347","","2","0","0","0","0","0","0","0","0","5","0","","02","7","2008","1","40.4565","-79.9976","1046","11","0","0","0","0","0","0","1","0","","0","0","0","","","0","","1","","40 27:23.400","","0","79 59:51.360","0","0","0","0","2301","0","0","0","N","0","0","0","2","02301","0","","1.0","","1","N","N","","0","","0","0","0","","2","","","2","0","0","0","0","0","0","2","0","2","","","","N","","","","","","","","","",""
"2008088349","","1","0","0","0","0","0","0","0","0","5","1","","02","7","2008","3","40.453489","-80.00059","0951","11","0","0","0","0","0","0","0","0","","0","1","0","","","1","","2","","40 27:12.561","","0","80 00:02.124","8","0","0","0","2301","1","0","0","N","1","0","0","3","02301","0","","6.0","","1","N","N","","1","","0","0","0","","0","","","4","1","0","0","0","1","0","2","0","3","","","","N","","","","","","","","","",""
"2008088350","","1","0","0","0","0","0","0","0","0","5","0","","02","7","2008","3","40.4493","-80.0253","1540","11","0","0","0","0","1","0","1","0","1","0","0","0","","","0","","0","","40 26:57.480","2","0","80 01:31.080","0","0","0","0","2301","0","0","0","N","0","0","0","3","02301","0","","1.0","","1","N","N","","1","","0","0","0","","0","N","","2","0","0","0","0","0","0","2","0","2","","","","N","","","","","","","","","",""
"2008088354","","1","0","0","0","0","0","0","0","0","7","0","","02","7","2008","6","","","1649","11","0","0","0","0","0","0","0","0","1","0","0","0","","","1","","0","","","1","7","","4","0","0","0","2301","0","0","0","N","0","0","0","2","02301","1","","2.0","","1","N","N","","0","","0","0","0","","0","N","","1","1","0","0","0","0","0","1","0","1","","","","N","","","","","","","","","",""
"2008088355","","1","0","0","0","0","0","0","0","0","5","0","","02","7","2008","5","40.407161","-79.942931","0819","11","0","0","0","0","0","0","0","0","","0","0","0","","","0","","0","","40 24:25.780","","0","79 56:34.550","0","0","0","0","2301","0","0","0","N","0","0","0","2","02301","0","","1.0","","1","N","N","","1","","0","0","0","","0","","","2","0","0","0","0","0","0","2","0","2","","","","N","","","","","","","","","",""
"2008088360","","0","0","0","0","0","0","0","0","0","99","0","","02","7","2008","4","40.4249","-80.2947","1921","11","0","0","0","0","0","0","0","0","","0","0","0","","","1","","0","","40 25:29.640","","0","80 17:40.920","4","0","0","1","2214","0","0","0","N","0","0","0","1","02214","1","","1.0","","1","N","N","","0","","0","0","0","","0","","","1","1","0","0","0","0","0","1","0","1","","","","N","","","","","","","","","",""
"2008088368","","0","0","0","0","0","0","0","0","0","2","2","","02","7","2008","2","40.462256","-79.905566","1543","11","0","0","0","0","0","2","0","0","1","0","2","0","","","2","","2","","40 27:44.120","1","0","79 54:20.037","8","0","0","0","2301","0","0","0","N","0","0","0","2","02301","0","","1.0","","1","N","N","","0","","0","0","0","","0","N","","2","2","0","0","0","2","0","2","0","2","","","","N","","","","","","","","","",""
"2008088369","","1","0","0","0","0","0","0","0","0","7","0","","02","7","2008","5","40.4384","-80.0061","0035","11","0","0","0","0","0","0","0","0","","0","0","0","","","0","","0","","40 26:18.240","","8","80 00:21.960","9","0","0","0","2301","0","0","0","N","0","0","0","1","02301","0","","7.0","","1","N","N","","0","","0","0","0","","0","","","1","0","0","0","0","0","1","2","0","1","","","","N","","","","","","","","","",""
"2008088453","","1","0","0","0","0","0","0","0","0","1","0","","02","1","2008","6","","","0000","11","0","0","0","0","0","0","0","1","","0","0","0","","","0","","3","","40 26:22.20","","0","80 00:36.72","9","0","0","0","2301","0","0","0","N","0","0","0","3","00000","0","","1.0","","1","N","N","","0","","0","0","0","","0","","","2","0","0","0","0","0","3","2","0","2","","","","N","","","","","","","","","",""
"2008088458","","0","0","0","0","0","0","0","0","0","7","0","","02","7","2008","7","40.384185","-79.994244","1745","11","0","0","0","0","0","0","0","0","","0","0","0","","","0","","0","","40 23:03.066","","0","79 59:39.278","0","0","0","0","2301","0","0","0","N","0","0","0","1","02301","0","","2.0","","1","N","N","","1","","0","0","0","","0","","","1","0","0","0","0","0","0","2","0","1","","","","N","","","","","","","","","",""
"2008088462","","1","0","0","0","0","0","0","0","0","1","0","","02","7","2008","4","","","0905","11","0","0","0","0","0","0","0","0","2","0","0","0","","","0","","0","","","2","3","","0","0","0","0","2301","0","0","0","N","0","0","0","3","02301","0","","1.0","","1","N","N","","1","","0","0","1","","0","Y","","3","0","0","0","0","0","0","1","0","3","","","","N","","","","","","","","","",""
"2008088463","","1","0","0","0","0","0","0","0","0","1","0","","02","7","2008","3","40.454354","-79.97773","0809","11","0","0","0","0","0","1","0","0","","0","0","0","","","1","","1","","40 27:15.675","","0","79 58:39.829","4","0","0","0","2301","0","0","0","N","0","0","0","5","02301","1","","1.0","","1","N","N","","0","","0","0","0","","2","","","2","1","0","0","0","0","1","2","1","2","","","","N","","","","","","","","","",""
"2008088464","","1","0","0","0","0","0","0","0","0","4","0","","02","7","2008","4","40.449725","-79.986084","2137","11","1","0","0","0","0","0","0","0","","0","0","0","","","0","","1","","40 26:59.010","","0","79 59:09.902","0","0","0","0","2301","0","0","0","N","0","0","0","4","02301","0","","1.0","","1","N","N","","0","","0","0","0","","3","","","2","0","0","0","0","0","0","2","0","2","","","","N","","","","","","","","","",""
"2008088465","","1","0","0","0","0","0","0","0","0","1","0","","02","7","2008","7","40.4368","-79.9943","1215","11","0","0","0","0","0","1","0","0","","0","0","0","","","0","","0","","40 26:12.480","","0","79 59:39.480","0","0","0","0","2301","0","0","0","N","0","0","0","7","02301","0","","1.0","","1","N","N","","0","","0","0","0","","0","","","2","0","0","0","0","0","0","2","1","2","","","","N","","","","","","","","","",""
"2008088466","","1","0","0","0","0","0","0","0","0","4","0","","02","7","2008","6","40.420334","-79.927388","0951","11","0","0","0","0","0","0","0","1","1","0","0","0","","","1","","0","","40 25:13.202","5","0","79 55:38.596","3","0","0","1","2301","0","0","0","N","0","0","0","2","02301","0","","1.0","","1","N","N","","0","","1","0","0","","0","Y","","2","1","1","0","0","0","0","2","0","2","","","","N","","","","","","","","","",""
"2008088467","","1","0","0","0","0","0","0","0","0","8","0","","02","7","2008","6","40.450599","-79.943012","1737","11","0","0","0","0","0","0","0","1","","0","0","0","","","1","","0","","40 27:02.156","","0","79 56:34.843","8","0","0","0","2301","1","0","0","N","1","0","0","3","02301","0","","1.0","","1","N","N","","0","","0","0","0","","0","","","3","1","0","0","0","1","0","2","0","2","","","","N","","","","","","","","","",""
"2008088468","","2","0","0","0","0","0","0","0","0","4","0","","02","7","2008","2","40.451451","-79.90819","1219","11","0","0","0","0","0","0","1","0","","0","0","0","","","0","","1","","40 27:05.224","","0","79 54:29.484","9","0","0","0","2301","0","0","0","N","0","0","0","2","02301","0","","1.0","","1","N","N","","0","","0","0","0","","2","","","2","0","0","0","0","0","1","2","0","2","","","","N","","","","","","","","","",""
"2008088469","","1","0","0","0","0","0","0","0","0","99","0","","02","7","2008","4","40.4515","-79.9081","0855","11","0","0","0","0","0","0","1","0","","0","0","0","","","0","","1","","40 27:05.400","","0","79 54:29.160","0","0","0","0","2301","0","0","0","N","0","0","0","1","02301","0","","9.0","","1","N","N","","0","","0","0","0","","2","","","1","0","1","0","0","0","0","2","0","1","","","","N","","","","","","","","","",""
"2008088470","","0","0","0","0","0","0","0","0","0","4","0","","02","7","2008","5","40.443982","-79.938589","1514","11","0","0","0","0","0","1","0","0","1","0","0","0","","","1","","0","","40 26:38.335","3","0","79 56:18.920","8","0","0","0","2301","0","0","0","N","0","0","0","2","02301","0","","6.0","","1","N","N","","0","","0","0","1","","0","N","","2","1","0","0","0","1","0","2","1","2","","","","N","","","","","","","","","",""
"2008088471","","0","0","0","0","0","0","0","0","0","7","0","","02","7","2008","5","40.426606","-79.912665","2224","11","0","0","0","0","0","0","0","0","","0","0","0","","","1","","0","","40 25:35.781","","0","79 54:45.594","8","0","0","0","2301","0","0","0","N","0","0","0","1","02301","0","","5.0","","1","N","N","","1","","0","0","0","","0","","","1","1","0","0","0","1","0","2","0","1","","","","N","","","","","","","","","",""
"2008088472","","1","0","0","0","0","0","0","0","0","1","0","","02","7","2008","3","40.447138","-79.895168","2248","11","0","0","0","0","0","0","0","0","2","0","0","0","","","1","","1","","40 26:49.695","3","0","79 53:42.604","8","0","0","0","2301","0","0","0","N","0","0","0","2","02301","0","","1.0","","1","N","N","","0","","0","0","1","","2","N","","2","1","1","0","0","1","1","2","0","2","","","","N","","","","","","","","","",""
"2008088473","","1","0","0","0","0","0","0","0","0","1","0","","02","7","2008","1","40.415444","-79.924874","1513","11","0","0","0","0","0","0","0","0","1","0","0","0","","","0","","2","","40 24:55.598","2","0","79 55:29.546","0","0","0","0","2301","0","0","0","N","0","0","0","4","02301","0","","1.0","","9","N","N","","0","","0","0","1","","2","N","","2","0","0","0","0","0","0","2","0","2","","","","N","","","","","","","","","",""
"2008088474","","1","0","0","0","0","0","0","0","0","7","0","","02","7","2008","5","40.453987","-79.997852","0445","11","0","0","0","0","0","0","0","0","","0","0","0","","","1","","2","","40 27:14.354","","0","79 59:52.268","3","0","0","0","2301","0","0","0","N","0","0","0","2","02301","0","","4.0","","1","N","N","","0","","1","0","0","","0","","","1","1","1","0","0","0","0","2","0","1","","","","N","","","","","","","","","",""
"2008088507","","1","0","0","0","0","0","0","0","0","4","0","","02","7","2008","4","40.456641","-80.052765","0848","11","0","0","0","0","0","0","1","0","","0","0","0","","","0","","0","","40 27:23.907","","0","80 03:09.954","0","0","0","0","2301","0","0","0","N","0","0","0","1","02301","0","","1.0","","1","N","N","","1","","0","0","0","","0","","","3","0","0","0","0","0","0","2","1","3","","","","N","","","","","","","","","",""
"2008088508","","1","0","0","1","0","0","0","0","0","8","0","","02","7","2008","1","40.455751","-80.050148","1801","11","0","0","0","0","0","0","0","0","1","0","0","0","","","1","","1","","40 27:20.703","5","0","80 03:00.531","4","0","0","0","2301","1","0","0","N","0","0","0","2","02301","1","","1.0","","1","N","N","","0","","0","0","0","","0","N","","2","1","0","0","0","0","0","2","0","1","","","","N","","","","","","","","","",""
"2008088509","","1","0","0","0","0","0","0","0","0","99","0","","02","7","2008","1","40.454104","-80.070572","1937","11","0","0","0","0","0","1","0","0","","0","0","0","","","0","","1","","40 27:14.774","","0","80 04:14.059","0","0","0","0","2301","0","0","0","N","0","0","0","1","02301","0","","9.0","","1","N","N","","0","","0","0","0","","0","","","1","0","1","0","0","0","0","2","0","1","","","","N","","","","","","","","","",""
"2008088510","","1","0","0","0","0","0","0","0","0","4","0","","02","7","2008","5","","","2208","11","0","0","0","0","0","1","0","0","","0","0","0","","","0","","1","","","","0","","0","0","0","0","2302","0","0","0","N","0","0","0","2","02302","0","","1.0","","1","N","N","","0","","0","0","1","","2","","","2","0","0","0","0","0","0","1","0","2","","","","N","","","","","","","","","",""
"2008088512","","1","0","0","0","0","0","0","0","0","7","0","","02","7","2008","1","40.453611","-79.978802","2130","11","0","0","0","0","0","0","0","0","","0","0","0","","","1","","0","","40 27:12.999","","0","79 58:43.687","8","0","0","0","2301","0","0","0","N","0","0","0","1","02301","0","","5.0","","1","N","N","","0","","0","0","0","","0","","","1","1","0","0","0","1","0","2","0","1","","","","N","","","","","","","","","",""
"2008088513","","0","0","0","0","0","0","0","0","0","8","0","","02","7","2008","1","40.422267","-80.004957","0554","11","0","0","0","0","0","0","0","0","","0","0","0","","","1","","2","","40 25:20.161","","0","80 00:17.845","3","0","0","0","2301","1","0","0","N","1","0","0","2","02301","0","","1.0","","1","N","N","","1","","1","0","0","","3","","","2","1","0","0","0","0","1","2","0","1","","","","N","","","","","","","","","",""
"2008088514","","0","0","0","0","0","0","0","0","0","1","0","","02","7","2008","1","40.4286","-79.977","0250","11","0","0","0","0","0","1","0","0","","0","1","0","","","1","","0","","40 25:42.960","","0","79 58:37.200","8","0","0","0","2301","0","0","0","N","0","0","0","3","02301","0","","1.0","","1","N","N","","1","","0","0","0","","2","","","3","1","0","0","0","1","0","2","1","3","","","","N","","","","","","","","","",""
"2008088516","","2","0","0","0","0","0","0","0","0","1","0","","02","7","2008","4","40.422378","-80.029692","1708","11","0","0","0","0","0","0","0","0","1","0","0","0","","","1","","2","","40 25:20.562","2","0","80 01:46.892","4","0","0","0","2301","0","0","0","N","0","0","0","5","02301","1","","1.0","","1","N","N","","0","","0","0","1","","0","N","","3","1","0","0","0","0","0","2","0","3","","","","N","","","","","","","","","",""
"2008088517","","2","0","0","0","0","0","0","0","0","2","0","","02","7","2008","4","40.4192","-80.0297","1640","11","0","0","0","0","0","1","0","0","1","0","0","0","","","1","","2","","40 25:09.120","3","0","80 01:46.920","4","0","0","0","2301","0","0","0","N","0","0","0","5","02301","1","","1.0","","1","N","N","","0","","0","0","0","","0","Y","","2","1","0","0","0","0","0","2","0","2","","","","N","","","","","","","","","",""
"2008088518","","1","0","0","0","0","0","0","0","0","8","0","","02","7","2008","4","40.428617","-79.992223","2130","11","0","0","0","0","0","0","0","0","1","0","0","0","","","1","","1","","40 25:43.022","3","0","79 59:32.004","8","0","0","0","2301","1","0","0","N","1","0","0","2","02301","0","","1.0","","1","N","N","","0","","0","0","0","","3","N","","2","1","0","0","0","1","0","2","0","1","","","","N","","","","","","","","","",""
"2008088531","","1","0","0","0","0","0","0","0","0","2","0","","02","4","2008","7","40.38085","-80.015881","1002","11","0","0","0","0","0","0","0","0","","0","0","0","","","0","","0","","40 22:51.060","","0","80 00:57.171","0","0","0","0","2101","0","0","0","N","0","0","0","1","02101","0","","4.0","","1","N","N","","1","","0","0","0","","0","","","2","0","0","0","0","0","0","2","0","2","","","","N","","","","","","","","","",""
"2008088549","","1","0","0","0","0","0","0","0","0","7","0","45","02","7","2008","7","40.5525","-80.1173","2043","11","0","0","0","0","0","0","0","0","","0","0","0","","","1","","0","","40 33:09.000","","0","80 07:02.280","4","0","0","0","2215","0","0","0","Y","0","0","0","1","68B03","1","","4.0","","1","N","N","","0","","0","0","0","","0","","","1","1","0","0","0","0","0","2","0","1","","","Y","Y","4","1","N","N","N","Y","N","N","Y",""
"2008088551","","0","0","0","0","0","0","0","0","0","7","0","","02","8","2008","3","40.477461","-80.11881","0550","11","0","0","0","0","0","0","0","0","","0","0","0","","","0","","0","","40 28:38.860","","0","80 07:07.717","0","0","0","0","2126","0","0","0","Y","0","0","0","1","68B03","0","","4.0","","1","N","N","","1","","0","0","0","","0","","","1","0","0","0","0","0","0","2","0","1","","","","N","","","","","","","","","",""
"2008088618","","1","0","0","0","0","0","0","0","0","2","0","","02","8","2008","4","40.4953","-79.9397","1320","11","0","0","0","0","0","1","0","0","","0","0","0","","","1","","1","","40 29:43.080","","0","79 56:22.920","4","0","0","0","2430","0","0","0","N","0","0","0","2","02430","1","","1.0","","1","N","N","","1","","0","0","0","","3","","","2","1","0","0","0","0","0","2","0","2","","","","N","","","","","","","","","",""
"2008088629","","0","0","0","0","0","0","0","0","0","4","0","","02","8","2008","3","40.514936","-80.043074","1203","11","1","0","0","0","0","1","0","0","1","0","0","0","","","0","","1","","40 30:53.769","7","0","80 02:35.066","0","0","0","0","2474","0","0","0","N","0","0","0","2","02474","0","","1.0","","1","N","N","","0","","0","0","1","","3","Y","","2","0","0","0","0","0","0","2","1","2","","","","N","","","","","","","","","",""
"2008088667","","2","0","0","0","0","0","0","0","0","4","0","","02","1","2008","7","40.456397","-79.940544","0000","11","0","0","0","0","0","0","1","0","","0","0","0","","","0","","1","","40 27:23.028","","0","79 56:25.957","9","0","0","0","2301","0","0","0","N","0","0","0","3","00000","0","","1.0","","1","N","N","","0","","0","0","0","","2","","","2","0","0","0","0","0","2","2","0","2","","","","N","","","","","","","","","",""
"2008088674","","0","0","0","0","0","0","0","0","0","7","0","","02","8","2008","4","40.477598","-79.842736","1357","11","0","0","0","0","0","0","0","0","2","0","0","0","","","1","","3","","40 28:39.352","6","0","79 50:33.849","3","0","0","0","2113","0","0","0","N","0","0","0","1","02113","0","","5.0","","1","N","N","","0","","1","0","0","","0","N","","1","1","1","0","0","0","0","2","1","1","","","","N","","","","","","","","","",""
"2008088678","","0","0","0","0","0","0","0","0","0","4","0","","02","3","2008","1","40.387335","-79.983867","9999","11","0","0","0","0","0","1","0","1","","0","0","0","","","2","","1","","40 23:14.406","","0","79 59:01.921","4","0","0","0","2301","0","0","0","N","0","0","0","3","00000","1","","1.0","","1","N","N","","1","","0","0","0","","9","","","2","2","0","0","0","1","1","2","0","2","","","","N","","","","","","","","","",""
"2008088681","","1","0","0","0","0","0","0","0","0","1","0","","02","4","2008","6","","","9999","11","0","0","0","1","0","0","0","0","","0","0","0","","","1","","0","","","","2","","4","0","0","0","2301","0","0","0","","0","0","0","3","00000","1","","1.0","","1","","","","0","","0","0","0","","4","","","2","1","0","0","0","0","0","1","0","2","","","","N","","","","","","","","","",""
"2008088684","","1","0","1","0","0","0","0","0","0","1","0","","02","2","2008","4","40.438042","-79.994155","0000","11","0","0","0","0","0","1","0","0","","0","0","0","","","1","","1","","40 26:16.952","","0","79 59:38.958","2","0","0","0","2301","0","0","0","N","0","0","0","2","00000","0","","1.0","","7","N","N","","0","","0","1","0","","0","","","2","1","0","0","0","0","0","2","0","2","","","","N","","","","","","","","","",""
"2008088688","","1","0","0","0","0","0","0","0","0","1","0","","02","8","2008","4","40.584432","-79.95072","1355","11","0","0","0","0","0","0","0","0","","0","0","0","","","0","","2","","40 35:03.954","","0","79 57:02.591","0","0","0","0","2207","0","0","0","N","0","0","0","2","02207","0","","1.0","","1","N","N","","1","","0","0","0","","2","","","2","0","0","0","0","0","0","2","0","2","","","","N","","","","","","","","","",""