"CRN","ARRIVAL_TM","AUTOMOBILE_COUNT","BELTED_DEATH_COUNT","BELTED_SUSP_SERIOUS_INJ_COUNT","BICYCLE_COUNT","BICYCLE_DEATH_COUNT","BICYCLE_SUSP_SERIOUS_INJ_COUNT","BUS_COUNT","CHLDPAS_DEATH_COUNT","CHLDPAS_SUSP_SERIOUS_INJ_COUNT","COLLISION_TYPE","COMM_VEH_COUNT","CONS_ZONE_SPD_LIM","COUNTY","CRASH_MONTH","CRASH_YEAR","DAY_OF_WEEK","DEC_LATITUDE","DEC_LONGITUDE","DISPATCH_TM","DISTRICT","DRIVER_COUNT_16YR","DRIVER_COUNT_17YR","DRIVER_COUNT_18YR","DRIVER_COUNT_19YR","DRIVER_COUNT_20YR","DRIVER_COUNT_50_64YR","DRIVER_COUNT_65_74YR","DRIVER_COUNT_75PLUS","EST_HRS_CLOSED","FATAL_COUNT","HEAVY_TRUCK_COUNT","HORSE_BUGGY_COUNT","HOUR_OF_DAY","ILLUMINATION","INJURY_COUNT","INTERSECTION_RELATED","INTERSECT_TYPE","LANE_CLOSED","LATITUDE","LN_CLOSE_DIR","LOCATION_TYPE","LONGITUDE","MAX_SEVERITY_LEVEL","MCYCLE_DEATH_COUNT","MCYCLE_SUSP_SERIOUS_INJ_COUNT","MOTORCYCLE_COUNT","MUNICIPALITY","NONMOTR_COUNT","NONMOTR_DEATH_COUNT","NONMOTR_SUSP_SERIOUS_INJ_COUNT","NTFY_HIWY_MAINT","PED_COUNT","PED_DEATH_COUNT","PED_SUSP_SERIOUS_INJ_COUNT","PERSON_COUNT","POLICE_AGCY","POSSIBLE_INJ_COUNT","RDWY_SURF_TYPE_CD","RELATION_TO_ROAD","ROADWAY_CLEARED","ROAD_CONDITION","SCH_BUS_IND","SCH_ZONE_IND","SECONDARY_CRASH","SMALL_TRUCK_COUNT","SPEC_JURIS_CD","SUSP_MINOR_INJ_COUNT","SUSP_SERIOUS_INJ_COUNT","SUV_COUNT","TCD_FUNC_CD","TCD_TYPE","TFC_DETOUR_IND","TIME_OF_DAY","TOTAL_UNITS","TOT_INJ_COUNT","UNBELTED_OCC_COUNT","UNB_DEATH_COUNT","UNB_SUSP_SERIOUS_INJ_COUNT","UNK_INJ_DEG_COUNT","UNK_INJ_PER_COUNT","URBAN_RURAL","VAN_COUNT","VEHICLE_COUNT","WEATHER1","WEATHER2","WORKERS_PRES","WORK_ZONE_IND","WORK_ZONE_LOC","WORK_ZONE_TYPE","WZ_CLOSE_DETOUR","WZ_FLAGGER","WZ_LAW_OFFCR_IND","WZ_LN_CLOSURE","WZ_MOVING","WZ_OTHER","WZ_SHLDER_MDN","WZ_WORKERS_INJ_KILLED"
"2008092662","","0","0","0","0","0","0","0","0","0","0","0","","02","8","2008","2","40.606","-79.8675","","11","0","0","0","0","0","0","0","0","2","0","0","0","","","0","","2","","40 36:21.600","5","0","79 52:03.000","0","0","0","0","2220","0","0","0","N","0","0","0","3","02220","0","","5.0","","1","N","N","","0","","0","0","0","","0","N","","1","0","0","0","0","0","0","2","1","1","","","","N","","","","","","","","","",""
"2008092676","","1","0","0","0","0","0","0","0","0","1","0","","02","8","2008","2","40.440175","-80.228799","","11","0","1","0","0","0","0","0","0","2","0","0","0","","","1","","0","","40 26:24.630","4","0","80 13:43.678","4","0","0","0","2214","0","0","0","N","0","0","0","3","02214","1","","1.0","","1","N","N","","1","","0","0","0","","0","N","","3","1","0","0","0","0","0","2","1","3","","","","N","","","","","","","","","",""
"2008092677","","1","0","0","0","0","0","0","0","0","7","0","","02","8","2008","2","40.4814","-79.8048","","11","0","0","0","1","0","0","0","0","","0","0","0","","","0","","0","","40 28:53.040","","0","79 48:17.280","0","0","0","0","2113","0","0","0","N","0","0","0","1","02113","0","","5.0","","1","N","N","","0","","0","0","0","","0","","","1","0","1","0","0","0","0","2","0","1","","","","N","","","","","","","","","",""
"2008092763","","1","0","0","0","0","0","0","0","0","4","0","","02","8","2008","1","40.446779","-79.950564","","11","0","0","0","0","0","0","0","0","2","0","0","0","","","0","","1","","40 26:48.404","7","0","79 57:02.030","0","0","0","0","2301","0","0","0","N","0","0","0","5","02301","0","","1.0","","1","N","N","","2","","0","0","0","","2","Y","","3","0","0","0","0","0","0","2","0","3","","","","N","","","","","","","","","",""
"2008092764","","1","0","0","0","0","0","0","0","0","7","0","","02","8","2008","4","40.419479","-79.993667","","11","0","0","0","0","0","0","0","0","","0","0","0","","","1","","0","","40 25:10.124","","0","79 59:37.201","4","0","0","0","2301","0","0","0","N","0","0","0","1","02301","1","","2.0","","1","N","N","","0","","0","0","0","","0","","","1","1","0","0","0","0","0","2","0","1","","","","N","","","","","","","","","",""
"2008092854","","1","0","0","0","0","0","0","0","0","1","0","","02","8","2008","4","40.419784","-79.850232","","11","0","0","0","0","2","1","0","0","","0","0","0","","","0","","1","","40 25:11.223","","0","79 51:00.836","0","0","0","0","2431","0","0","0","N","0","0","0","3","02431","0","","1.0","","1","N","N","","0","","0","0","2","","2","","","3","0","0","0","0","0","0","2","0","3","","","","N","","","","","","","","","",""
"2008092855","","2","0","0","0","0","0","0","0","0","4","0","","02","8","2008","6","40.420265","-79.849027","","11","0","0","0","0","0","1","0","0","","0","0","0","","","1","","1","","40 25:12.954","","0","79 50:56.497","8","0","0","0","2431","0","0","0","N","0","0","0","3","02431","0","","1.0","","1","N","N","","0","","0","0","0","","3","","","2","1","0","0","0","1","0","2","0","2","","","","N","","","","","","","","","",""
"2008092869","","2","0","0","0","0","0","0","0","0","1","0","","02","8","2008","6","40.4418","-79.9941","","11","0","0","0","0","0","0","0","0","","0","0","0","","","2","","10","","40 26:30.480","","1","79 59:38.760","8","0","0","0","2301","0","0","0","N","0","0","0","4","02301","0","","1.0","","1","N","N","","1","","0","0","0","","0","","","3","2","0","0","0","2","0","2","0","3","","","","N","","","","","","","","","",""
"2008092870","","1","0","0","0","0","0","0","0","0","4","0","","02","7","2008","4","40.45863","-79.957447","","11","0","0","0","0","0","0","0","0","4","0","0","0","","","1","","1","","40 27:31.068","4","0","79 57:26.810","8","0","0","0","2301","0","0","0","N","0","0","0","2","02301","0","","1.0","","1","N","N","","1","","0","0","0","","2","N","","2","1","0","0","0","1","0","2","0","2","","","","N","","","","","","","","","",""
"2008092871","","1","0","0","0","0","0","0","0","0","4","0","","02","8","2008","6","40.458621","-79.908008","","11","0","0","0","0","0","0","0","0","","0","0","0","","","0","","1","","40 27:31.035","","0","79 54:28.827","0","0","0","0","2301","0","0","0","N","0","0","0","5","02301","0","","1.0","","1","N","N","","0","","0","0","0","","2","","","2","0","0","0","0","0","0","2","1","2","","","","N","","","","","","","","","",""
"2008092873","","2","0","0","0","0","0","0","0","0","4","0","","02","8","2008","7","40.481928","-80.045809","","11","0","0","0","0","0","0","0","0","2","0","0","0","","","0","","0","","40 28:54.940","6","0","80 02:44.912","9","0","0","0","2301","0","0","0","N","0","0","0","1","02301","0","","6.0","","1","N","N","","0","","0","0","1","","0","N","","3","0","0","0","0","0","1","2","0","3","","","","N","","","","","","","","","",""
"2008092874","","1","0","0","0","0","0","0","0","0","1","0","99","02","8","2008","2","40.488878","-80.04246","","11","0","0","0","0","0","0","0","0","","0","0","0","","","0","","0","","40 29:19.960","","0","80 02:32.856","0","0","0","0","2301","0","0","0","N","0","0","0","2","02301","0","","1.0","","1","N","N","","1","","0","0","0","","7","","","2","0","1","0","0","0","0","2","0","2","","","Y","Y","3","2","U","Y","N","Y","Y","U","U",""
"2008092875","","2","0","0","0","0","0","0","0","0","4","0","","02","8","2008","6","40.455646","-80.025596","","11","0","0","0","0","0","1","0","0","","0","0","0","","","0","","0","","40 27:20.325","","0","80 01:32.145","0","0","0","0","2301","0","0","0","N","0","0","0","2","02301","0","","1.0","","1","N","N","","0","","0","0","0","","0","","","2","0","0","0","0","0","0","2","0","2","","","","N","","","","","","","","","",""
"2008092876","","1","0","0","0","0","0","0","0","0","6","0","","02","8","2008","7","40.4541","-79.9968","","11","0","0","0","0","1","0","0","0","","0","0","0","","","0","","3","","40 27:14.760","","2","79 59:48.480","0","0","0","0","2301","0","0","0","N","0","0","0","2","02301","0","","1.0","","1","N","N","","0","","0","0","1","","0","","","2","0","0","0","0","0","0","2","0","2","","","","N","","","","","","","","","",""
"2008092877","","0","0","0","0","0","0","0","0","0","7","0","","02","8","2008","7","40.458133","-80.025389","","11","0","0","1","0","0","0","0","0","","0","0","0","","","1","","0","","40 27:29.280","","6","80 01:31.400","4","0","0","0","2301","0","0","0","N","0","0","0","1","02301","1","","5.0","","1","N","N","","0","","0","0","1","","0","","","1","1","0","0","0","0","0","2","0","1","","","","N","","","","","","","","","",""
"2008092878","","1","0","0","0","0","0","0","0","0","7","0","","02","8","2008","1","40.4459","-80.0097","","11","0","0","0","0","0","0","0","0","","0","0","0","","","0","","0","","40 26:45.240","","0","80 00:34.920","9","0","0","0","2301","0","0","0","N","0","0","0","1","02301","0","","2.0","","1","N","N","","0","","0","0","0","","0","","","1","0","0","0","0","0","1","2","0","1","","","","N","","","","","","","","","",""
"2008092882","","1","0","0","0","0","0","0","0","0","7","0","","02","7","2008","3","40.566055","-79.998807","","11","0","0","0","0","0","0","0","0","1","0","0","0","","","0","","5","","40 33:57.798","2","0","79 59:55.706","0","0","0","0","2108","0","0","0","N","0","0","0","1","02108","0","","4.0","","1","N","N","","0","","0","0","0","","4","N","","1","0","0","0","0","0","0","2","0","1","","","","N","","","","","","","","","",""
"2008092883","","1","0","0","0","0","0","0","0","0","2","0","","02","7","2008","3","40.5665","-80.0033","","11","0","0","0","0","0","0","0","1","","0","0","0","","","2","","0","","40 33:59.400","","0","80 00:11.880","3","0","0","0","2108","0","0","0","N","0","0","0","4","02108","0","","1.0","","1","N","N","","0","","2","0","0","","0","","","2","2","0","0","0","0","0","2","1","2","","","","N","","","","","","","","","",""
"2008092884","","1","0","0","0","0","0","0","0","0","4","0","","02","8","2008","4","40.5929","-80.0584","","11","0","0","0","0","0","0","0","1","1","0","0","0","","","1","","0","","40 35:34.440","1","0","80 03:30.240","8","0","0","1","2108","0","0","0","N","0","0","0","2","02108","0","","1.0","","1","N","N","","0","","0","0","0","","0","N","","2","1","0","0","0","1","0","2","0","2","","","","N","","","","","","","","","",""
"2008092885","","1","0","0","0","0","0","0","0","0","4","0","","02","8","2008","7","40.5613","-80.0131","","11","0","0","0","0","0","0","1","0","2","0","0","0","","","0","","1","","40 33:40.680","3","0","80 00:47.160","0","0","0","0","2108","0","0","0","N","0","0","0","2","02108","0","","1.0","","1","N","N","","0","","0","0","1","","2","N","","2","0","0","0","0","0","0","2","0","2","","","","N","","","","","","","","","",""
"2008092886","","1","0","0","0","0","0","0","0","0","4","0","","02","8","2008","1","40.5563","-80.0198","","11","0","0","0","0","0","1","0","1","","0","0","0","","","0","","1","","40 33:22.680","","0","80 01:11.280","0","0","0","0","2108","0","0","0","N","0","0","0","2","02108","0","","1.0","","1","N","N","","0","","0","0","0","","2","","","2","0","0","0","0","0","0","2","1","2","","","","N","","","","","","","","","",""
"2008092887","","2","0","0","0","0","0","0","0","0","4","0","","02","8","2008","1","40.589954","-80.046086","","11","0","0","0","0","0","0","0","1","1","0","0","0","","","2","","0","","40 35:23.834","1","0","80 02:45.909","8","0","0","0","2108","0","0","0","N","0","0","0","6","02108","0","","1.0","","1","N","N","","0","","0","0","0","","0","N","","2","2","0","0","0","2","0","2","0","2","","","","N","","","","","","","","","",""
"2008092888","","0","0","0","0","0","0","0","0","0","1","0","","02","8","2008","7","40.576121","-80.014779","","11","0","0","0","0","0","1","0","0","","0","0","0","","","0","","2","","40 34:34.037","","0","80 00:53.204","0","0","0","0","2108","0","0","0","N","0","0","0","2","02108","0","","1.0","","1","N","N","","1","","0","0","0","","0","","","2","0","0","0","0","0","0","2","1","2","","","","N","","","","","","","","","",""
"2008092889","","1","0","0","0","0","0","0","0","0","1","0","","02","8","2008","3","40.557327","-79.999265","","11","0","0","0","0","0","1","0","0","1","0","0","0","","","0","","0","","40 33:26.377","1","0","79 59:57.354","0","0","0","0","2108","0","0","0","N","0","0","0","3","02108","0","","1.0","","1","N","N","","0","","0","0","1","","0","N","","2","0","0","0","0","0","0","2","0","2","","","","N","","","","","","","","","",""
"2008092890","","1","0","0","0","0","0","0","0","0","7","0","","02","8","2008","4","40.579823","-80.049573","","11","0","0","0","0","0","0","0","0","","0","0","0","","","1","","0","","40 34:47.362","","7","80 02:58.462","4","0","0","0","2108","0","0","0","N","0","0","0","1","02108","1","","5.0","","1","N","N","","0","","0","0","0","","8","","","1","1","0","0","0","0","0","2","0","1","","","","N","","","","","","","","","",""
"2008092891","","2","0","0","0","0","0","0","0","0","1","0","","02","8","2008","5","40.585534","-80.044059","","11","0","0","0","0","0","0","0","0","","0","0","0","","","1","","0","","40 35:07.923","","0","80 02:38.611","4","0","0","0","2108","0","0","0","N","0","0","0","2","02108","1","","1.0","","1","N","N","","0","","0","0","0","","0","","","2","1","0","0","0","0","0","2","0","2","","","","N","","","","","","","","","",""
"2008092892","","1","0","0","0","0","0","0","0","0","4","0","","02","7","2008","2","40.425172","-79.929048","","11","0","0","1","0","0","0","0","0","","0","0","0","","","2","","1","","40 25:30.619","","0","79 55:44.572","4","0","0","0","2301","0","0","0","N","0","0","0","2","02301","2","","1.0","","1","N","N","","0","","0","0","0","","3","","","2","2","0","0","0","0","0","2","1","2","","","","N","","","","","","","","","",""
"2008092914","","1","0","0","0","0","0","0","0","0","4","0","","02","8","2008","4","40.461588","-79.968753","","11","0","0","0","0","0","0","0","0","1","0","0","0","","","2","","1","","40 27:41.715","7","0","79 58:07.509","8","0","0","0","2301","0","0","0","N","0","0","0","5","02301","0","","1.0","","1","N","N","","0","","0","0","1","","3","N","","2","2","5","0","0","2","0","2","0","2","","","","N","","","","","","","","","",""
"2008092915","","1","0","0","0","0","0","0","0","0","7","0","","02","8","2008","2","40.472324","-79.92418","","11","0","0","0","0","0","0","0","0","","0","0","0","","","0","","2","","40 28:20.366","","0","79 55:27.048","0","0","0","0","2301","0","0","0","N","0","0","0","1","02301","0","","4.0","","1","N","N","","0","","0","0","0","","0","","","1","0","0","0","0","0","0","2","0","1","","","","N","","","","","","","","","",""
"2008092916","","1","0","0","0","0","0","0","0","0","1","0","","02","8","2008","3","40.455347","-79.891764","","11","0","0","0","0","0","0","0","0","2","0","0","0","","","0","","0","","40 27:19.250","3","0","79 53:30.352","0","0","0","0","2301","0","0","0","N","0","0","0","1","02301","0","","6.0","","1","N","N","","0","","0","0","1","","0","N","","3","0","0","0","0","0","0","2","1","3","","","","N","","","","","","","","","",""
"2008092917","","2","0","0","0","0","0","0","0","0","4","0","","02","8","2008","5","40.46061","-79.919164","","11","0","0","0","0","1","0","0","0","1","0","0","0","","","1","","0","","40 27:38.196","6","0","79 55:08.990","8","0","0","0","2301","0","0","0","N","0","0","0","3","02301","0","","1.0","","1","N","N","","0","","0","0","0","","0","N","","2","1","2","0","0","1","0","2","0","2","","","","N","","","","","","","","","",""
"2008092918","","2","0","0","0","0","0","0","0","0","4","0","","02","8","2008","7","40.459609","-79.911376","","11","0","0","0","0","0","0","0","0","","0","0","0","","","1","","2","","40 27:34.592","","0","79 54:40.953","4","0","0","0","2301","0","0","0","N","0","0","0","7","02301","1","","1.0","","1","N","N","","0","","0","0","0","","0","","","2","1","0","0","0","0","0","2","0","2","","","","N","","","","","","","","","",""
"2008092919","","1","0","0","0","0","0","0","0","0","1","0","","02","8","2008","7","40.459261","-79.910313","","11","0","0","0","0","0","1","0","0","1","0","0","0","","","1","","0","","40 27:33.339","4","0","79 54:37.127","4","0","0","0","2301","0","0","0","N","0","0","0","1","02102","1","","2.0","","1","N","N","","0","","0","0","2","","0","N","","3","1","0","0","0","0","0","2","0","3","","","","N","","","","","","","","","",""
"2008092920","","1","0","0","0","0","0","0","0","0","4","0","","02","8","2008","5","40.442608","-79.999236","","11","0","0","0","0","0","0","0","0","9","0","0","0","","","1","","2","","40 26:33.388","3","0","79 59:57.249","4","0","0","0","2301","0","0","0","","0","0","0","3","02301","1","","1.0","","1","","","","0","","0","0","1","","2","N","","2","1","0","0","0","0","0","2","0","2","","","","N","","","","","","","","","",""
"2008092921","","2","0","0","0","0","0","0","0","0","2","0","","02","8","2008","7","40.437839","-79.998873","","11","0","0","0","0","0","2","0","0","","0","0","0","","","1","","1","","40 26:16.220","","0","79 59:55.942","4","0","0","0","2301","0","0","0","N","0","0","0","2","02301","1","","1.0","","1","N","N","","0","","0","0","0","","3","","","2","1","0","0","0","0","0","2","0","2","","","","N","","","","","","","","","",""
"2008092922","","2","0","0","0","0","0","0","0","0","4","0","","02","8","2008","2","40.440494","-79.989138","","11","0","0","0","0","0","0","0","0","","0","0","0","","","1","","0","","40 26:25.778","","7","79 59:20.896","3","0","0","0","2301","0","0","0","N","0","0","0","2","02301","0","","1.0","","1","N","N","","0","","1","0","0","","0","","","2","1","0","0","0","0","0","2","0","2","","","","N","","","","","","","","","",""
"2008092923","","0","0","0","0","0","0","0","0","0","7","0","","02","8","2008","5","","","","11","0","0","0","1","0","0","0","0","","0","0","0","","","1","","0","","","","0","","4","0","0","0","2302","0","0","0","N","0","0","0","1","02301","1","","5.0","","1","N","N","","1","","0","0","0","","0","","","1","1","0","0","0","0","0","1","0","1","","","","N","","","","","","","","","",""
"2008092967","","2","0","0","0","0","0","0","0","0","1","0","","02","8","2008","2","40.460515","-80.048701","","11","0","0","0","0","0","0","1","0","","0","0","0","","","1","","0","","40 27:37.853","","0","80 02:55.325","8","0","0","0","2301","0","0","0","N","0","0","0","2","02301","0","","1.0","","1","N","N","","0","","0","0","0","","0","","","2","1","0","0","0","1","0","2","0","2","","","","N","","","","","","","","","",""
"2008092968","","2","0","0","0","0","0","0","0","0","6","0","","02","8","2008","2","40.403892","-79.976551","","11","0","0","0","1","0","1","0","0","","0","0","0","","","0","","0","","40 24:14.011","","0","79 58:35.583","0","0","0","0","2301","0","0","0","N","0","0","0","2","02301","0","","1.0","","1","N","N","","0","","0","0","0","","0","","","2","0","0","0","0","0","0","2","0","2","","","","N","","","","","","","","","",""
"2008092969","","0","0","0","0","0","0","0","0","0","4","0","","02","8","2008","3","40.4292","-79.9992","","11","0","0","0","1","0","1","0","0","2","0","0","0","","","1","","1","","40 25:45.120","2","3","79 59:57.120","8","0","0","0","2301","0","0","0","Y","0","0","0","6","02301","0","","1.0","","1","N","N","","0","","0","0","1","","2","N","","4","1","0","0","0","1","0","2","2","4","","","","N","","","","","","","","","",""
"2008092970","","1","0","0","0","0","0","0","0","0","4","1","","02","8","2008","3","40.428322","-79.973011","","11","0","0","0","0","0","1","0","0","","0","1","0","","","1","","1","","40 25:41.960","","0","79 58:22.841","8","0","0","0","2301","0","0","0","N","0","0","0","2","02301","0","","1.0","","1","N","N","","0","","0","0","0","","3","","","2","1","0","0","0","1","0","2","0","2","","","","N","","","","","","","","","",""
"2008092971","","1","0","0","0","0","0","0","0","0","8","0","","02","8","2008","4","40.411456","-79.991273","","11","0","0","0","0","0","0","0","0","","0","0","0","","","1","","0","","40 24:41.241","","1","79 59:28.582","4","0","0","0","2301","1","0","0","N","1","0","0","2","02301","1","","1.0","","1","N","N","","0","","0","0","0","","0","","","2","1","0","0","0","0","0","2","0","1","","","","N","","","","","","","","","",""
"2008092972","","1","0","0","0","0","0","0","0","0","1","0","","02","8","2008","6","40.386838","-79.981974","","11","0","0","0","0","0","0","1","0","2","0","0","0","","","2","","2","","40 23:12.616","2","0","79 58:55.106","8","0","0","0","2301","0","0","0","N","0","0","0","4","02301","0","","1.0","","1","N","N","","0","","0","0","2","","8","N","","3","2","0","0","0","2","0","2","0","3","","","","N","","","","","","","","","",""
"2008092973","","2","0","0","0","0","0","0","0","0","6","0","","02","8","2008","2","40.410945","-80.039444","","11","0","0","0","0","0","1","0","0","","0","0","0","","","0","","0","","40 24:39.402","","0","80 02:21.998","0","0","0","0","2301","0","0","0","N","0","0","0","1","02301","0","","1.0","","1","N","N","","0","","0","0","0","","0","","","2","0","0","0","0","0","0","2","0","2","","","","N","","","","","","","","","",""
"2008092974","","1","0","0","0","0","0","0","0","0","4","0","","02","8","2008","6","40.400923","-80.031618","","11","0","0","0","0","1","0","0","1","2","0","0","0","","","1","","5","","40 24:03.322","3","0","80 01:53.825","3","0","0","0","2301","0","0","0","N","0","0","0","2","02301","0","","1.0","","1","N","N","","1","","1","0","0","","3","N","","2","1","0","0","0","0","0","2","0","2","","","","N","","","","","","","","","",""
"2008092976","","1","0","0","0","0","0","0","0","0","4","0","","02","7","2008","5","40.447126","-79.967499","","11","0","0","1","0","0","0","0","0","","0","0","0","","","0","","2","","40 26:49.653","","0","79 58:02.996","0","0","0","0","2301","0","0","0","N","0","0","0","4","02301","0","","1.0","","1","N","N","","0","","0","0","1","","2","","","2","0","0","0","0","0","0","2","0","2","","","","N","","","","","","","","","",""
"2008092977","","2","0","0","0","0","0","0","0","0","4","0","","02","8","2008","1","40.47153","-79.959709","","11","0","0","0","0","0","0","0","0","","0","0","0","","","0","","1","","40 28:17.509","","0","79 57:34.954","0","0","0","0","2301","0","0","0","N","0","0","0","3","02301","0","","1.0","","1","N","N","","0","","0","0","0","","2","","","2","0","0","0","0","0","0","2","0","2","","","","N","","","","","","","","","",""
"2008092978","","1","0","0","0","0","0","0","0","0","7","0","","02","7","2008","2","40.47046","-79.960434","","11","0","0","0","0","0","1","0","0","","0","0","0","","","1","","0","","40 28:13.655","","0","79 57:37.561","8","0","0","0","2301","0","0","0","N","0","0","0","1","02301","0","","5.0","","1","N","N","","0","","0","0","0","","0","","","1","1","0","0","0","1","0","2","0","1","","","","N","","","","","","","","","",""
"2008092979","","3","0","0","0","0","0","0","0","0","6","0","","02","8","2008","6","40.4336","-79.958","","11","0","0","0","0","0","1","0","0","1","0","0","0","","","0","","0","","40 26:00.960","6","0","79 57:28.800","9","0","0","0","2301","0","0","0","N","0","0","0","3","02301","0","","1.0","","1","N","N","","0","","0","0","0","","0","N","","3","0","0","0","0","0","1","2","0","3","","","","N","","","","","","","","","",""
"2008092980","","1","0","0","0","0","0","0","0","0","7","0","","02","8","2008","6","","","","11","0","0","0","0","0","1","0","0","1","0","0","0","","","0","","6","","40 26:29.04","2","2","80 00:32.76","0","0","0","0","2301","0","0","0","N","0","0","0","1","02301","0","","3.0","","1","N","N","","0","","0","0","0","","0","N","","1","0","0","0","0","0","0","2","0","1","","","","N","","","","","","","","","",""
"2008092981","","1","0","0","0","0","0","0","0","0","4","0","","02","8","2008","1","40.440466","-79.991536","","11","0","0","0","0","0","1","0","0","","0","0","0","","","3","","1","","40 26:25.678","","0","79 59:29.530","8","0","0","0","2301","0","0","0","N","0","0","0","4","02301","0","","1.0","","1","N","N","","0","","0","0","0","","2","","","2","3","0","0","0","3","0","2","0","2","","","","N","","","","","","","","","",""
"2008092982","","1","0","0","0","0","0","0","0","0","1","0","","02","8","2008","2","40.4346","-79.9954","","11","0","0","0","0","0","0","0","0","2","0","0","0","","","1","","7","","40 26:04.560","1","2","79 59:43.440","4","0","0","0","2301","0","0","0","N","0","0","0","2","02301","1","","1.0","","1","N","N","","0","","0","0","0","","0","N","","2","1","0","0","0","0","0","2","0","2","","","","N","","","","","","","","","",""
"2008092983","","1","0","0","0","0","0","0","0","0","8","0","","02","7","2008","4","40.440639","-79.958225","","11","0","0","0","0","0","0","0","0","","0","0","0","","","1","","1","","40 26:26.302","","0","79 57:29.610","3","0","0","0","2301","1","0","0","N","1","0","0","2","02301","0","","1.0","","1","N","N","","0","","1","0","0","","2","","","2","1","0","0","0","0","0","2","0","1","","","","N","","","","","","","","","",""
"2008092984","","1","0","0","0","0","0","0","0","0","1","0","","02","8","2008","3","40.453528","-79.916389","","11","0","0","0","0","0","0","0","0","1","0","0","0","","","0","","0","","40 27:12.700","3","0","79 54:59.000","0","0","0","0","2301","0","0","0","N","0","0","0","3","02301","0","","1.0","","1","N","N","","0","","0","0","0","","2","N","","3","0","0","0","0","0","0","2","0","3","","","","N","","","","","","","","","",""
"2008092985","","1","0","0","0","0","0","0","0","0","4","0","","02","8","2008","3","40.442524","-79.95749","","11","0","0","0","0","0","0","0","0","","0","0","0","","","1","","1","","40 26:33.086","","0","79 57:26.964","8","0","0","0","2301","0","0","0","N","0","0","0","4","02301","0","","1.0","","1","N","N","","0","","0","0","1","","2","","","2","1","0","0","0","1","0","2","0","2","","","","N","","","","","","","","","",""
"2008092986","","0","0","0","0","0","0","0","0","0","7","0","","02","8","2008","4","40.480216","-79.93508","","11","0","0","0","1","0","0","0","0","3","0","0","0","","","1","","2","","40 28:48.777","1","0","79 56:06.288","8","0","0","0","2301","0","0","0","N","0","0","0","1","02301","0","","4.0","","1","N","N","","0","","0","0","1","","0","N","","1","1","0","0","0","1","0","2","0","1","","","","N","","","","","","","","","",""
"2008092987","","0","0","0","0","0","0","0","0","0","8","0","","02","8","2008","6","40.435126","-79.956406","","11","0","0","0","0","0","0","0","0","","0","0","0","","","1","","1","","40 26:06.453","","0","79 57:23.061","4","0","0","0","2301","1","0","0","N","1","0","0","2","02301","1","","1.0","","1","N","N","","0","","0","0","1","","2","","","2","1","0","0","0","0","0","2","0","1","","","","N","","","","","","","","","",""
"2008092988","","2","0","0","0","0","0","0","0","0","4","0","","02","8","2008","6","40.439648","-79.919533","","11","0","0","0","0","0","1","0","0","","0","0","0","","","1","","0","","40 26:22.732","","0","79 55:10.318","4","0","0","0","2301","0","0","0","N","0","0","0","3","02301","1","","1.0","","1","N","N","","0","","0","0","0","","0","","","2","1","0","0","0","0","0","2","0","2","","","","N","","","","","","","","","",""
"2008092989","","1","0","0","0","0","0","0","0","0","99","0","","02","8","2008","2","40.4369","-79.9731","","11","0","0","0","0","0","0","0","0","2","0","0","0","","","0","","0","","40 26:12.840","4","0","79 58:23.160","9","0","0","0","2301","0","0","0","N","0","0","0","1","02301","0","","9.0","","1","N","N","","0","","0","0","0","","0","N","","1","0","0","0","0","0","1","2","0","1","","","","N","","","","","","","","","",""
"2008092990","","1","0","0","0","0","0","0","0","0","7","0","","02","7","2008","2","40.427636","-79.924284","","11","0","0","1","0","0","0","0","0","","0","0","0","","","2","","0","","40 25:39.489","","0","79 55:27.424","3","0","0","0","2301","0","0","0","N","0","0","0","2","02301","0","","2.0","","1","N","N","","0","","2","0","0","","0","","","2","2","0","0","0","0","0","2","0","1","","","","N","","","","","","","","","",""
"2008092991","","1","0","0","0","0","0","0","0","0","4","0","","02","8","2008","6","40.45289","-79.920715","","11","0","0","0","0","0","0","0","1","","0","0","0","","","1","","1","","40 27:10.404","","0","79 55:14.574","4","0","0","0","2301","0","0","0","N","0","0","0","3","02301","1","","1.0","","1","N","N","","0","","0","0","0","","2","","","2","1","0","0","0","0","0","2","1","2","","","","N","","","","","","","","","",""
"2008092992","","1","0","0","0","0","0","0","0","0","2","0","","02","8","2008","7","40.447425","-79.942471","","11","0","0","0","0","0","0","1","0","","0","0","0","","","0","","1","","40 26:50.730","","0","79 56:32.895","9","0","0","0","2301","0","0","0","N","0","0","0","2","02301","0","","1.0","","1","N","N","","0","","0","0","1","","2","","","2","0","0","0","0","0","1","2","0","2","","","","N","","","","","","","","","",""
"2008092993","","2","0","0","0","0","0","0","0","0","4","0","","02","8","2008","1","40.419384","-79.927084","","11","0","0","0","0","0","0","0","1","","0","0","0","","","0","","0","","40 25:09.783","","0","79 55:37.502","0","0","0","0","2301","0","0","0","N","0","0","0","2","02301","0","","1.0","","1","N","N","","0","","0","0","0","","0","","","2","0","0","0","0","0","0","2","0","2","","","","N","","","","","","","","","",""