"CRN","ARRIVAL_TM","AUTOMOBILE_COUNT","BELTED_DEATH_COUNT","BELTED_SUSP_SERIOUS_INJ_COUNT","BICYCLE_COUNT","BICYCLE_DEATH_COUNT","BICYCLE_SUSP_SERIOUS_INJ_COUNT","BUS_COUNT","CHLDPAS_DEATH_COUNT","CHLDPAS_SUSP_SERIOUS_INJ_COUNT","COLLISION_TYPE","COMM_VEH_COUNT","CONS_ZONE_SPD_LIM","COUNTY","CRASH_MONTH","CRASH_YEAR","DAY_OF_WEEK","DEC_LATITUDE","DEC_LONGITUDE","DISPATCH_TM","DISTRICT","DRIVER_COUNT_16YR","DRIVER_COUNT_17YR","DRIVER_COUNT_18YR","DRIVER_COUNT_19YR","DRIVER_COUNT_20YR","DRIVER_COUNT_50_64YR","DRIVER_COUNT_65_74YR","DRIVER_COUNT_75PLUS","EST_HRS_CLOSED","FATAL_COUNT","HEAVY_TRUCK_COUNT","HORSE_BUGGY_COUNT","HOUR_OF_DAY","ILLUMINATION","INJURY_COUNT","INTERSECTION_RELATED","INTERSECT_TYPE","LANE_CLOSED","LATITUDE","LN_CLOSE_DIR","LOCATION_TYPE","LONGITUDE","MAX_SEVERITY_LEVEL","MCYCLE_DEATH_COUNT","MCYCLE_SUSP_SERIOUS_INJ_COUNT","MOTORCYCLE_COUNT","MUNICIPALITY","NONMOTR_COUNT","NONMOTR_DEATH_COUNT","NONMOTR_SUSP_SERIOUS_INJ_COUNT","NTFY_HIWY_MAINT","PED_COUNT","PED_DEATH_COUNT","PED_SUSP_SERIOUS_INJ_COUNT","PERSON_COUNT","POLICE_AGCY","POSSIBLE_INJ_COUNT","RDWY_SURF_TYPE_CD","RELATION_TO_ROAD","ROADWAY_CLEARED","ROAD_CONDITION","SCH_BUS_IND","SCH_ZONE_IND","SECONDARY_CRASH","SMALL_TRUCK_COUNT","SPEC_JURIS_CD","SUSP_MINOR_INJ_COUNT","SUSP_SERIOUS_INJ_COUNT","SUV_COUNT","TCD_FUNC_CD","TCD_TYPE","TFC_DETOUR_IND","TIME_OF_DAY","TOTAL_UNITS","TOT_INJ_COUNT","UNBELTED_OCC_COUNT","UNB_DEATH_COUNT","UNB_SUSP_SERIOUS_INJ_COUNT","UNK_INJ_DEG_COUNT","UNK_INJ_PER_COUNT","URBAN_RURAL","VAN_COUNT","VEHICLE_COUNT","WEATHER1","WEATHER2","WORKERS_PRES","WORK_ZONE_IND","WORK_ZONE_LOC","WORK_ZONE_TYPE","WZ_CLOSE_DETOUR","WZ_FLAGGER","WZ_LAW_OFFCR_IND","WZ_LN_CLOSURE","WZ_MOVING","WZ_OTHER","WZ_SHLDER_MDN","WZ_WORKERS_INJ_KILLED"
"2008094573","","0","0","0","0","0","0","0","0","0","7","0","","02","8","2008","3","40.3682","-79.817","","11","0","0","0","0","0","1","0","0","","0","0","0","","","1","","0","","40 22:05.520","","0","79 49:01.200","8","0","0","0","2111","0","0","0","N","0","0","0","1","02111","0","","4.0","","1","N","N","","1","","0","0","0","","0","","","1","1","0","0","0","1","0","2","0","1","","","","N","","","","","","","","","",""
"2008094575","","2","0","0","0","0","0","0","0","0","1","0","","02","8","2008","4","40.3661","-79.9846","","11","0","0","0","0","0","0","0","2","","0","0","0","","","1","","0","","40 21:57.960","","0","79 59:04.560","4","0","0","0","2413","0","0","0","N","0","0","0","3","02413","1","","1.0","","1","N","N","","0","","0","0","0","","0","","","2","1","0","0","0","0","0","2","0","2","","","","N","","","","","","","","","",""
"2008094577","","2","0","0","0","0","0","0","0","0","1","0","","02","8","2008","3","40.530578","-80.009757","","11","0","0","0","0","0","1","0","0","1","0","0","0","","","0","","1","","40 31:50.079","1","0","80 00:35.126","0","0","0","0","2116","0","0","0","N","0","0","0","4","02116","0","","1.0","","1","N","N","","0","","0","0","0","","2","N","","2","0","0","0","0","0","0","2","0","2","","","","N","","","","","","","","","",""
"2008094578","","1","0","0","0","0","0","0","0","0","4","0","","02","8","2008","3","40.621741","-80.054233","","11","0","0","0","0","0","1","0","0","1","0","0","0","","","1","","1","","40 37:18.268","2","0","80 03:15.238","4","0","0","0","2216","0","0","0","N","0","0","0","3","02505","1","","1.0","","1","N","N","","0","","0","0","2","","2","N","","3","1","0","0","0","0","0","1","0","3","","","","N","","","","","","","","","",""
"2008094608","","2","0","0","0","0","0","0","0","0","2","0","","02","8","2008","7","","","","11","0","0","0","0","0","0","0","1","","0","0","0","","","0","","1","","","","0","","9","0","0","0","2466","0","0","0","N","0","0","0","6","02501","0","","1.0","","1","N","N","","0","","0","0","0","","3","","","2","0","0","0","0","0","6","1","0","2","","","","N","","","","","","","","","",""
"2008094612","","1","0","0","0","0","0","0","0","0","7","0","","02","8","2008","1","40.558106","-79.984642","","11","0","0","0","0","0","0","0","0","","0","0","0","","","0","","2","","40 33:29.181","","0","79 59:04.711","0","0","0","0","2207","0","0","0","N","0","0","0","1","02207","0","","5.0","","1","N","N","","0","","0","0","0","","0","","","1","0","0","0","0","0","0","2","0","1","","","","N","","","","","","","","","",""
"2008094624","","1","0","0","0","0","0","0","0","0","5","0","","02","8","2008","4","40.368056","-80.049331","","11","1","0","0","0","0","1","0","0","3","0","0","0","","","2","","2","","40 22:05.001","2","0","80 02:57.590","8","0","0","0","2109","0","0","0","","0","0","0","5","02109","0","","1.0","","9","","","","0","","0","0","1","","0","N","","2","2","0","0","0","2","0","2","0","2","","","","N","","","","","","","","","",""
"2008094627","","3","0","0","0","0","0","0","0","0","1","0","","02","8","2008","2","40.3737","-79.7943","","11","0","0","0","0","0","0","0","0","2","0","0","0","","","2","","0","","40 22:25.320","6","0","79 47:39.480","4","0","0","0","2111","0","0","0","N","0","0","0","5","02111","2","","1.0","","1","N","N","","0","","0","0","0","","0","N","","3","2","0","0","0","0","0","2","0","3","","","","N","","","","","","","","","",""
"2008094629","","0","0","0","0","0","0","0","0","0","2","0","","02","8","2008","3","40.434","-79.7532","","11","0","0","0","0","0","0","1","0","1","0","0","0","","","1","","1","","40 26:02.400","4","0","79 45:11.520","4","0","0","0","2446","0","0","0","N","0","0","0","3","02446","1","","1.0","","1","N","N","","2","","0","0","1","","2","N","","3","1","0","0","0","0","0","2","0","3","","","","N","","","","","","","","","",""
"2008094630","","2","0","0","0","0","0","0","0","0","4","0","","02","8","2008","4","40.650395","-79.708568","","11","0","0","0","0","0","0","0","1","1","0","0","0","","","2","","2","","40 39:01.421","2","0","79 42:30.843","3","0","0","0","2106","0","0","0","N","0","0","0","2","02106","0","","1.0","","1","N","N","","0","","2","0","0","","0","N","","2","2","0","0","0","0","0","2","0","2","","","","N","","","","","","","","","",""
"2008094631","","0","0","0","0","0","0","0","0","0","4","0","","02","8","2008","2","40.431971","-80.144911","","11","0","0","0","1","0","0","1","0","1","0","0","0","","","0","","1","","40 25:55.094","3","0","80 08:41.680","0","0","0","0","2115","0","0","0","N","0","0","0","2","02115","0","","1.0","","1","N","N","","2","","0","0","0","","3","N","","2","0","0","0","0","0","0","2","0","2","","","","N","","","","","","","","","",""
"2008094702","","0","0","0","0","0","0","0","0","0","7","0","","02","8","2008","4","40.640596","-79.938273","","11","0","0","0","0","0","0","0","0","2","0","0","0","","","0","","0","","40 38:26.145","2","0","79 56:17.784","0","0","0","0","2217","0","0","0","N","0","0","0","1","02505","0","","5.0","","9","N","N","","0","","0","0","1","","0","Y","","1","0","0","0","0","0","0","2","0","1","","","","N","","","","","","","","","",""
"2008094720","","2","0","0","0","0","0","0","0","0","1","0","","02","8","2008","2","","","","11","0","0","0","0","0","0","0","0","1","0","0","0","","","0","","0","","40 25:35.04","4","0","79 53:36.60","9","0","0","0","2301","0","0","0","N","0","0","0","2","68B03","0","","1.0","","1","N","N","","0","","0","0","0","","0","N","","2","0","0","0","0","0","1","2","0","2","","","","N","","","","","","","","","",""
"2008094722","","3","0","0","0","0","0","0","0","0","1","0","","02","8","2008","2","","","","11","0","0","0","0","0","1","0","0","","0","0","0","","","0","","0","","40 26:16.44","","0","80 00:46.80","0","0","0","0","2301","0","0","0","N","0","0","0","3","68B03","0","","1.0","","1","N","N","","0","","0","0","0","","0","","","3","0","0","0","0","0","0","2","0","3","","","","N","","","","","","","","","",""
"2008094723","","1","0","0","0","0","0","0","0","0","7","0","","02","8","2008","7","40.4306","-80.2622","","11","0","0","0","0","0","0","0","0","","0","0","0","","","0","","0","","40 25:50.160","","0","80 15:43.920","0","0","0","0","2214","0","0","0","N","0","0","0","3","68B03","0","","3.0","","1","N","N","","0","","0","0","0","","0","","","1","0","0","0","0","0","0","2","0","1","","","","N","","","","","","","","","",""
"2008094724","","5","0","0","0","0","0","0","0","0","1","0","","02","8","2008","7","","","","11","0","0","1","0","0","1","0","0","","0","0","0","","","1","","0","","40 25:49.08","","0","79 57:26.64","4","0","0","0","2301","0","0","0","N","0","0","0","6","68B03","1","","1.0","","1","N","N","","0","","0","0","0","","0","","","5","1","0","0","0","0","0","2","0","5","","","","N","","","","","","","","","",""
"2008094771","","0","0","0","0","0","0","0","0","0","7","0","","02","7","2008","2","40.607556","-79.844169","","11","0","0","0","0","0","0","0","0","3","0","0","0","","","1","","0","","40 36:27.201","6","0","79 50:39.008","2","0","1","1","2220","0","0","0","N","0","0","0","1","02220","0","","2.0","","1","N","N","","0","","0","1","0","","0","Y","","1","1","0","0","0","0","0","2","0","1","","","","N","","","","","","","","","",""
"2008094774","","1","0","0","0","0","0","0","0","0","4","1","","02","8","2008","1","40.454076","-79.996815","","11","0","0","0","0","0","0","0","1","1","0","1","0","","","0","","1","","40 27:14.672","3","2","79 59:48.533","0","0","0","0","2301","0","0","0","N","0","0","0","2","02301","0","","1.0","","1","N","N","","0","","0","0","0","","2","N","","2","0","0","0","0","0","0","2","0","2","","","","N","","","","","","","","","",""
"2008094775","","0","0","0","0","0","0","0","0","0","7","0","","02","8","2008","2","40.4487","-80.0136","","11","0","0","0","0","0","0","0","0","2","0","0","0","","","1","","0","","40 26:55.320","1","0","80 00:48.960","3","0","0","0","2301","0","0","0","N","0","0","0","1","02301","0","","3.0","","1","N","N","","0","","1","0","1","","0","Y","","1","1","1","0","0","0","0","2","0","1","","","","N","","","","","","","","","",""
"2008094776","","0","0","0","0","0","0","0","0","0","0","0","","02","6","2008","3","40.437995","-79.991979","","11","0","0","0","0","0","0","0","0","","0","0","0","","","2","","2","","40 26:16.782","","4","79 59:31.124","2","0","1","1","2301","0","0","0","N","0","0","0","2","02301","0","","1.0","","9","N","N","","0","","1","1","0","","0","","","2","2","0","0","0","0","0","2","0","1","","","","N","","","","","","","","","",""
"2008094783","","2","0","0","0","0","0","0","0","0","1","0","","02","8","2008","5","","","","11","0","0","0","0","0","0","0","0","","0","0","0","","","1","","6","","40 31:40.44","","2","80 04:18.48","4","0","0","0","2215","0","0","0","N","0","0","0","2","02215","1","","1.0","","1","N","N","","0","","0","0","0","","4","","","2","1","0","0","0","0","0","2","0","2","","","","N","","","","","","","","","",""
"2008094784","","2","0","0","0","0","0","0","0","0","1","0","","02","8","2008","3","40.633175","-79.954474","","11","0","0","0","0","0","0","0","0","","0","0","0","","","0","","2","","40 37:59.430","","0","79 57:16.107","0","0","0","0","2217","0","0","0","N","0","0","0","3","02505","0","","1.0","","1","N","N","","0","","0","0","1","","2","","","3","0","0","0","0","0","0","2","0","3","","","","N","","","","","","","","","",""
"2008094790","","0","0","0","0","0","0","0","0","0","0","1","","02","8","2008","4","40.2811","-79.8834","","11","0","0","0","0","0","1","0","0","4","0","1","0","","","0","","0","","40 16:51.960","5","0","79 53:00.240","0","0","0","0","2440","0","0","0","Y","0","0","0","1","02440","0","","1.0","","1","N","N","","0","","0","0","0","","0","N","","1","0","0","0","0","0","0","2","0","1","","","","N","","","","","","","","","",""
"2008094791","","1","0","0","0","0","0","0","0","0","4","1","","02","8","2008","4","40.6582","-79.9937","","11","0","1","0","0","0","0","0","0","2","0","1","0","","","0","","0","","40 39:29.520","6","0","79 59:37.320","0","0","0","0","2217","0","0","0","N","0","0","0","2","02505","0","","1.0","","9","N","N","","0","","0","0","0","","0","Y","","2","0","1","0","0","0","0","1","0","2","","","","N","","","","","","","","","",""
"2008094793","","0","0","0","0","0","0","0","0","0","7","0","","02","8","2008","4","40.65912","-79.986151","","11","0","0","0","0","0","0","0","0","1","0","0","0","","","0","","0","","40 39:32.831","3","0","79 59:10.142","0","0","0","0","2217","0","0","0","N","0","0","0","1","02505","0","","5.0","","9","N","N","","0","","0","0","1","","0","N","","1","0","0","0","0","0","0","1","0","1","","","","N","","","","","","","","","",""
"2008094794","","0","0","0","0","0","0","0","0","0","7","0","","02","8","2008","4","40.659","-79.9748","","11","0","0","0","0","0","1","0","0","1","0","0","0","","","0","","0","","40 39:32.400","3","0","79 58:29.280","0","0","0","0","2217","0","0","0","N","0","0","0","1","02505","0","","5.0","","9","N","N","","1","","0","0","0","","0","N","","1","0","0","0","0","0","0","1","0","1","","","","N","","","","","","","","","",""
"2008094799","","0","0","0","0","0","0","1","0","0","7","1","","02","8","2008","4","40.438062","-79.874187","","11","0","0","0","0","0","0","0","0","1","0","0","0","","","0","","0","","40 26:17.024","6","0","79 52:27.074","0","0","0","0","2478","0","0","0","N","0","0","0","1","02503","0","","5.0","","9","N","N","","0","","0","0","0","","0","Y","","1","0","0","0","0","0","0","2","0","1","","","","N","","","","","","","","","",""
"2008094876","","1","0","0","0","0","0","0","0","0","4","0","","02","8","2008","3","40.451509","-79.908149","","11","0","0","0","0","0","0","0","0","3","1","0","0","","","0","","1","","40 27:05.433","7","0","79 54:29.335","1","1","0","1","2301","0","0","0","N","0","0","0","2","02301","0","2","1.0","","9","N","N","","0","0","0","0","0","","2","Y","","2","0","0","0","0","0","0","2","0","2","","","","N","","","","","","","","","",""
"2008094947","","3","0","0","0","0","0","0","0","0","1","0","","02","8","2008","6","","","","11","0","0","0","0","0","1","0","0","1","0","0","0","","","0","","0","","40 25:46.56","3","0","79 52:41.52","0","0","0","0","2426","0","0","0","N","0","0","0","3","68B04","0","","1.0","","1","N","N","","0","","0","0","0","","0","N","","3","0","0","0","0","0","0","2","0","3","","","","N","","","","","","","","","",""
"2008094948","","2","0","0","0","0","0","0","0","0","1","0","","02","8","2008","1","","","","11","0","0","0","0","0","1","0","0","","0","0","0","","","0","","0","","40 25:35.40","","0","79 53:34.80","0","0","0","0","2301","0","0","0","N","0","0","0","2","68B04","0","","1.0","","1","N","N","","0","","0","0","0","","0","","","2","0","0","0","0","0","0","2","0","2","","","","N","","","","","","","","","",""
"2008095034","","1","0","0","0","0","0","0","0","0","4","0","","02","8","2008","5","40.382973","-79.894897","","11","0","0","0","0","0","2","0","0","2","0","0","0","","","1","","2","","40 22:58.702","5","0","79 53:41.629","3","0","0","0","2448","0","0","0","N","0","0","0","2","02448","0","","1.0","","9","N","N","","1","","1","0","0","","3","Y","","2","1","0","0","0","0","0","2","0","2","","","","N","","","","","","","","","",""
"2008095046","","0","0","0","0","0","0","0","0","0","4","0","","02","8","2008","5","40.410936","-80.080048","","11","1","0","0","0","0","0","0","0","","0","0","0","","","0","","1","","40 24:39.369","","99","80 04:48.171","0","0","0","0","2415","0","0","0","N","0","0","0","2","02415","0","","1.0","","9","N","N","","0","","0","0","0","","3","","","2","0","0","0","0","0","0","2","2","2","","","","N","","","","","","","","","",""
"2008095051","","2","0","0","0","0","0","0","0","0","1","0","","02","8","2008","4","40.2775","-79.8768","","11","0","0","1","0","0","2","0","0","1","0","0","0","","","0","","0","","40 16:39.000","3","0","79 52:36.480","0","0","0","0","2105","0","0","0","N","0","0","0","5","02105","0","","1.0","","1","N","N","","1","","0","0","0","","0","N","","3","0","0","0","0","0","0","2","0","3","","","","N","","","","","","","","","",""
"2008095053","","1","0","0","0","0","0","0","0","0","5","0","","02","8","2008","4","40.530126","-80.018094","","11","0","0","0","0","0","1","0","1","","0","0","0","","","0","","2","","40 31:48.454","","0","80 01:05.137","0","0","0","0","2116","0","0","0","N","0","0","0","2","02116","0","","1.0","","1","N","N","","0","","0","0","1","","2","","","2","0","0","0","0","0","0","2","0","2","","","","N","","","","","","","","","",""
"2008095067","","0","0","0","0","0","0","0","0","0","7","0","","02","8","2008","4","40.578493","-79.967104","","11","0","0","0","0","1","0","0","0","","0","0","0","","","0","","0","","40 34:42.574","","0","79 58:01.574","0","0","0","0","2207","0","0","0","N","0","0","0","1","02207","0","","5.0","","9","N","N","","1","","0","0","0","","0","","","1","0","0","0","0","0","0","2","0","1","","","","N","","","","","","","","","",""
"2008095078","","0","0","1","0","0","0","0","0","0","5","0","","02","8","2008","2","40.438762","-79.74961","","11","0","0","0","0","0","1","0","0","2","0","0","0","","","1","","0","","40 26:19.544","3","0","79 44:58.595","2","0","0","0","2446","0","0","0","N","0","0","0","2","02446","0","","1.0","","1","N","N","","2","","0","1","0","","0","N","","2","1","0","0","0","0","0","2","0","2","","","","N","","","","","","","","","",""
"2008095084","","2","0","0","0","0","0","0","0","0","4","0","","02","8","2008","2","40.442925","-80.158128","","11","0","0","0","0","0","0","0","1","","0","0","0","","","1","","0","","40 26:34.530","","0","80 09:29.259","4","0","0","0","2115","0","0","0","N","0","0","0","3","02115","1","","1.0","","1","N","N","","0","","0","0","0","","4","","","2","1","1","0","0","0","0","2","0","2","","","","N","","","","","","","","","",""
"2008095165","","1","0","0","0","0","0","0","0","0","1","0","","02","8","2008","1","40.444231","-80.110959","","11","0","0","0","0","0","1","0","0","","0","0","0","","","0","","0","","40 26:39.232","","0","80 06:39.451","0","0","0","0","2115","0","0","0","N","0","0","0","3","68B03","0","","1.0","","1","N","N","","0","","0","0","1","","0","","","2","0","0","0","0","0","0","2","0","2","","","","N","","","","","","","","","",""
"2008095166","","0","0","0","0","0","0","0","0","0","1","0","","02","8","2008","6","40.612201","-80.094878","","11","0","0","0","0","0","0","0","0","","0","0","0","","","0","","0","","40 36:43.925","","0","80 05:41.561","0","0","0","0","2481","0","0","0","N","0","0","0","1","68B03","0","","1.0","","1","N","N","","1","","0","0","0","","0","","","2","0","0","0","0","0","0","2","0","2","","","","N","","","","","","","","","",""
"2008095167","","1","0","0","0","0","0","0","0","0","1","0","45","02","8","2008","1","","","","11","0","0","0","0","0","1","0","0","","0","0","0","","","0","","0","","40 26:44.52","","0","80 09:53.28","0","0","0","0","2115","0","0","0","N","0","0","0","7","68B05","0","","1.0","","1","N","N","","0","","0","0","2","","0","","","3","0","0","0","0","0","0","2","0","3","","","N","Y","3","1","N","N","Y","Y","N","N","N",""
"2008095168","","0","0","0","0","0","0","0","0","0","7","0","","02","8","2008","2","","","","11","0","0","0","0","0","0","0","0","","0","0","0","","","1","","0","","40 26:30.48","","0","79 50:11.76","3","0","0","1","2419","0","0","0","N","0","0","0","1","68B03","0","","4.0","","1","N","N","","0","","1","0","0","","0","","","1","1","0","0","0","0","0","2","0","1","","","","N","","","","","","","","","",""
"2008095191","","2","0","0","0","0","0","0","0","0","4","0","","02","8","2008","5","40.388393","-80.057009","","11","0","0","0","0","0","0","0","0","","0","0","0","","","1","","1","","40 23:18.213","","0","80 03:25.233","8","0","0","0","2109","0","0","0","N","0","0","0","3","02109","0","","1.0","","9","N","N","","0","","0","0","0","","2","","","2","1","0","0","0","1","0","2","0","2","","","","N","","","","","","","","","",""
"2008095246","","0","0","0","0","0","0","0","0","0","7","0","","02","8","2008","5","40.552226","-80.082298","","11","0","0","0","0","1","0","0","0","","0","0","0","","","1","","2","","40 33:08.013","","0","80 04:56.272","4","0","0","1","2215","0","0","0","N","0","0","0","1","02215","1","","4.0","","1","N","N","","0","","0","0","0","","3","","","1","1","0","0","0","0","0","2","0","1","","","","N","","","","","","","","","",""
"2008095252","","1","0","0","0","0","0","0","0","0","4","0","","02","8","2008","5","40.4353","-79.7557","","11","0","0","0","0","0","1","0","0","","0","0","0","","","0","","0","","40 26:07.080","","0","79 45:20.520","0","0","0","0","2446","0","0","0","N","0","0","0","2","02446","0","","1.0","","9","N","N","","1","","0","0","0","","0","","","2","0","0","0","0","0","0","2","0","2","","","","N","","","","","","","","","",""
"2008095253","","1","0","0","0","0","0","0","0","0","4","0","","02","8","2008","5","40.358241","-79.831798","","11","0","0","0","0","0","1","0","0","1","0","0","0","","","0","","2","","40 21:29.668","1","0","79 49:54.473","0","0","0","0","2477","0","0","0","N","0","0","0","3","02477","0","","1.0","","9","N","N","","1","","0","0","0","","0","N","","2","0","0","0","0","0","0","2","0","2","","","","N","","","","","","","","","",""
"2008095254","","1","0","0","1","0","0","0","0","0","8","0","","02","8","2008","5","40.55246","-79.99837","","11","0","0","0","0","0","1","0","0","1","0","0","0","","","1","","1","","40 33:08.856","3","0","79 59:54.132","8","0","0","0","2116","1","0","0","N","0","0","0","2","02116","0","","1.0","","9","N","N","","0","","0","0","0","","2","N","","2","1","0","0","0","1","0","2","0","1","","","","N","","","","","","","","","",""
"2008095255","","0","0","0","0","0","0","0","0","0","7","0","","02","8","2008","1","40.2811","-79.9082","","11","0","0","0","0","0","0","0","0","2","0","0","0","","","0","","0","","40 16:51.960","1","0","79 54:29.520","0","0","0","0","2440","0","0","0","N","0","0","0","1","02440","0","","4.0","","1","N","N","","0","","0","0","1","","0","N","","1","0","0","0","0","0","0","2","0","1","","","","N","","","","","","","","","",""
"2008095258","","0","0","0","0","0","0","0","0","0","7","0","","02","8","2008","5","40.390092","-79.949347","","11","0","0","0","0","0","1","0","0","","0","0","0","","","0","","0","","40 23:24.331","","0","79 56:57.649","0","0","0","0","2403","0","0","0","N","0","0","0","3","02403","0","","2.0","","1","N","N","","0","","0","0","1","","0","","","1","0","0","0","0","0","0","2","0","1","","","","N","","","","","","","","","",""
"2008095265","","0","0","0","0","0","0","0","0","0","0","0","","02","7","2008","5","40.361272","-79.831194","","11","0","0","0","0","0","1","0","0","","0","0","0","","","1","","0","","40 21:40.580","","0","79 49:52.300","8","0","0","1","2304","0","0","0","N","0","0","0","1","02304","0","","1.0","","1","N","N","","0","","0","0","0","","0","","","1","1","0","0","0","1","0","2","0","1","","","","N","","","","","","","","","",""
"2008095268","","1","0","0","0","0","0","0","0","0","7","0","","02","8","2008","4","40.371212","-80.158303","","11","1","0","0","0","0","0","0","0","","0","0","0","","","0","","0","","40 22:16.364","","0","80 09:29.892","0","0","0","0","2119","0","0","0","N","0","0","0","2","02119","0","","2.0","","1","N","N","","0","","0","0","0","","0","","","1","0","0","0","0","0","0","2","0","1","","","","N","","","","","","","","","",""
"2008095289","","1","0","0","0","0","0","0","0","0","7","0","","02","8","2008","2","40.2954","-79.8427","","11","0","0","1","0","0","0","0","0","","0","0","0","","","1","","0","","40 17:43.440","","0","79 50:33.720","4","0","0","0","2443","0","0","0","N","0","0","0","4","02443","1","","2.0","","1","N","N","","0","","0","0","0","","0","","","1","1","4","0","0","0","0","1","0","1","","","","N","","","","","","","","","",""
"2008095290","","0","0","0","0","0","0","0","0","0","0","0","","02","5","2008","7","40.300979","-79.86602","","11","0","0","0","0","0","0","0","0","1","0","0","0","","","0","","0","","40 18:03.525","2","0","79 51:57.672","9","0","0","0","2443","0","0","0","N","0","0","0","1","02443","0","","5.0","","1","N","N","","1","","0","0","0","","0","Y","","1","0","0","0","0","0","1","1","0","1","","","","N","","","","","","","","","",""
"2008095293","","0","0","0","0","0","0","0","0","0","7","0","","02","7","2008","6","","","","11","0","0","0","0","0","0","0","0","1","0","0","0","","","1","","0","","","3","0","","2","0","1","1","2304","0","0","0","N","0","0","0","1","02304","0","","4.0","","1","N","N","","0","","0","1","0","","0","N","","1","1","0","0","0","0","0","1","0","1","","","","N","","","","","","","","","",""
"2008095294","","1","0","0","0","0","0","0","0","0","7","0","","02","8","2008","6","","","","11","0","0","0","0","0","0","0","1","","0","0","0","","","1","","2","","","","0","","3","0","0","0","2423","0","0","0","N","0","0","0","1","02304","0","","5.0","","1","N","N","","0","","1","0","0","","0","","","1","1","0","0","0","0","0","1","0","1","","","","N","","","","","","","","","",""
"2008095310","","2","0","0","0","0","0","0","0","0","1","0","","02","8","2008","7","40.401944","-79.774775","","11","0","0","0","0","0","0","0","1","","0","0","0","","","3","","2","","40 24:07.000","","0","79 46:29.189","8","0","0","0","2453","0","0","0","N","0","0","0","4","02453","0","","1.0","","1","N","N","","0","","0","0","0","","2","","","2","3","0","0","0","3","0","2","0","2","","","","N","","","","","","","","","",""
"2008095317","","0","0","0","0","0","0","0","0","0","7","0","","02","7","2008","1","40.353004","-80.134627","","11","0","0","0","0","1","0","0","0","2","0","0","0","","","1","","0","","40 21:10.816","4","0","80 08:04.656","3","0","0","0","2119","0","0","0","N","0","0","0","1","02119","0","","2.0","","1","N","N","","0","","1","0","1","","0","N","","1","1","0","0","0","0","0","2","0","1","","","","N","","","","","","","","","",""
"2008095318","","1","0","0","0","0","0","0","0","0","7","0","","02","8","2008","6","40.351479","-79.856577","","11","0","0","0","0","0","0","0","0","","0","0","0","","","0","","0","","40 21:05.324","","0","79 51:23.677","0","0","0","0","2304","0","0","0","N","0","0","0","1","02304","0","","4.0","","1","N","N","","0","","0","0","0","","0","","","1","0","1","0","0","0","0","2","0","1","","","","N","","","","","","","","","",""
"2008095351","","2","0","0","0","0","0","0","0","0","4","0","","02","8","2008","1","40.2096","-79.9317","","11","0","0","0","0","0","1","0","0","2","0","0","0","","","0","","0","","40 12:34.560","5","0","79 55:54.120","9","0","0","0","2443","0","0","0","N","0","0","0","2","02443","0","","1.0","","1","N","N","","0","","0","0","0","","0","N","","2","0","0","0","0","0","1","1","0","2","","","","N","","","","","","","","","",""
"2008095354","","2","0","0","0","0","0","0","0","0","4","0","","02","8","2008","5","40.432873","-79.936537","","11","0","0","0","1","0","0","0","0","","0","0","0","","","0","","1","","40 25:58.342","","0","79 56:11.533","0","0","0","0","2301","0","0","0","N","0","0","0","2","02301","0","","1.0","","9","N","N","","0","","0","0","0","","2","","","2","0","0","0","0","0","0","2","0","2","","","","N","","","","","","","","","",""
"2008095356","","2","0","0","0","0","0","0","0","0","4","0","","02","8","2008","4","40.428671","-79.989762","","11","0","0","0","1","0","0","0","1","","0","0","0","","","0","","1","","40 25:43.217","","0","79 59:23.143","0","0","0","0","2301","0","0","0","N","0","0","0","2","02301","0","","1.0","","1","N","N","","0","","0","0","0","","3","","","2","0","0","0","0","0","0","2","0","2","","","","N","","","","","","","","","",""
"2008095357","","0","0","0","0","0","0","0","0","0","1","0","","02","7","2008","6","40.3569","-79.833","","11","0","0","0","0","0","0","0","0","","0","0","0","","","0","","0","","40 21:24.840","","0","79 49:58.800","0","0","0","0","2304","0","0","0","N","0","0","0","2","02304","0","","1.0","","1","N","N","","2","","0","0","0","","0","","","2","0","0","0","0","0","0","2","0","2","","","","N","","","","","","","","","",""
"2008095358","","1","0","0","0","0","0","0","0","0","1","0","","02","8","2008","5","40.346082","-79.888879","","11","0","0","0","2","0","0","0","0","","0","0","0","","","0","","0","","40 20:45.895","","0","79 53:19.963","0","0","0","0","2423","0","0","0","N","0","0","0","2","02304","0","","1.0","","1","N","N","","1","","0","0","0","","0","","","2","0","0","0","0","0","0","2","0","2","","","","N","","","","","","","","","",""
"2008095359","","2","0","0","0","0","0","0","0","0","4","0","","02","8","2008","6","40.349667","-79.893011","","11","0","0","0","0","0","1","0","1","1","0","0","0","","","0","","2","","40 20:58.801","4","0","79 53:34.838","0","0","0","0","2423","0","0","0","N","0","0","0","2","02304","0","","1.0","","1","N","N","","0","","0","0","0","","0","N","","2","0","0","0","0","0","0","2","0","2","","","","N","","","","","","","","","",""
"2008095382","","2","0","0","0","0","0","0","0","0","1","0","","02","7","2008","1","","","","11","0","0","0","0","0","0","0","0","","0","0","0","","","0","","2","","","","0","","0","0","0","0","2119","0","0","0","N","0","0","0","2","02119","0","","1.0","","1","N","N","","0","","0","0","0","","0","","","2","0","0","0","0","0","0","1","0","2","","","","N","","","","","","","","","",""