"CRN","ARRIVAL_TM","AUTOMOBILE_COUNT","BELTED_DEATH_COUNT","BELTED_SUSP_SERIOUS_INJ_COUNT","BICYCLE_COUNT","BICYCLE_DEATH_COUNT","BICYCLE_SUSP_SERIOUS_INJ_COUNT","BUS_COUNT","CHLDPAS_DEATH_COUNT","CHLDPAS_SUSP_SERIOUS_INJ_COUNT","COLLISION_TYPE","COMM_VEH_COUNT","CONS_ZONE_SPD_LIM","COUNTY","CRASH_MONTH","CRASH_YEAR","DAY_OF_WEEK","DEC_LATITUDE","DEC_LONGITUDE","DISPATCH_TM","DISTRICT","DRIVER_COUNT_16YR","DRIVER_COUNT_17YR","DRIVER_COUNT_18YR","DRIVER_COUNT_19YR","DRIVER_COUNT_20YR","DRIVER_COUNT_50_64YR","DRIVER_COUNT_65_74YR","DRIVER_COUNT_75PLUS","EST_HRS_CLOSED","FATAL_COUNT","HEAVY_TRUCK_COUNT","HORSE_BUGGY_COUNT","HOUR_OF_DAY","ILLUMINATION","INJURY_COUNT","INTERSECTION_RELATED","INTERSECT_TYPE","LANE_CLOSED","LATITUDE","LN_CLOSE_DIR","LOCATION_TYPE","LONGITUDE","MAX_SEVERITY_LEVEL","MCYCLE_DEATH_COUNT","MCYCLE_SUSP_SERIOUS_INJ_COUNT","MOTORCYCLE_COUNT","MUNICIPALITY","NONMOTR_COUNT","NONMOTR_DEATH_COUNT","NONMOTR_SUSP_SERIOUS_INJ_COUNT","NTFY_HIWY_MAINT","PED_COUNT","PED_DEATH_COUNT","PED_SUSP_SERIOUS_INJ_COUNT","PERSON_COUNT","POLICE_AGCY","POSSIBLE_INJ_COUNT","RDWY_SURF_TYPE_CD","RELATION_TO_ROAD","ROADWAY_CLEARED","ROAD_CONDITION","SCH_BUS_IND","SCH_ZONE_IND","SECONDARY_CRASH","SMALL_TRUCK_COUNT","SPEC_JURIS_CD","SUSP_MINOR_INJ_COUNT","SUSP_SERIOUS_INJ_COUNT","SUV_COUNT","TCD_FUNC_CD","TCD_TYPE","TFC_DETOUR_IND","TIME_OF_DAY","TOTAL_UNITS","TOT_INJ_COUNT","UNBELTED_OCC_COUNT","UNB_DEATH_COUNT","UNB_SUSP_SERIOUS_INJ_COUNT","UNK_INJ_DEG_COUNT","UNK_INJ_PER_COUNT","URBAN_RURAL","VAN_COUNT","VEHICLE_COUNT","WEATHER1","WEATHER2","WORKERS_PRES","WORK_ZONE_IND","WORK_ZONE_LOC","WORK_ZONE_TYPE","WZ_CLOSE_DETOUR","WZ_FLAGGER","WZ_LAW_OFFCR_IND","WZ_LN_CLOSURE","WZ_MOVING","WZ_OTHER","WZ_SHLDER_MDN","WZ_WORKERS_INJ_KILLED"
"2008096091","","1","0","0","0","0","0","0","0","0","7","0","","02","8","2008","3","40.4873","-79.8848","","11","0","0","0","0","0","0","0","1","","0","0","0","","","1","","0","","40 29:14.280","","0","79 53:05.280","4","0","0","0","2301","0","0","0","N","0","0","0","1","02301","1","","5.0","","1","N","N","","0","","0","0","0","","0","","","1","1","0","0","0","0","0","2","0","1","","","","N","","","","","","","","","",""
"2008096110","","1","0","0","0","0","0","0","0","0","7","0","","02","8","2008","6","40.4312","-79.839","","11","0","0","0","0","0","0","0","0","","0","0","0","","","1","","0","","40 25:52.320","","0","79 50:20.400","4","0","0","0","2113","0","0","0","N","0","0","0","1","02113","1","","2.0","","1","N","N","","0","","0","0","0","","0","","","1","1","0","0","0","0","0","2","0","1","","","","N","","","","","","","","","",""
"2008096118","","1","0","0","0","0","0","0","0","0","7","0","","02","8","2008","6","40.5164","-80.1246","","11","0","0","0","0","0","0","0","0","1","0","0","0","","","0","","0","","40 30:59.040","2","0","80 07:28.560","0","0","0","0","2429","0","0","0","N","0","0","0","2","02215","0","","3.0","","1","N","N","","0","","0","0","0","","0","N","","1","0","0","0","0","0","0","2","0","1","","","","N","","","","","","","","","",""
"2008096127","","1","0","0","0","0","0","0","0","0","2","0","","02","8","2008","7","40.36982","-79.853561","","11","0","0","0","0","0","0","0","0","","0","0","0","","","0","","1","","40 22:11.352","","0","79 51:12.819","0","0","0","0","2303","0","0","0","N","0","0","0","1","02303","0","","1.0","","1","N","N","","0","","0","0","1","","0","","","2","0","0","0","0","0","0","2","0","2","","","","N","","","","","","","","","",""
"2008096161","","1","0","0","0","0","0","0","0","0","1","0","","02","8","2008","6","40.4342","-79.7949","","11","0","0","0","0","0","0","0","0","","0","0","0","","","0","","0","","40 26:03.120","","0","79 47:41.640","0","0","0","0","2446","0","0","0","N","0","0","0","5","02446","0","","1.0","","1","N","N","","0","","0","0","1","","0","","","2","0","0","0","0","0","0","2","0","2","","","","N","","","","","","","","","",""
"2008096162","","0","0","0","0","0","0","0","0","0","4","0","","02","8","2008","6","40.352173","-79.977658","","11","0","0","0","0","0","0","0","1","1","0","0","0","","","0","","1","","40 21:07.822","1","0","79 58:39.568","0","0","0","0","2476","0","0","0","N","0","0","0","2","02476","0","","1.0","","1","N","N","","1","","0","0","1","","2","N","","2","0","0","0","0","0","0","2","0","2","","","","N","","","","","","","","","",""
"2008096163","","0","0","0","0","0","0","0","0","0","4","0","","02","8","2008","6","40.523433","-79.904144","","11","0","1","0","0","0","0","0","0","3","0","0","0","","","1","","0","","40 31:24.357","5","0","79 54:14.917","8","0","0","0","2432","0","0","0","N","0","0","0","4","02432","0","","1.0","","1","N","N","","0","","0","0","2","","0","Y","","2","1","0","0","0","1","0","2","0","2","","","","N","","","","","","","","","",""
"2008096189","","1","0","0","0","0","0","0","0","0","7","0","","02","8","2008","6","40.452196","-79.752542","","11","0","0","0","0","0","0","0","0","","0","0","0","","","1","","10","","40 27:07.905","","0","79 45:09.151","4","0","0","0","2446","0","0","0","N","0","0","0","1","02501","1","","4.0","","1","N","N","","0","","0","0","0","","0","","","1","1","0","0","0","0","0","2","0","1","","","","N","","","","","","","","","",""
"2008096207","","0","0","0","0","0","0","0","0","0","7","0","50","02","8","2008","4","","","","11","0","0","0","1","0","0","0","0","2","0","0","0","","","1","","0","","40 25:29.28","3","0","80 06:48.60","4","0","0","0","2102","0","0","0","Y","0","0","0","1","68B03","1","","1.0","","9","N","N","","0","","0","0","1","","0","N","","2","1","0","0","0","0","0","2","0","1","","","N","Y","4","1","N","N","N","N","N","N","Y",""
"2008096231","","2","0","0","0","0","0","0","0","0","4","0","","02","8","2008","7","40.475863","-80.09979","","11","1","0","0","0","0","0","0","0","","0","0","0","","","0","","0","","40 28:33.106","","0","80 05:59.244","0","0","0","0","2126","0","0","0","N","0","0","0","2","02126","0","","1.0","","1","N","N","","0","","0","0","0","","0","","","2","0","0","0","0","0","0","2","0","2","","","","N","","","","","","","","","",""
"2008096241","","1","0","0","0","0","0","0","0","0","4","0","","02","8","2008","7","40.4199","-80.0462","","11","0","0","1","0","0","0","0","0","1","0","0","0","","","0","","7","","40 25:11.640","2","0","80 02:46.320","0","0","0","0","2435","0","0","0","N","0","0","0","4","02435","0","","1.0","","1","N","N","","1","","0","0","0","","2","N","","2","0","0","0","0","0","0","2","0","2","","","","N","","","","","","","","","",""
"2008096248","","1","0","0","0","0","0","0","0","0","7","0","","02","8","2008","7","40.215358","-79.864572","","11","0","0","0","0","0","0","0","0","","0","0","0","","","0","","0","","40 12:55.287","","3","79 51:52.459","0","0","0","0","2204","0","0","0","N","0","0","0","1","02204","0","","2.0","","1","N","N","","0","","0","0","0","","0","","","1","0","0","0","0","0","0","1","0","1","","","","N","","","","","","","","","",""
"2008096252","","2","0","0","0","0","0","0","0","0","1","0","","02","8","2008","6","40.2782","-79.8371","","11","0","1","1","1","0","0","0","0","","0","0","0","","","2","","0","","40 16:41.520","","0","79 50:13.560","4","0","0","0","2105","0","0","0","N","0","0","0","4","02105","2","","1.0","","1","N","N","","1","","0","0","1","","0","","","4","2","0","0","0","0","0","2","0","4","","","","N","","","","","","","","","",""
"2008096268","","1","0","0","0","0","0","0","0","0","7","0","","02","8","2008","6","40.6126","-79.8998","","11","0","0","0","0","0","1","0","0","3","0","0","0","","","1","","0","","40 36:45.360","6","0","79 53:59.280","8","0","0","0","2220","0","0","0","Y","0","0","0","1","02220","0","","5.0","","1","N","N","","0","","0","0","0","","0","N","","1","1","1","0","0","1","0","1","0","1","","","","N","","","","","","","","","",""
"2008096270","","2","0","0","0","0","0","0","0","0","4","0","","02","8","2008","5","40.5381","-79.9624","","11","0","0","0","0","0","0","0","2","1","0","0","0","","","1","","0","","40 32:17.160","1","0","79 57:44.640","4","0","0","0","2118","0","0","0","N","0","0","0","2","02118","1","","1.0","","1","N","N","","0","","0","0","0","","0","N","","2","1","0","0","0","0","0","2","0","2","","","","N","","","","","","","","","",""
"2008096271","","2","0","0","0","0","0","0","0","0","4","0","","02","8","2008","1","40.431948","-79.839186","","11","0","0","0","0","0","0","0","1","","0","0","0","","","0","","2","","40 25:55.014","","0","79 50:21.070","0","0","0","0","2419","0","0","0","N","0","0","0","3","02419","0","","1.0","","1","N","N","","0","","0","0","0","","3","","","2","0","2","0","0","0","0","2","0","2","","","","N","","","","","","","","","",""
"2008096274","","1","0","0","0","0","0","0","0","0","7","0","","02","8","2008","7","40.390228","-79.97131","","11","0","0","0","0","0","1","0","0","","0","0","0","","","1","","0","","40 23:24.820","","0","79 58:16.716","8","0","0","0","2403","0","0","0","N","0","0","0","2","02403","0","","5.0","","1","N","N","","0","","0","0","0","","0","","","1","1","2","0","0","1","0","2","0","1","","","","N","","","","","","","","","",""
"2008096282","","0","0","0","0","0","0","0","0","0","7","0","","02","8","2008","7","40.403067","-80.089425","","11","0","0","0","0","0","0","0","0","2","0","0","0","","","1","","1","","40 24:11.041","5","0","80 05:21.930","8","0","0","0","2415","0","0","0","N","0","0","0","2","02415","0","","5.0","","1","N","N","","1","","0","0","0","","0","Y","","1","1","2","0","0","1","0","2","0","1","","","","N","","","","","","","","","",""
"2008096297","","0","0","0","0","0","0","0","0","0","7","0","","02","8","2008","1","","","","11","0","0","0","0","0","1","0","0","","0","0","0","","","1","","0","","40 26:31.20","","0","79 47:51.00","4","0","0","1","2446","0","0","0","N","0","0","0","1","68B04","1","","2.0","","1","N","N","","0","","0","0","0","","0","","","1","1","0","0","0","0","0","2","0","1","","","","N","","","","","","","","","",""
"2008096299","","1","0","0","0","0","0","0","0","0","7","0","","02","8","2008","6","","","","11","0","0","0","0","0","0","0","0","2","0","0","0","","","1","","0","","40 26:33.36","4","0","79 47:13.56","2","0","0","0","2446","0","0","0","N","0","0","0","1","68B03","0","","4.0","","1","N","N","","0","","0","1","0","","0","N","","1","1","1","0","1","0","0","2","0","1","","","","N","","","","","","","","","",""
"2008096344","","2","0","0","0","0","0","0","0","0","4","0","","02","9","2008","2","40.422427","-79.885898","","11","0","0","0","0","1","0","0","0","","0","0","0","","","0","","1","","40 25:20.737","","0","79 53:09.232","0","0","0","0","2463","0","0","0","N","0","0","0","2","02463","0","","1.0","","1","N","N","","0","","0","0","0","","2","","","2","0","0","0","0","0","0","2","0","2","","","","N","","","","","","","","","",""
"2008096345","","1","0","0","0","0","0","0","0","0","7","0","","02","8","2008","1","40.4956","-79.7509","","11","0","0","0","0","0","0","0","0","2","0","0","0","","","0","","0","","40 29:44.160","5","0","79 45:03.240","0","0","0","0","2466","0","0","0","N","0","0","0","1","02466","0","","2.0","","1","N","N","","0","","0","0","0","","0","Y","","1","0","0","0","0","0","0","2","0","1","","","","N","","","","","","","","","",""
"2008096355","","2","0","0","0","0","0","0","0","0","1","0","","02","8","2008","1","40.507276","-80.087185","","11","0","0","0","0","0","0","0","0","1","0","0","0","","","0","","0","","40 30:26.193","2","0","80 05:13.866","0","0","0","0","2405","0","0","0","","0","0","0","1","02215","0","","2.0","","1","N","N","","0","","0","0","0","","0","Y","","2","0","0","0","0","0","0","2","0","2","","","","N","","","","","","","","","",""
"2008096388","","2","0","0","0","0","0","0","0","0","4","0","","02","9","2008","2","40.552116","-80.023354","","11","0","0","0","0","0","0","0","1","1","0","0","0","","","0","","1","","40 33:07.617","3","0","80 01:24.074","0","0","0","0","2116","0","0","0","N","0","0","0","2","02116","0","","1.0","","1","N","N","","0","","0","0","0","","2","N","","2","0","0","0","0","0","0","2","0","2","","","","N","","","","","","","","","",""
"2008096395","","2","0","0","0","0","0","0","0","0","4","0","","02","8","2008","1","40.6363","-79.9391","","11","0","0","0","0","0","0","0","0","","0","0","0","","","1","","0","","40 38:10.680","","0","79 56:20.760","8","0","0","0","2217","0","0","0","N","0","0","0","4","02505","0","","6.0","","1","N","N","","0","","0","0","0","","0","","","2","1","0","0","0","1","0","2","0","2","","","","N","","","","","","","","","",""
"2008096407","","0","0","0","0","0","0","0","0","0","0","0","","02","5","2008","7","40.517528","-80.164393","","11","0","0","0","0","0","0","0","0","1","0","0","0","","","1","","10","","40 31:03.100","4","0","80 09:51.816","3","0","0","1","2420","0","0","0","N","0","0","0","1","02420","0","","1.0","","9","N","N","","0","","1","0","0","","2","N","","1","1","0","0","0","0","0","2","0","1","","","","N","","","","","","","","","",""
"2008096408","","0","0","0","1","0","0","0","0","0","8","0","","02","6","2008","4","40.512204","-80.151433","","11","0","0","0","0","0","0","0","0","","0","0","0","","","1","","2","","40 30:43.933","","0","80 09:05.158","4","0","0","0","2420","1","0","0","N","0","0","0","2","02420","1","","1.0","","1","N","N","","1","","0","0","0","","3","","","2","1","0","0","0","0","0","2","0","1","","","","N","","","","","","","","","",""
"2008096410","","1","0","0","0","0","0","0","0","0","99","0","","02","8","2008","2","40.515722","-80.172399","","11","0","0","0","0","0","0","1","0","","0","0","0","","","1","","0","","40 30:56.599","","0","80 10:20.636","3","0","0","0","2420","0","0","0","N","0","0","0","2","02420","0","","6.0","","1","N","N","","0","","1","0","0","","0","","","1","1","1","0","0","0","0","2","0","1","","","","N","","","","","","","","","",""
"2008096414","","3","0","0","0","0","0","0","0","0","6","0","","02","8","2008","1","40.376608","-79.984851","","11","0","0","0","0","0","2","0","0","2","0","0","0","","","0","","0","","40 22:35.787","1","0","79 59:05.464","0","0","0","0","2413","0","0","0","N","0","0","0","3","02413","0","","1.0","","1","N","N","","0","","0","0","0","","0","Y","","3","0","0","0","0","0","0","2","0","3","","","","N","","","","","","","","","",""
"2008096415","","2","0","0","0","0","0","0","0","0","1","0","","02","9","2008","2","40.612359","-79.835404","","11","0","0","0","0","0","0","0","2","1","0","0","0","","","1","","1","","40 36:44.492","5","0","79 50:07.455","4","0","0","0","2220","0","0","0","N","0","0","0","3","02220","1","","1.0","","1","N","N","","0","","0","0","0","","0","Y","","2","1","3","0","0","0","0","2","0","2","","","","N","","","","","","","","","",""
"2008096420","","0","0","0","0","0","0","0","0","0","99","0","","02","8","2008","2","","","","11","0","0","0","0","0","0","0","0","","0","0","0","","","1","","0","","40 28:49.44","","0","80 15:27.72","4","0","0","1","2203","0","0","0","N","0","0","0","1","68B03","1","","1.0","","1","N","N","","0","","0","0","0","","0","","","1","1","0","0","0","0","0","2","0","1","","","","N","","","","","","","","","",""
"2008096421","","1","0","0","0","0","0","0","0","0","7","0","","02","8","2008","3","","","","11","0","0","0","0","0","0","0","0","","0","0","0","","","3","","0","","40 26:41.28","","0","80 09:49.32","4","0","0","0","2115","0","0","0","N","0","0","0","3","68B03","3","","2.0","","1","N","N","","0","","0","0","0","","0","","","1","3","0","0","0","0","0","2","0","1","","","","N","","","","","","","","","",""
"2008096472","","2","0","0","0","0","0","0","0","0","1","0","","02","8","2008","4","","","","11","0","0","1","0","0","0","0","0","1","0","0","0","","","0","","0","","40 25:14.52","1","0","80 02:26.16","0","0","0","0","2435","0","0","0","N","0","0","0","2","68B03","0","","1.0","","1","N","N","","0","","0","0","0","","0","N","","2","0","0","0","0","0","0","2","0","2","","","","N","","","","","","","","","",""
"2008096473","","2","0","0","0","0","0","0","0","0","1","0","","02","8","2008","5","","","","11","0","0","0","0","0","2","0","0","","0","0","0","","","1","","0","","40 25:46.56","","0","79 52:41.52","4","0","0","0","2426","0","0","0","N","0","0","0","4","68B03","1","","1.0","","1","N","N","","0","","0","0","2","","0","","","4","1","0","0","0","0","0","2","0","4","","","","N","","","","","","","","","",""
"2008096474","","1","0","0","0","0","0","0","0","0","1","1","","02","8","2008","6","","","","11","0","0","0","0","0","0","0","1","","0","1","0","","","0","","0","","40 25:13.44","","0","80 02:16.80","0","0","0","0","2425","0","0","0","N","0","0","0","2","68B03","0","","1.0","","1","N","N","","0","","0","0","0","","0","","","2","0","0","0","0","0","0","2","0","2","","","","N","","","","","","","","","",""
"2008096475","","1","0","0","0","0","0","0","0","0","1","0","","02","8","2008","6","","","","11","0","0","0","0","0","0","0","0","","0","0","0","","","1","","0","","40 26:37.32","","0","79 50:25.08","4","0","0","0","2419","0","0","0","N","0","0","0","3","68B03","1","","1.0","","1","N","N","","1","","0","0","0","","0","","","2","1","0","0","0","0","0","2","0","2","","","","N","","","","","","","","","",""
"2008096476","","1","0","0","0","0","0","0","0","0","1","0","","02","8","2008","6","40.3539","-80.1177","","11","0","0","0","0","0","0","1","0","","0","0","0","","","0","","6","","40 21:14.040","","2","80 07:03.720","0","0","0","0","2119","0","0","0","N","0","0","0","4","68B03","0","","1.0","","1","N","N","","0","","0","0","0","","0","","","2","0","0","0","0","0","0","2","1","2","","","","N","","","","","","","","","",""
"2008096477","","2","0","0","0","0","0","0","0","0","1","0","","02","8","2008","7","","","","11","0","0","0","0","0","0","0","0","","0","0","0","","","0","","0","","40 24:45.36","","0","80 03:59.40","0","0","0","0","2435","0","0","0","N","0","0","0","3","68B03","0","","1.0","","1","N","N","","0","","0","0","0","","0","","","2","0","0","0","0","0","0","2","0","2","","","","N","","","","","","","","","",""
"2008096478","","1","0","0","0","0","0","0","0","0","5","0","","02","8","2008","7","","","","11","0","0","0","2","0","0","0","0","2","0","0","0","","","0","","0","","40 26:33.00","4","3","79 49:11.64","0","0","0","1","2113","0","0","0","N","0","0","0","4","68B03","0","","1.0","","1","N","N","","0","","0","0","0","","0","N","","2","0","0","0","0","0","0","2","0","2","","","","N","","","","","","","","","",""
"2008096479","","1","0","0","0","0","0","0","0","0","1","0","","02","8","2008","6","","","","11","0","0","0","0","1","0","0","0","","0","0","0","","","0","","6","","40 26:53.52","","2","80 00:29.16","0","0","0","0","2301","0","0","0","N","0","0","0","2","68B03","0","","1.0","","1","N","N","","0","","0","0","0","","4","","","2","0","0","0","0","0","0","2","1","2","","","","N","","","","","","","","","",""
"2008096491","","3","0","0","0","0","0","0","0","0","1","0","","02","8","2008","6","40.554224","-79.813925","","11","0","0","1","0","0","2","0","0","","0","0","0","","","0","","0","","40 33:15.206","","0","79 48:50.130","0","0","0","0","2208","0","0","0","N","0","0","0","6","68D02","0","","1.0","","1","N","N","","0","","0","0","0","","0","","","3","0","0","0","0","0","0","2","0","3","","","","N","","","","","","","","","",""
"2008096492","","4","0","0","0","0","0","0","0","0","99","0","45","02","8","2008","5","40.5434","-79.8377","","11","0","0","0","1","0","1","0","0","1","0","0","0","","","3","","6","","40 32:36.240","2","2","79 50:15.720","3","0","0","0","2208","0","0","0","N","0","0","0","6","68D02","1","","1.0","","9","N","N","","0","","2","0","0","","3","N","","5","3","0","0","0","0","0","2","1","5","","","Y","Y","4","1","N","N","Y","N","Y","N","N",""
"2008096511","","1","0","0","0","0","0","0","0","0","1","0","15","02","8","2008","3","40.542645","-79.823237","","11","0","0","0","1","0","0","0","0","","0","0","0","","","1","","6","","40 32:33.522","","2","79 49:23.654","3","0","0","0","2208","0","0","0","N","0","0","0","3","68T02","0","","1.0","","1","N","N","","0","","1","0","0","","3","","","2","1","0","0","0","0","0","2","1","2","","","N","Y","8","1","Y","N","N","N","N","N","N",""
"2008096523","","1","0","0","0","0","0","0","0","0","4","0","","02","5","2008","6","40.517211","-80.160538","","11","0","0","0","0","0","0","0","0","","0","0","0","","","0","","1","","40 31:01.961","","0","80 09:37.938","0","0","0","0","2420","0","0","0","N","0","0","0","2","02420","0","","1.0","","1","N","N","","1","","0","0","0","","2","","","2","0","0","0","0","0","0","2","0","2","","","","N","","","","","","","","","",""
"2008096524","","2","0","0","0","0","0","0","0","0","1","0","","02","7","2008","4","40.5222","-80.1761","","11","0","0","0","0","0","0","0","0","1","0","0","0","","","1","","0","","40 31:19.920","2","0","80 10:33.960","4","0","0","0","2420","0","0","0","N","0","0","0","1","02420","1","","6.0","","1","N","N","","1","","0","0","1","","0","N","","4","1","1","0","0","0","0","2","0","4","","","","N","","","","","","","","","",""
"2008096525","","2","0","0","0","0","0","0","0","0","5","0","","02","7","2008","1","40.522549","-80.174737","","11","0","0","0","0","0","0","0","1","1","0","0","0","","","0","","1","","40 31:21.175","4","0","80 10:29.052","0","0","0","0","2420","0","0","0","N","0","0","0","2","02420","0","","1.0","","1","N","N","","0","","0","0","0","","0","N","","2","0","0","0","0","0","0","2","0","2","","","","N","","","","","","","","","",""
"2008096526","","3","0","0","0","0","0","0","0","0","1","0","","02","7","2008","2","40.5189","-80.168","","11","0","0","0","0","0","1","0","0","9","0","0","0","","","0","","0","","40 31:08.040","2","0","80 10:04.800","0","0","0","0","2420","0","0","0","N","0","0","0","6","02420","0","","1.0","","1","N","N","","0","","0","0","1","","0","N","","4","0","0","0","0","0","0","2","0","4","","","","N","","","","","","","","","",""
"2008096527","","2","0","0","0","0","0","0","0","0","4","0","","02","8","2008","6","40.517211","-80.160538","","11","0","0","0","1","0","0","0","1","1","0","0","0","","","0","","1","","40 31:01.961","4","0","80 09:37.938","0","0","0","0","2420","0","0","0","N","0","0","0","3","02420","0","","1.0","","1","N","N","","0","","0","0","0","","2","N","","2","0","0","0","0","0","0","2","0","2","","","","N","","","","","","","","","",""
"2008096528","","1","0","0","0","0","0","0","0","0","1","0","","02","7","2008","5","40.592141","-80.074993","","11","0","0","0","0","1","0","0","0","","0","0","0","","","0","","2","","40 35:31.706","","0","80 04:29.976","0","0","0","0","2481","0","0","0","N","0","0","0","2","02481","0","","1.0","","1","N","N","","0","","0","0","1","","0","","","2","0","0","0","0","0","0","2","0","2","","","","N","","","","","","","","","",""
"2008096537","","0","0","0","0","0","0","0","0","0","7","0","","02","8","2008","1","","","","11","0","0","0","0","0","0","0","0","","0","0","0","","","0","","7","","40 26:20.04","","2","79 45:29.52","9","0","0","1","2446","0","0","0","N","0","0","0","1","68B03","0","","4.0","","1","N","N","","0","","0","0","0","","0","","","1","0","0","0","0","0","1","2","0","1","","","","N","","","","","","","","","",""
"2008096562","","2","0","0","0","0","0","0","0","0","1","0","","02","8","2008","1","40.4229","-79.7546","","11","0","0","0","0","0","1","0","0","","0","0","0","","","2","","0","","40 25:22.440","","7","79 45:16.560","4","0","0","0","2446","0","0","0","N","0","0","0","4","02446","2","","1.0","","1","N","N","","0","","0","0","0","","0","","","2","2","0","0","0","0","0","2","0","2","","","","N","","","","","","","","","",""
"2008096563","","0","0","0","0","0","0","0","0","0","7","0","","02","8","2008","3","40.345561","-79.872277","","11","0","0","0","0","0","0","0","0","","0","0","0","","","1","","1","","40 20:44.019","","0","79 52:20.197","3","0","0","1","2455","0","0","0","N","0","0","0","1","02455","0","","2.0","","1","N","N","","0","","1","0","0","","3","","","1","1","0","0","0","0","0","2","0","1","","","","N","","","","","","","","","",""
"2008096571","","1","0","0","0","0","0","0","0","0","1","0","","02","9","2008","3","40.363848","-79.842953","","11","0","0","0","0","0","1","0","0","","0","0","0","","","0","","10","","40 21:49.853","","3","79 50:34.629","0","0","0","0","2303","0","0","0","N","0","0","0","2","02303","0","","1.0","","1","N","N","","1","","0","0","0","","0","","","2","0","0","0","0","0","0","2","0","2","","","","N","","","","","","","","","",""
"2008096577","","0","0","0","0","0","0","0","0","0","4","0","","02","8","2008","6","40.6166","-79.9461","","11","0","0","0","0","0","0","0","0","2","0","0","0","","","0","","0","","40 36:59.760","1","0","79 56:45.960","0","0","0","0","2217","0","0","0","N","0","0","0","7","02505","0","","1.0","","1","N","N","","1","","0","0","0","","0","N","","2","0","0","0","0","0","0","2","1","2","","","","N","","","","","","","","","",""
"2008096584","","1","0","0","0","0","0","0","0","0","1","0","","02","8","2008","1","40.372984","-80.099265","","11","0","0","0","0","0","1","0","0","2","0","0","0","","","1","","2","","40 22:22.744","3","2","80 05:57.355","8","0","0","0","2102","0","0","0","N","0","0","0","2","02102","0","","1.0","","1","N","N","","0","","0","0","1","","2","N","","2","1","0","0","0","1","0","2","0","2","","","","N","","","","","","","","","",""
"2008096593","","2","0","0","0","0","0","0","0","0","5","0","","02","9","2008","2","","","","11","0","0","0","0","0","0","0","1","1","0","0","0","","","0","","0","","","4","0","","0","0","0","0","2455","0","0","0","N","0","0","0","1","02455","0","","1.0","","1","N","N","","0","","0","0","1","","3","Y","","3","0","0","0","0","0","0","1","0","3","","","","N","","","","","","","","","",""
"2008096604","","0","0","0","0","0","0","0","0","0","0","0","","02","8","2008","7","40.627759","-79.941896","","11","0","0","0","0","0","0","0","0","1","0","0","0","","","1","","0","","40 37:39.932","2","0","79 56:30.826","3","0","0","1","2217","0","0","0","N","0","0","0","1","02505","0","","1.0","","1","N","N","","0","","1","0","0","","0","N","","1","1","0","0","0","0","0","2","0","1","","","","N","","","","","","","","","",""
"2008096611","","0","0","0","0","0","0","0","0","0","1","0","","02","9","2008","3","40.4797","-79.966","","11","0","0","0","0","0","0","1","0","1","0","0","0","","","0","","6","","40 28:46.920","1","0","79 57:57.600","0","0","0","0","2118","0","0","0","N","0","0","0","5","02118","0","","1.0","","1","N","N","","1","","0","0","0","","0","Y","","3","0","1","0","0","0","0","2","2","3","","","","N","","","","","","","","","",""
"2008096635","","1","0","0","0","0","0","0","0","0","7","0","","02","8","2008","7","40.243001","-79.80654","","11","0","0","0","0","0","0","0","0","","0","0","0","","","1","","2","","40 14:34.805","","0","79 48:23.543","8","0","0","0","2105","0","0","0","N","0","0","0","3","02105","0","","5.0","","1","N","N","","0","","0","0","0","","3","","","1","1","1","0","0","1","0","1","0","1","","","","N","","","","","","","","","",""
"2008096648","","1","0","0","0","0","0","0","0","0","5","1","90","02","9","2008","3","40.6379","-80.0633","","11","0","0","0","0","0","0","0","1","","0","1","0","","","0","","0","","40 38:16.440","","0","80 03:47.880","9","0","0","0","2216","0","0","0","N","0","0","0","2","02505","0","","1.0","","1","N","N","","0","","0","0","0","","0","","","2","0","0","0","0","0","1","2","0","2","","","Y","Y","3","1","","","N","Y","","","Y",""
"2008096655","","1","0","0","0","0","0","0","0","0","1","0","","02","8","2008","4","40.4942","-80.2066","","11","1","0","0","0","0","0","0","0","","0","0","0","","","2","","0","","40 29:39.120","","0","80 12:23.760","4","0","0","0","2213","0","0","0","N","0","0","0","2","02213","2","","1.0","","1","N","N","","0","","0","0","1","","0","","","2","2","0","0","0","0","0","2","0","2","","","","N","","","","","","","","","",""
"2008096656","","2","0","0","0","0","0","0","0","0","1","0","","02","8","2008","5","40.4693","-80.1988","","11","0","0","0","1","0","0","0","0","1","0","0","0","","","0","","0","","40 28:09.480","1","0","80 11:55.680","0","0","0","0","2213","0","0","0","N","0","0","0","3","02213","0","","1.0","","9","N","N","","0","","0","0","0","","2","N","","2","0","0","0","0","0","0","2","0","2","","","","N","","","","","","","","","",""
"2008096657","","2","0","0","0","0","0","0","0","0","2","0","","02","8","2008","2","40.519771","-80.217904","","11","0","0","0","0","0","0","0","1","","0","0","0","","","0","","1","","40 31:11.175","","0","80 13:04.454","0","0","0","0","2213","0","0","0","N","0","0","0","2","02213","0","","1.0","","1","N","N","","0","","0","0","0","","2","","","2","0","0","0","0","0","0","2","0","2","","","","N","","","","","","","","","",""
"2008096659","","2","0","0","0","0","0","0","0","0","4","0","","02","8","2008","6","40.3313","-80.0528","","11","0","0","1","0","0","1","0","0","","0","0","0","","","0","","2","","40 19:52.680","","0","80 03:10.080","0","0","0","0","2407","0","0","0","N","0","0","0","2","02407","0","","1.0","","1","N","N","","0","","0","0","0","","3","","","2","0","0","0","0","0","0","2","0","2","","","","N","","","","","","","","","",""