"CRN","ARRIVAL_TM","AUTOMOBILE_COUNT","BELTED_DEATH_COUNT","BELTED_SUSP_SERIOUS_INJ_COUNT","BICYCLE_COUNT","BICYCLE_DEATH_COUNT","BICYCLE_SUSP_SERIOUS_INJ_COUNT","BUS_COUNT","CHLDPAS_DEATH_COUNT","CHLDPAS_SUSP_SERIOUS_INJ_COUNT","COLLISION_TYPE","COMM_VEH_COUNT","CONS_ZONE_SPD_LIM","COUNTY","CRASH_MONTH","CRASH_YEAR","DAY_OF_WEEK","DEC_LATITUDE","DEC_LONGITUDE","DISPATCH_TM","DISTRICT","DRIVER_COUNT_16YR","DRIVER_COUNT_17YR","DRIVER_COUNT_18YR","DRIVER_COUNT_19YR","DRIVER_COUNT_20YR","DRIVER_COUNT_50_64YR","DRIVER_COUNT_65_74YR","DRIVER_COUNT_75PLUS","EST_HRS_CLOSED","FATAL_COUNT","HEAVY_TRUCK_COUNT","HORSE_BUGGY_COUNT","HOUR_OF_DAY","ILLUMINATION","INJURY_COUNT","INTERSECTION_RELATED","INTERSECT_TYPE","LANE_CLOSED","LATITUDE","LN_CLOSE_DIR","LOCATION_TYPE","LONGITUDE","MAX_SEVERITY_LEVEL","MCYCLE_DEATH_COUNT","MCYCLE_SUSP_SERIOUS_INJ_COUNT","MOTORCYCLE_COUNT","MUNICIPALITY","NONMOTR_COUNT","NONMOTR_DEATH_COUNT","NONMOTR_SUSP_SERIOUS_INJ_COUNT","NTFY_HIWY_MAINT","PED_COUNT","PED_DEATH_COUNT","PED_SUSP_SERIOUS_INJ_COUNT","PERSON_COUNT","POLICE_AGCY","POSSIBLE_INJ_COUNT","RDWY_SURF_TYPE_CD","RELATION_TO_ROAD","ROADWAY_CLEARED","ROAD_CONDITION","SCH_BUS_IND","SCH_ZONE_IND","SECONDARY_CRASH","SMALL_TRUCK_COUNT","SPEC_JURIS_CD","SUSP_MINOR_INJ_COUNT","SUSP_SERIOUS_INJ_COUNT","SUV_COUNT","TCD_FUNC_CD","TCD_TYPE","TFC_DETOUR_IND","TIME_OF_DAY","TOTAL_UNITS","TOT_INJ_COUNT","UNBELTED_OCC_COUNT","UNB_DEATH_COUNT","UNB_SUSP_SERIOUS_INJ_COUNT","UNK_INJ_DEG_COUNT","UNK_INJ_PER_COUNT","URBAN_RURAL","VAN_COUNT","VEHICLE_COUNT","WEATHER1","WEATHER2","WORKERS_PRES","WORK_ZONE_IND","WORK_ZONE_LOC","WORK_ZONE_TYPE","WZ_CLOSE_DETOUR","WZ_FLAGGER","WZ_LAW_OFFCR_IND","WZ_LN_CLOSURE","WZ_MOVING","WZ_OTHER","WZ_SHLDER_MDN","WZ_WORKERS_INJ_KILLED"
"2008101596","","1","0","0","0","0","0","0","0","0","4","0","25","02","9","2008","7","40.519541","-79.834954","","11","0","0","0","0","0","0","0","0","3","0","0","0","","","2","","0","","40 31:10.347","5","0","79 50:05.834","2","0","0","0","2451","0","0","0","N","0","0","0","3","02501","0","","5.0","","9","N","N","","0","","1","1","2","","3","Y","","3","2","2","0","1","0","0","2","0","3","","","U","Y","3","3","","","N","","","","Y",""
"2008101604","","1","0","0","0","0","0","0","0","0","4","0","","02","9","2008","6","40.372458","-79.957706","","11","0","0","0","0","0","1","0","0","","0","0","0","","","0","","2","","40 22:20.848","","0","79 57:27.741","0","0","0","0","2403","0","0","0","N","0","0","0","3","02403","0","","1.0","","1","N","N","","0","","0","0","0","","3","","","2","0","0","0","0","0","0","2","1","2","","","","N","","","","","","","","","",""
"2008101618","","2","0","0","0","0","0","0","0","0","1","0","","02","9","2008","4","40.468731","-80.127062","","11","0","0","0","0","0","1","0","0","1","0","0","0","","","2","","0","","40 28:07.431","6","0","80 07:37.423","8","0","0","0","2115","0","0","0","N","0","0","0","2","02115","0","","1.0","","1","N","N","","0","","0","0","0","","0","N","","2","2","1","0","0","2","0","2","0","2","","","","N","","","","","","","","","",""
"2008101678","","0","0","0","0","0","0","0","0","0","7","1","50","02","9","2008","6","","","","11","0","0","0","0","0","1","0","0","","0","1","0","","","0","","0","","40 25:12.00","","0","80 02:02.04","0","0","0","0","2425","0","0","0","N","0","0","0","1","68B03","0","","4.0","","1","N","N","","0","","0","0","0","","0","","","1","0","0","0","0","0","0","2","0","1","","","N","Y","2","2","N","N","N","N","N","Y","N",""
"2008101679","","1","0","0","0","0","0","0","0","0","5","0","","02","9","2008","2","40.4307","-80.2663","","11","0","0","0","0","0","0","0","0","","0","0","0","","","1","","6","","40 25:50.520","","2","80 15:58.680","4","0","0","0","2214","0","0","0","N","0","0","0","2","68B03","1","","1.0","","1","N","N","","0","","0","0","1","","4","","","2","1","0","0","0","0","0","1","0","2","","","","N","","","","","","","","","",""
"2008101680","","0","0","0","0","0","0","0","0","0","1","0","","02","9","2008","2","","","","11","0","0","0","0","0","1","0","0","","0","0","0","","","0","","0","","40 25:11.28","","0","80 03:04.32","0","0","0","0","2435","0","0","0","N","0","0","0","3","68B03","0","","1.0","","1","N","N","","2","","0","0","0","","0","","","3","0","0","0","0","0","0","2","1","3","","","","N","","","","","","","","","",""
"2008101709","","2","0","0","0","0","0","0","0","0","4","0","","02","9","2008","7","40.494908","-80.065507","","11","0","0","0","0","0","0","1","1","","0","0","0","","","0","","0","","40 29:41.668","","0","80 03:55.824","0","0","0","0","2402","0","0","0","N","0","0","0","2","02402","0","","1.0","","1","N","N","","0","","0","0","0","","0","","","2","0","0","0","0","0","0","2","0","2","","","","N","","","","","","","","","",""
"2008101714","","2","0","0","0","0","0","0","0","0","4","0","","02","9","2008","4","40.51598","-79.839568","","11","0","0","0","0","0","0","1","0","","0","0","0","","","0","","1","","40 30:57.528","","0","79 50:22.444","0","0","0","0","2451","0","0","0","N","0","0","0","2","02451","0","","1.0","","1","N","N","","0","","0","0","0","","3","","","2","0","0","0","0","0","0","2","0","2","","","","N","","","","","","","","","",""
"2008101718","","1","0","0","0","0","0","0","0","0","4","0","","02","9","2008","6","40.630064","-80.057071","","11","0","0","0","0","0","0","0","0","1","0","0","0","","","0","","0","","40 37:48.230","2","0","80 03:25.456","0","0","0","0","2216","0","0","0","N","0","0","0","3","02505","0","","1.0","","9","N","N","","1","","0","0","0","","0","N","","2","0","0","0","0","0","0","2","0","2","","","","N","","","","","","","","","",""
"2008101720","","0","0","0","0","0","0","0","0","0","1","0","","02","9","2008","4","40.493443","-79.945882","","11","0","0","0","0","0","0","0","0","","0","0","0","","","0","","0","","40 29:36.393","","0","79 56:45.174","0","0","0","0","2430","0","0","0","N","0","0","0","2","02430","0","","1.0","","1","N","N","","1","","0","0","1","","0","","","2","0","0","0","0","0","0","2","0","2","","","","N","","","","","","","","","",""
"2008101723","","0","0","0","0","0","0","0","0","0","99","0","","02","9","2008","4","40.511212","-80.265661","","11","0","0","0","0","0","1","0","0","","0","0","0","","","0","","0","","40 30:40.362","","0","80 15:56.381","0","0","0","0","2203","0","0","0","N","0","0","0","1","02203","0","","1.0","","1","N","N","","0","","0","0","0","","0","","","1","0","0","0","0","0","0","2","1","1","","","","N","","","","","","","","","",""
"2008101724","","2","0","0","0","0","0","0","0","0","4","0","","02","9","2008","4","","","","11","0","0","0","0","0","1","0","0","","0","0","0","","","0","","1","","40 28:13.44","","0","80 13:13.44","0","0","0","0","2203","0","0","0","N","0","0","0","2","02203","0","","1.0","","1","N","N","","0","","0","0","0","","2","","","2","0","0","0","0","0","0","2","0","2","","","","N","","","","","","","","","",""
"2008101745","","0","0","0","0","0","0","0","0","0","7","1","","02","9","2008","2","40.427549","-80.296139","","11","0","0","0","0","0","0","0","0","4","0","1","0","","","1","","0","","40 25:39.178","4","2","80 17:46.100","4","0","0","0","2115","0","0","0","Y","0","0","0","1","68B03","1","","3.0","","1","N","N","","0","","0","0","0","","0","Y","","1","1","1","0","0","0","0","1","0","1","","","","N","","","","","","","","","",""
"2008101841","","3","0","0","0","0","0","0","0","0","1","0","","02","9","2008","5","40.4965","-79.9379","","11","0","0","0","0","0","1","0","0","1","0","0","0","","","0","","0","","40 29:47.400","2","0","79 56:16.440","0","0","0","0","2430","0","0","0","N","0","0","0","3","02430","0","","1.0","","1","N","N","","0","","0","0","0","","0","N","","3","0","0","0","0","0","0","2","0","3","","","","N","","","","","","","","","",""
"2008101845","","1","0","0","0","0","0","0","0","0","4","0","","02","9","2008","4","40.404738","-79.762211","","11","0","0","0","0","0","1","0","1","1","0","0","0","","","1","","2","","40 24:17.057","1","0","79 45:43.958","3","0","0","1","2446","0","0","0","N","0","0","0","3","02446","0","","1.0","","1","N","N","","0","","1","0","0","","3","N","","2","1","0","0","0","0","0","2","0","2","","","","N","","","","","","","","","",""
"2008101846","","1","0","0","0","0","0","0","0","0","1","0","","02","9","2008","4","40.367964","-79.779834","","11","0","0","0","0","0","0","0","0","","0","0","0","","","1","","1","","40 22:04.671","","0","79 46:47.401","8","0","0","1","2111","0","0","0","N","0","0","0","3","02111","0","","1.0","","1","N","N","","0","","0","0","0","","0","","","2","1","0","0","0","1","0","2","0","2","","","","N","","","","","","","","","",""
"2008101847","","0","0","0","0","0","0","0","0","0","1","1","","02","9","2008","2","40.409059","-79.90304","","11","0","0","0","0","0","0","0","0","","0","0","0","","","1","","1","","40 24:32.614","","0","79 54:10.944","3","0","0","0","2448","0","0","0","N","0","0","0","1","02448","0","","1.0","","1","N","N","","0","","1","0","1","","2","","","3","1","0","0","0","0","0","2","0","3","","","","N","","","","","","","","","",""
"2008101852","","2","0","0","0","0","0","0","0","0","4","0","","02","9","2008","4","40.3963","-80.0857","","11","0","0","0","0","0","1","0","0","","0","0","0","","","1","","0","","40 23:46.680","","0","80 05:08.520","4","0","0","0","2117","0","0","0","N","0","0","0","3","02117","1","","1.0","","1","N","N","","0","","0","0","0","","0","","","2","1","0","0","0","0","0","2","0","2","","","","N","","","","","","","","","",""
"2008101854","","3","0","0","0","0","0","0","0","0","4","0","","02","9","2008","5","40.3222","-79.926","","11","0","0","0","0","0","1","0","0","","0","0","0","","","0","","2","","40 19:19.920","","0","79 55:33.600","0","0","0","0","2440","0","0","0","N","0","0","0","4","02440","0","","1.0","","1","N","N","","0","","0","0","0","","3","","","3","0","0","0","0","0","0","2","0","3","","","","N","","","","","","","","","",""
"2008101858","","2","0","0","0","0","0","0","0","0","4","0","","02","9","2008","4","40.326092","-80.065674","","11","0","1","0","0","0","1","0","0","","0","0","0","","","0","","2","","40 19:33.930","","0","80 03:56.425","0","0","0","0","2123","0","0","0","N","0","0","0","2","02123","0","","1.0","","1","N","N","","0","","0","0","0","","2","","","2","0","0","0","0","0","0","2","0","2","","","","N","","","","","","","","","",""
"2008101868","","2","0","0","0","0","0","0","0","0","4","0","","02","9","2008","2","40.419118","-79.888703","","11","0","0","0","0","0","0","0","0","","0","0","0","","","0","","0","","40 25:08.824","","0","79 53:19.330","9","0","0","0","2463","0","0","0","N","0","0","0","1","02463","0","","1.0","","1","N","N","","0","","0","0","0","","0","","","3","0","0","0","0","0","1","2","1","3","","","","N","","","","","","","","","",""
"2008101875","","1","0","0","0","0","0","0","0","0","7","0","","02","9","2008","4","40.420158","-79.883543","","11","0","0","0","0","1","0","0","0","1","0","0","0","","","1","","2","","40 25:12.568","5","0","79 53:00.754","8","0","0","0","2463","0","0","0","N","0","0","0","1","02463","0","","5.0","","1","N","N","","0","","0","0","0","","0","Y","","1","1","0","0","0","1","0","2","0","1","","","","N","","","","","","","","","",""
"2008101877","","2","0","0","0","0","0","0","0","0","6","0","","02","9","2008","3","40.515521","-79.775243","","11","0","0","0","1","0","1","0","0","1","0","0","0","","","1","","0","","40 30:55.875","6","0","79 46:30.876","3","0","0","0","2466","0","0","0","N","0","0","0","4","02466","0","","1.0","","1","N","N","","0","","1","0","0","","0","Y","","2","1","2","0","0","0","0","2","0","2","","","","N","","","","","","","","","",""
"2008101880","","1","0","0","0","0","0","0","0","0","1","0","","02","9","2008","4","40.567535","-79.983196","","11","0","0","0","0","0","0","0","0","","0","0","0","","","0","","2","","40 34:03.126","","0","79 58:59.505","0","0","0","0","2207","0","0","0","N","0","0","0","2","02207","0","","1.0","","1","N","N","","1","","0","0","0","","3","","","2","0","0","0","0","0","0","2","0","2","","","","N","","","","","","","","","",""
"2008101882","","1","0","0","0","0","0","0","0","0","1","0","","02","8","2008","6","40.362301","-79.826096","","11","0","1","0","0","0","0","0","0","2","0","0","0","","","0","","1","","40 21:44.283","1","0","79 49:33.947","0","0","0","0","2111","0","0","0","N","0","0","0","3","02111","0","","1.0","","1","N","N","","1","","0","0","0","","2","N","","2","0","0","0","0","0","0","2","0","2","","","","N","","","","","","","","","",""
"2008101889","","2","0","0","0","0","0","0","0","0","4","0","","02","9","2008","2","40.5304","-80.2321","","11","0","0","0","0","0","0","0","0","","0","0","0","","","0","","0","","40 31:49.440","","0","80 13:55.560","0","0","0","0","2213","0","0","0","N","0","0","0","2","02213","0","","1.0","","1","N","N","","0","","0","0","0","","0","","","2","0","0","0","0","0","0","2","0","2","","","","N","","","","","","","","","",""
"2008101890","","3","0","0","0","0","0","0","0","0","7","0","","02","9","2008","3","40.345982","-80.034668","","11","0","0","0","0","0","1","0","0","2","0","0","0","","","1","","0","","40 20:45.535","6","0","80 02:04.804","4","0","0","0","2407","0","0","0","N","0","0","0","2","02407","1","","5.0","","1","N","N","","0","","0","0","1","","3","N","","4","1","1","0","0","0","0","2","0","4","","","","N","","","","","","","","","",""
"2008101891","","1","0","0","0","0","0","0","0","0","1","0","","02","9","2008","3","40.3571","-80.0986","","11","0","0","0","0","0","0","0","0","","0","0","0","","","1","","0","","40 21:25.560","","0","80 05:54.960","4","0","0","0","2407","0","0","0","N","0","0","0","3","02407","1","","1.0","","1","N","N","","0","","0","0","0","","0","","","2","1","0","0","0","0","0","2","1","2","","","","N","","","","","","","","","",""
"2008101911","","1","0","0","0","0","0","0","0","0","0","0","","02","9","2008","1","40.545166","-80.035905","","11","0","0","0","0","0","0","0","0","","0","0","0","","","1","","0","","40 32:42.599","","0","80 02:09.257","3","0","0","1","2116","0","0","0","N","0","0","0","2","02116","0","","1.0","","1","N","N","","0","","1","0","0","","2","","","2","1","0","0","0","0","0","2","0","2","","","","N","","","","","","","","","",""
"2008101943","","0","0","0","0","0","0","1","0","0","5","1","","02","9","2008","5","40.438023","-79.913084","","11","0","0","0","0","0","1","0","0","","0","0","0","","","1","","2","","40 26:16.882","","0","79 54:47.102","4","0","0","0","2301","0","0","0","N","0","0","0","4","02503","1","","1.0","","1","N","N","","1","","0","0","0","","2","","","2","1","0","0","0","0","0","2","0","2","","","","N","","","","","","","","","",""
"2008101947","","1","0","0","0","0","0","0","0","0","7","0","","02","5","2008","2","40.50315","-80.02646","","11","0","0","0","0","0","0","0","0","1","0","0","0","","","1","","0","","40 30:11.340","3","3","80 01:35.256","4","0","0","0","2116","0","0","0","N","0","0","0","1","68B03","1","","2.0","","1","N","N","","0","","0","0","0","","0","N","","1","1","1","0","0","0","0","2","0","1","","","","N","","","","","","","","","",""
"2008101948","","3","0","0","0","0","0","0","0","0","1","0","","02","9","2008","6","","","","11","0","0","0","2","0","1","0","0","2","0","0","0","","","1","","0","","40 26:52.08","1","0","80 09:59.04","4","0","0","0","2115","0","0","0","N","0","0","0","5","68B03","1","","1.0","","9","N","N","","0","","0","0","1","","4","N","","4","1","0","0","0","0","0","2","0","4","","","","N","","","","","","","","","",""
"2008101983","","2","0","0","0","0","0","0","0","0","4","0","","02","9","2008","5","40.589474","-79.953695","","11","0","0","0","0","0","0","0","0","1","0","0","0","","","2","","2","","40 35:22.108","6","0","79 57:13.301","3","0","0","0","2207","0","0","0","N","0","0","0","4","02207","1","","1.0","","1","N","N","","0","","1","0","0","","0","N","","2","2","0","0","0","0","0","2","0","2","","","","N","","","","","","","","","",""
"2008101985","","1","0","0","0","0","0","0","0","0","1","1","","02","9","2008","5","40.525108","-79.838924","","11","0","0","0","0","0","1","1","0","","0","1","0","","","1","","0","","40 31:30.388","","0","79 50:20.126","4","0","0","0","2451","0","0","0","N","0","0","0","2","02451","1","","1.0","","1","N","N","","0","","0","0","0","","0","","","2","1","0","0","0","0","0","2","0","2","","","","N","","","","","","","","","",""
"2008102056","","1","0","0","0","0","0","0","0","0","7","0","","02","9","2008","5","40.285379","-79.988489","","11","0","0","0","1","0","0","0","0","2","0","0","0","","","1","","0","","40 17:07.366","3","0","79 59:18.562","4","0","0","0","2219","0","0","0","N","0","0","0","1","02219","1","","2.0","","1","N","N","","0","","0","0","0","","0","N","","1","1","0","0","0","0","0","2","0","1","","","","N","","","","","","","","","",""
"2008102080","","2","0","0","0","0","0","0","0","0","4","0","","02","9","2008","6","40.517563","-79.843163","","11","0","0","0","0","0","1","0","0","","0","0","0","","","0","","2","","40 31:03.228","","0","79 50:35.388","9","0","0","0","2451","0","0","0","N","0","0","0","2","02451","0","","1.0","","9","N","N","","0","","0","0","0","","3","","","2","0","1","0","0","0","2","2","0","2","","","","N","","","","","","","","","",""
"2008102084","","1","0","0","0","0","0","0","0","0","1","0","","02","9","2008","5","40.391125","-79.819531","","11","0","0","1","0","0","0","0","0","1","0","0","0","","","0","","0","","40 23:28.050","1","0","79 49:10.311","0","0","0","0","2111","0","0","0","N","0","0","0","2","02111","0","","1.0","","1","N","N","","0","","0","0","1","","0","Y","","2","0","0","0","0","0","0","2","0","2","","","","N","","","","","","","","","",""
"2008102087","","1","0","0","0","0","0","0","0","0","0","0","","02","9","2008","3","40.221135","-79.84747","","11","0","0","0","0","0","0","0","0","1","0","0","0","","","0","","0","","40 13:16.085","1","0","79 50:50.891","0","0","0","0","2204","0","0","0","N","0","0","0","1","02204","0","","1.0","","1","N","N","","0","","0","0","0","","0","N","","1","0","0","0","0","0","0","2","0","1","","","","N","","","","","","","","","",""
"2008102100","","2","0","0","0","0","0","0","0","0","4","0","","02","9","2008","6","40.436887","-79.852014","","11","0","0","0","0","0","1","0","0","2","0","0","0","","","0","","2","","40 26:12.793","5","0","79 51:07.250","0","0","0","0","2419","0","0","0","N","0","0","0","2","02419","0","","1.0","","1","N","N","","0","","0","0","0","","3","N","","2","0","1","0","0","0","0","2","0","2","","","","N","","","","","","","","","",""
"2008102113","","1","0","0","0","0","0","0","0","0","7","0","","02","9","2008","6","40.270246","-79.882507","","11","0","0","1","0","0","0","0","0","3","0","0","0","","","1","","0","","40 16:12.885","5","0","79 52:57.025","4","0","0","0","2105","0","0","0","N","0","0","0","2","02105","1","","5.0","","1","N","N","","0","","0","0","0","","0","Y","","1","1","0","0","0","0","0","2","0","1","","","","N","","","","","","","","","",""
"2008102161","","1","0","0","0","0","0","0","0","0","99","0","","02","9","2008","6","40.500706","-80.122036","","11","0","0","0","0","0","0","0","0","","0","0","0","","","0","","0","","40 30:02.542","","0","80 07:19.331","0","0","0","0","2115","0","0","0","N","0","0","0","2","68B03","0","","1.0","","1","N","N","","0","","0","0","0","","0","","","1","0","0","0","0","0","0","2","0","1","","","","N","","","","","","","","","",""
"2008102230","","0","0","0","0","0","0","0","0","0","7","0","","02","9","2008","1","40.5174","-79.8012","","11","0","0","0","0","0","0","0","0","","0","0","0","","","2","","0","","40 31:02.640","","0","79 48:04.320","8","0","0","0","2466","0","0","0","N","0","0","0","3","68T02","0","","2.0","","1","N","N","","1","","0","0","0","","0","","","1","2","0","0","0","2","0","2","0","1","","","","N","","","","","","","","","",""
"2008102236","","0","0","0","0","0","0","0","0","0","4","0","","02","9","2008","5","40.499489","-80.326171","","11","0","0","0","0","0","0","0","0","","0","0","0","","","0","","1","","40 29:58.162","","0","80 19:34.216","0","0","0","0","2203","0","0","0","N","0","0","0","2","02203","0","","1.0","","1","N","N","","1","","0","0","0","","3","","","2","0","0","0","0","0","0","1","0","2","","","","N","","","","","","","","","",""
"2008102240","","0","0","0","0","0","0","0","0","0","7","0","","02","9","2008","1","40.367276","-80.058824","","11","0","0","0","0","0","0","0","0","2","0","0","0","","","0","","0","","40 22:02.193","4","0","80 03:31.766","0","0","0","0","2109","0","0","0","N","0","0","0","3","02109","0","","5.0","","98","N","N","","0","","0","0","0","","0","N","","1","0","0","0","0","0","0","2","1","1","","","","N","","","","","","","","","",""
"2008102244","","1","0","0","0","0","0","0","0","0","7","0","","02","9","2008","6","40.26168","-79.851896","","11","0","1","0","0","0","0","0","0","2","0","0","0","","","0","","0","","40 15:42.049","5","0","79 51:06.826","9","0","0","0","2105","0","0","0","N","0","0","0","3","02105","0","","5.0","","1","N","N","","0","","0","0","0","","0","Y","","1","0","0","0","0","0","1","2","0","1","","","","N","","","","","","","","","",""
"2008102254","","1","0","0","0","0","0","0","0","0","7","0","","02","9","2008","6","40.293031","-79.897869","","11","0","0","0","0","0","0","0","1","1","0","0","0","","","0","","0","","40 17:34.910","6","0","79 53:52.330","0","0","0","0","2302","0","0","0","N","0","0","0","1","02302","0","","5.0","","1","N","N","","0","","0","0","0","","0","N","","1","0","0","0","0","0","0","2","0","1","","","","N","","","","","","","","","",""
"2008102258","","1","0","0","0","0","0","0","0","0","7","0","","02","9","2008","7","40.487183","-79.777331","","11","0","0","0","0","0","0","0","0","","0","0","0","","","0","","2","","40 29:13.858","","0","79 46:38.391","0","0","0","0","2466","0","0","0","N","0","0","0","1","02466","0","","2.0","","1","N","N","","0","","0","0","0","","3","","","1","0","0","0","0","0","0","2","0","1","","","","N","","","","","","","","","",""
"2008102261","","0","0","0","0","0","0","0","0","0","99","0","","02","9","2008","7","40.434783","-80.05901","","11","0","0","0","0","0","0","0","0","","0","0","0","","","0","","0","","40 26:05.218","","0","80 03:32.436","0","0","0","0","2421","0","0","0","N","0","0","0","1","02421","0","","4.0","","1","N","N","","0","","0","0","1","","0","","","1","0","0","0","0","0","0","2","0","1","","","","N","","","","","","","","","",""
"2008102332","","1","0","0","0","0","0","0","0","0","99","0","","02","9","2008","5","40.495","-79.7834","","11","0","0","0","0","0","1","0","0","","0","0","0","","","0","","0","","40 29:42.000","","0","79 47:00.240","0","0","0","0","2466","0","0","0","N","0","0","0","2","68T02","0","","1.0","","1","N","N","","0","","0","0","0","","0","","","1","0","0","0","0","0","0","2","0","1","","","","N","","","","","","","","","",""
"2008102333","","0","0","0","0","0","0","0","0","0","7","0","","02","9","2008","6","40.395726","-79.81763","","11","0","0","0","1","0","0","0","0","1","0","0","0","","","0","","1","","40 23:44.615","1","0","79 49:03.468","0","0","0","0","2111","0","0","0","N","0","0","0","1","02111","0","","5.0","","1","N","N","","0","","0","0","1","","0","N","","1","0","0","0","0","0","0","2","0","1","","","","N","","","","","","","","","",""
"2008102334","","2","0","0","0","0","0","0","0","0","6","0","","02","9","2008","7","40.512447","-79.993481","","11","0","0","0","0","0","0","0","0","2","0","0","0","","","2","","0","","40 30:44.810","5","0","79 59:36.530","4","0","0","0","2116","0","0","0","N","0","0","0","7","02116","2","","1.0","","1","N","N","","0","","0","0","0","","0","Y","","2","2","0","0","0","0","0","2","0","2","","","","N","","","","","","","","","",""
"2008102339","","2","0","0","0","0","0","0","0","0","6","0","","02","9","2008","5","40.4957","-79.9778","","11","0","0","1","0","0","0","0","0","1","0","0","0","","","0","","0","","40 29:44.520","6","0","79 58:40.080","0","0","0","0","2118","0","0","0","N","0","0","0","2","02118","0","","1.0","","1","N","N","","0","","0","0","0","","0","N","","2","0","0","0","0","0","0","2","0","2","","","","N","","","","","","","","","",""
"2008102340","","2","0","0","0","0","0","0","0","0","4","0","","02","9","2008","5","40.427499","-79.751215","","11","0","0","0","0","0","1","0","0","1","0","0","0","","","0","","2","","40 25:38.996","1","0","79 45:04.374","0","0","0","0","2446","0","0","0","N","0","0","0","2","02446","0","","1.0","","1","N","N","","0","","0","0","0","","2","N","","2","0","0","0","0","0","0","2","0","2","","","","N","","","","","","","","","",""
"2008102343","","2","0","0","0","0","0","0","0","0","1","0","","02","9","2008","5","40.458003","-79.708373","","11","0","0","0","0","0","0","0","0","","0","0","0","","","0","","2","","40 27:28.811","","0","79 42:30.141","0","0","0","0","2466","0","0","0","N","0","0","0","3","02466","0","","1.0","","1","N","N","","1","","0","0","0","","0","","","4","0","0","0","0","0","0","2","0","3","","","","N","","","","","","","","","",""
"2008102345","","0","0","0","0","0","0","0","0","0","4","0","","02","9","2008","6","40.541927","-79.77505","","11","0","0","0","0","0","0","0","0","","0","0","0","","","0","","2","","40 32:30.938","","0","79 46:30.179","9","0","0","0","2462","0","0","0","N","0","0","0","1","02462","0","","4.0","","1","N","N","","0","","0","0","1","","0","","","2","0","0","0","0","0","1","2","1","2","","","","N","","","","","","","","","",""
"2008102401","","1","0","0","0","0","0","0","0","0","7","0","","02","9","2008","7","40.523837","-79.834462","","11","0","0","0","0","0","0","1","0","","0","0","0","","","0","","10","","40 31:25.814","","0","79 50:04.064","0","0","0","0","2451","0","0","0","N","0","0","0","2","02451","0","","5.0","","9","N","N","","0","","0","0","0","","0","","","1","0","0","0","0","0","0","2","0","1","","","","N","","","","","","","","","",""
"2008102403","","0","0","0","0","0","0","0","0","0","4","0","","02","9","2008","7","40.490437","-79.78317","","11","0","0","0","0","0","0","0","0","1","0","0","0","","","4","","2","","40 29:25.573","2","0","79 46:59.412","4","0","0","0","2466","0","0","0","N","0","0","0","5","02466","4","","1.0","","1","N","N","","0","","0","0","2","","0","N","","2","4","1","0","0","0","0","2","0","2","","","","N","","","","","","","","","",""
"2008102404","","1","0","0","0","0","0","0","0","0","1","0","","02","9","2008","6","40.341603","-79.985099","","11","0","0","0","0","0","0","1","0","","0","0","0","","","0","","2","","40 20:29.770","","0","79 59:06.356","0","0","0","0","2403","0","0","0","N","0","0","0","3","02403","0","","1.0","","1","N","N","","0","","0","0","0","","0","","","2","0","0","0","0","0","0","2","1","2","","","","N","","","","","","","","","",""
"2008102409","","1","0","0","0","0","0","0","0","0","4","0","","02","9","2008","7","40.251842","-79.878088","","11","0","0","0","0","0","1","0","0","2","0","0","0","","","0","","2","","40 15:06.632","1","0","79 52:41.116","0","0","0","0","2204","0","0","0","N","0","0","0","3","02204","0","","1.0","","1","N","N","","0","","0","0","1","","0","N","","2","0","2","0","0","0","0","1","0","2","","","","N","","","","","","","","","",""
"2008102430","","1","0","0","0","0","0","0","0","0","7","0","","02","9","2008","7","40.462712","-80.201676","","11","0","0","0","0","0","0","0","0","","0","0","0","","","1","","0","","40 27:45.762","","0","80 12:06.033","4","0","0","0","2203","0","0","0","N","0","0","0","1","02203","1","","4.0","","9","N","N","","0","","0","0","0","","0","","","1","1","1","0","0","0","0","2","0","1","","","","N","","","","","","","","","",""
"2008102466","","1","0","0","0","0","0","0","0","0","7","0","","02","9","2008","7","40.3473","-79.8167","","11","0","0","0","0","0","0","0","0","","0","0","0","","","0","","0","","40 20:50.280","","0","79 49:00.120","0","0","0","0","2477","0","0","0","N","0","0","0","1","02477","0","","5.0","","1","N","N","","0","","0","0","0","","0","","","1","0","1","0","0","0","0","2","0","1","","","","N","","","","","","","","","",""
"2008102487","","1","0","0","0","0","0","0","0","0","7","0","","02","9","2008","5","40.599","-79.9236","","11","0","0","0","0","0","0","1","0","","0","0","0","","","0","","0","","40 35:56.400","","0","79 55:24.960","0","0","0","0","2207","0","0","0","N","0","0","0","3","68T02","0","","1.0","","1","N","N","","0","","0","0","0","","0","","","1","0","0","0","0","0","0","1","0","1","","","","N","","","","","","","","","",""
"2008102494","","0","0","0","0","0","0","0","0","0","0","0","","02","9","2008","1","40.290252","-79.812968","","11","0","0","0","0","0","0","0","0","","0","0","0","","","1","","1","","40 17:24.908","","0","79 48:46.686","4","0","0","1","2105","0","0","0","N","0","0","0","1","02105","1","","1.0","","1","N","N","","0","","0","0","0","","3","","","1","1","0","0","0","0","0","2","0","1","","","","N","","","","","","","","","",""