"CRN","ARRIVAL_TM","AUTOMOBILE_COUNT","BELTED_DEATH_COUNT","BELTED_SUSP_SERIOUS_INJ_COUNT","BICYCLE_COUNT","BICYCLE_DEATH_COUNT","BICYCLE_SUSP_SERIOUS_INJ_COUNT","BUS_COUNT","CHLDPAS_DEATH_COUNT","CHLDPAS_SUSP_SERIOUS_INJ_COUNT","COLLISION_TYPE","COMM_VEH_COUNT","CONS_ZONE_SPD_LIM","COUNTY","CRASH_MONTH","CRASH_YEAR","DAY_OF_WEEK","DEC_LATITUDE","DEC_LONGITUDE","DISPATCH_TM","DISTRICT","DRIVER_COUNT_16YR","DRIVER_COUNT_17YR","DRIVER_COUNT_18YR","DRIVER_COUNT_19YR","DRIVER_COUNT_20YR","DRIVER_COUNT_50_64YR","DRIVER_COUNT_65_74YR","DRIVER_COUNT_75PLUS","EST_HRS_CLOSED","FATAL_COUNT","HEAVY_TRUCK_COUNT","HORSE_BUGGY_COUNT","HOUR_OF_DAY","ILLUMINATION","INJURY_COUNT","INTERSECTION_RELATED","INTERSECT_TYPE","LANE_CLOSED","LATITUDE","LN_CLOSE_DIR","LOCATION_TYPE","LONGITUDE","MAX_SEVERITY_LEVEL","MCYCLE_DEATH_COUNT","MCYCLE_SUSP_SERIOUS_INJ_COUNT","MOTORCYCLE_COUNT","MUNICIPALITY","NONMOTR_COUNT","NONMOTR_DEATH_COUNT","NONMOTR_SUSP_SERIOUS_INJ_COUNT","NTFY_HIWY_MAINT","PED_COUNT","PED_DEATH_COUNT","PED_SUSP_SERIOUS_INJ_COUNT","PERSON_COUNT","POLICE_AGCY","POSSIBLE_INJ_COUNT","RDWY_SURF_TYPE_CD","RELATION_TO_ROAD","ROADWAY_CLEARED","ROAD_CONDITION","SCH_BUS_IND","SCH_ZONE_IND","SECONDARY_CRASH","SMALL_TRUCK_COUNT","SPEC_JURIS_CD","SUSP_MINOR_INJ_COUNT","SUSP_SERIOUS_INJ_COUNT","SUV_COUNT","TCD_FUNC_CD","TCD_TYPE","TFC_DETOUR_IND","TIME_OF_DAY","TOTAL_UNITS","TOT_INJ_COUNT","UNBELTED_OCC_COUNT","UNB_DEATH_COUNT","UNB_SUSP_SERIOUS_INJ_COUNT","UNK_INJ_DEG_COUNT","UNK_INJ_PER_COUNT","URBAN_RURAL","VAN_COUNT","VEHICLE_COUNT","WEATHER1","WEATHER2","WORKERS_PRES","WORK_ZONE_IND","WORK_ZONE_LOC","WORK_ZONE_TYPE","WZ_CLOSE_DETOUR","WZ_FLAGGER","WZ_LAW_OFFCR_IND","WZ_LN_CLOSURE","WZ_MOVING","WZ_OTHER","WZ_SHLDER_MDN","WZ_WORKERS_INJ_KILLED"
"2008103170","","1","0","0","0","0","0","0","0","0","7","0","","02","8","2008","4","40.4903","-79.87","","11","0","0","0","0","0","1","0","0","","0","0","0","","","0","","3","","40 29:25.080","","0","79 52:12.000","0","0","0","0","2112","0","0","0","Y","0","0","0","1","02112","0","","4.0","","1","N","N","","0","","0","0","0","","0","","","1","0","0","0","0","0","0","2","0","1","","","","N","","","","","","","","","",""
"2008103172","","2","0","0","0","0","0","0","0","0","6","0","","02","8","2008","3","40.5177","-79.9306","","11","0","0","0","0","0","0","0","1","1","0","0","0","","","0","","2","","40 31:03.720","3","0","79 55:50.160","0","0","0","0","2112","0","0","0","N","0","0","0","2","02112","0","","1.0","","1","N","N","","0","","0","0","0","","0","N","","2","0","0","0","0","0","0","2","0","2","","","","N","","","","","","","","","",""
"2008103208","","2","0","0","0","0","0","0","0","0","6","0","","02","8","2008","2","40.40139","-79.780126","","11","0","0","0","0","0","0","1","0","","0","0","0","","","0","","2","","40 24:05.003","","0","79 46:48.452","0","0","0","0","2453","0","0","0","N","0","0","0","2","02453","0","","1.0","","1","N","N","","0","","0","0","0","","2","","","2","0","0","0","0","0","0","2","0","2","","","","N","","","","","","","","","",""
"2008103287","","2","0","0","0","0","0","0","0","0","2","0","","02","8","2008","7","40.342899","-79.844855","","11","0","0","0","0","0","0","0","0","2","0","0","0","","","0","","2","","40 20:34.436","3","0","79 50:41.478","0","0","0","0","2304","0","0","0","N","0","0","0","1","02304","0","","6.0","","1","N","N","","0","","0","0","0","","0","Y","","2","0","0","0","0","0","0","2","0","2","","","","N","","","","","","","","","",""
"2008103288","","0","0","0","0","0","0","1","0","0","1","1","","02","9","2008","3","40.448612","-79.899529","","11","0","0","0","0","0","0","0","0","1","0","0","0","","","3","","1","","40 26:55.002","3","0","79 53:58.305","4","0","0","0","2301","0","0","0","N","0","0","0","4","02503","3","","1.0","","1","N","N","","1","","0","0","0","","0","N","","2","3","1","0","0","0","0","2","0","2","","","","N","","","","","","","","","",""
"2008103289","","2","0","0","0","0","0","0","0","0","1","0","","02","8","2008","3","40.3579","-79.8442","","11","0","0","0","0","0","0","0","0","1","0","0","0","","","0","","0","","40 21:28.440","1","3","79 50:39.120","0","0","0","0","2304","0","0","0","N","0","0","0","2","02304","0","","1.0","","1","N","N","","0","","0","0","0","","0","N","","2","0","0","0","0","0","0","2","0","2","","","","N","","","","","","","","","",""
"2008103290","","1","0","0","0","0","0","0","0","0","4","0","","02","8","2008","6","40.3533","-79.8373","","11","0","0","0","0","0","1","0","0","1","0","0","0","","","1","","0","","40 21:11.880","4","0","79 50:14.280","4","0","0","0","2304","0","0","0","N","0","0","0","2","02304","1","","1.0","","1","N","N","","0","","0","0","0","","0","N","","2","1","0","0","0","0","0","2","1","2","","","","N","","","","","","","","","",""
"2008103291","","0","0","0","0","0","0","0","0","0","4","0","","02","8","2008","4","40.322119","-79.825473","","11","0","0","1","0","1","0","0","0","","0","0","0","","","1","","2","","40 19:19.629","","0","79 49:31.703","3","0","0","0","2304","0","0","0","N","0","0","0","3","02304","0","","1.0","","1","N","N","","1","","1","0","1","","3","","","2","1","0","0","0","0","0","2","0","2","","","","N","","","","","","","","","",""
"2008103292","","0","0","0","0","0","0","0","0","0","7","0","","02","8","2008","6","40.346338","-79.853068","","11","0","0","0","0","0","1","0","0","1","0","0","0","","","1","","0","","40 20:46.818","4","3","79 51:11.043","8","0","0","0","2304","0","0","0","N","0","0","0","1","02304","0","","2.0","","1","N","N","","0","","0","0","0","","0","N","","1","1","1","0","0","1","0","2","1","1","","","","N","","","","","","","","","",""
"2008103293","","0","0","0","0","0","0","0","0","0","7","0","","02","8","2008","6","","","","11","0","0","0","0","0","0","0","0","","0","0","0","","","1","","0","","","","0","","3","0","0","0","2304","0","0","0","N","0","0","0","1","02304","0","","2.0","","1","N","N","","1","","1","0","0","","0","","","1","1","0","0","0","0","0","1","0","1","","","","N","","","","","","","","","",""
"2008103311","","0","0","0","0","0","0","0","0","0","7","0","","02","8","2008","4","40.451947","-80.193069","","11","0","0","0","0","0","0","0","0","","0","0","0","","","0","","0","","40 27:07.010","","0","80 11:35.050","0","0","0","0","2214","0","0","0","N","0","0","0","1","02214","0","","2.0","","9","N","N","","0","","0","0","1","","0","","","1","0","0","0","0","0","0","2","0","1","","","","N","","","","","","","","","",""
"2008103322","","1","0","0","0","0","0","0","0","0","1","0","","02","9","2008","2","40.522841","-80.034629","","11","0","0","0","1","0","0","0","0","1","0","0","0","","","0","","0","","40 31:22.227","1","0","80 02:04.666","0","0","0","0","2474","0","0","0","N","0","0","0","2","02474","0","","1.0","","1","N","N","","0","","0","0","1","","0","N","","2","0","0","0","0","0","0","2","0","2","","","","N","","","","","","","","","",""
"2008103384","","1","0","0","0","0","0","0","0","0","8","0","","02","8","2008","1","40.330401","-79.892539","","11","0","0","0","0","0","0","0","1","1","0","0","0","","","1","","0","","40 19:49.443","5","0","79 53:33.140","8","0","0","0","2433","1","0","0","N","1","0","0","4","02433","0","","1.0","","1","N","N","","1","","0","0","0","","0","Y","","3","1","0","0","0","1","0","2","0","2","","","","N","","","","","","","","","",""
"2008103438","","1","0","0","0","0","0","0","0","0","7","0","","02","8","2008","4","40.341006","-79.838242","","11","0","1","0","0","0","0","0","0","1","0","0","0","","","0","","0","","40 20:27.622","2","0","79 50:17.672","0","0","0","0","2427","0","0","0","N","0","0","0","1","02427","0","","4.0","","9","N","N","","0","","0","0","0","","0","N","","1","0","0","0","0","0","0","2","0","1","","","","N","","","","","","","","","",""
"2008103537","","0","0","0","0","0","0","0","0","0","7","0","","02","8","2008","5","40.486409","-80.033069","","11","0","0","0","0","0","1","0","0","","0","0","0","","","0","","0","","40 29:11.072","","0","80 01:59.048","0","0","0","0","2301","0","0","0","N","0","0","0","1","02301","0","","4.0","","9","N","N","","0","","0","0","1","","0","","","1","0","1","0","0","0","0","2","0","1","","","","N","","","","","","","","","",""
"2008103538","","1","0","0","0","0","0","0","0","0","7","0","","02","8","2008","6","40.469839","-80.013912","","11","0","0","0","0","0","0","1","0","","0","0","0","","","1","","1","","40 28:11.420","","0","80 00:50.083","4","0","0","0","2301","0","0","0","N","0","0","0","1","02301","1","","4.0","","1","N","N","","0","","0","0","0","","3","","","1","1","1","0","0","0","0","2","0","1","","","","N","","","","","","","","","",""
"2008103541","","2","0","0","0","0","0","0","0","0","4","0","","02","8","2008","4","40.440331","-79.965591","","11","0","0","0","0","0","0","0","0","","0","0","0","","","2","","1","","40 26:25.191","","0","79 57:56.127","4","0","0","0","2301","0","0","0","N","0","0","0","4","02301","1","","1.0","","1","N","N","","0","","0","0","0","","3","","","2","2","0","0","0","1","0","2","0","2","","","","N","","","","","","","","","",""
"2008103542","","1","0","1","0","0","0","0","0","0","2","0","","02","8","2008","5","40.38958","-79.937893","","11","0","0","0","0","0","0","0","0","3","0","0","0","","","1","","0","","40 23:22.489","5","0","79 56:16.414","2","0","0","0","2301","0","0","0","N","0","0","0","2","02301","0","","1.0","","1","N","N","","1","","0","1","0","","0","Y","","2","1","0","0","0","0","1","2","0","2","","","","N","","","","","","","","","",""
"2008103543","","1","0","0","0","0","0","0","0","0","4","0","","02","8","2008","1","40.419643","-79.927184","","11","0","0","0","0","0","0","0","0","","0","0","0","","","1","","5","","40 25:10.714","","0","79 55:37.862","8","0","0","0","2301","0","0","0","N","0","0","0","4","02301","0","","1.0","","1","N","N","","0","","0","0","1","","2","","","2","1","0","0","0","1","0","2","0","2","","","","N","","","","","","","","","",""
"2008103544","","2","0","0","0","0","0","0","0","0","1","0","","02","8","2008","6","40.445629","-79.931236","","11","0","0","0","0","0","1","1","0","","0","0","0","","","1","","3","","40 26:44.264","","0","79 55:52.448","8","0","0","0","2301","0","0","0","N","0","0","0","3","02301","0","","1.0","","1","N","N","","0","","0","0","0","","2","","","2","1","0","0","0","1","0","2","0","2","","","","N","","","","","","","","","",""
"2008103545","","2","0","0","0","0","0","0","0","0","1","0","","02","9","2008","5","40.444157","-79.927994","","11","0","0","0","0","0","0","0","1","","0","0","0","","","0","","1","","40 26:38.965","","0","79 55:40.779","0","0","0","0","2301","0","0","0","N","0","0","0","2","02301","0","","1.0","","1","N","N","","0","","0","0","0","","2","","","2","0","0","0","0","0","0","2","0","2","","","","N","","","","","","","","","",""
"2008103715","","3","0","0","0","0","0","0","0","0","1","0","","02","9","2008","5","40.4089","-79.8426","","11","0","0","0","1","0","0","0","0","","0","0","0","","","0","","3","","40 24:32.040","","0","79 50:33.360","0","0","0","0","2417","0","0","0","N","0","0","0","3","02431","0","","7.0","","1","N","N","","0","","0","0","0","","4","","","3","0","0","0","0","0","0","2","0","3","","","","N","","","","","","","","","",""
"2008103734","","0","0","0","0","0","0","0","0","0","8","0","","02","8","2008","1","40.43778","-79.972856","","11","0","0","0","0","0","0","0","0","","0","0","0","","","1","","1","","40 26:16.008","","0","79 58:22.281","4","0","0","0","2301","1","0","0","N","1","0","0","2","02301","1","","1.0","","1","N","N","","0","","0","0","1","","2","","","2","1","0","0","0","0","0","2","0","1","","","","N","","","","","","","","","",""
"2008103735","","1","0","0","0","0","0","0","0","0","7","0","","02","8","2008","1","40.391269","-79.987866","","11","0","0","0","0","0","0","0","0","","0","0","0","","","0","","0","","40 23:28.568","","0","79 59:16.317","0","0","0","0","2301","0","0","0","N","0","0","0","1","02333","0","","5.0","","1","N","N","","0","","0","0","0","","0","","","1","0","0","0","0","0","0","2","0","1","","","","N","","","","","","","","","",""
"2008103736","","1","0","0","0","0","0","0","0","0","4","0","","02","8","2008","3","40.477221","-79.923715","","11","0","0","0","0","0","0","0","0","","0","0","0","","","3","","1","","40 28:37.995","","0","79 55:25.374","4","0","0","0","2301","0","0","0","N","0","0","0","3","02301","1","","1.0","","1","N","N","","0","","0","0","2","","3","","","3","3","0","0","0","2","0","2","0","3","","","","N","","","","","","","","","",""
"2008103737","","1","0","0","0","0","0","0","0","0","7","0","","02","9","2008","1","40.461865","-79.914529","","11","0","0","0","0","0","0","0","0","","0","0","0","","","0","","1","","40 27:42.714","","0","79 54:52.304","0","0","0","0","2301","0","0","0","N","0","0","0","2","02301","0","","5.0","","1","N","N","","0","","0","0","0","","3","","","1","0","0","0","0","0","0","2","0","1","","","","N","","","","","","","","","",""
"2008103738","","2","0","0","0","0","0","0","0","0","5","0","","02","8","2008","3","40.463745","-79.923774","","11","0","0","0","0","0","1","0","0","","0","0","0","","","1","","1","","40 27:49.482","","0","79 55:25.586","4","0","0","0","2301","0","0","0","N","0","0","0","2","02301","1","","1.0","","1","N","N","","0","","0","0","0","","0","","","2","1","2","0","0","0","0","2","0","2","","","","N","","","","","","","","","",""
"2008103739","","4","0","0","0","0","0","0","0","0","4","0","","02","8","2008","1","40.458673","-79.894905","","11","0","0","0","0","0","0","0","0","2","0","0","0","","","1","","0","","40 27:31.222","6","0","79 53:41.658","8","0","0","0","2301","0","0","0","N","0","0","0","2","02301","0","","6.0","","1","N","N","","0","","0","0","0","","0","N","","4","1","0","0","0","1","1","2","0","4","","","","N","","","","","","","","","",""
"2008103740","","2","0","0","0","0","0","0","0","0","4","0","","02","8","2008","7","40.461313","-79.934164","","11","0","0","0","1","0","0","0","0","","0","0","0","","","0","","1","","40 27:40.726","","0","79 56:02.990","0","0","0","0","2301","0","0","0","N","0","0","0","6","02301","0","","1.0","","1","N","N","","0","","0","0","0","","3","","","2","0","6","0","0","0","0","2","0","2","","","","N","","","","","","","","","",""
"2008103743","","0","0","0","1","0","0","0","0","0","8","0","","02","8","2008","3","","","","11","0","0","0","0","0","0","0","0","","0","0","0","","","1","","2","","","","0","","8","0","0","0","2301","1","0","0","N","0","0","0","2","02301","0","","1.0","","1","N","N","","0","","0","0","0","","0","","","2","1","0","0","0","1","0","1","1","1","","","","N","","","","","","","","","",""
"2008103744","","2","0","0","0","0","0","0","0","0","1","0","","02","8","2008","5","40.456757","-79.989538","","11","0","0","0","0","0","0","0","0","","0","0","0","","","0","","0","","40 27:24.325","","0","79 59:22.337","0","0","0","0","2301","0","0","0","N","0","0","0","2","02301","0","","1.0","","9","N","N","","0","","0","0","0","","0","","","2","0","0","0","0","0","0","2","0","2","","","","N","","","","","","","","","",""
"2008103745","","0","0","0","0","0","0","0","0","0","1","0","","02","9","2008","6","40.4789","-80.043","","11","0","0","0","0","0","0","0","0","","0","0","0","","","1","","1","","40 28:44.040","","0","80 02:34.800","8","0","0","0","2301","0","0","0","N","0","0","0","2","02301","0","","1.0","","1","N","N","","0","","0","0","2","","2","","","2","1","0","0","0","1","1","2","0","2","","","","N","","","","","","","","","",""
"2008103746","","2","0","0","0","0","0","0","0","0","0","0","","02","8","2008","6","40.481235","-80.042638","","11","0","0","0","0","0","0","0","0","","0","0","0","","","0","","0","","40 28:52.447","","0","80 02:33.497","0","0","0","0","2301","0","0","0","N","0","0","0","5","02301","0","","1.0","","1","N","N","","0","","0","0","0","","0","","","2","0","0","0","0","0","0","2","0","2","","","","N","","","","","","","","","",""
"2008103750","","1","0","0","0","0","0","0","0","0","4","0","","02","9","2008","1","40.442277","-79.917177","","11","0","1","0","0","0","1","0","0","1","0","0","0","","","0","","1","","40 26:32.197","1","0","79 55:01.837","0","0","0","0","2301","0","0","0","N","0","0","0","3","02301","0","","1.0","","1","N","N","","0","","0","0","1","","2","N","","2","0","0","0","0","0","0","2","0","2","","","","N","","","","","","","","","",""
"2008103751","","3","0","0","0","0","0","0","0","0","1","0","","02","8","2008","1","40.581513","-80.056592","","11","0","0","0","0","0","1","0","0","","0","0","0","","","1","","1","","40 34:53.445","","0","80 03:23.731","8","0","0","0","2108","0","0","0","N","0","0","0","3","02108","0","","1.0","","1","N","N","","0","","0","0","0","","2","","","3","1","0","0","0","1","0","2","0","3","","","","N","","","","","","","","","",""
"2008103752","","0","0","0","0","0","0","0","0","0","4","0","","02","8","2008","6","40.574742","-80.038421","","11","0","0","1","0","0","0","0","0","","0","0","0","","","1","","2","","40 34:29.071","","0","80 02:18.315","8","0","0","0","2108","0","0","0","N","0","0","0","2","02108","0","","1.0","","1","N","N","","2","","0","0","0","","3","","","2","1","0","0","0","1","0","2","0","2","","","","N","","","","","","","","","",""
"2008103753","","0","0","0","0","0","0","0","0","0","4","0","","02","9","2008","2","40.5588","-80.0396","","11","0","0","0","0","1","0","1","0","","0","0","0","","","1","","0","","40 33:31.680","","0","80 02:22.560","8","0","0","0","2108","0","0","0","N","0","0","0","4","02108","0","","1.0","","1","N","N","","1","","0","0","1","","8","","","2","1","0","0","0","1","0","2","0","2","","","","N","","","","","","","","","",""
"2008103754","","0","0","0","0","0","0","0","0","0","4","0","","02","8","2008","6","40.581231","-80.012414","","11","0","0","0","0","0","0","0","0","","0","0","0","","","0","","2","","40 34:52.431","","0","80 00:44.690","0","0","0","0","2108","0","0","0","N","0","0","0","2","02108","0","","1.0","","1","N","N","","1","","0","0","1","","0","","","2","0","0","0","0","0","0","2","0","2","","","","N","","","","","","","","","",""
"2008103755","","1","0","0","0","0","0","0","0","0","4","0","","02","8","2008","6","40.572148","-80.036897","","11","0","2","0","0","0","0","0","0","","0","0","0","","","1","","0","","40 34:19.734","","0","80 02:12.829","4","0","0","0","2108","0","0","0","N","0","0","0","2","02108","1","","1.0","","1","N","N","","0","","0","0","0","","0","","","2","1","0","0","0","0","0","2","1","2","","","","N","","","","","","","","","",""
"2008103756","","1","0","0","0","0","0","0","0","0","7","0","","02","8","2008","1","40.5825","-80.03","","11","1","0","0","0","0","0","0","0","1","0","0","0","","","3","","6","","40 34:57.000","2","2","80 01:48.000","4","0","0","0","2108","0","0","0","N","0","0","0","3","02108","1","","4.0","","1","N","N","","0","","0","0","0","","0","N","","1","3","0","0","0","2","0","2","0","1","","","","N","","","","","","","","","",""
"2008103757","","0","0","0","0","0","0","0","0","0","2","0","","02","8","2008","6","40.609991","-80.053301","","11","0","0","0","0","0","1","0","0","","0","0","0","","","0","","1","","40 36:35.968","","0","80 03:11.883","9","0","0","0","2108","0","0","0","N","0","0","0","2","02108","0","","1.0","","9","N","N","","0","","0","0","1","","2","","","2","0","0","0","0","0","1","2","1","2","","","","N","","","","","","","","","",""
"2008103758","","1","0","0","0","0","0","0","0","0","8","0","","02","9","2008","6","40.447334","-79.949192","","11","0","0","0","0","0","0","0","0","","0","0","0","","","1","","0","","40 26:50.404","","0","79 56:57.091","8","0","0","0","2301","1","0","0","N","1","0","0","2","02301","0","","1.0","","1","N","N","","0","","0","0","0","","0","","","2","1","0","0","0","1","0","2","0","1","","","","N","","","","","","","","","",""
"2008103759","","2","0","0","0","0","0","0","0","0","5","0","","02","9","2008","1","40.433467","-79.914021","","11","0","0","0","0","0","1","0","0","","0","0","0","","","0","","3","","40 26:00.481","","0","79 54:50.475","0","0","0","0","2301","0","0","0","N","0","0","0","2","02301","0","","2.0","","1","N","N","","0","","0","0","0","","0","","","2","0","0","0","0","0","0","2","0","2","","","","N","","","","","","","","","",""
"2008103780","","0","0","0","0","0","0","0","0","0","7","0","","02","8","2008","4","40.451669","-80.192778","","11","0","0","0","0","0","0","0","0","","0","0","0","","","0","","0","","40 27:06.010","","0","80 11:34.000","0","0","0","0","2214","0","0","0","N","0","0","0","4","02214","0","","2.0","","9","N","N","","1","","0","0","0","","0","","","1","0","0","0","0","0","0","2","0","1","","","","N","","","","","","","","","",""
"2008103790","","1","0","0","0","0","0","0","0","0","7","0","","02","8","2008","4","40.455286","-80.188358","","11","0","0","0","0","0","0","0","0","","0","0","0","","","0","","0","","40 27:19.030","","0","80 11:18.090","0","0","0","0","2214","0","0","0","N","0","0","0","3","02214","0","","2.0","","9","N","N","","0","","0","0","0","","0","","","1","0","0","0","0","0","0","2","0","1","","","","N","","","","","","","","","",""
"2008103830","","2","0","0","0","0","0","0","0","0","4","0","","02","8","2008","4","40.438287","-79.988334","","11","0","0","0","0","0","1","0","0","","0","0","0","","","0","","1","","40 26:17.833","","0","79 59:18.002","0","0","0","0","2301","0","0","0","N","0","0","0","2","02301","0","","1.0","","9","N","N","","0","","0","0","0","","0","","","2","0","0","0","0","0","0","2","0","2","","","","N","","","","","","","","","",""
"2008103831","","1","0","0","0","0","0","0","0","0","6","0","","02","8","2008","6","40.438395","-80.001987","","11","0","0","0","0","0","0","0","0","2","0","0","0","","","1","","1","","40 26:18.223","5","0","80 00:07.153","4","0","0","0","2301","0","0","0","N","0","0","0","3","02301","1","","1.0","","1","N","N","","1","","0","0","0","","2","Y","","2","1","2","0","0","0","0","2","0","2","","","","N","","","","","","","","","",""
"2008103832","","1","0","0","0","0","0","0","0","0","7","0","","02","9","2008","6","40.455822","-79.965549","","11","0","0","0","0","0","0","0","0","3","0","0","0","","","1","","0","","40 27:20.959","3","0","79 57:55.976","3","0","0","0","2301","0","0","0","N","0","0","0","1","02301","0","","2.0","","1","N","N","","0","","1","0","0","","0","Y","","1","1","0","0","0","0","0","2","0","1","","","","N","","","","","","","","","",""
"2008103896","","1","0","0","0","0","0","0","0","0","7","0","","02","8","2008","1","40.43241","-79.958529","","11","0","0","0","0","0","0","0","0","2","0","0","0","","","1","","0","","40 25:56.677","2","0","79 57:30.703","4","0","0","0","2301","0","0","0","N","0","0","0","1","02301","1","","2.0","","1","N","N","","0","","0","0","0","","0","N","","1","1","1","0","0","0","0","2","0","1","","","","N","","","","","","","","","",""
"2008103987","","1","0","0","1","0","0","0","0","0","8","0","","02","8","2008","3","40.395517","-80.024115","","11","0","0","0","0","0","0","0","0","","0","0","0","","","1","","2","","40 23:43.861","","0","80 01:26.814","4","0","0","0","2301","1","0","0","N","0","0","0","2","02301","1","","1.0","","1","N","N","","0","","0","0","0","","0","","","2","1","0","0","0","0","0","2","0","1","","","","N","","","","","","","","","",""
"2008103988","","0","0","0","0","0","0","0","0","0","7","0","","02","8","2008","4","40.421192","-79.99893","","11","0","0","0","0","0","0","0","0","","0","0","0","","","2","","2","","40 25:16.291","","0","79 59:56.148","8","0","0","0","2301","0","0","0","N","0","0","0","2","02301","0","","4.0","","1","N","N","","1","","0","0","0","","0","","","1","2","0","0","0","2","0","2","0","1","","","","N","","","","","","","","","",""
"2008103990","","2","0","0","0","0","0","0","0","0","5","0","","02","8","2008","7","40.425216","-79.952033","","11","0","0","0","0","0","0","0","0","","0","0","0","","","0","","0","","40 25:30.777","","0","79 57:07.320","0","0","0","0","2301","0","0","0","N","0","0","0","1","02301","0","","1.0","","1","N","N","","0","","0","0","0","","0","","","2","0","0","0","0","0","0","2","0","2","","","","N","","","","","","","","","",""
"2008103992","","3","0","0","0","0","0","0","0","0","1","0","","02","8","2008","1","40.427","-79.9669","","11","0","0","0","0","0","2","0","0","2","0","0","0","","","1","","0","","40 25:37.200","6","0","79 58:00.840","3","0","0","0","2301","0","0","0","N","0","0","0","4","02301","0","","1.0","","1","N","N","","0","","1","0","0","","0","N","","3","1","1","0","0","0","3","2","0","3","","","","N","","","","","","","","","",""
"2008103993","","2","0","0","0","0","0","0","0","0","2","0","","02","8","2008","1","40.399133","-80.025152","","11","0","0","0","0","0","0","0","0","","0","0","0","","","0","","2","","40 23:56.877","","0","80 01:30.546","0","0","0","0","2301","0","0","0","N","0","0","0","7","02301","0","","1.0","","1","N","N","","0","","0","0","0","","3","","","2","0","0","0","0","0","0","2","0","2","","","","N","","","","","","","","","",""
"2008103995","","1","0","0","0","0","0","0","0","0","5","0","","02","8","2008","2","40.428271","-79.985304","","11","0","0","0","0","0","0","0","0","","0","0","0","","","0","","0","","40 25:41.775","","0","79 59:07.094","9","0","0","0","2301","0","0","0","N","0","0","0","1","02301","0","","6.0","","1","N","N","","0","","0","0","1","","0","","","2","0","0","0","0","0","1","2","0","2","","","","N","","","","","","","","","",""
"2008103996","","1","0","0","0","0","0","0","0","0","1","0","","02","8","2008","4","40.389626","-79.983085","","11","0","0","0","0","0","1","0","0","1","0","0","0","","","1","","0","","40 23:22.653","6","0","79 58:59.106","3","0","0","0","2301","0","0","0","N","0","0","0","2","02301","0","","1.0","","9","N","N","","1","","1","0","0","","0","N","","2","1","0","0","0","0","0","2","0","2","","","","N","","","","","","","","","",""
"2008103997","","2","0","0","0","0","0","0","0","0","1","0","","02","8","2008","2","40.377896","-80.003754","","11","0","0","0","0","0","1","1","0","","0","0","0","","","0","","2","","40 22:40.427","","0","80 00:13.513","0","0","0","0","2301","0","0","0","N","0","0","0","3","02301","0","","1.0","","1","N","N","","0","","0","0","1","","2","","","3","0","0","0","0","0","0","2","0","3","","","","N","","","","","","","","","",""
"2008104000","","1","0","0","0","0","0","0","0","0","8","0","","02","9","2008","5","40.407983","-79.9915","","11","0","0","0","0","0","0","0","0","","0","0","0","","","1","","2","","40 24:28.738","","0","79 59:29.400","8","0","0","0","2301","1","0","0","N","1","0","0","2","02301","0","","1.0","","1","N","N","","0","","0","0","0","","0","","","2","1","0","0","0","1","0","2","0","1","","","","N","","","","","","","","","",""
"2008104003","","1","0","0","0","0","0","0","0","0","7","0","","02","9","2008","6","40.399052","-80.009623","","11","0","0","0","0","0","0","0","0","2","0","0","0","","","0","","0","","40 23:56.587","7","0","80 00:34.644","0","0","0","0","2301","0","0","0","N","0","0","0","1","02301","0","","4.0","","1","N","N","","0","","0","0","0","","0","N","","1","0","0","0","0","0","0","2","0","1","","","","N","","","","","","","","","",""
"2008104005","","4","0","0","0","0","0","0","0","0","5","0","","02","9","2008","6","40.425799","-80.019809","","11","0","0","0","0","0","0","0","0","2","0","0","0","","","0","","2","","40 25:32.876","5","0","80 01:11.312","0","0","0","0","2301","0","0","0","N","0","0","0","4","02301","0","","1.0","","1","N","N","","0","","0","0","0","","2","N","","4","0","0","0","0","0","0","2","0","4","","","","N","","","","","","","","","",""
"2008104006","","2","0","0","0","0","0","0","0","0","5","0","","02","9","2008","7","","","","11","0","0","0","0","0","0","0","0","","0","0","0","","","0","","0","","","","0","","0","0","0","0","2301","0","0","0","N","0","0","0","2","02301","0","","1.0","","1","N","N","","0","","0","0","0","","0","","","2","0","1","0","0","0","0","1","0","2","","","","N","","","","","","","","","",""
"2008104007","","2","0","0","0","0","0","0","0","0","4","0","","02","8","2008","6","40.429186","-79.999223","","11","0","0","0","1","0","0","0","0","","0","0","0","","","0","","1","","40 25:45.071","","0","79 59:57.204","0","0","0","0","2301","0","0","0","N","0","0","0","5","02301","0","","1.0","","1","N","N","","0","","0","0","0","","2","","","2","0","0","0","0","0","0","2","0","2","","","","N","","","","","","","","","",""
"2008104008","","2","0","0","0","0","0","0","0","0","4","0","","02","8","2008","7","40.392576","-79.986625","","11","0","0","0","0","0","0","0","0","","0","0","0","","","0","","0","","40 23:33.273","","0","79 59:11.850","0","0","0","0","2301","0","0","0","N","0","0","0","1","02301","0","","1.0","","1","N","N","","0","","0","0","0","","0","","","2","0","1","0","0","0","0","2","0","2","","","","N","","","","","","","","","",""