"CRN","ARRIVAL_TM","AUTOMOBILE_COUNT","BELTED_DEATH_COUNT","BELTED_SUSP_SERIOUS_INJ_COUNT","BICYCLE_COUNT","BICYCLE_DEATH_COUNT","BICYCLE_SUSP_SERIOUS_INJ_COUNT","BUS_COUNT","CHLDPAS_DEATH_COUNT","CHLDPAS_SUSP_SERIOUS_INJ_COUNT","COLLISION_TYPE","COMM_VEH_COUNT","CONS_ZONE_SPD_LIM","COUNTY","CRASH_MONTH","CRASH_YEAR","DAY_OF_WEEK","DEC_LATITUDE","DEC_LONGITUDE","DISPATCH_TM","DISTRICT","DRIVER_COUNT_16YR","DRIVER_COUNT_17YR","DRIVER_COUNT_18YR","DRIVER_COUNT_19YR","DRIVER_COUNT_20YR","DRIVER_COUNT_50_64YR","DRIVER_COUNT_65_74YR","DRIVER_COUNT_75PLUS","EST_HRS_CLOSED","FATAL_COUNT","HEAVY_TRUCK_COUNT","HORSE_BUGGY_COUNT","HOUR_OF_DAY","ILLUMINATION","INJURY_COUNT","INTERSECTION_RELATED","INTERSECT_TYPE","LANE_CLOSED","LATITUDE","LN_CLOSE_DIR","LOCATION_TYPE","LONGITUDE","MAX_SEVERITY_LEVEL","MCYCLE_DEATH_COUNT","MCYCLE_SUSP_SERIOUS_INJ_COUNT","MOTORCYCLE_COUNT","MUNICIPALITY","NONMOTR_COUNT","NONMOTR_DEATH_COUNT","NONMOTR_SUSP_SERIOUS_INJ_COUNT","NTFY_HIWY_MAINT","PED_COUNT","PED_DEATH_COUNT","PED_SUSP_SERIOUS_INJ_COUNT","PERSON_COUNT","POLICE_AGCY","POSSIBLE_INJ_COUNT","RDWY_SURF_TYPE_CD","RELATION_TO_ROAD","ROADWAY_CLEARED","ROAD_CONDITION","SCH_BUS_IND","SCH_ZONE_IND","SECONDARY_CRASH","SMALL_TRUCK_COUNT","SPEC_JURIS_CD","SUSP_MINOR_INJ_COUNT","SUSP_SERIOUS_INJ_COUNT","SUV_COUNT","TCD_FUNC_CD","TCD_TYPE","TFC_DETOUR_IND","TIME_OF_DAY","TOTAL_UNITS","TOT_INJ_COUNT","UNBELTED_OCC_COUNT","UNB_DEATH_COUNT","UNB_SUSP_SERIOUS_INJ_COUNT","UNK_INJ_DEG_COUNT","UNK_INJ_PER_COUNT","URBAN_RURAL","VAN_COUNT","VEHICLE_COUNT","WEATHER1","WEATHER2","WORKERS_PRES","WORK_ZONE_IND","WORK_ZONE_LOC","WORK_ZONE_TYPE","WZ_CLOSE_DETOUR","WZ_FLAGGER","WZ_LAW_OFFCR_IND","WZ_LN_CLOSURE","WZ_MOVING","WZ_OTHER","WZ_SHLDER_MDN","WZ_WORKERS_INJ_KILLED"
"2008104468","","0","0","0","0","0","0","0","0","0","7","0","","02","8","2008","7","40.472245","-79.819551","","11","0","0","0","0","0","0","0","0","","1","0","0","","","1","","0","","40 28:20.083","","0","79 49:10.385","1","1","0","1","2113","0","0","0","N","0","0","0","2","02113","0","2","4.0","","1","N","N","","0","0","0","0","0","","0","","","1","1","0","0","0","1","0","2","0","1","","","","N","","","","","","","","","",""
"2008104476","","2","0","0","0","0","0","0","0","0","1","0","","02","9","2008","3","40.618216","-79.945375","","11","0","0","1","0","0","0","0","0","","0","0","0","","","1","","2","","40 37:05.576","","0","79 56:43.350","8","0","0","0","2217","0","0","0","N","0","0","0","2","02505","0","","1.0","","1","N","N","","0","","0","0","0","","0","","","2","1","0","0","0","1","0","2","0","2","","","","N","","","","","","","","","",""
"2008104480","","1","0","0","0","0","0","0","0","0","2","0","","02","9","2008","4","40.467096","-79.836508","","11","0","0","0","0","0","2","0","0","3","0","0","0","","","2","","0","","40 28:01.547","6","0","79 50:11.428","2","0","0","0","2113","0","0","0","N","0","0","0","3","02113","0","","1.0","","1","N","N","","0","","0","2","1","","0","Y","","2","2","3","0","2","0","0","2","0","2","","","","N","","","","","","","","","",""
"2008104481","","1","0","0","0","0","0","0","0","0","2","0","","02","9","2008","7","40.430025","-79.762053","","11","0","0","0","0","0","0","0","0","","0","0","0","","","2","","0","","40 25:48.090","","0","79 45:43.392","4","0","0","0","2446","0","0","0","N","0","0","0","4","02446","2","","1.0","","1","N","N","","0","","0","0","0","","0","","","2","2","0","0","0","0","0","2","1","2","","","","N","","","","","","","","","",""
"2008104490","","2","0","0","0","0","0","0","0","0","1","0","","02","9","2008","5","40.4584","-79.7215","","11","0","0","0","0","0","0","0","0","","0","0","0","","","0","","0","","40 27:30.240","","0","79 43:17.400","0","0","0","0","2466","0","0","0","N","0","0","0","1","02466","0","","2.0","","1","N","N","","0","","0","0","0","","0","","","2","0","0","0","0","0","0","2","0","2","","","","N","","","","","","","","","",""
"2008104580","","0","0","0","0","0","0","0","0","0","2","1","","02","9","2008","6","40.255369","-79.920672","","11","0","0","0","0","0","0","0","0","6","0","1","0","","","3","","0","","40 15:19.330","5","0","79 55:14.418","2","0","0","0","2302","0","0","0","Y","0","0","0","3","02501","2","","1.0","","1","N","N","","1","","0","1","1","","0","Y","","3","3","2","0","1","0","0","2","0","3","","","","N","","","","","","","","","",""
"2008104583","","1","0","0","0","0","0","0","0","0","6","0","","02","9","2008","4","40.496466","-79.943903","","11","0","0","0","0","0","1","0","1","1","0","0","0","","","1","","0","","40 29:47.277","5","0","79 56:38.051","4","0","0","0","2430","0","0","0","N","0","0","0","2","02430","1","","1.0","","1","N","N","","2","","0","0","0","","0","N","","3","1","0","0","0","0","0","2","0","3","","","","N","","","","","","","","","",""
"2008104589","","1","0","0","0","0","0","1","0","0","4","1","","02","8","2008","2","40.2729","-79.8852","","11","0","0","0","0","1","1","0","0","2","0","0","0","","","1","","6","","40 16:22.440","1","2","79 53:06.720","8","0","0","0","2428","0","0","0","N","0","0","0","4","02428","0","","1.0","","1","N","N","","0","","0","0","0","","4","Y","","2","1","0","0","0","1","0","2","0","2","","","","N","","","","","","","","","",""
"2008104604","","1","0","0","0","0","0","0","0","0","1","0","","02","9","2008","6","40.4074","-79.9101","","11","0","0","0","1","0","0","0","1","","0","0","0","","","1","","0","","40 24:26.640","","0","79 54:36.360","4","0","0","0","2438","0","0","0","N","0","0","0","2","02438","1","","1.0","","9","N","N","","0","","0","0","1","","0","","","2","1","0","0","0","0","0","2","0","2","","","","N","","","","","","","","","",""
"2008104619","","1","0","0","0","0","0","0","0","0","1","0","","02","9","2008","4","40.2712","-79.885","","11","0","0","0","0","0","0","0","0","","0","0","0","","","1","","6","","40 16:16.320","","2","79 53:06.000","8","0","0","0","2471","0","0","0","N","0","0","0","3","02428","0","","1.0","","1","N","N","","1","","0","0","0","","3","","","2","1","1","0","0","1","0","2","0","2","","","","N","","","","","","","","","",""
"2008104633","","3","0","0","0","0","0","0","0","0","99","0","","02","9","2008","6","40.393837","-80.087523","","11","0","0","0","0","0","1","0","0","2","0","0","0","","","0","","1","","40 23:37.813","3","0","80 05:15.082","0","0","0","0","2437","0","0","0","N","0","0","0","3","02437","0","","1.0","","1","N","N","","0","","0","0","0","","2","N","","3","0","0","0","0","0","0","2","0","3","","","","N","","","","","","","","","",""
"2008104737","","0","0","0","0","0","0","0","0","0","7","0","","02","9","2008","4","","","","11","0","0","0","0","0","0","0","0","1","0","0","0","","","1","","0","","40 25:39.72","2","0","80 01:49.44","4","0","0","0","2301","0","0","0","N","0","0","0","1","68B03","1","","3.0","","1","N","N","","1","","0","0","0","","0","N","","1","1","1","0","0","0","0","2","0","1","","","","N","","","","","","","","","",""
"2008104772","","2","0","0","0","0","0","0","0","0","1","0","","02","9","2008","5","40.522944","-80.080554","","11","0","0","0","0","0","1","0","1","","0","0","0","","","0","","0","","40 31:22.598","","0","80 04:49.994","0","0","0","0","2215","0","0","0","N","0","0","0","2","02215","0","","1.0","","1","N","N","","0","","0","0","0","","0","","","2","0","0","0","0","0","0","2","0","2","","","","N","","","","","","","","","",""
"2008104773","","1","0","0","0","0","0","0","0","0","1","0","","02","9","2008","5","40.490477","-80.296523","","11","0","0","0","0","0","0","0","0","","0","0","0","","","1","","0","","40 29:25.718","","0","80 17:47.483","4","0","0","0","2203","0","0","0","N","0","0","0","2","02203","1","","1.0","","1","N","N","","0","","0","0","1","","0","","","2","1","0","0","0","0","0","2","0","2","","","","N","","","","","","","","","",""
"2008104779","","1","0","0","0","0","0","0","0","0","99","0","","02","9","2008","7","40.2018","-79.8643","","11","0","0","0","0","0","0","0","0","","0","0","0","","","0","","0","","40 12:06.480","","0","79 51:51.480","0","0","0","0","2204","0","0","0","Y","0","0","0","1","02204","0","","1.0","","1","N","N","","0","","0","0","0","","0","","","1","0","0","0","0","0","0","1","0","1","","","","N","","","","","","","","","",""
"2008104786","","1","0","0","0","0","0","0","0","0","7","0","","02","9","2008","5","40.4766","-79.7825","","11","0","0","0","1","0","0","0","0","1","0","0","0","","","1","","0","","40 28:35.760","6","0","79 46:57.000","4","0","0","0","2113","0","0","0","N","0","0","0","1","02113","1","","5.0","","1","N","N","","0","","0","0","0","","0","Y","","1","1","1","0","0","0","0","2","0","1","","","","N","","","","","","","","","",""
"2008104805","","1","0","0","0","0","0","0","0","0","1","0","","02","9","2008","2","40.3793","-79.8067","","11","0","0","0","0","0","0","0","0","1","0","0","0","","","0","","0","","40 22:45.480","4","0","79 48:24.120","0","0","0","0","2111","0","0","0","N","0","0","0","8","02111","0","","1.0","","1","N","N","","0","","0","0","1","","0","N","","3","0","0","0","0","0","0","2","1","3","","","","N","","","","","","","","","",""
"2008104815","","0","0","0","0","0","0","0","0","0","5","0","","02","9","2008","2","","","","11","0","0","0","0","0","0","0","0","","0","0","0","","","0","","10","","40 35:20.40","","0","80 05:53.88","9","0","0","0","2481","0","0","0","N","0","0","0","2","68B03","0","","1.0","","1","N","N","","1","","0","0","0","","0","","","2","0","0","0","0","0","1","2","0","2","","","","N","","","","","","","","","",""
"2008104816","","1","0","1","0","0","0","0","0","0","5","1","50","02","9","2008","4","40.5219","-80.1314","","11","0","0","0","0","0","1","1","0","2","0","1","0","","","1","","0","","40 31:18.840","1","3","80 07:53.040","2","0","0","0","2434","0","0","0","N","0","0","0","2","68B03","0","","1.0","","1","N","N","","0","","0","1","0","","0","N","","2","1","0","0","0","0","0","2","0","2","","","Y","Y","4","1","N","N","N","N","N","Y","N",""
"2008104817","","1","0","0","0","0","0","0","0","1","1","0","","02","9","2008","5","40.4242","-80.1061","","11","0","0","0","0","0","1","0","0","","0","0","0","","","5","","0","","40 25:27.120","","3","80 06:21.960","2","0","0","0","2115","0","0","0","N","0","0","0","5","68B03","4","","1.0","","1","N","N","","0","","0","1","1","","0","","","2","5","0","0","0","0","0","2","0","2","","","","N","","","","","","","","","",""
"2008104899","","0","0","0","0","0","0","0","0","0","0","1","","02","9","2008","6","40.427232","-79.72473","","11","0","0","0","0","0","0","0","0","4","0","1","0","","","1","","0","","40 25:38.036","3","3","79 43:29.029","8","0","0","0","2446","0","0","0","N","0","0","0","1","02446","0","","1.0","","1","N","N","","0","","0","0","0","","0","Y","","1","1","0","0","0","1","0","2","0","1","","","","N","","","","","","","","","",""
"2008104901","","2","0","0","0","0","0","0","0","0","4","0","","02","9","2008","7","40.438869","-79.760496","","11","0","0","0","0","1","1","0","0","1","0","0","0","","","2","","1","","40 26:19.929","1","0","79 45:37.786","4","0","0","0","2446","0","0","0","N","0","0","0","3","02446","2","","1.0","","9","N","N","","0","","0","0","0","","2","N","","2","2","0","0","0","0","0","2","0","2","","","","N","","","","","","","","","",""
"2008104913","","2","0","0","0","0","0","0","0","0","4","0","","02","9","2008","6","40.455076","-79.710801","","11","0","1","0","0","0","0","0","0","2","0","0","0","","","0","","2","","40 27:18.273","4","0","79 42:38.883","0","0","0","0","2466","0","0","0","N","0","0","0","2","02466","0","","1.0","","1","N","N","","0","","0","0","0","","2","N","","2","0","0","0","0","0","0","2","0","2","","","","N","","","","","","","","","",""
"2008104916","","1","0","0","0","0","0","0","0","0","1","0","","02","9","2008","4","40.455773","-79.710208","","11","0","0","0","0","1","0","1","0","","0","0","0","","","0","","0","","40 27:20.783","","0","79 42:36.747","0","0","0","0","2466","0","0","0","N","0","0","0","2","02466","0","","1.0","","1","N","N","","0","","0","0","0","","0","","","2","0","0","0","0","0","0","2","1","2","","","","N","","","","","","","","","",""
"2008104928","","0","0","0","0","0","0","0","0","0","1","0","","02","9","2008","6","40.4952","-79.8196","","11","0","0","0","0","0","0","0","0","","0","0","0","","","1","","0","","40 29:42.720","","0","79 49:10.560","4","0","0","0","2113","0","0","0","N","0","0","0","2","02113","1","","1.0","","1","N","N","","0","","0","0","1","","0","","","2","1","0","0","0","0","0","2","1","2","","","","N","","","","","","","","","",""
"2008104941","","2","0","0","0","0","0","0","0","0","1","0","","02","9","2008","2","40.429672","-79.786402","","11","1","0","0","0","0","1","0","0","","0","0","0","","","1","","0","","40 25:46.819","","0","79 47:11.047","8","0","0","0","2446","0","0","0","N","0","0","0","2","02446","0","","1.0","","1","N","N","","0","","0","0","0","","0","","","2","1","0","0","0","1","0","2","0","2","","","","N","","","","","","","","","",""
"2008104946","","0","0","0","0","0","0","0","0","0","1","0","","02","9","2008","2","40.337","-79.8083","","11","0","0","0","0","0","0","0","0","","0","0","0","","","0","","0","","40 20:13.200","","0","79 48:29.880","0","0","0","0","2477","0","0","0","N","0","0","0","2","02477","0","","1.0","","1","N","N","","0","","0","0","2","","0","","","2","0","0","0","0","0","0","2","0","2","","","","N","","","","","","","","","",""
"2008105039","","0","0","0","0","0","0","0","0","0","7","0","","02","9","2008","6","40.551801","-80.15956","","11","0","0","0","0","0","0","0","0","","0","0","0","","","0","","0","","40 33:06.484","","0","80 09:34.415","0","0","0","0","2459","0","0","0","N","0","0","0","1","02459","0","","2.0","","1","N","N","","0","","0","0","0","","0","","","1","0","0","0","0","0","0","1","1","1","","","","N","","","","","","","","","",""
"2008105041","","1","0","0","0","0","0","0","0","0","99","0","","02","9","2008","5","40.552963","-80.114994","","11","0","0","0","0","0","0","0","0","","0","0","0","","","0","","0","","40 33:10.667","","0","80 06:53.980","0","0","0","0","2215","0","0","0","N","0","0","0","2","02215","0","","1.0","","1","N","N","","0","","0","0","0","","0","","","1","0","0","0","0","0","0","2","0","1","","","","N","","","","","","","","","",""
"2008105043","","1","0","0","0","0","0","0","0","0","1","0","","02","9","2008","5","40.619","-80.0843","","11","0","0","0","0","0","1","0","0","1","0","0","0","","","0","","0","","40 37:08.400","3","0","80 05:03.480","0","0","0","0","2212","0","0","0","N","0","0","0","4","02505","0","","1.0","","1","N","N","","0","","0","0","1","","0","N","","2","0","0","0","0","0","0","2","0","2","","","","N","","","","","","","","","",""
"2008105050","","0","0","0","0","0","0","0","0","0","2","0","","02","9","2008","6","40.438819","-79.762342","","11","0","0","0","0","0","1","0","0","1","0","0","0","","","1","","0","","40 26:19.750","3","7","79 45:44.430","4","0","0","1","2446","0","0","0","N","0","0","0","2","02446","1","","1.0","","1","N","N","","0","","0","0","0","","2","N","","2","1","0","0","0","0","0","2","1","2","","","","N","","","","","","","","","",""
"2008105057","","1","0","0","0","0","0","0","0","0","4","0","","02","9","2008","6","40.356129","-80.045169","","11","0","0","0","0","0","0","0","0","2","0","0","0","","","0","","1","","40 21:22.065","4","0","80 02:42.608","0","0","0","0","2109","0","0","0","N","0","0","0","4","02109","0","","1.0","","1","N","N","","0","","0","0","1","","2","N","","2","0","0","0","0","0","0","2","0","2","","","","N","","","","","","","","","",""
"2008105063","","3","0","0","0","0","0","0","0","0","1","0","","02","9","2008","6","40.516531","-80.146524","","11","0","0","0","0","0","3","0","0","2","0","0","0","","","0","","0","","40 30:59.511","4","0","80 08:47.486","0","0","0","0","2110","0","0","0","N","0","0","0","4","02215","0","","1.0","","1","N","N","","0","","0","0","1","","0","N","","4","0","0","0","0","0","0","2","0","4","","","","N","","","","","","","","","",""
"2008105109","","2","0","0","0","0","0","0","0","0","1","0","","02","9","2008","6","40.4482","-79.786044","","11","0","0","0","0","0","0","1","0","1","0","0","0","","","1","","0","","40 26:53.520","2","0","79 47:09.758","4","0","0","0","2446","0","0","0","N","0","0","0","1","02446","1","","2.0","","1","N","N","","0","","0","0","0","","0","N","","3","1","0","0","0","0","0","2","1","3","","","","N","","","","","","","","","",""
"2008105118","","1","0","0","0","0","0","0","0","0","8","0","","02","9","2008","7","40.3413","-79.8123","","11","0","0","0","0","0","0","0","0","","0","0","0","","","1","","0","","40 20:28.680","","0","79 48:44.280","4","0","0","0","2477","1","0","0","N","1","0","0","2","02477","1","","2.0","","1","N","N","","0","","0","0","0","","0","","","2","1","0","0","0","0","0","2","0","1","","","","N","","","","","","","","","",""
"2008105122","","0","0","0","0","0","0","0","0","0","7","0","","02","9","2008","4","40.551063","-80.087955","","11","0","0","0","0","0","0","0","0","","0","0","0","","","1","","0","","40 33:03.828","","0","80 05:16.637","4","0","0","0","2215","0","0","0","N","0","0","0","1","02215","1","","2.0","","1","N","N","","1","","0","0","0","","0","","","1","1","0","0","0","0","0","2","0","1","","","","N","","","","","","","","","",""
"2008105156","","2","0","0","0","0","0","0","0","0","4","0","","02","9","2008","5","40.397079","-80.029826","","11","0","0","0","0","0","0","0","1","","0","0","0","","","2","","2","","40 23:49.484","","0","80 01:47.374","4","0","0","0","2422","0","0","0","N","0","0","0","3","02422","2","","1.0","","1","N","N","","0","","0","0","0","","3","","","2","2","0","0","0","0","0","2","0","2","","","","N","","","","","","","","","",""
"2008105168","","1","0","0","0","0","0","0","0","0","5","1","","02","9","2008","6","","","","11","0","0","0","0","0","0","0","0","2","0","1","0","","","2","","0","","40 27:54.36","2","0","79 59:58.92","3","0","0","0","2301","0","0","0","N","0","0","0","3","68B03","1","","1.0","","9","N","N","","0","","1","0","0","","0","N","","2","2","0","0","0","0","0","2","0","2","","","","N","","","","","","","","","",""
"2008105169","","0","0","0","0","0","0","0","0","0","99","0","","02","9","2008","6","","","","11","0","0","0","0","0","0","0","0","","0","0","0","","","0","","0","","40 26:40.56","","1","79 46:23.52","0","0","0","0","2446","0","0","0","N","0","0","0","2","68B03","0","","1.0","","1","N","N","","0","","0","0","1","","0","","","1","0","0","0","0","0","0","2","0","1","","","","N","","","","","","","","","",""
"2008105170","","1","0","0","0","0","0","0","0","0","7","0","","02","9","2008","6","40.4309","-80.0259","","11","0","0","0","0","0","0","0","0","","0","0","0","","","1","","0","","40 25:51.240","","2","80 01:33.240","3","0","0","0","2301","0","0","0","N","0","0","0","1","68B03","0","","4.0","","1","N","N","","0","","1","0","0","","0","","","1","1","1","0","0","0","0","2","0","1","","","","N","","","","","","","","","",""
"2008105199","","1","0","0","0","0","0","0","0","0","7","0","","02","9","2008","7","40.415085","-80.072198","","11","0","0","0","0","0","0","0","0","","0","0","0","","","0","","0","","40 24:54.305","","0","80 04:19.911","0","0","0","0","2435","0","0","0","N","0","0","0","1","02435","0","","5.0","","1","N","N","","0","","0","0","0","","0","","","1","0","0","0","0","0","0","2","0","1","","","","N","","","","","","","","","",""
"2008105206","","2","0","0","0","0","0","0","0","0","1","0","","02","9","2008","7","40.552849","-80.106072","","11","0","1","0","0","0","0","0","1","","0","0","0","","","0","","0","","40 33:10.256","","0","80 06:21.859","0","0","0","0","2215","0","0","0","N","0","0","0","4","02215","0","","1.0","","9","N","N","","0","","0","0","1","","0","","","3","0","0","0","0","0","0","2","0","3","","","","N","","","","","","","","","",""
"2008105215","","3","0","0","0","0","0","0","0","0","1","0","","02","9","2008","4","40.6615","-80.004","","11","0","0","0","0","0","0","0","0","3","0","0","0","","","0","","0","","40 39:41.400","3","0","80 00:14.400","0","0","0","0","2216","0","0","0","N","0","0","0","3","02505","0","","1.0","","1","N","N","","0","","0","0","0","","0","N","","3","0","0","0","0","0","0","1","0","3","","","","N","","","","","","","","","",""
"2008105223","","1","0","0","0","0","0","0","0","0","7","0","","02","9","2008","6","40.649912","-79.97027","","11","0","0","1","0","0","0","0","0","","0","0","0","","","1","","0","","40 38:59.683","","0","79 58:12.972","4","0","0","0","2217","0","0","0","N","0","0","0","1","02505","1","","2.0","","9","N","N","","0","","0","0","0","","0","","","1","1","0","0","0","0","0","2","0","1","","","","N","","","","","","","","","",""
"2008105234","","2","0","0","0","0","0","0","0","0","1","0","","02","9","2008","2","40.538261","-80.076578","","11","0","0","0","0","0","2","0","0","","0","0","0","","","0","","0","","40 32:17.740","","7","80 04:35.680","0","0","0","0","2215","0","0","0","N","0","0","0","3","02215","0","","1.0","","1","N","N","","0","","0","0","0","","0","","","3","0","1","0","0","0","0","2","1","3","","","","N","","","","","","","","","",""
"2008105237","","1","0","0","0","0","0","0","0","0","4","0","","02","9","2008","7","40.404844","-79.910671","","11","0","0","0","0","0","0","0","0","","0","0","0","","","2","","1","","40 24:17.438","","0","79 54:38.415","8","0","0","0","2438","0","0","0","N","0","0","0","2","02438","0","","1.0","","1","N","N","","0","","0","0","0","","3","","","2","2","0","0","0","2","0","2","1","2","","","","N","","","","","","","","","",""
"2008105254","","0","0","0","0","0","0","0","0","0","7","0","","02","9","2008","7","40.433132","-80.152449","","11","0","0","0","0","0","0","0","0","","0","0","0","","","1","","0","","40 25:59.275","","0","80 09:08.815","4","0","0","0","2115","0","0","0","N","0","0","0","1","02501","1","","5.0","","1","N","N","","1","","0","0","0","","0","","","1","1","0","0","0","0","0","1","0","1","","","","N","","","","","","","","","",""
"2008105266","","2","0","0","0","0","0","0","0","0","4","0","","02","8","2008","7","40.530556","-80.010654","","11","0","0","0","0","0","1","0","0","","0","0","0","","","0","","0","","40 31:50.001","","0","80 00:38.354","9","0","0","0","2116","0","0","0","N","0","0","0","4","02116","0","","1.0","","1","N","N","","0","","0","0","0","","0","","","2","0","0","0","0","0","1","2","0","2","","","","N","","","","","","","","","",""
"2008105277","","1","0","0","0","0","0","0","0","0","7","0","","02","9","2008","5","40.5815","-80.0827","","11","0","0","0","0","0","0","0","0","5","0","0","0","","","0","","0","","40 34:53.400","6","0","80 04:57.720","0","0","0","0","2481","0","0","0","N","0","0","0","1","02481","0","","2.0","","1","N","N","","0","","0","0","0","","0","Y","","1","0","0","0","0","0","0","2","0","1","","","","N","","","","","","","","","",""
"2008105282","","3","0","0","0","0","0","0","0","0","1","0","","02","9","2008","1","","","","11","0","0","0","1","0","0","0","0","","0","0","0","","","0","","0","","","","0","","0","0","0","0","2116","0","0","0","N","0","0","0","4","02116","0","","1.0","","9","N","N","","0","","0","0","0","","0","","","3","0","0","0","0","0","0","1","0","3","","","","N","","","","","","","","","",""
"2008105286","","2","0","0","0","0","0","0","0","0","2","0","","02","9","2008","3","40.374778","-80.11514","","11","0","0","0","0","0","1","0","0","2","0","0","0","","","2","","1","","40 22:29.202","4","0","80 06:54.504","8","0","0","0","2102","0","0","0","N","0","0","0","4","02102","0","","1.0","","1","N","N","","0","","0","0","0","","2","N","","2","2","0","0","0","2","0","2","0","2","","","","N","","","","","","","","","",""
"2008105292","","2","0","0","0","0","0","0","0","0","2","0","","02","9","2008","1","40.325272","-80.016174","","11","0","0","0","0","1","1","0","0","","0","0","0","","","0","","1","","40 19:30.979","","0","80 00:58.226","0","0","0","0","2407","0","0","0","N","0","0","0","2","02501","0","","1.0","","1","N","N","","0","","0","0","0","","0","","","2","0","0","0","0","0","0","2","0","2","","","","N","","","","","","","","","",""
"2008105294","","1","0","0","0","0","0","0","0","0","99","0","","02","9","2008","7","40.6391","-80.0976","","11","0","0","0","0","0","0","0","0","","0","0","0","","","0","","0","","40 38:20.760","","0","80 05:51.360","0","0","0","0","2212","0","0","0","N","0","0","0","1","68B03","0","","1.0","","1","N","N","","0","","0","0","0","","0","","","1","0","0","0","0","0","0","2","0","1","","","","N","","","","","","","","","",""
"2008105346","","1","0","0","0","0","0","0","0","0","7","0","","02","9","2008","7","40.563852","-79.954701","","11","0","0","0","1","0","0","0","0","2","0","0","0","","","2","","0","","40 33:49.866","6","0","79 57:16.925","4","0","0","0","2207","0","0","0","N","0","0","0","2","02207","1","","2.0","","9","N","N","","0","","0","0","0","","0","N","","1","2","1","0","0","1","0","2","0","1","","","","N","","","","","","","","","",""
"2008105347","","1","0","0","0","0","0","0","0","0","2","0","","02","9","2008","7","40.362326","-79.830333","","11","0","0","0","0","0","0","0","0","","0","0","0","","","1","","2","","40 21:44.373","","0","79 49:49.200","3","0","0","1","2111","0","0","0","N","0","0","0","2","02111","0","","1.0","","1","N","N","","0","","1","0","0","","0","","","2","1","0","0","0","0","1","2","0","2","","","","N","","","","","","","","","",""
"2008105352","","1","0","0","0","0","0","0","0","0","7","0","","02","9","2008","7","40.648937","-79.934802","","11","0","0","0","1","0","0","0","0","3","0","0","0","","","0","","0","","40 38:56.173","5","0","79 56:05.287","0","0","0","0","2217","0","0","0","N","0","0","0","1","02505","0","","5.0","","9","N","N","","0","","0","0","0","","0","Y","","1","0","0","0","0","0","0","2","0","1","","","","N","","","","","","","","","",""
"2008105358","","0","0","0","0","0","0","0","0","0","7","0","","02","9","2008","2","40.553262","-80.087284","","11","0","0","0","0","0","0","0","0","","0","0","0","","","1","","10","","40 33:11.743","","0","80 05:14.223","3","0","0","0","2215","1","0","0","","1","0","0","2","02215","0","","5.0","","1","","","","0","","1","0","1","","0","","","2","1","0","0","0","0","0","2","0","1","","","","N","","","","","","","","","",""
"2008105422","","2","0","0","0","0","0","0","0","0","7","0","","02","9","2008","4","","","","11","0","0","0","0","1","0","0","0","","0","0","0","","","1","","0","","40 25:15.24","","0","80 05:38.04","4","0","0","0","2457","0","0","0","N","0","0","0","2","68B03","1","","3.0","","1","N","N","","0","","0","0","0","","0","","","2","1","0","0","0","0","0","2","0","2","","","","N","","","","","","","","","",""
"2008105423","","1","0","0","0","0","0","0","0","0","4","0","","02","9","2008","3","","","","11","0","0","0","0","0","1","0","0","1","0","0","0","","","1","","0","","40 30:10.80","2","0","80 01:34.68","3","0","0","0","2116","0","0","0","Y","0","0","0","3","68B03","0","","1.0","","1","N","N","","1","","1","0","0","","0","N","","2","1","0","0","0","0","0","2","0","2","","","","N","","","","","","","","","",""
"2008105427","","1","0","0","0","0","0","0","0","0","7","0","","02","9","2008","7","40.416301","-79.82377","","11","0","0","0","0","1","0","0","0","","0","0","0","","","1","","0","","40 24:58.683","","0","79 49:25.571","2","0","0","0","2124","0","0","0","N","0","0","0","1","02124","0","","4.0","","9","N","N","","0","","0","1","0","","0","","","1","1","1","0","1","0","0","2","0","1","","","","N","","","","","","","","","",""
"2008105517","","1","0","0","0","0","0","0","0","0","7","0","","02","9","2008","1","40.3642","-79.8426","","11","0","0","0","0","0","1","0","0","2","0","0","0","","","2","","6","","40 21:51.120","2","3","79 50:33.360","4","0","0","0","2303","0","0","0","N","0","0","0","2","02303","2","","7.0","","9","N","N","","0","","0","0","0","","4","N","","1","2","0","0","0","0","0","2","0","1","","","","N","","","","","","","","","",""
"2008105525","","1","0","0","0","0","0","0","0","0","1","0","","02","9","2008","3","40.502167","-80.102144","","11","0","0","0","0","0","0","0","0","","0","0","0","","","0","","2","","40 30:07.801","","0","80 06:07.718","0","0","0","0","2110","0","0","0","N","0","0","0","3","02215","0","","1.0","","1","N","N","","1","","0","0","0","","2","","","2","0","0","0","0","0","0","2","0","2","","","","N","","","","","","","","","",""
"2008105527","","1","0","0","0","0","0","0","0","0","7","0","","02","9","2008","7","40.3794","-79.8536","","11","0","0","0","0","0","0","0","0","","0","0","0","","","1","","0","","40 22:45.840","","0","79 51:12.960","4","0","0","0","2303","0","0","0","N","0","0","0","1","02303","1","","5.0","","1","N","N","","0","","0","0","0","","0","","","1","1","1","0","0","0","0","2","0","1","","","","N","","","","","","","","","",""
"2008105537","","2","0","0","0","0","0","0","0","0","1","0","","02","9","2008","5","40.538077","-80.050202","","11","0","0","0","0","0","1","0","0","1","0","0","0","","","1","","0","","40 32:17.076","1","0","80 03:00.728","8","0","0","0","2116","0","0","0","N","0","0","0","2","02116","0","","1.0","","1","N","N","","0","","0","0","0","","0","N","","2","1","0","0","0","1","0","2","0","2","","","","N","","","","","","","","","",""