"CRN","ARRIVAL_TM","AUTOMOBILE_COUNT","BELTED_DEATH_COUNT","BELTED_SUSP_SERIOUS_INJ_COUNT","BICYCLE_COUNT","BICYCLE_DEATH_COUNT","BICYCLE_SUSP_SERIOUS_INJ_COUNT","BUS_COUNT","CHLDPAS_DEATH_COUNT","CHLDPAS_SUSP_SERIOUS_INJ_COUNT","COLLISION_TYPE","COMM_VEH_COUNT","CONS_ZONE_SPD_LIM","COUNTY","CRASH_MONTH","CRASH_YEAR","DAY_OF_WEEK","DEC_LATITUDE","DEC_LONGITUDE","DISPATCH_TM","DISTRICT","DRIVER_COUNT_16YR","DRIVER_COUNT_17YR","DRIVER_COUNT_18YR","DRIVER_COUNT_19YR","DRIVER_COUNT_20YR","DRIVER_COUNT_50_64YR","DRIVER_COUNT_65_74YR","DRIVER_COUNT_75PLUS","EST_HRS_CLOSED","FATAL_COUNT","HEAVY_TRUCK_COUNT","HORSE_BUGGY_COUNT","HOUR_OF_DAY","ILLUMINATION","INJURY_COUNT","INTERSECTION_RELATED","INTERSECT_TYPE","LANE_CLOSED","LATITUDE","LN_CLOSE_DIR","LOCATION_TYPE","LONGITUDE","MAX_SEVERITY_LEVEL","MCYCLE_DEATH_COUNT","MCYCLE_SUSP_SERIOUS_INJ_COUNT","MOTORCYCLE_COUNT","MUNICIPALITY","NONMOTR_COUNT","NONMOTR_DEATH_COUNT","NONMOTR_SUSP_SERIOUS_INJ_COUNT","NTFY_HIWY_MAINT","PED_COUNT","PED_DEATH_COUNT","PED_SUSP_SERIOUS_INJ_COUNT","PERSON_COUNT","POLICE_AGCY","POSSIBLE_INJ_COUNT","RDWY_SURF_TYPE_CD","RELATION_TO_ROAD","ROADWAY_CLEARED","ROAD_CONDITION","SCH_BUS_IND","SCH_ZONE_IND","SECONDARY_CRASH","SMALL_TRUCK_COUNT","SPEC_JURIS_CD","SUSP_MINOR_INJ_COUNT","SUSP_SERIOUS_INJ_COUNT","SUV_COUNT","TCD_FUNC_CD","TCD_TYPE","TFC_DETOUR_IND","TIME_OF_DAY","TOTAL_UNITS","TOT_INJ_COUNT","UNBELTED_OCC_COUNT","UNB_DEATH_COUNT","UNB_SUSP_SERIOUS_INJ_COUNT","UNK_INJ_DEG_COUNT","UNK_INJ_PER_COUNT","URBAN_RURAL","VAN_COUNT","VEHICLE_COUNT","WEATHER1","WEATHER2","WORKERS_PRES","WORK_ZONE_IND","WORK_ZONE_LOC","WORK_ZONE_TYPE","WZ_CLOSE_DETOUR","WZ_FLAGGER","WZ_LAW_OFFCR_IND","WZ_LN_CLOSURE","WZ_MOVING","WZ_OTHER","WZ_SHLDER_MDN","WZ_WORKERS_INJ_KILLED"
"2008106652","","1","0","0","0","0","0","0","0","0","4","0","","02","9","2008","1","40.440863","-79.973978","","11","0","0","0","0","0","1","0","0","","0","0","0","","","0","","1","","40 26:27.106","","0","79 58:26.320","9","0","0","0","2301","0","0","0","N","0","0","0","6","02301","0","","1.0","","1","N","N","","1","","0","0","0","","3","","","2","0","0","0","0","0","4","2","0","2","","","","N","","","","","","","","","",""
"2008106653","","1","0","0","0","0","0","0","0","0","4","0","","02","9","2008","6","40.451509","-79.908149","","11","0","0","0","0","0","1","0","0","","0","0","0","","","0","","1","","40 27:05.433","","0","79 54:29.335","0","0","0","0","2301","0","0","0","N","0","0","0","2","02301","0","","1.0","","9","N","N","","0","","0","0","1","","2","","","2","0","0","0","0","0","0","2","0","2","","","","N","","","","","","","","","",""
"2008106654","","1","0","0","0","0","0","0","0","0","7","0","","02","9","2008","7","40.472585","-79.896675","","11","0","0","0","0","0","0","0","0","","0","0","0","","","0","","1","","40 28:21.306","","0","79 53:48.030","9","0","0","0","2301","0","0","0","N","0","0","0","2","02301","0","","5.0","","9","N","N","","0","","0","0","0","","3","","","1","0","0","0","0","0","2","2","0","1","","","","N","","","","","","","","","",""
"2008106655","","1","0","0","0","0","0","0","0","0","7","0","","02","9","2008","7","40.471446","-79.889177","","11","0","0","0","0","0","0","0","0","","0","0","0","","","0","","0","","40 28:17.205","","0","79 53:21.037","9","0","0","0","2301","0","0","0","N","0","0","0","1","02301","0","","5.0","","9","N","N","","0","","0","0","0","","0","","","1","0","0","0","0","0","1","2","0","1","","","","N","","","","","","","","","",""
"2008106656","","1","0","0","0","0","0","0","0","0","7","0","","02","9","2008","1","40.369801","-79.913149","","11","0","0","0","0","0","0","0","0","2","0","0","0","","","0","","1","","40 22:11.284","2","0","79 54:47.336","0","0","0","0","2301","0","0","0","N","0","0","0","1","02301","0","","5.0","","1","N","N","","0","","0","0","0","","2","N","","1","0","0","0","0","0","0","2","0","1","","","","N","","","","","","","","","",""
"2008106657","","3","0","0","0","0","0","0","0","0","4","0","","02","9","2008","6","40.456187","-79.999944","","11","0","0","0","0","0","0","0","0","","0","0","0","","","1","","1","","40 27:22.273","","0","79 59:59.798","8","0","0","0","2301","0","0","0","N","0","0","0","2","02301","0","","1.0","","9","N","N","","0","","0","0","0","","3","","","3","1","0","0","0","1","1","2","0","3","","","","N","","","","","","","","","",""
"2008106658","","0","0","0","0","0","0","0","0","0","7","0","","02","9","2008","6","40.469578","-80.038779","","11","0","0","0","0","0","0","0","0","","0","0","0","","","1","","2","","40 28:10.480","","0","80 02:19.604","8","0","0","0","2301","0","0","0","N","0","0","0","1","02301","0","","5.0","","9","N","N","","0","","0","0","1","","0","","","1","1","0","0","0","1","0","2","0","1","","","","N","","","","","","","","","",""
"2008106659","","1","0","0","0","0","0","0","0","0","0","0","","02","9","2008","1","40.457596","-79.989239","","11","0","0","0","0","0","0","1","0","","0","0","0","","","1","","2","","40 27:27.345","","0","79 59:21.260","8","0","0","1","2301","0","0","0","N","0","0","0","3","02301","0","","1.0","","1","N","N","","0","","0","0","0","","0","","","2","1","0","0","0","1","0","2","0","2","","","","N","","","","","","","","","",""
"2008106660","","2","0","0","0","0","0","0","0","0","4","0","","02","9","2008","1","40.454076","-79.996815","","11","0","0","0","0","0","2","0","0","","0","0","0","","","0","","1","","40 27:14.672","","0","79 59:48.533","0","0","0","0","2301","0","0","0","N","0","0","0","3","02301","0","","1.0","","1","N","N","","0","","0","0","0","","2","","","2","0","0","0","0","0","0","2","0","2","","","","N","","","","","","","","","",""
"2008106661","","2","0","0","0","0","0","0","0","0","4","0","","02","9","2008","1","40.454076","-79.996815","","11","0","0","0","0","0","0","0","0","1","0","0","0","","","0","","1","","40 27:14.672","1","2","79 59:48.533","0","0","0","0","2301","0","0","0","N","0","0","0","3","02301","0","","1.0","","1","N","N","","0","","0","0","0","","2","N","","2","0","0","0","0","0","0","2","0","2","","","","N","","","","","","","","","",""
"2008106662","","2","0","0","0","0","0","0","0","0","4","0","","02","9","2008","2","40.478908","-80.043019","","11","0","0","0","0","0","0","0","0","","0","0","0","","","1","","1","","40 28:44.067","","0","80 02:34.869","8","0","0","0","2301","0","0","0","N","0","0","0","2","02301","0","","1.0","","1","N","N","","0","","0","0","0","","2","","","2","1","0","0","0","1","0","2","0","2","","","","N","","","","","","","","","",""
"2008106663","","0","0","0","0","0","0","0","0","0","8","0","","02","9","2008","1","40.478868","-80.039952","","11","0","0","0","0","0","1","0","0","","0","0","0","","","1","","0","","40 28:43.924","","0","80 02:23.827","8","0","0","0","2301","1","0","0","N","1","0","0","2","02301","0","","1.0","","1","N","N","","0","","0","0","0","","0","","","2","1","0","0","0","1","0","2","1","1","","","","N","","","","","","","","","",""
"2008106665","","1","0","0","0","0","0","0","0","0","4","0","","02","9","2008","5","40.410083","-79.943614","","11","0","0","0","0","0","0","1","0","","0","0","0","","","1","","1","","40 24:36.298","","0","79 56:37.010","4","0","0","1","2301","0","0","0","N","0","0","0","2","02301","1","","1.0","","1","N","N","","0","","0","0","0","","0","","","2","1","0","0","0","0","0","2","0","2","","","","N","","","","","","","","","",""
"2008106666","","1","0","0","0","0","0","0","0","0","7","0","","02","9","2008","3","40.587386","-80.036676","","11","0","0","0","0","1","0","0","0","","0","0","0","","","0","","1","","40 35:14.589","","0","80 02:12.033","0","0","0","0","2108","0","0","0","N","0","0","0","2","02108","0","","4.0","","1","N","N","","0","","0","0","0","","0","","","1","0","0","0","0","0","0","2","0","1","","","","N","","","","","","","","","",""
"2008106667","","1","0","0","0","0","0","0","0","0","7","0","","02","9","2008","6","40.588852","-80.033189","","11","0","0","0","0","0","0","0","0","1","0","0","0","","","2","","0","","40 35:19.867","2","0","80 01:59.481","4","0","0","0","2108","0","0","0","N","0","0","0","2","02108","1","","4.0","","1","N","N","","0","","0","0","0","","0","N","","1","2","0","0","0","1","0","2","0","1","","","","N","","","","","","","","","",""
"2008106668","","2","0","0","0","0","0","0","0","0","4","0","","02","9","2008","6","40.448562","-79.899553","","11","0","0","0","0","0","0","0","0","","0","0","0","","","0","","1","","40 26:54.823","","0","79 53:58.389","0","0","0","0","2301","0","0","0","N","0","0","0","2","02301","0","","1.0","","9","N","N","","0","","0","0","0","","3","","","2","0","0","0","0","0","0","2","0","2","","","","N","","","","","","","","","",""
"2008106693","","1","0","0","0","0","0","0","0","0","4","0","","02","9","2008","4","40.437893","-80.002309","","11","0","0","0","0","0","1","0","1","","0","0","0","","","0","","1","","40 26:16.414","","0","80 00:08.312","0","0","0","0","2301","0","0","0","N","0","0","0","2","02301","0","","1.0","","1","N","N","","1","","0","0","0","","3","","","2","0","0","0","0","0","0","2","0","2","","","","N","","","","","","","","","",""
"2008106707","","1","0","0","0","0","0","0","0","0","4","0","","02","9","2008","4","40.426906","-80.000422","","11","0","0","0","0","0","0","0","0","","0","0","0","","","0","","0","","40 25:36.861","","0","80 00:01.519","0","0","0","0","2301","0","0","0","N","0","0","0","1","02301","0","","6.0","","1","N","N","","0","","0","0","1","","0","","","2","0","0","0","0","0","0","2","0","2","","","","N","","","","","","","","","",""
"2008106708","","2","0","0","0","0","0","0","0","0","4","0","","02","9","2008","7","40.452918","-79.979822","","11","0","0","0","0","0","0","0","0","","0","0","0","","","0","","0","","40 27:10.504","","7","79 58:47.359","0","0","0","0","2301","0","0","0","N","0","0","0","2","02301","0","","1.0","","9","N","N","","0","","0","0","0","","0","","","2","0","0","0","0","0","0","2","0","2","","","","N","","","","","","","","","",""
"2008106709","","2","0","0","0","0","0","0","0","0","1","0","","02","9","2008","6","40.417091","-80.025155","","11","0","0","0","0","0","1","0","0","","0","0","0","","","0","","1","","40 25:01.527","","0","80 01:30.558","0","0","0","0","2301","0","0","0","N","0","0","0","3","02301","0","","1.0","","9","N","N","","1","","0","0","0","","2","","","3","0","0","0","0","0","0","2","0","3","","","","N","","","","","","","","","",""
"2008106710","","1","0","0","0","0","0","0","0","0","7","0","","02","9","2008","7","40.420974","-79.964007","","11","0","0","0","0","0","0","0","0","","0","0","0","","","0","","0","","40 25:15.506","","0","79 57:50.425","9","0","0","0","2301","0","0","0","N","0","0","0","1","02301","0","","4.0","","9","N","N","","0","","0","0","0","","0","","","1","0","0","0","0","0","1","2","0","1","","","","N","","","","","","","","","",""
"2008106711","","1","0","0","0","0","0","0","0","0","4","1","","02","9","2008","7","40.384713","-79.995126","","11","0","0","0","0","0","1","0","0","","0","1","0","","","0","","2","","40 23:04.968","","0","79 59:42.455","0","0","0","0","2301","0","0","0","N","0","0","0","2","02301","0","","1.0","","1","N","N","","0","","0","0","0","","2","","","2","0","0","0","0","0","0","2","0","2","","","","N","","","","","","","","","",""
"2008106714","","1","0","0","0","0","0","0","0","0","4","0","","02","6","2008","2","40.391952","-80.015198","","11","0","0","0","0","0","0","0","0","1","0","0","0","","","1","","2","","40 23:31.027","4","0","80 00:54.712","8","0","0","0","2301","0","0","0","N","0","0","0","2","02301","0","","1.0","","1","N","N","","0","","0","0","1","","3","N","","2","1","0","0","0","1","0","2","0","2","","","","N","","","","","","","","","",""
"2008106715","","2","0","0","0","0","0","0","0","0","1","0","","02","9","2008","2","40.395233","-80.03075","","11","0","0","1","0","1","0","0","0","","0","0","0","","","1","","0","","40 23:42.840","","0","80 01:50.700","8","0","0","0","2301","0","0","0","N","0","0","0","3","02301","0","","1.0","","1","N","N","","0","","0","0","0","","0","","","2","1","0","0","0","1","0","2","0","2","","","","N","","","","","","","","","",""
"2008106718","","1","0","0","0","0","0","0","0","0","99","0","","02","9","2008","6","40.421266","-79.93726","","11","0","0","0","0","0","0","1","0","","0","0","0","","","0","","1","","40 25:16.557","","0","79 56:14.136","0","0","0","0","2301","0","0","0","N","0","0","0","1","02301","0","","9.0","","1","N","N","","0","","0","0","0","","0","","","1","0","0","0","0","0","0","2","0","1","","","","N","","","","","","","","","",""
"2008106719","","2","0","0","0","0","0","0","0","0","4","0","","02","9","2008","6","40.426227","-79.96752","","11","0","0","0","0","0","0","0","0","","0","0","0","","","0","","1","","40 25:34.417","","0","79 58:03.072","0","0","0","0","2301","0","0","0","N","0","0","0","3","02301","0","","1.0","","9","N","N","","0","","0","0","0","","3","","","2","0","0","0","0","0","0","2","0","2","","","","N","","","","","","","","","",""
"2008106720","","2","0","0","0","0","0","0","0","0","4","0","","02","9","2008","6","40.415119","-79.990578","","11","0","0","0","0","0","0","0","0","","0","0","0","","","0","","1","","40 24:54.428","","0","79 59:26.080","9","0","0","0","2301","0","0","0","N","0","0","0","2","02301","0","","1.0","","1","N","N","","0","","0","0","0","","3","","","2","0","0","0","0","0","1","2","0","2","","","","N","","","","","","","","","",""
"2008106721","","1","0","0","0","0","0","0","0","0","7","0","","02","9","2008","6","40.412121","-80.03084","","11","0","0","0","0","0","0","0","0","","0","0","0","","","0","","0","","40 24:43.637","","0","80 01:51.023","0","0","0","0","2301","0","0","0","N","0","0","0","1","02301","0","","2.0","","9","N","N","","0","","0","0","0","","0","","","1","0","0","0","0","0","0","2","0","1","","","","N","","","","","","","","","",""
"2008106722","","1","0","0","0","0","0","0","0","0","5","0","","02","9","2008","2","40.433","-79.9966","","11","0","0","0","0","0","1","0","0","","0","0","0","","","0","","0","","40 25:58.800","","3","79 59:47.760","0","0","0","0","2301","0","0","0","N","0","0","0","3","02301","0","","1.0","","1","N","N","","0","","0","0","1","","0","","","2","0","0","0","0","0","0","2","0","2","","","","N","","","","","","","","","",""
"2008106723","","0","0","0","0","0","0","0","0","0","8","0","","02","9","2008","7","40.442439","-79.995878","","11","0","0","0","0","0","1","0","0","","0","0","0","","","1","","1","","40 26:32.780","","0","79 59:45.160","8","0","0","0","2301","1","0","0","N","1","0","0","2","02301","0","","1.0","","9","N","N","","0","","0","0","1","","2","","","2","1","0","0","0","1","0","2","0","1","","","","N","","","","","","","","","",""
"2008106724","","1","0","0","0","0","0","0","0","0","4","0","","02","9","2008","4","40.453376","-79.980689","","11","0","0","0","0","0","0","0","0","","0","0","0","","","1","","1","","40 27:12.153","","0","79 58:50.480","3","0","0","0","2301","0","0","0","","0","0","0","5","02301","0","","1.0","","1","N","N","","0","","1","0","0","","3","","","2","1","0","0","0","0","0","2","1","2","","","","N","","","","","","","","","",""
"2008106725","","2","0","0","0","0","0","0","0","0","1","0","","02","9","2008","3","40.439589","-79.934785","","11","0","0","0","0","0","1","0","0","1","0","0","0","","","1","","0","","40 26:22.520","1","0","79 56:05.226","4","0","0","0","2301","0","0","0","N","0","0","0","1","02301","1","","6.0","","1","N","N","","0","","0","0","0","","0","N","","2","1","0","0","0","0","0","2","0","2","","","","N","","","","","","","","","",""
"2008106730","","0","0","0","0","0","0","0","0","0","8","0","","02","9","2008","3","40.32748","-79.892512","","11","0","0","0","0","0","0","0","0","3","0","0","0","","","1","","0","","40 19:38.928","5","0","79 53:33.043","4","0","0","0","2433","1","0","0","N","1","0","0","2","02501","1","","1.0","","1","N","N","","0","","0","0","1","","0","Y","","2","1","0","0","0","0","0","2","0","1","","","","N","","","","","","","","","",""
"2008106731","","1","0","0","0","0","0","0","0","0","8","0","","02","9","2008","1","40.4288","-79.9816","","11","0","0","0","0","0","0","0","0","","0","0","0","","","1","","0","","40 25:43.680","","0","79 58:53.760","4","0","0","0","2301","1","0","0","N","1","0","0","2","02301","1","","1.0","","1","N","N","","0","","0","0","0","","0","","","2","1","0","0","0","0","0","2","0","1","","","","N","","","","","","","","","",""
"2008106732","","0","0","0","0","0","0","0","0","0","2","0","","02","9","2008","7","40.421081","-80.00248","","11","0","0","0","0","0","1","0","0","","0","0","0","","","0","","1","","40 25:15.891","","0","80 00:08.928","0","0","0","0","2301","0","0","0","N","0","0","0","2","02301","0","","1.0","","1","N","N","","1","","0","0","1","","0","","","2","0","0","0","0","0","0","2","0","2","","","","N","","","","","","","","","",""
"2008106733","","2","0","0","0","0","0","0","0","0","1","0","","02","9","2008","2","","","","11","0","0","0","0","0","0","0","0","1","0","0","0","","","2","","0","","40 30:12.24","2","0","80 01:40.08","8","0","0","0","2301","0","0","0","N","0","0","0","5","02301","0","","1.0","","1","N","N","","0","","0","0","0","","0","N","","2","2","0","0","0","2","1","2","0","2","","","","N","","","","","","","","","",""
"2008106746","","0","0","0","0","0","0","0","0","0","4","0","","02","10","2008","5","40.5263","-79.9633","","11","0","0","0","0","0","1","0","0","2","0","0","0","","","1","","0","","40 31:34.680","5","0","79 57:47.880","8","0","0","0","2118","0","0","0","N","0","0","0","2","02118","0","","1.0","","1","N","N","","1","","0","0","1","","0","Y","","2","1","0","0","0","1","0","2","0","2","","","","N","","","","","","","","","",""
"2008106752","","0","0","0","0","0","0","0","0","0","6","0","","02","10","2008","5","40.400253","-79.756249","","11","0","0","0","0","0","0","0","0","1","0","0","0","","","0","","2","","40 24:00.910","3","0","79 45:22.496","0","0","0","0","2446","0","0","0","N","0","0","0","2","02446","0","","1.0","","1","N","N","","0","","0","0","2","","0","N","","2","0","0","0","0","0","0","2","0","2","","","","N","","","","","","","","","",""
"2008106760","","2","0","0","0","0","0","0","0","0","2","0","","02","10","2008","5","40.485001","-79.709942","","11","0","0","0","0","0","0","0","0","","0","0","0","","","0","","0","","40 29:06.003","","0","79 42:35.791","9","0","0","0","2466","0","0","0","N","0","0","0","1","02466","0","","2.0","","1","N","N","","0","","0","0","0","","0","","","2","0","0","0","0","0","1","2","0","2","","","","N","","","","","","","","","",""
"2008106763","","0","0","0","0","0","0","0","0","0","7","0","","02","9","2008","5","40.40079","-80.031792","","11","0","0","0","0","0","0","0","0","","0","0","0","","","1","","1","","40 24:02.844","","0","80 01:54.451","4","0","0","0","2301","0","0","0","N","0","0","0","1","02301","1","","4.0","","1","N","N","","0","","0","0","1","","3","","","1","1","0","0","0","0","0","2","0","1","","","","N","","","","","","","","","",""
"2008106770","","2","0","0","0","0","0","0","0","0","4","0","","02","10","2008","5","40.435682","-80.064795","","11","0","0","0","0","0","0","0","0","","0","0","0","","","0","","1","","40 26:08.454","","0","80 03:53.263","9","0","0","0","2421","0","0","0","N","0","0","0","3","02421","0","","1.0","","1","N","N","","0","","0","0","0","","2","","","2","0","0","0","0","0","2","2","0","2","","","","N","","","","","","","","","",""
"2008106772","","1","0","0","0","0","0","0","0","0","1","0","","02","10","2008","6","40.3118","-79.8276","","11","0","0","0","0","0","0","0","0","2","0","0","0","","","1","","0","","40 18:42.480","5","3","79 49:39.360","4","0","0","0","2105","0","0","0","N","0","0","0","1","02105","1","","1.0","","1","N","N","","0","","0","0","0","","0","N","","2","1","0","0","0","0","0","2","0","1","","","","N","","","","","","","","","",""
"2008106776","","1","0","0","0","0","0","0","0","0","5","0","","02","10","2008","5","40.366726","-79.984329","","11","0","0","0","0","0","0","0","0","","0","0","0","","","0","","2","","40 22:00.213","","0","79 59:03.583","0","0","0","0","2413","0","0","0","N","0","0","0","2","02413","0","","1.0","","1","N","N","","1","","0","0","0","","3","","","2","0","0","0","0","0","0","2","0","2","","","","N","","","","","","","","","",""
"2008106778","","0","0","0","0","0","0","0","0","0","99","0","","02","9","2008","3","40.333948","-79.983576","","11","0","0","0","0","0","0","0","0","","0","0","0","","","1","","0","","40 20:02.211","","0","79 59:00.873","3","0","0","1","2403","0","0","0","N","0","0","0","1","02403","0","","1.0","","1","N","N","","0","","1","0","0","","0","","","1","1","0","0","0","0","0","2","0","1","","","","N","","","","","","","","","",""
"2008106780","","2","0","0","0","0","0","0","0","0","1","0","","02","10","2008","4","","","","11","0","0","0","0","0","0","0","0","","0","0","0","","","0","","2","","","","0","","0","0","0","0","2446","0","0","0","N","0","0","0","3","02446","0","","1.0","","9","N","N","","0","","0","0","0","","0","","","2","0","1","0","0","0","0","1","0","2","","","","N","","","","","","","","","",""
"2008106784","","0","0","1","0","0","0","0","0","0","0","0","","02","10","2008","5","40.5077","-79.7938","","11","0","0","0","0","0","1","0","0","2","0","0","0","","","1","","0","","40 30:27.720","6","0","79 47:37.680","2","0","0","0","2113","0","0","0","N","0","0","0","1","02113","0","","4.0","","3","N","N","","0","","0","1","1","","0","Y","","1","1","0","0","0","0","0","2","0","1","","","","N","","","","","","","","","",""
"2008106789","","1","0","0","0","0","0","0","0","0","1","0","","02","9","2008","6","40.348464","-80.052197","","11","0","0","0","0","0","0","1","0","","0","0","0","","","1","","1","","40 20:54.472","","0","80 03:07.910","4","0","0","0","2407","0","0","0","N","0","0","0","4","02407","1","","1.0","","1","N","N","","0","","0","0","1","","2","","","2","1","0","0","0","0","0","2","0","2","","","","N","","","","","","","","","",""
"2008106790","","1","0","0","0","0","0","0","0","0","1","0","","02","9","2008","5","40.344741","-80.031016","","11","1","0","0","0","0","0","1","0","","0","0","0","","","1","","0","","40 20:41.067","","0","80 01:51.657","4","0","0","0","2407","0","0","0","N","0","0","0","3","02407","1","","1.0","","1","N","N","","0","","0","0","1","","0","","","2","1","2","0","0","0","0","2","0","2","","","","N","","","","","","","","","",""
"2008106791","","1","0","0","0","0","0","0","0","0","7","0","","02","9","2008","2","40.322965","-80.029633","","11","1","0","0","0","0","0","0","0","2","0","0","0","","","1","","2","","40 19:22.674","1","0","80 01:46.678","4","0","0","0","2407","0","0","0","N","0","0","0","1","02407","1","","4.0","","1","N","N","","0","","0","0","0","","0","N","","1","1","0","0","0","0","0","2","0","1","","","","N","","","","","","","","","",""
"2008106803","","3","0","0","0","0","0","0","0","0","1","0","","02","9","2008","2","","","","11","0","0","0","0","0","1","0","0","","0","0","0","","","0","","0","","40 26:24.36","","0","79 51:36.72","0","0","0","0","2419","0","0","0","N","0","0","0","3","68B03","0","","1.0","","1","N","N","","0","","0","0","0","","0","","","3","0","0","0","0","0","0","2","0","3","","","","N","","","","","","","","","",""
"2008106804","","2","0","0","0","0","0","0","0","0","1","0","","02","9","2008","3","","","","11","0","0","0","0","0","1","0","0","1","0","0","0","","","0","","6","","40 26:53.52","1","0","80 00:29.16","0","0","0","0","2301","0","0","0","N","0","0","0","3","68B03","0","","1.0","","1","N","N","","1","","0","0","0","","4","N","","3","0","0","0","0","0","0","2","0","3","","","","N","","","","","","","","","",""
"2008106805","","3","0","0","0","0","0","0","0","0","1","0","45","02","10","2008","4","","","","11","0","0","0","0","0","1","1","0","1","0","0","0","","","1","","0","","40 25:59.16","4","0","79 52:12.36","4","0","0","0","2478","0","0","0","N","0","0","0","6","68B03","1","","1.0","","1","N","N","","0","","0","0","1","","0","N","","4","1","0","0","0","0","0","2","0","4","","","Y","Y","4","1","N","N","Y","Y","N","N","N",""
"2008106806","","1","0","0","0","0","0","0","0","0","1","1","","02","10","2008","5","","","","11","0","0","0","0","0","1","0","0","2","0","1","0","","","1","","0","","40 26:17.88","3","0","79 51:45.72","2","0","0","0","2419","0","0","0","N","0","0","0","2","68B03","0","","1.0","","1","N","N","","0","","0","1","0","","0","N","","2","1","1","0","1","0","0","2","0","2","","","","N","","","","","","","","","",""
"2008106807","","1","0","0","0","0","0","0","0","0","1","0","","02","10","2008","5","","","","11","0","0","0","0","0","0","0","0","2","0","0","0","","","0","","0","","40 26:04.20","3","0","79 52:05.88","0","0","0","0","2411","0","0","0","N","0","0","0","2","68B03","0","","1.0","","1","N","N","","0","","0","0","0","","0","Y","","2","0","0","0","0","0","0","2","1","2","","","","N","","","","","","","","","",""
"2008106854","","0","0","0","0","0","0","0","0","0","1","1","40","02","9","2008","3","40.4573","-79.7574","","11","0","0","0","0","0","0","0","0","","0","1","0","","","1","","0","","40 27:26.280","","0","79 45:26.640","4","0","0","0","2446","0","0","0","N","0","0","0","6","68T02","1","","1.0","","1","N","N","","1","","0","0","1","","8","","","3","1","0","0","0","0","0","2","0","3","","","Y","Y","4","1","Y","N","Y","Y","N","N","N",""
"2008106864","","2","0","0","0","0","0","0","0","0","1","0","","02","9","2008","7","40.452968","-79.979809","","11","0","0","0","0","0","0","1","0","","0","0","0","","","0","","0","","40 27:10.684","","0","79 58:47.312","0","0","0","0","2301","0","0","0","","0","0","0","2","02301","0","","1.0","","1","N","N","","0","","0","0","0","","0","","","2","0","0","0","0","0","0","2","0","2","","","","N","","","","","","","","","",""
"2008106931","","0","0","0","0","0","0","0","0","0","7","0","","02","9","2008","4","40.315","-79.8303","","11","0","0","0","0","0","0","0","0","1","0","0","0","","","0","","1","","40 18:54.000","1","0","79 49:49.080","0","0","0","0","2469","0","0","0","N","0","0","0","1","02469","0","","5.0","","1","N","N","","0","","0","0","1","","0","Y","","1","0","0","0","0","0","0","2","0","1","","","","N","","","","","","","","","",""
"2008106932","","1","0","0","0","0","0","0","0","0","7","0","","02","9","2008","5","40.315884","-79.832042","","11","0","0","0","0","0","0","0","0","1","0","0","0","","","1","","0","","40 18:57.182","1","0","79 49:55.351","4","0","0","0","2469","0","0","0","N","0","0","0","1","02469","1","","4.0","","1","N","N","","0","","0","0","0","","0","Y","","1","1","0","0","0","0","0","2","0","1","","","","N","","","","","","","","","",""
"2008106948","","0","0","0","0","0","0","0","0","0","4","0","","02","10","2008","6","40.457757","-79.819207","","11","0","0","0","0","0","0","0","0","","0","0","0","","","0","","1","","40 27:27.925","","0","79 49:09.145","0","0","0","0","2113","0","0","0","N","0","0","0","2","02113","0","","1.0","","9","N","N","","1","","0","0","1","","3","","","2","0","0","0","0","0","0","2","0","2","","","","N","","","","","","","","","",""
"2008106953","","3","0","0","0","0","0","0","0","0","4","0","","02","9","2008","3","40.456001","-79.932182","","11","0","0","0","0","0","0","0","0","","0","0","0","","","0","","0","","40 27:21.603","","0","79 55:55.855","0","0","0","0","2301","0","0","0","N","0","0","0","1","02301","0","","1.0","","1","N","N","","0","","0","0","0","","0","","","3","0","1","0","0","0","0","2","0","3","","","","N","","","","","","","","","",""
"2008106954","","0","0","0","0","0","0","0","0","0","7","0","","02","9","2008","3","40.393","-79.9324","","11","0","0","0","0","0","0","0","0","3","0","0","0","","","1","","0","","40 23:34.800","3","0","79 55:56.640","2","0","0","0","2301","0","0","0","N","0","0","0","1","02301","0","","4.0","","9","N","N","","0","","0","1","1","","0","Y","","1","1","0","0","0","0","0","2","0","1","","","","N","","","","","","","","","",""
"2008107010","","2","0","0","0","0","0","0","0","0","1","0","","02","8","2008","4","40.4021","-79.7757","","11","0","0","0","0","0","0","1","0","","0","0","0","","","0","","0","","40 24:07.560","","0","79 46:32.520","0","0","0","0","2453","0","0","0","N","0","0","0","2","02453","0","","1.0","","1","N","N","","0","","0","0","0","","2","","","2","0","0","0","0","0","0","2","0","2","","","","N","","","","","","","","","",""
"2008107141","","1","0","0","0","0","0","0","0","0","7","0","","02","9","2008","2","40.548132","-80.183424","","11","0","0","0","0","0","0","0","0","","0","0","0","","","0","","0","","40 32:53.275","","0","80 11:00.326","9","0","0","0","2427","0","0","0","N","0","0","0","2","02427","0","","4.0","","1","N","N","","0","","0","0","0","","0","","","1","0","0","0","0","0","1","2","0","1","","","","N","","","","","","","","","",""
"2008107209","","2","0","0","0","0","0","0","0","0","4","0","","02","9","2008","4","40.435354","-79.946309","","11","0","0","0","0","0","1","0","0","","0","0","0","","","0","","3","","40 26:07.275","","0","79 56:46.712","0","0","0","0","2301","0","0","0","N","0","0","0","2","02301","0","","1.0","","1","N","N","","0","","0","0","0","","0","","","2","0","0","0","0","0","0","2","0","2","","","","N","","","","","","","","","",""