"CRN","ARRIVAL_TM","AUTOMOBILE_COUNT","BELTED_DEATH_COUNT","BELTED_SUSP_SERIOUS_INJ_COUNT","BICYCLE_COUNT","BICYCLE_DEATH_COUNT","BICYCLE_SUSP_SERIOUS_INJ_COUNT","BUS_COUNT","CHLDPAS_DEATH_COUNT","CHLDPAS_SUSP_SERIOUS_INJ_COUNT","COLLISION_TYPE","COMM_VEH_COUNT","CONS_ZONE_SPD_LIM","COUNTY","CRASH_MONTH","CRASH_YEAR","DAY_OF_WEEK","DEC_LATITUDE","DEC_LONGITUDE","DISPATCH_TM","DISTRICT","DRIVER_COUNT_16YR","DRIVER_COUNT_17YR","DRIVER_COUNT_18YR","DRIVER_COUNT_19YR","DRIVER_COUNT_20YR","DRIVER_COUNT_50_64YR","DRIVER_COUNT_65_74YR","DRIVER_COUNT_75PLUS","EST_HRS_CLOSED","FATAL_COUNT","HEAVY_TRUCK_COUNT","HORSE_BUGGY_COUNT","HOUR_OF_DAY","ILLUMINATION","INJURY_COUNT","INTERSECTION_RELATED","INTERSECT_TYPE","LANE_CLOSED","LATITUDE","LN_CLOSE_DIR","LOCATION_TYPE","LONGITUDE","MAX_SEVERITY_LEVEL","MCYCLE_DEATH_COUNT","MCYCLE_SUSP_SERIOUS_INJ_COUNT","MOTORCYCLE_COUNT","MUNICIPALITY","NONMOTR_COUNT","NONMOTR_DEATH_COUNT","NONMOTR_SUSP_SERIOUS_INJ_COUNT","NTFY_HIWY_MAINT","PED_COUNT","PED_DEATH_COUNT","PED_SUSP_SERIOUS_INJ_COUNT","PERSON_COUNT","POLICE_AGCY","POSSIBLE_INJ_COUNT","RDWY_SURF_TYPE_CD","RELATION_TO_ROAD","ROADWAY_CLEARED","ROAD_CONDITION","SCH_BUS_IND","SCH_ZONE_IND","SECONDARY_CRASH","SMALL_TRUCK_COUNT","SPEC_JURIS_CD","SUSP_MINOR_INJ_COUNT","SUSP_SERIOUS_INJ_COUNT","SUV_COUNT","TCD_FUNC_CD","TCD_TYPE","TFC_DETOUR_IND","TIME_OF_DAY","TOTAL_UNITS","TOT_INJ_COUNT","UNBELTED_OCC_COUNT","UNB_DEATH_COUNT","UNB_SUSP_SERIOUS_INJ_COUNT","UNK_INJ_DEG_COUNT","UNK_INJ_PER_COUNT","URBAN_RURAL","VAN_COUNT","VEHICLE_COUNT","WEATHER1","WEATHER2","WORKERS_PRES","WORK_ZONE_IND","WORK_ZONE_LOC","WORK_ZONE_TYPE","WZ_CLOSE_DETOUR","WZ_FLAGGER","WZ_LAW_OFFCR_IND","WZ_LN_CLOSURE","WZ_MOVING","WZ_OTHER","WZ_SHLDER_MDN","WZ_WORKERS_INJ_KILLED"
"2008107210","","3","0","0","0","0","0","0","0","0","4","0","","02","9","2008","3","40.449819","-79.929656","","11","0","0","0","0","0","0","1","0","","0","0","0","","","1","","1","","40 26:59.348","","0","79 55:46.761","3","0","0","0","2301","0","0","0","N","0","0","0","5","02301","0","","1.0","","1","N","N","","0","","1","0","0","","2","","","3","1","0","0","0","0","3","2","0","3","","","","N","","","","","","","","","",""
"2008107302","","1","0","0","0","0","0","0","0","0","4","0","","02","9","2008","5","40.458862","-79.895764","","11","0","0","0","0","0","1","0","0","2","0","0","0","","","1","","1","","40 27:31.903","3","0","79 53:44.750","8","0","0","0","2301","0","0","0","N","0","0","0","2","02301","0","","1.0","","1","N","N","","0","","0","0","1","","3","N","","2","1","0","0","0","1","1","2","0","2","","","","N","","","","","","","","","",""
"2008107303","","2","0","0","0","0","0","0","0","0","4","0","","02","9","2008","1","40.4544","-79.9477","","11","0","0","0","0","0","0","0","0","1","0","0","0","","","0","","1","","40 27:15.840","3","0","79 56:51.720","0","0","0","0","2301","0","0","0","N","0","0","0","2","02301","0","","1.0","","1","N","N","","0","","0","0","0","","2","N","","2","0","0","0","0","0","0","2","0","2","","","","N","","","","","","","","","",""
"2008107304","","2","0","0","0","0","0","0","0","0","4","0","","02","9","2008","7","40.454967","-79.945198","","11","0","0","0","0","0","0","0","1","","0","0","0","","","2","","1","","40 27:17.882","","0","79 56:42.712","8","0","0","0","2301","0","0","0","N","0","0","0","3","02301","0","","1.0","","1","N","N","","0","","0","0","0","","2","","","2","2","0","0","0","2","0","2","0","2","","","","N","","","","","","","","","",""
"2008107305","","1","0","0","0","0","0","0","0","0","7","0","","02","9","2008","2","40.467827","-79.896971","","11","0","0","0","0","0","0","0","0","","0","0","0","","","0","","2","","40 28:04.177","","0","79 53:49.095","0","0","0","0","2301","0","0","0","N","0","0","0","1","02301","0","","5.0","","1","N","N","","0","","0","0","0","","0","","","1","0","1","0","0","0","0","2","0","1","","","","N","","","","","","","","","",""
"2008107306","","1","0","0","0","0","0","0","0","0","4","0","","02","9","2008","2","40.460541","-79.888524","","11","0","0","0","0","0","0","0","0","","0","0","0","","","0","","1","","40 27:37.947","","0","79 53:18.686","0","0","0","0","2301","0","0","0","N","0","0","0","2","02301","0","","1.0","","1","N","N","","0","","0","0","1","","0","","","2","0","0","0","0","0","0","2","0","2","","","","N","","","","","","","","","",""
"2008107307","","1","0","0","0","0","0","0","0","0","4","0","","02","9","2008","4","40.465462","-79.940442","","11","0","0","0","0","0","0","0","0","1","0","0","0","","","0","","0","","40 27:55.663","3","0","79 56:25.591","0","0","0","0","2301","0","0","0","N","0","0","0","1","02301","0","","1.0","","1","N","N","","0","","0","0","0","","0","N","","3","0","0","0","0","0","0","2","2","3","","","","N","","","","","","","","","",""
"2008107308","","1","0","0","0","0","0","0","0","0","8","0","","02","8","2008","4","40.454071","-79.949456","","11","0","0","0","0","0","0","0","0","","0","0","0","","","1","","1","","40 27:14.656","","0","79 56:58.040","3","0","0","0","2301","1","0","0","N","1","0","0","2","02301","0","","1.0","","9","N","N","","0","","1","0","0","","0","","","2","1","0","0","0","0","0","2","0","1","","","","N","","","","","","","","","",""
"2008107309","","1","0","0","0","0","0","0","0","0","7","0","","02","9","2008","2","40.465682","-79.917564","","11","0","0","0","0","0","0","0","0","1","0","0","0","","","0","","2","","40 27:56.455","5","0","79 55:03.230","9","0","0","0","2301","0","0","0","N","0","0","0","1","02301","0","","5.0","","1","N","N","","0","","0","0","0","","0","N","","1","0","0","0","0","0","1","2","0","1","","","","N","","","","","","","","","",""
"2008107310","","3","0","0","0","0","0","0","0","0","1","0","","02","9","2008","4","40.460386","-79.923487","","11","0","0","0","0","0","1","0","0","1","0","0","0","","","1","","2","","40 27:37.390","3","0","79 55:24.552","4","0","0","0","2301","0","0","0","N","0","0","0","3","02301","1","","1.0","","1","N","N","","0","","0","0","0","","2","Y","","3","1","0","0","0","0","0","2","0","3","","","","N","","","","","","","","","",""
"2008107311","","1","0","0","0","0","0","0","0","0","7","0","","02","8","2008","1","40.452579","-79.873753","","11","0","0","0","0","0","0","0","0","","0","0","0","","","0","","0","","40 27:09.284","","0","79 52:25.510","9","0","0","0","2301","0","0","0","N","0","0","0","1","02301","0","","5.0","","1","N","N","","0","","0","0","0","","0","","","1","0","0","0","0","0","1","2","0","1","","","","N","","","","","","","","","",""
"2008107312","","2","0","0","0","0","0","0","0","0","4","0","","02","9","2008","4","40.460016","-79.930508","","11","0","0","0","0","0","0","0","0","","0","0","0","","","0","","1","","40 27:36.057","","0","79 55:49.828","0","0","0","0","2301","0","0","0","N","0","0","0","2","02301","0","","1.0","","1","N","N","","0","","0","0","0","","3","","","2","0","0","0","0","0","0","2","0","2","","","","N","","","","","","","","","",""
"2008107313","","2","0","0","0","0","0","0","0","0","1","0","","02","9","2008","6","40.454029","-79.912399","","11","0","0","0","0","1","0","0","0","","0","0","0","","","0","","1","","40 27:14.504","","0","79 54:44.638","0","0","0","0","2301","0","0","0","N","0","0","0","2","02301","0","","1.0","","1","N","N","","0","","0","0","0","","2","","","2","0","0","0","0","0","0","2","0","2","","","","N","","","","","","","","","",""
"2008107314","","1","0","0","0","0","0","0","0","0","7","0","","02","9","2008","2","40.454367","-79.977746","","11","0","0","0","0","0","0","0","0","","0","0","0","","","1","","1","","40 27:15.721","","0","79 58:39.885","8","0","0","0","2301","0","0","0","N","0","0","0","2","02301","0","","5.0","","1","N","N","","0","","0","0","0","","2","","","1","1","0","0","0","1","0","2","0","1","","","","N","","","","","","","","","",""
"2008107315","","1","0","0","0","0","0","0","0","0","1","0","","02","9","2008","3","40.4359","-79.9946","","11","0","0","0","0","0","0","0","0","2","0","0","0","","","1","","0","","40 26:09.240","2","3","79 59:40.560","8","0","0","0","2301","0","0","0","N","0","0","0","5","02301","0","","1.0","","1","N","N","","0","","0","0","1","","0","N","","3","1","0","0","0","1","0","2","1","3","","","","N","","","","","","","","","",""
"2008107320","","0","0","0","0","0","0","0","0","0","2","0","","02","9","2008","5","40.457985","-80.015964","","11","0","0","0","0","0","1","0","0","3","0","0","0","","","2","","2","","40 27:28.746","2","0","80 00:57.470","8","0","0","0","2301","0","0","0","N","0","0","0","2","02301","0","","1.0","","1","Y","N","","0","","0","0","1","","0","N","","2","2","0","0","0","2","0","2","1","2","","","","N","","","","","","","","","",""
"2008107321","","1","0","0","0","0","0","0","0","0","7","0","","02","9","2008","5","40.471806","-80.014803","","11","0","0","0","0","0","0","0","1","","0","0","0","","","0","","0","","40 28:18.501","","0","80 00:53.290","0","0","0","0","2301","0","0","0","N","0","0","0","1","02301","0","","5.0","","1","N","N","","0","","0","0","0","","3","","","1","0","0","0","0","0","0","2","0","1","","","","N","","","","","","","","","",""
"2008107322","","1","0","0","0","0","0","0","0","0","8","0","","02","9","2008","7","40.454863","-80.002218","","11","0","0","0","0","0","1","0","0","","0","0","0","","","1","","2","","40 27:17.506","","0","80 00:07.984","8","0","0","0","2301","1","0","0","N","1","0","0","2","02301","0","","1.0","","1","N","N","","0","","0","0","0","","0","","","2","1","0","0","0","1","0","2","0","1","","","","N","","","","","","","","","",""
"2008107323","","2","0","0","0","0","0","1","0","0","4","1","","02","9","2008","2","40.448933","-80.000739","","11","0","0","0","0","0","0","0","0","","0","0","0","","","1","","1","","40 26:56.157","","0","80 00:02.660","8","0","0","0","2301","0","0","0","N","0","0","0","7","02301","0","","1.0","","1","N","N","","0","","0","0","1","","2","","","4","1","0","0","0","1","0","2","0","4","","","","N","","","","","","","","","",""
"2008107324","","1","0","0","0","0","0","1","0","0","1","1","","02","9","2008","2","40.4497","-80.0251","","11","0","0","0","0","0","1","0","0","","0","0","0","","","1","","7","","40 26:58.920","","8","80 01:30.360","4","0","0","0","2301","0","0","0","N","0","0","0","2","02301","1","","1.0","","1","Y","N","","0","","0","0","0","","2","","","2","1","0","0","0","0","0","2","0","2","","","","N","","","","","","","","","",""
"2008107325","","2","0","0","0","0","0","0","0","0","4","0","","02","9","2008","2","40.453981","-80.014537","","11","0","0","0","0","0","0","0","0","","0","0","0","","","1","","1","","40 27:14.331","","0","80 00:52.333","8","0","0","0","2301","0","0","0","N","0","0","0","2","02301","0","","1.0","","1","N","N","","0","","0","0","0","","2","","","2","1","0","0","0","1","0","2","0","2","","","","N","","","","","","","","","",""
"2008107326","","0","0","0","0","0","0","0","0","0","7","0","","02","9","2008","5","40.466584","-80.034605","","11","0","0","0","0","0","0","0","0","","0","0","0","","","1","","2","","40 27:59.702","","0","80 02:04.577","8","0","0","0","2301","0","0","0","N","0","0","0","1","02301","0","","4.0","","1","N","N","","0","","0","0","1","","0","","","1","1","0","0","0","1","0","2","0","1","","","","N","","","","","","","","","",""
"2008107327","","1","0","0","0","0","0","0","0","0","7","0","","02","8","2008","6","40.480095","-80.035654","","11","0","0","0","0","0","0","0","0","","0","0","0","","","1","","2","","40 28:48.342","","0","80 02:08.354","8","0","0","0","2301","0","0","0","N","0","0","0","1","02301","0","","4.0","","1","N","N","","0","","0","0","0","","0","","","1","1","1","0","0","1","0","2","0","1","","","","N","","","","","","","","","",""
"2008107328","","2","0","0","0","0","0","0","0","0","4","0","","02","9","2008","3","40.482854","-80.036514","","11","0","0","0","0","0","0","0","0","","0","0","0","","","0","","1","","40 28:58.274","","0","80 02:11.450","0","0","0","0","2301","0","0","0","N","0","0","0","3","02301","0","","1.0","","1","N","N","","0","","0","0","0","","3","","","2","0","0","0","0","0","0","2","0","2","","","","N","","","","","","","","","",""
"2008107335","","1","0","0","1","0","0","0","0","0","8","0","","02","9","2008","2","40.437741","-79.913127","","11","0","0","0","0","0","1","0","0","1","0","0","0","","","1","","2","","40 26:15.867","6","0","79 54:47.257","3","0","0","0","2301","1","0","0","N","0","0","0","2","02301","0","","1.0","","1","N","N","","0","","1","0","0","","3","N","","2","1","0","0","0","0","0","2","0","1","","","","N","","","","","","","","","",""
"2008107336","","3","0","0","0","0","0","0","0","0","1","0","","02","9","2008","6","40.406324","-79.943047","","11","0","0","0","0","0","0","0","0","2","0","0","0","","","1","","0","","40 24:22.765","6","0","79 56:34.970","8","0","0","0","2301","0","0","0","N","0","0","0","1","02301","0","","6.0","","1","N","N","","0","","0","0","0","","0","Y","","3","1","0","0","0","1","0","2","0","3","","","","N","","","","","","","","","",""
"2008107337","","2","0","0","0","0","0","0","0","0","4","0","","02","9","2008","3","40.446211","-79.918353","","11","0","0","0","1","0","0","0","0","1","0","0","0","","","0","","1","","40 26:46.359","3","0","79 55:06.070","9","0","0","0","2301","0","0","0","N","0","0","0","2","02301","0","","1.0","","1","N","N","","0","","0","0","0","","3","N","","2","0","0","0","0","0","1","2","0","2","","","","N","","","","","","","","","",""
"2008107338","","0","0","0","1","0","0","0","0","0","1","0","","02","9","2008","4","40.438609","-79.962831","","11","0","0","0","0","0","0","1","0","","0","0","0","","","1","","0","","40 26:18.992","","0","79 57:46.191","3","0","0","0","2301","1","0","0","N","0","0","0","2","02301","0","","1.0","","1","N","N","","0","","1","0","1","","0","","","2","1","0","0","0","0","0","2","0","1","","","","N","","","","","","","","","",""
"2008107339","","0","0","0","0","0","0","0","0","0","7","0","","02","9","2008","4","40.430111","-79.951139","","11","0","0","0","0","1","0","0","0","2","0","0","0","","","0","","0","","40 25:48.400","7","0","79 57:04.100","0","0","0","0","2301","0","0","0","N","0","0","0","1","02301","0","","2.0","","1","N","N","","0","","0","0","1","","0","Y","","1","0","1","0","0","0","0","2","0","1","","","","N","","","","","","","","","",""
"2008107340","","4","0","0","0","0","0","0","0","0","1","0","","02","9","2008","4","40.440525","-79.935622","","11","0","0","0","0","0","2","0","0","1","0","0","0","","","0","","2","","40 26:25.890","5","0","79 56:08.239","0","0","0","0","2301","0","0","0","N","0","0","0","4","02301","0","","1.0","","1","N","N","","0","","0","0","0","","0","N","","4","0","2","0","0","0","0","2","0","4","","","","N","","","","","","","","","",""
"2008107341","","2","0","0","0","0","0","0","0","0","4","0","","02","9","2008","1","40.445721","-79.956418","","11","0","0","1","0","0","0","1","0","","0","0","0","","","1","","1","","40 26:44.595","","0","79 57:23.104","3","0","0","0","2301","0","0","0","N","0","0","0","4","02301","0","","1.0","","1","N","N","","0","","1","0","0","","2","","","2","1","0","0","0","0","0","2","0","2","","","","N","","","","","","","","","",""
"2008107342","","0","0","0","0","0","0","0","0","0","99","0","","02","9","2008","3","40.43811","-79.99567","","11","0","0","0","0","0","0","0","0","","0","0","0","","","0","","10","","40 26:17.196","","7","79 59:44.412","0","0","0","0","2301","0","0","0","N","0","0","0","1","02301","0","","9.0","","1","N","N","","0","","0","0","0","","0","","","1","0","0","0","0","0","0","2","1","1","","","","N","","","","","","","","","",""
"2008107379","","1","0","0","0","0","0","0","0","0","0","0","","02","9","2008","4","40.4","-80.2486","","11","0","0","0","0","0","0","0","0","","0","0","0","","","0","","0","","40 24:00.000","","0","80 14:54.960","0","0","0","0","2214","0","0","0","N","0","0","0","1","02214","0","","4.0","","1","N","N","","0","","0","0","0","","0","","","1","0","0","0","0","0","0","1","0","1","","","","N","","","","","","","","","",""
"2008107380","","2","0","0","0","0","0","0","0","0","4","0","","02","8","2008","6","40.450562","-80.174347","","11","0","0","1","0","0","0","0","0","","0","0","0","","","2","","1","","40 27:02.023","","0","80 10:27.649","4","0","0","0","2214","0","0","0","N","0","0","0","2","02214","2","","1.0","","1","N","N","","0","","0","0","0","","2","","","2","2","0","0","0","0","0","2","0","2","","","","N","","","","","","","","","",""
"2008107397","","2","0","0","0","0","0","0","0","0","1","0","","02","8","2008","6","40.458318","-79.875521","","11","0","0","0","0","0","0","0","0","","0","0","0","","","0","","0","","40 27:29.946","","7","79 52:31.876","0","0","0","0","2301","0","0","0","N","0","0","0","2","02301","0","","1.0","","1","N","N","","0","","0","0","0","","3","","","2","0","0","0","0","0","0","2","0","2","","","","N","","","","","","","","","",""
"2008107398","","1","0","0","0","0","0","0","0","0","2","0","","02","8","2008","2","40.445234","-79.999087","","11","0","0","0","0","0","1","0","0","1","0","0","0","","","1","","1","","40 26:42.842","5","0","79 59:56.713","4","0","0","0","2301","0","0","0","N","0","0","0","2","02301","1","","1.0","","1","N","N","","0","","0","0","0","","2","N","","2","1","1","0","0","0","0","2","1","2","","","","N","","","","","","","","","",""
"2008107399","","0","0","0","0","0","0","0","0","0","7","0","","02","9","2008","4","40.402524","-80.003719","","11","0","0","0","0","0","0","0","0","3","0","0","0","","","4","","2","","40 24:09.086","5","0","80 00:13.388","2","0","0","0","2301","0","0","0","N","0","0","0","4","02301","0","","2.0","","1","Y","N","","0","","1","1","0","","0","Y","","1","4","0","0","0","2","0","2","1","1","","","","N","","","","","","","","","",""
"2008107446","","1","0","0","0","0","0","0","0","0","7","0","","02","9","2008","6","40.443191","-79.998141","","11","0","0","0","0","0","0","0","0","","0","0","0","","","0","","0","","40 26:35.487","","0","79 59:53.307","0","0","0","0","2301","0","0","0","N","0","0","0","1","02301","0","","9.0","","1","N","N","","0","","0","0","0","","0","","","1","0","1","0","0","0","0","2","0","1","","","","N","","","","","","","","","",""
"2008107447","","0","0","0","0","0","0","0","0","0","0","0","","02","9","2008","5","40.475807","-80.031052","","11","0","0","0","0","0","0","0","0","1","0","0","0","","","1","","0","","40 28:32.905","1","0","80 01:51.787","4","0","0","1","2301","0","0","0","N","0","0","0","1","02301","1","","1.0","","1","N","N","","0","","0","0","0","","0","N","","1","1","0","0","0","0","0","2","0","1","","","","N","","","","","","","","","",""
"2008107448","","2","0","0","0","0","0","0","0","0","1","0","","02","9","2008","5","40.446037","-80.060306","","11","0","0","0","0","0","0","0","0","","0","0","0","","","1","","0","","40 26:45.733","","0","80 03:37.101","8","0","0","0","2301","0","0","0","N","0","0","0","2","02301","0","","1.0","","1","N","N","","0","","0","0","0","","0","","","2","1","0","0","0","1","0","2","0","2","","","","N","","","","","","","","","",""
"2008107449","","1","0","0","0","0","0","0","0","0","1","0","","02","9","2008","2","40.41281","-79.981488","","11","0","1","0","0","0","0","0","0","","0","0","0","","","0","","0","","40 24:46.116","","0","79 58:53.356","0","0","0","0","2301","0","0","0","N","0","0","0","1","02301","0","","6.0","","1","N","N","","0","","0","0","1","","0","","","2","0","1","0","0","0","0","2","0","2","","","","N","","","","","","","","","",""
"2008107450","","2","0","0","0","0","0","0","0","0","4","0","","02","9","2008","1","40.456241","-80.002641","","11","0","0","0","0","0","0","0","0","3","0","0","0","","","0","","2","","40 27:22.467","4","0","80 00:09.507","0","0","0","0","2301","0","0","0","N","0","0","0","2","02301","0","","2.0","","1","N","N","","0","","0","0","0","","2","N","","2","0","0","0","0","0","0","2","0","2","","","","N","","","","","","","","","",""
"2008107467","","0","0","0","0","0","0","0","0","0","7","0","","02","8","2008","6","40.4361","-80.0105","","11","0","0","0","0","0","0","0","0","","0","0","0","","","0","","0","","40 26:09.960","","0","80 00:37.800","9","0","0","0","2301","0","0","0","N","0","0","0","1","02301","0","","2.0","","1","N","N","","0","","0","0","1","","0","","","1","0","0","0","0","0","1","2","0","1","","","","N","","","","","","","","","",""
"2008107468","","1","0","0","0","0","0","0","0","0","4","0","","02","8","2008","5","40.39182","-80.016755","","11","0","0","0","0","0","0","0","0","","0","0","0","","","0","","1","","40 23:30.552","","0","80 01:00.318","0","0","0","0","2301","0","0","0","N","0","0","0","2","02301","0","","1.0","","1","N","N","","1","","0","0","0","","9","","","2","0","0","0","0","0","0","2","0","2","","","","N","","","","","","","","","",""
"2008107469","","0","0","0","0","0","0","0","0","0","1","0","","02","9","2008","3","40.397506","-79.978939","","11","0","0","0","0","0","0","0","0","","0","0","0","","","1","","0","","40 23:51.022","","7","79 58:44.179","4","0","0","0","2301","0","0","0","N","0","0","0","3","02301","1","","1.0","","1","N","N","","0","","0","0","1","","0","","","2","1","0","0","0","0","0","2","1","2","","","","N","","","","","","","","","",""
"2008107470","","2","0","0","0","0","0","0","0","0","1","0","","02","9","2008","5","40.409609","-79.994228","","11","0","0","0","1","0","0","0","0","","0","0","0","","","0","","0","","40 24:34.592","","0","79 59:39.220","0","0","0","0","2301","0","0","0","N","0","0","0","2","02301","0","","1.0","","1","N","N","","0","","0","0","0","","0","","","2","0","0","0","0","0","0","2","0","2","","","","N","","","","","","","","","",""
"2008107471","","1","0","0","0","0","0","0","0","0","8","0","","02","9","2008","5","40.429014","-80.006505","","11","0","0","0","0","0","0","0","0","","0","0","0","","","1","","1","","40 25:44.452","","0","80 00:23.419","3","0","0","0","2301","1","0","0","N","1","0","0","3","02301","0","","1.0","","1","N","N","","0","","1","0","0","","3","","","2","1","0","0","0","0","0","2","0","1","","","","N","","","","","","","","","",""
"2008107472","","0","0","0","0","0","0","0","0","0","4","0","","02","9","2008","3","40.401213","-80.018135","","11","0","0","0","0","0","0","0","0","1","0","0","0","","","0","","2","","40 24:04.366","2","0","80 01:05.286","0","0","0","0","2301","0","0","0","N","0","0","0","2","02301","0","","1.0","","1","N","N","","0","","0","0","2","","0","N","","2","0","0","0","0","0","0","2","0","2","","","","N","","","","","","","","","",""
"2008107473","","1","0","0","0","0","0","0","0","0","6","0","","02","8","2008","7","40.428007","-79.975749","","11","0","0","0","0","0","0","0","0","","0","0","0","","","0","","0","","40 25:40.825","","0","79 58:32.696","9","0","0","0","2301","0","0","0","N","0","0","0","1","02301","0","","6.0","","1","N","N","","0","","0","0","0","","0","","","2","0","0","0","0","0","1","2","0","2","","","","N","","","","","","","","","",""
"2008107474","","0","0","0","0","0","0","0","0","0","0","0","","02","9","2008","2","40.427507","-80.023267","","11","0","0","0","0","0","0","0","0","","0","0","0","","","1","","2","","40 25:39.024","","0","80 01:23.760","4","0","0","1","2301","0","0","0","N","0","0","0","1","02301","1","","1.0","","1","N","N","","0","","0","0","0","","3","","","2","1","0","0","0","0","0","2","0","1","","","","N","","","","","","","","","",""
"2008107475","","0","0","0","0","0","0","0","0","0","4","0","","02","9","2008","3","40.41555","-79.965407","","11","0","0","0","0","0","0","1","0","1","0","0","0","","","1","","1","","40 24:55.980","3","0","79 57:55.465","4","0","0","0","2301","0","0","0","N","0","0","0","2","02301","1","","1.0","","1","N","N","","0","","0","0","2","","0","N","","2","1","0","0","0","0","0","2","0","2","","","","N","","","","","","","","","",""
"2008107476","","2","0","0","0","0","0","0","0","0","4","0","","02","9","2008","3","40.455886","-79.977053","","11","0","0","0","0","0","0","0","0","","0","0","0","","","1","","1","","40 27:21.189","","0","79 58:37.390","4","0","0","0","2301","0","0","0","N","0","0","0","2","02301","1","","1.0","","1","N","N","","0","","0","0","0","","3","","","2","1","0","0","0","0","0","2","0","2","","","","N","","","","","","","","","",""
"2008107478","","2","0","0","0","0","0","0","0","0","5","2","","02","9","2008","4","40.437734","-80.000234","","11","0","0","0","0","0","0","0","0","","0","1","0","","","0","","1","","40 26:15.841","","0","80 00:00.841","0","0","0","0","2301","0","0","0","N","0","0","0","1","02301","0","","6.0","","1","N","N","","0","","0","0","0","","2","","","3","0","0","0","0","0","0","2","0","3","","","","N","","","","","","","","","",""
"2008107479","","2","0","0","0","0","0","0","0","0","4","0","","02","9","2008","1","40.448809","-79.987534","","11","0","0","0","0","0","0","0","0","","0","0","0","","","1","","1","","40 26:55.712","","0","79 59:15.122","8","0","0","0","2301","0","0","0","N","0","0","0","2","02301","0","","1.0","","1","N","N","","0","","0","0","0","","2","","","2","1","0","0","0","1","0","2","0","2","","","","N","","","","","","","","","",""
"2008107480","","2","0","0","0","0","0","0","0","0","4","0","","02","9","2008","2","40.444557","-80.000862","","11","0","0","0","0","1","1","0","0","1","0","0","0","","","1","","1","","40 26:40.405","4","0","80 00:03.103","4","0","0","0","2301","0","0","0","N","0","0","0","3","02301","1","","1.0","","1","N","N","","0","","0","0","0","","2","N","","2","1","0","0","0","0","0","2","0","2","","","","N","","","","","","","","","",""
"2008107481","","1","0","0","0","0","0","0","0","0","2","0","","02","9","2008","2","40.462037","-79.962033","","11","0","0","0","0","0","1","0","0","","0","0","0","","","1","","1","","40 27:43.333","","0","79 57:43.318","4","0","0","0","2301","0","0","0","N","0","0","0","2","02301","1","","1.0","","1","N","N","","0","","0","0","0","","0","","","2","1","0","0","0","0","0","2","1","2","","","","N","","","","","","","","","",""
"2008107482","","0","0","0","0","0","0","0","0","0","1","0","","02","9","2008","3","40.440425","-79.994868","","11","0","0","0","0","0","0","0","0","","0","0","0","","","0","","7","","40 26:25.530","","0","79 59:41.524","0","0","0","0","2301","0","0","0","N","0","0","0","2","02301","0","","7.0","","9","N","N","","0","","0","0","2","","2","","","2","0","0","0","0","0","0","2","0","2","","","","N","","","","","","","","","",""
"2008107484","","2","0","0","0","0","0","0","0","0","4","0","","02","9","2008","4","40.447425","-79.942471","","11","0","0","0","0","0","1","0","0","1","0","0","0","","","1","","1","","40 26:50.730","4","0","79 56:32.895","4","0","0","0","2301","0","0","0","N","0","0","0","2","02301","1","","1.0","","1","N","N","","0","","0","0","0","","2","N","","2","1","0","0","0","0","0","2","0","2","","","","N","","","","","","","","","",""
"2008107486","","1","0","0","0","0","0","0","0","0","4","0","","02","9","2008","4","40.39182","-80.016755","","11","0","0","0","1","0","0","0","0","","0","0","0","","","1","","1","","40 23:30.552","","0","80 01:00.318","8","0","0","1","2301","0","0","0","N","0","0","0","2","02301","0","","1.0","","1","N","N","","0","","0","0","0","","3","","","2","1","0","0","0","1","0","2","0","2","","","","N","","","","","","","","","",""
"2008107487","","1","0","0","0","0","0","0","0","0","4","0","","02","9","2008","5","40.449819","-79.929656","","11","0","0","0","0","0","1","0","0","2","0","1","0","","","0","","1","","40 26:59.348","3","99","79 55:46.761","0","0","0","0","2301","0","0","0","N","0","0","0","5","02301","0","","1.0","","1","N","N","","0","","0","0","0","","2","N","","2","0","0","0","0","0","0","2","0","2","","","","N","","","","","","","","","",""
"2008107512","","1","0","0","0","0","0","0","0","0","7","0","","02","9","2008","6","40.4593","-79.8744","","11","1","0","0","0","0","0","0","0","5","0","0","0","","","0","","0","","40 27:33.480","6","0","79 52:27.840","0","0","0","0","2113","0","0","0","N","0","0","0","1","02113","0","","5.0","","9","N","N","","0","","0","0","0","","0","Y","","1","0","1","0","0","0","0","2","0","1","","","","N","","","","","","","","","",""
"2008107513","","1","0","0","0","0","0","0","0","0","7","0","","02","9","2008","4","40.4731","-79.8342","","11","0","0","0","0","0","0","0","0","2","0","0","0","","","1","","0","","40 28:23.160","6","0","79 50:03.120","3","0","0","0","2113","0","0","0","N","0","0","0","1","02113","0","","2.0","","1","N","N","","0","","1","0","0","","0","Y","","1","1","0","0","0","0","0","2","0","1","","","","N","","","","","","","","","",""
"2008107514","","1","0","0","0","0","0","0","0","0","1","0","","02","9","2008","5","40.466162","-79.822254","","11","0","0","0","0","0","0","0","0","1","0","0","0","","","0","","0","","40 27:58.183","7","0","79 49:20.114","0","0","0","0","2113","0","0","0","N","0","0","0","3","02113","0","","1.0","","1","N","N","","0","","0","0","1","","0","N","","2","0","0","0","0","0","0","2","0","2","","","","N","","","","","","","","","",""