"CRN","ARRIVAL_TM","AUTOMOBILE_COUNT","BELTED_DEATH_COUNT","BELTED_SUSP_SERIOUS_INJ_COUNT","BICYCLE_COUNT","BICYCLE_DEATH_COUNT","BICYCLE_SUSP_SERIOUS_INJ_COUNT","BUS_COUNT","CHLDPAS_DEATH_COUNT","CHLDPAS_SUSP_SERIOUS_INJ_COUNT","COLLISION_TYPE","COMM_VEH_COUNT","CONS_ZONE_SPD_LIM","COUNTY","CRASH_MONTH","CRASH_YEAR","DAY_OF_WEEK","DEC_LATITUDE","DEC_LONGITUDE","DISPATCH_TM","DISTRICT","DRIVER_COUNT_16YR","DRIVER_COUNT_17YR","DRIVER_COUNT_18YR","DRIVER_COUNT_19YR","DRIVER_COUNT_20YR","DRIVER_COUNT_50_64YR","DRIVER_COUNT_65_74YR","DRIVER_COUNT_75PLUS","EST_HRS_CLOSED","FATAL_COUNT","HEAVY_TRUCK_COUNT","HORSE_BUGGY_COUNT","HOUR_OF_DAY","ILLUMINATION","INJURY_COUNT","INTERSECTION_RELATED","INTERSECT_TYPE","LANE_CLOSED","LATITUDE","LN_CLOSE_DIR","LOCATION_TYPE","LONGITUDE","MAX_SEVERITY_LEVEL","MCYCLE_DEATH_COUNT","MCYCLE_SUSP_SERIOUS_INJ_COUNT","MOTORCYCLE_COUNT","MUNICIPALITY","NONMOTR_COUNT","NONMOTR_DEATH_COUNT","NONMOTR_SUSP_SERIOUS_INJ_COUNT","NTFY_HIWY_MAINT","PED_COUNT","PED_DEATH_COUNT","PED_SUSP_SERIOUS_INJ_COUNT","PERSON_COUNT","POLICE_AGCY","POSSIBLE_INJ_COUNT","RDWY_SURF_TYPE_CD","RELATION_TO_ROAD","ROADWAY_CLEARED","ROAD_CONDITION","SCH_BUS_IND","SCH_ZONE_IND","SECONDARY_CRASH","SMALL_TRUCK_COUNT","SPEC_JURIS_CD","SUSP_MINOR_INJ_COUNT","SUSP_SERIOUS_INJ_COUNT","SUV_COUNT","TCD_FUNC_CD","TCD_TYPE","TFC_DETOUR_IND","TIME_OF_DAY","TOTAL_UNITS","TOT_INJ_COUNT","UNBELTED_OCC_COUNT","UNB_DEATH_COUNT","UNB_SUSP_SERIOUS_INJ_COUNT","UNK_INJ_DEG_COUNT","UNK_INJ_PER_COUNT","URBAN_RURAL","VAN_COUNT","VEHICLE_COUNT","WEATHER1","WEATHER2","WORKERS_PRES","WORK_ZONE_IND","WORK_ZONE_LOC","WORK_ZONE_TYPE","WZ_CLOSE_DETOUR","WZ_FLAGGER","WZ_LAW_OFFCR_IND","WZ_LN_CLOSURE","WZ_MOVING","WZ_OTHER","WZ_SHLDER_MDN","WZ_WORKERS_INJ_KILLED"
"2008110254","","2","0","0","0","0","0","0","0","0","4","0","","02","9","2008","4","40.440353","-80.023094","","11","0","0","0","0","1","0","0","0","","0","0","0","","","0","","2","","40 26:25.270","","0","80 01:23.138","0","0","0","0","2301","0","0","0","N","0","0","0","3","02301","0","","6.0","","1","N","N","","0","","0","0","0","","0","","","2","0","0","0","0","0","0","2","0","2","","","","N","","","","","","","","","",""
"2008110255","","3","0","0","0","0","0","0","0","0","1","0","","02","9","2008","2","","","","11","0","0","0","0","0","0","0","0","","0","0","0","","","1","","0","","","","0","","4","0","0","0","2301","0","0","0","Y","0","0","0","3","02301","1","","1.0","","1","N","N","","0","","0","0","0","","0","","","3","1","0","0","0","0","0","1","0","3","","","","N","","","","","","","","","",""
"2008110256","","2","0","0","0","0","0","0","0","0","4","0","","02","9","2008","7","40.428134","-79.977691","","11","0","0","0","1","0","0","0","0","","0","0","0","","","0","","1","","40 25:41.282","","0","79 58:39.687","0","0","0","0","2301","0","0","0","N","0","0","0","2","02301","0","","1.0","","1","N","N","","0","","0","0","0","","0","","","2","0","0","0","0","0","0","2","0","2","","","","N","","","","","","","","","",""
"2008110257","","2","0","0","0","0","0","0","0","0","5","0","","02","9","2008","7","40.418415","-80.012268","","11","0","0","0","0","0","0","0","0","","0","0","0","","","0","","0","","40 25:06.294","","0","80 00:44.164","0","0","0","0","2301","0","0","0","N","0","0","0","1","02301","0","","6.0","","1","N","N","","0","","0","0","0","","0","","","2","0","0","0","0","0","0","2","0","2","","","","N","","","","","","","","","",""
"2008110259","","2","0","0","0","0","0","0","0","0","4","0","","02","9","2008","1","40.394276","-80.02068","","11","0","0","0","0","0","0","0","0","","0","0","0","","","0","","0","","40 23:39.393","","0","80 01:14.448","0","0","0","0","2301","0","0","0","N","0","0","0","2","02301","0","","1.0","","1","N","N","","0","","0","0","0","","0","","","2","0","0","0","0","0","0","2","0","2","","","","N","","","","","","","","","",""
"2008110260","","1","0","0","0","0","0","0","0","0","7","0","","02","9","2008","1","40.387549","-79.988581","","11","0","0","0","0","0","0","0","0","1","0","0","0","","","0","","0","","40 23:15.176","4","0","79 59:18.891","0","0","0","0","2301","0","0","0","N","0","0","0","1","02301","0","","5.0","","1","N","N","","0","","0","0","0","","0","N","","1","0","0","0","0","0","0","2","0","1","","","","N","","","","","","","","","",""
"2008110261","","1","0","0","0","0","0","0","0","0","4","0","","02","9","2008","4","40.436801","-79.927708","","11","0","0","0","0","0","0","1","0","","0","0","0","","","1","","1","","40 26:12.483","","0","79 55:39.748","4","0","0","0","2301","0","0","0","N","0","0","0","7","02301","1","","1.0","","1","N","N","","0","","0","0","0","","0","","","2","1","0","0","0","0","0","2","1","2","","","","N","","","","","","","","","",""
"2008110262","","1","0","0","0","0","0","0","0","0","7","0","","02","9","2008","3","40.487902","-79.920338","","11","0","0","0","0","0","0","1","0","2","0","0","0","","","1","","3","","40 29:16.447","3","0","79 55:13.218","3","0","0","0","2301","1","0","0","N","1","0","0","2","02301","0","","5.0","","1","N","N","","0","","1","0","0","","3","N","","2","1","1","0","0","0","0","2","0","1","","","","N","","","","","","","","","",""
"2008110263","","1","0","0","0","0","0","0","0","0","4","0","","02","9","2008","7","40.411043","-79.955537","","11","0","0","0","0","0","1","0","0","1","0","0","0","","","0","","2","","40 24:39.753","3","0","79 57:19.932","0","0","0","0","2301","0","0","0","N","0","0","0","2","02301","0","","1.0","","9","N","N","","0","","0","0","1","","2","N","","2","0","0","0","0","0","0","2","0","2","","","","N","","","","","","","","","",""
"2008110264","","1","0","0","0","0","0","0","0","0","4","0","","02","9","2008","3","40.427936","-80.053727","","11","0","0","0","0","1","0","0","0","","0","0","0","","","1","","1","","40 25:40.571","","0","80 03:13.418","8","0","0","1","2301","0","0","0","N","0","0","0","3","02301","0","","1.0","","1","N","N","","0","","0","0","0","","2","","","2","1","0","0","0","1","0","2","0","2","","","","N","","","","","","","","","",""
"2008110265","","1","0","0","0","0","0","0","0","0","1","0","","02","9","2008","5","40.4299","-80.0287","","11","0","0","0","0","0","0","0","0","","0","0","0","","","0","","3","","40 25:47.640","","2","80 01:43.320","0","0","0","0","2301","0","0","0","N","0","0","0","2","02301","0","","1.0","","1","N","N","","0","","0","0","1","","4","","","2","0","0","0","0","0","0","2","0","2","","","","N","","","","","","","","","",""
"2008110266","","1","0","0","0","0","0","0","0","0","4","0","","02","9","2008","5","","","","11","0","0","0","0","0","0","1","0","","0","0","0","","","2","","1","","","","0","","8","0","0","0","2301","0","0","0","N","0","0","0","4","02301","0","","1.0","","1","N","N","","0","","0","0","1","","2","","","2","2","0","0","0","2","0","1","0","2","","","","N","","","","","","","","","",""
"2008110267","","1","0","0","0","0","0","0","0","0","4","0","","02","9","2008","4","40.4389","-80.0153","","11","0","0","0","0","0","0","0","0","2","0","0","0","","","0","","6","","40 26:20.040","6","2","80 00:55.080","0","0","0","0","2301","0","0","0","N","0","0","0","2","02301","0","","1.0","","1","N","N","","0","","0","0","1","","0","N","","2","0","0","0","0","0","0","2","0","2","","","","N","","","","","","","","","",""
"2008110268","","2","0","0","0","0","0","0","0","0","4","0","","02","9","2008","4","40.462475","-79.924362","","11","0","0","0","0","0","1","0","0","","0","0","0","","","0","","1","","40 27:44.910","","0","79 55:27.703","0","0","0","0","2301","0","0","0","N","0","0","0","3","02301","0","","1.0","","1","N","N","","0","","0","0","0","","3","","","2","0","0","0","0","0","0","2","0","2","","","","N","","","","","","","","","",""
"2008110269","","2","0","0","0","0","0","0","0","0","4","0","","02","9","2008","1","40.463938","-79.924451","","11","0","0","0","0","0","0","0","1","3","0","0","0","","","1","","1","","40 27:50.176","7","0","79 55:28.022","8","0","0","0","2301","0","0","0","N","0","0","0","2","02301","0","","1.0","","1","N","N","","0","","0","0","0","","2","Y","","2","1","0","0","0","1","0","2","0","2","","","","N","","","","","","","","","",""
"2008110270","","3","0","0","0","0","0","0","0","0","1","0","","02","9","2008","7","40.458652","-79.907957","","11","0","0","0","0","0","1","0","0","","0","0","0","","","1","","0","","40 27:31.147","","0","79 54:28.645","8","0","0","0","2301","0","0","0","N","0","0","0","2","02301","0","","1.0","","1","N","N","","0","","0","0","0","","0","","","3","1","0","0","0","1","0","2","0","3","","","","N","","","","","","","","","",""
"2008110272","","1","0","0","0","0","0","0","0","0","7","0","","02","9","2008","7","40.410039","-80.005144","","11","0","0","0","0","1","0","0","0","","0","0","0","","","2","","0","","40 24:36.140","","0","80 00:18.517","2","0","0","0","2301","0","0","0","N","0","0","0","2","02301","0","","4.0","","1","N","N","","0","","0","2","0","","0","","","1","2","1","0","1","0","0","2","0","1","","","","N","","","","","","","","","",""
"2008110273","","0","0","0","0","0","0","0","0","0","8","0","","02","9","2008","2","40.438707","-79.9996","","11","0","0","0","0","0","0","0","0","","0","0","0","","","1","","1","","40 26:19.345","","0","79 59:58.560","4","0","0","0","2301","1","0","0","","1","0","0","2","02301","1","","1.0","","1","N","N","","1","","0","0","0","","2","","","2","1","0","0","0","0","0","2","0","1","","","","N","","","","","","","","","",""
"2008110281","","0","0","0","0","0","0","0","0","0","7","0","","02","9","2008","6","40.475","-79.8495","","11","0","0","0","0","0","0","0","0","","0","0","0","","","2","","0","","40 28:30.000","","0","79 50:58.200","4","0","0","0","2113","0","0","0","N","0","0","0","2","02113","2","","2.0","","1","N","N","","0","","0","0","1","","0","","","1","2","2","0","0","0","0","2","0","1","","","","N","","","","","","","","","",""
"2008110282","","2","0","0","0","0","0","0","0","0","2","0","","02","9","2008","1","40.454761","-79.835118","","11","0","0","0","0","0","0","0","0","1","0","0","0","","","1","","0","","40 27:17.139","7","0","79 50:06.424","8","0","0","0","2113","0","0","0","N","0","0","0","1","02113","0","","2.0","","1","N","N","","0","","0","0","0","","0","N","","2","1","0","0","0","1","0","2","0","2","","","","N","","","","","","","","","",""
"2008110283","","1","0","0","0","0","0","0","0","0","2","0","","02","9","2008","3","","","","11","0","0","0","0","1","0","0","0","","0","0","0","","","1","","0","","","","0","","2","0","1","1","2113","0","0","0","N","0","0","0","2","02113","0","","1.0","","1","N","N","","0","","0","1","0","","0","","","2","1","1","0","0","0","0","1","0","2","","","","N","","","","","","","","","",""
"2008110284","","1","0","0","0","0","0","0","0","0","4","0","","02","9","2008","5","40.46576","-79.824733","","11","0","0","0","0","0","1","0","0","1","0","0","0","","","1","","2","","40 27:56.736","1","0","79 49:29.038","4","0","0","0","2113","0","0","0","N","0","0","0","2","02113","1","","1.0","","1","Y","N","","1","","0","0","0","","3","N","","2","1","0","0","0","0","0","2","0","2","","","","N","","","","","","","","","",""
"2008110285","","2","0","0","0","0","0","0","0","0","2","0","","02","9","2008","7","40.4359","-79.9729","","11","0","0","0","0","0","0","0","0","1","0","0","0","","","3","","0","","40 26:09.240","2","3","79 58:22.440","2","0","0","0","2301","0","0","0","N","0","0","0","4","02301","1","","1.0","","1","N","N","","0","","1","1","0","","0","N","","2","3","2","0","1","0","0","2","0","2","","","","N","","","","","","","","","",""
"2008110286","","1","0","0","0","0","0","0","0","0","4","1","","02","9","2008","5","40.421569","-80.029724","","11","0","0","0","0","0","0","1","0","","0","1","0","","","0","","0","","40 25:17.648","","7","80 01:47.006","0","0","0","0","2301","0","0","0","N","0","0","0","2","02301","0","","1.0","","1","N","N","","0","","0","0","0","","0","","","2","0","0","0","0","0","0","2","0","2","","","","N","","","","","","","","","",""
"2008110310","","1","0","0","0","0","0","0","0","0","4","0","","02","10","2008","6","40.475864","-80.099965","","11","0","0","0","0","0","0","0","1","2","0","0","0","","","1","","0","","40 28:33.110","4","0","80 05:59.874","4","0","0","0","2126","0","0","0","N","0","0","0","2","02126","1","","1.0","","1","N","N","","0","","0","0","0","","0","N","","2","1","0","0","0","0","0","2","1","2","","","","N","","","","","","","","","",""
"2008110315","","1","0","0","0","0","0","0","0","0","7","0","35","02","10","2008","7","40.5419","-79.8334","","11","0","0","0","0","1","0","0","0","9","0","0","0","","","1","","0","","40 32:30.840","5","0","79 50:00.240","4","0","0","0","2208","0","0","0","Y","0","0","0","1","02208","1","","4.0","","1","N","N","","0","","0","0","0","","8","Y","","1","1","0","0","0","0","0","2","0","1","","","N","Y","5","1","Y","","N","","","","",""
"2008110327","","0","0","0","0","0","0","0","0","0","7","0","","02","10","2008","4","40.227319","-79.889353","","11","0","0","0","0","0","0","0","0","2","0","0","0","","","1","","0","","40 13:38.348","4","0","79 53:21.670","4","0","0","0","2204","0","0","0","N","0","0","0","1","02204","1","","4.0","","9","N","N","","1","","0","0","0","","0","N","","1","1","0","0","0","0","0","1","0","1","","","","N","","","","","","","","","",""
"2008110337","","2","0","0","0","0","0","0","0","0","2","0","","02","10","2008","6","40.45082","-79.713563","","11","0","0","0","0","0","1","0","0","2","0","0","0","","","1","","1","","40 27:02.953","3","0","79 42:48.828","4","0","0","0","2466","0","0","0","N","0","0","0","2","02466","1","","1.0","","1","N","N","","0","","0","0","0","","2","N","","2","1","0","0","0","0","0","2","0","2","","","","N","","","","","","","","","",""
"2008110342","","2","0","0","0","0","0","0","0","0","1","0","","02","10","2008","6","40.548721","-79.838129","","11","0","0","0","0","0","0","0","0","1","0","0","0","","","0","","2","","40 32:55.396","3","0","79 50:17.265","0","0","0","0","2208","0","0","0","N","0","0","0","2","02208","0","","1.0","","1","N","N","","0","","0","0","0","","0","N","","2","0","1","0","0","0","0","2","0","2","","","","N","","","","","","","","","",""
"2008110345","","1","0","0","0","0","0","0","0","0","0","0","","02","10","2008","6","40.607556","-79.844169","","11","0","0","0","0","0","0","0","0","2","0","0","0","","","1","","0","","40 36:27.201","3","0","79 50:39.008","4","0","0","0","2220","0","0","0","N","0","0","0","1","02220","1","","1.0","","1","N","N","","0","","0","0","0","","0","Y","","1","1","0","0","0","0","0","2","0","1","","","","N","","","","","","","","","",""
"2008110473","","1","0","0","0","0","0","0","0","0","7","0","55","02","10","2008","4","40.5516","-79.83","","11","0","0","0","0","0","0","0","0","","0","0","0","","","0","","0","","40 33:05.760","","0","79 49:48.000","0","0","0","0","2208","0","0","0","N","0","0","0","1","68T02","0","","3.0","","9","N","N","","0","","0","0","0","","0","","","1","0","0","0","0","0","0","2","0","1","","","N","Y","5","1","N","N","N","N","N","Y","N",""
"2008110475","","1","0","0","0","0","0","0","0","0","7","0","","02","10","2008","4","40.660923","-80.119359","","11","0","0","0","0","0","0","0","0","1","0","0","0","","","1","","0","","40 39:39.321","6","0","80 07:09.694","8","0","0","0","2212","0","0","0","N","0","0","0","1","02505","0","","4.0","","9","N","N","","0","","0","0","0","","0","N","","1","1","0","0","0","1","0","2","0","1","","","","N","","","","","","","","","",""
"2008110479","","1","0","0","0","0","0","0","0","0","4","0","","02","10","2008","6","40.515677","-79.877136","","11","0","0","0","0","0","1","0","0","","0","0","0","","","0","","1","","40 30:56.437","","0","79 52:37.689","9","0","0","0","2432","0","0","0","N","0","0","0","2","02432","0","","1.0","","1","N","N","","0","","0","0","1","","3","","","2","0","0","0","0","0","2","2","0","2","","","","N","","","","","","","","","",""
"2008110490","","0","0","0","0","0","0","0","0","0","0","0","","02","9","2008","5","40.465624","-79.955335","","11","0","0","0","0","0","0","0","0","","0","0","0","","","1","","0","","40 27:56.247","","0","79 57:19.206","8","0","0","0","2301","0","0","0","N","0","0","0","2","02301","0","","1.0","","1","N","N","","1","","0","0","0","","0","","","1","1","0","0","0","1","0","2","0","1","","","","N","","","","","","","","","",""
"2008110491","","1","0","0","0","0","0","0","0","0","99","0","","02","9","2008","6","40.469","-79.8263","","11","0","0","0","0","0","0","0","0","1","0","0","0","","","0","","0","","40 28:08.400","6","0","79 49:34.680","0","0","0","0","2113","0","0","0","N","0","0","0","1","02113","0","","4.0","","1","N","N","","0","","0","0","0","","0","N","","1","0","0","0","0","0","0","2","0","1","","","","N","","","","","","","","","",""
"2008110503","","0","0","0","0","0","0","0","0","0","6","1","","02","10","2008","5","40.5315","-79.9602","","11","0","0","0","0","0","0","1","0","1","0","1","0","","","0","","3","","40 31:53.400","5","0","79 57:36.720","0","0","0","0","2118","0","0","0","N","0","0","0","2","02118","0","","1.0","","1","N","N","","1","","0","0","0","","0","Y","","2","0","0","0","0","0","0","2","0","2","","","","N","","","","","","","","","",""
"2008110525","","3","0","0","0","0","0","0","0","0","1","0","20","02","10","2008","5","40.423635","-80.106488","","11","0","0","0","0","0","1","0","0","","0","0","0","","","1","","0","","40 25:25.086","","2","80 06:23.356","4","0","0","0","2102","0","0","0","N","0","0","0","4","68B03","1","","1.0","","9","N","N","","1","","0","0","0","","8","","","4","1","0","0","0","0","0","2","0","4","","","Y","Y","4","1","N","N","N","N","N","N","Y",""
"2008110619","","1","0","0","0","0","0","0","0","0","7","0","","02","10","2008","7","40.3008","-79.9241","","11","0","0","0","0","0","1","0","0","1","0","0","0","","","0","","0","","40 18:02.880","1","0","79 55:26.760","0","0","0","0","2440","0","0","0","Y","0","0","0","1","02440","0","","5.0","","1","N","N","","0","","0","0","0","","0","Y","","1","0","0","0","0","0","0","2","0","1","","","","N","","","","","","","","","",""
"2008110638","","0","0","0","0","0","0","0","0","0","7","0","","02","9","2008","6","40.369878","-79.786878","","11","0","0","1","0","0","0","0","0","3","0","0","0","","","1","","2","","40 22:11.560","5","0","79 47:12.760","3","0","0","0","2111","0","0","0","N","0","0","0","2","02111","0","","5.0","","1","N","N","","0","","1","0","1","","0","Y","","1","1","0","0","0","0","0","2","0","1","","","","N","","","","","","","","","",""
"2008110645","","1","0","0","0","0","0","0","0","0","4","0","","02","10","2008","6","40.3678","-80.104","","11","0","0","0","0","0","0","0","0","1","0","0","0","","","1","","0","","40 22:04.080","4","7","80 06:14.400","8","0","0","1","2102","0","0","0","N","0","0","0","2","02102","0","","1.0","","1","N","N","","0","","0","0","0","","2","N","","2","1","0","0","0","1","0","2","0","2","","","","N","","","","","","","","","",""
"2008110652","","1","0","0","0","0","0","0","0","0","7","0","","02","10","2008","6","40.6576","-79.9614","","11","0","0","0","0","0","0","1","0","","0","0","0","","","1","","0","","40 39:27.360","","0","79 57:41.040","8","0","0","0","2217","0","0","0","N","0","0","0","1","02505","0","","5.0","","1","N","N","","0","","0","0","0","","0","","","1","1","0","0","0","1","0","2","0","1","","","","N","","","","","","","","","",""
"2008110656","","1","0","0","0","0","0","0","0","0","1","0","","02","10","2008","7","40.386663","-80.046159","","11","0","0","0","0","0","2","0","0","","0","0","0","","","0","","1","","40 23:11.986","","0","80 02:46.172","9","0","0","0","2109","0","0","0","N","0","0","0","2","02109","0","","1.0","","1","N","N","","1","","0","0","0","","0","","","2","0","0","0","0","0","1","2","0","2","","","","N","","","","","","","","","",""
"2008110658","","1","0","0","0","0","0","0","0","0","7","0","","02","9","2008","6","40.5869","-80.0953","","11","0","0","0","0","0","0","0","0","","0","0","0","","","0","","0","","40 35:12.840","","0","80 05:43.080","0","0","0","0","2481","0","0","0","N","0","0","0","1","02481","0","","4.0","","9","N","N","","0","","0","0","0","","0","","","1","0","0","0","0","0","0","2","0","1","","","","N","","","","","","","","","",""
"2008110659","","1","0","0","0","0","0","0","0","0","7","0","","02","10","2008","5","40.576947","-80.072223","","11","1","0","0","0","0","0","0","0","","0","0","0","","","0","","0","","40 34:37.009","","0","80 04:20.002","0","0","0","0","2481","0","0","0","N","0","0","0","1","02481","0","","4.0","","9","N","N","","0","","0","0","0","","0","","","1","0","0","0","0","0","0","2","0","1","","","","N","","","","","","","","","",""
"2008110668","","2","0","0","0","0","0","0","0","0","5","0","","02","10","2008","4","","","","11","0","0","0","0","1","0","0","0","1","0","0","0","","","0","","0","","40 27:51.12","2","0","80 11:40.56","0","0","0","0","2213","0","0","0","Y","0","0","0","3","68B03","0","","1.0","","9","N","N","","0","","0","0","0","","4","N","","2","0","0","0","0","0","0","2","0","2","","","","N","","","","","","","","","",""
"2008110669","","2","0","0","0","0","0","0","0","0","1","0","","02","10","2008","5","","","","11","0","0","0","0","0","0","0","1","","0","0","0","","","0","","0","","40 30:25.56","","0","80 02:09.96","0","0","0","0","2116","0","0","0","N","0","0","0","2","68B03","0","","1.0","","1","N","N","","0","","0","0","0","","0","","","2","0","0","0","0","0","0","2","0","2","","","","N","","","","","","","","","",""
"2008110689","","1","0","0","0","0","0","0","0","0","0","0","","02","9","2008","3","40.3069","-79.9053","","11","0","0","0","0","1","0","0","0","","0","0","0","","","1","","0","","40 18:24.840","","0","79 54:19.080","8","0","0","0","2440","0","0","0","N","0","0","0","2","02440","0","","1.0","","1","N","N","","0","","0","0","0","","0","","","1","1","2","0","0","1","0","2","0","1","","","","N","","","","","","","","","",""
"2008110695","","1","0","0","0","0","0","0","0","0","8","0","","02","9","2008","1","40.39589","-79.841408","","11","0","0","0","0","0","0","0","0","3","1","0","0","","","0","","0","","40 23:45.203","6","0","79 50:29.068","1","0","0","0","2425","1","1","0","N","1","1","0","2","02501","0","2","6.0","","1","N","N","","0","0","0","0","0","","0","Y","","2","0","1","0","0","0","0","2","0","1","","","","N","","","","","","","","","",""
"2008110699","","1","0","0","0","0","0","0","0","0","4","0","","02","10","2008","6","40.438198","-79.774266","","11","0","1","0","0","0","0","0","0","1","0","0","0","","","0","","1","","40 26:17.512","6","0","79 46:27.358","0","0","0","0","2446","0","0","0","N","0","0","0","2","02446","0","","1.0","","1","N","N","","0","","0","0","1","","2","N","","2","0","0","0","0","0","0","2","0","2","","","","N","","","","","","","","","",""
"2008110700","","2","0","0","0","0","0","0","0","0","2","0","","02","10","2008","4","40.653167","-79.843092","","11","0","0","0","0","0","1","0","0","","0","0","0","","","0","","0","","40 39:11.401","","0","79 50:35.131","0","0","0","0","2220","0","0","0","N","0","0","0","2","02220","0","","1.0","","1","N","N","","0","","0","0","0","","0","","","2","0","0","0","0","0","0","1","0","2","","","","N","","","","","","","","","",""
"2008110720","","1","0","0","0","0","0","0","0","0","1","0","","02","10","2008","5","40.369663","-79.77829","","11","0","0","0","0","0","0","1","0","","0","0","0","","","1","","2","","40 22:10.786","","0","79 46:41.845","8","0","0","0","2111","0","0","0","N","0","0","0","2","02111","0","","1.0","","1","N","N","","1","","0","0","0","","2","","","2","1","0","0","0","1","0","2","0","2","","","","N","","","","","","","","","",""
"2008110721","","1","0","0","0","0","0","0","0","0","8","0","","02","10","2008","5","40.667184","-80.100144","","11","0","0","0","0","0","1","0","0","2","0","0","0","","","1","","0","","40 40:01.862","4","0","80 06:00.518","4","0","0","0","2212","1","0","0","N","1","0","0","2","02505","1","","1.0","","1","N","N","","0","","0","0","0","","0","N","","2","1","0","0","0","0","0","2","0","1","","","","N","","","","","","","","","",""
"2008110737","","1","0","0","0","0","0","0","0","0","2","0","","02","10","2008","1","40.4093","-80.086","","11","0","0","0","0","0","1","0","0","","0","0","0","","","0","","0","","40 24:33.480","","7","80 05:09.600","0","0","0","0","2415","0","0","0","N","0","0","0","1","02415","0","","4.0","","1","N","N","","0","","0","0","1","","0","","","2","0","0","0","0","0","0","2","0","2","","","","N","","","","","","","","","",""
"2008110739","","0","0","0","0","0","0","0","0","0","7","0","","02","10","2008","7","40.226462","-79.841766","","11","0","0","0","0","0","0","0","0","2","0","0","0","","","1","","2","","40 13:35.263","3","0","79 50:30.357","4","0","0","0","2105","0","0","0","N","0","0","0","1","02105","1","","5.0","","1","N","N","","1","","0","0","0","","0","Y","","1","1","1","0","0","0","0","2","0","1","","","","N","","","","","","","","","",""
"2008110767","","1","0","0","0","0","0","0","0","0","7","0","","02","9","2008","2","","","","11","0","0","0","1","0","0","0","0","","0","0","0","","","3","","0","","40 24:52.20","","0","80 04:58.08","8","0","0","0","2415","0","0","0","N","0","0","0","4","68B03","0","","4.0","","1","N","N","","0","","0","0","0","","0","","","1","3","0","0","0","3","0","2","0","1","","","","N","","","","","","","","","",""
"2008110808","","0","0","0","0","0","0","0","0","0","99","0","","02","10","2008","1","40.32615","-79.793756","","11","0","0","0","0","0","0","0","0","2","0","0","0","","","2","","0","","40 19:34.141","6","0","79 47:37.523","4","0","0","1","2477","0","0","0","N","0","0","0","2","02477","1","","1.0","","1","N","N","","0","","0","0","0","","0","Y","","1","2","0","0","0","1","0","2","0","1","","","","N","","","","","","","","","",""
"2008110809","","1","0","0","0","0","0","0","0","0","7","0","","02","10","2008","7","40.2697","-79.9658","","11","0","0","0","0","0","1","0","0","","0","0","0","","","0","","6","","40 16:10.920","","2","79 57:56.880","0","0","0","0","2440","0","0","0","N","0","0","0","2","68T09","0","","3.0","","1","N","N","","0","","0","0","0","","0","","","1","0","0","0","0","0","0","2","0","1","","","","N","","","","","","","","","",""
"2008110821","","0","0","0","0","0","0","0","0","0","7","0","","02","10","2008","1","40.446433","-79.848384","","11","0","0","0","0","0","1","0","0","","0","0","0","","","0","","2","","40 26:47.159","","0","79 50:54.182","0","0","0","0","2419","0","0","0","N","0","0","0","1","02419","0","","5.0","","1","N","N","","1","","0","0","0","","3","","","1","0","0","0","0","0","0","2","0","1","","","","N","","","","","","","","","",""
"2008110826","","1","0","0","1","0","0","0","0","0","4","0","","02","10","2008","1","40.390933","-80.059252","","11","0","0","0","0","0","1","0","0","","0","0","0","","","1","","10","","40 23:27.358","","7","80 03:33.308","8","0","0","0","2117","1","0","0","N","0","0","0","2","02117","0","","2.0","","1","N","N","","0","","0","0","0","","0","","","2","1","0","0","0","1","0","2","0","1","","","","N","","","","","","","","","",""
"2008110833","","2","0","0","0","0","0","0","0","0","1","1","40","02","10","2008","5","40.6225","-80.0539","","11","0","0","0","0","0","1","0","1","2","0","1","0","","","2","","0","","40 37:21.000","1","0","80 03:14.040","3","0","0","0","2216","0","0","0","N","0","0","0","3","02505","0","","6.0","","1","N","N","","0","","2","0","0","","2","Y","","3","2","0","0","0","0","0","1","0","3","","","Y","Y","4","1","","","N","Y","","Y","Y",""
"2008110834","","0","0","0","0","0","0","0","0","0","8","0","","02","10","2008","2","40.461196","-79.870194","","11","0","0","0","0","0","0","0","0","3","0","0","0","","","1","","1","","40 27:40.306","4","0","79 52:12.699","2","0","0","0","2113","1","0","1","N","1","0","1","2","02113","0","","1.0","","1","N","N","","0","","0","1","1","","2","N","","2","1","0","0","0","0","0","2","0","1","","","","N","","","","","","","","","",""
"2008110836","","0","0","0","0","0","0","0","0","0","1","0","","02","10","2008","5","40.61706","-79.945892","","11","0","0","0","1","0","0","0","0","1","0","0","0","","","1","","2","","40 37:01.415","1","0","79 56:45.212","8","0","0","0","2217","0","0","0","N","0","0","0","3","02505","0","","1.0","","1","N","N","","0","","0","0","3","","0","Y","","3","1","0","0","0","1","0","2","0","3","","","","N","","","","","","","","","",""
"2008110844","","0","0","0","0","0","0","0","0","0","7","0","","02","10","2008","5","40.647688","-79.970704","","11","0","0","0","0","0","1","0","0","2","0","0","0","","","1","","2","","40 38:51.676","7","0","79 58:14.534","8","0","0","0","2217","0","0","0","N","0","0","0","1","02505","0","","5.0","","1","N","N","","1","","0","0","0","","0","Y","","1","1","1","0","0","1","0","1","0","1","","","","N","","","","","","","","","",""
"2008110848","","0","0","0","0","0","0","1","0","0","5","1","","02","10","2008","6","40.422114","-79.854491","","11","0","0","0","0","0","0","1","0","","0","0","0","","","3","","1","","40 25:19.611","","0","79 51:16.169","4","0","0","0","2431","0","0","0","N","0","0","0","16","02503","3","","1.0","","1","N","N","","1","","0","0","0","","8","","","2","3","0","0","0","0","1","2","0","2","","","","N","","","","","","","","","",""