"CRN","ARRIVAL_TM","AUTOMOBILE_COUNT","BELTED_DEATH_COUNT","BELTED_SUSP_SERIOUS_INJ_COUNT","BICYCLE_COUNT","BICYCLE_DEATH_COUNT","BICYCLE_SUSP_SERIOUS_INJ_COUNT","BUS_COUNT","CHLDPAS_DEATH_COUNT","CHLDPAS_SUSP_SERIOUS_INJ_COUNT","COLLISION_TYPE","COMM_VEH_COUNT","CONS_ZONE_SPD_LIM","COUNTY","CRASH_MONTH","CRASH_YEAR","DAY_OF_WEEK","DEC_LATITUDE","DEC_LONGITUDE","DISPATCH_TM","DISTRICT","DRIVER_COUNT_16YR","DRIVER_COUNT_17YR","DRIVER_COUNT_18YR","DRIVER_COUNT_19YR","DRIVER_COUNT_20YR","DRIVER_COUNT_50_64YR","DRIVER_COUNT_65_74YR","DRIVER_COUNT_75PLUS","EST_HRS_CLOSED","FATAL_COUNT","HEAVY_TRUCK_COUNT","HORSE_BUGGY_COUNT","HOUR_OF_DAY","ILLUMINATION","INJURY_COUNT","INTERSECTION_RELATED","INTERSECT_TYPE","LANE_CLOSED","LATITUDE","LN_CLOSE_DIR","LOCATION_TYPE","LONGITUDE","MAX_SEVERITY_LEVEL","MCYCLE_DEATH_COUNT","MCYCLE_SUSP_SERIOUS_INJ_COUNT","MOTORCYCLE_COUNT","MUNICIPALITY","NONMOTR_COUNT","NONMOTR_DEATH_COUNT","NONMOTR_SUSP_SERIOUS_INJ_COUNT","NTFY_HIWY_MAINT","PED_COUNT","PED_DEATH_COUNT","PED_SUSP_SERIOUS_INJ_COUNT","PERSON_COUNT","POLICE_AGCY","POSSIBLE_INJ_COUNT","RDWY_SURF_TYPE_CD","RELATION_TO_ROAD","ROADWAY_CLEARED","ROAD_CONDITION","SCH_BUS_IND","SCH_ZONE_IND","SECONDARY_CRASH","SMALL_TRUCK_COUNT","SPEC_JURIS_CD","SUSP_MINOR_INJ_COUNT","SUSP_SERIOUS_INJ_COUNT","SUV_COUNT","TCD_FUNC_CD","TCD_TYPE","TFC_DETOUR_IND","TIME_OF_DAY","TOTAL_UNITS","TOT_INJ_COUNT","UNBELTED_OCC_COUNT","UNB_DEATH_COUNT","UNB_SUSP_SERIOUS_INJ_COUNT","UNK_INJ_DEG_COUNT","UNK_INJ_PER_COUNT","URBAN_RURAL","VAN_COUNT","VEHICLE_COUNT","WEATHER1","WEATHER2","WORKERS_PRES","WORK_ZONE_IND","WORK_ZONE_LOC","WORK_ZONE_TYPE","WZ_CLOSE_DETOUR","WZ_FLAGGER","WZ_LAW_OFFCR_IND","WZ_LN_CLOSURE","WZ_MOVING","WZ_OTHER","WZ_SHLDER_MDN","WZ_WORKERS_INJ_KILLED"
"2008110850","","3","0","0","0","0","0","0","0","0","1","0","","02","10","2008","2","40.445022","-79.828207","","11","0","0","0","0","0","1","0","0","1","0","0","0","","","1","","2","","40 26:42.078","2","0","79 49:41.545","8","0","0","0","2113","0","0","0","N","0","0","0","8","02113","0","","1.0","","1","N","N","","0","","0","0","0","","3","N","","4","1","0","0","0","1","0","2","1","4","","","","N","","","","","","","","","",""
"2008110854","","1","0","0","0","0","0","0","0","0","6","0","","02","10","2008","2","40.5329","-79.861982","","11","0","0","0","0","0","0","0","1","2","0","0","0","","","0","","0","","40 31:58.440","4","0","79 51:43.135","0","0","0","0","2432","0","0","0","N","0","0","0","3","02432","0","","1.0","","1","N","N","","1","","0","0","0","","0","Y","","2","0","0","0","0","0","0","2","0","2","","","","N","","","","","","","","","",""
"2008110873","","2","0","0","0","0","0","0","0","0","1","0","","02","10","2008","5","40.5497","-79.9593","","11","0","1","0","0","0","1","0","0","2","0","0","0","","","0","","0","","40 32:58.920","1","0","79 57:33.480","0","0","0","0","2118","0","0","0","N","0","0","0","7","02118","0","","1.0","","1","N","N","","0","","0","0","0","","2","N","","3","0","1","0","0","0","0","2","1","3","","","","N","","","","","","","","","",""
"2008110876","","1","0","0","0","0","0","0","0","0","7","0","","02","10","2008","2","40.378591","-79.804951","","11","0","0","0","0","0","0","0","0","1","0","0","0","","","0","","0","","40 22:42.928","6","0","79 48:17.824","0","0","0","0","2111","0","0","0","N","0","0","0","1","02111","0","","2.0","","1","N","N","","0","","0","0","0","","0","N","","1","0","0","0","0","0","0","2","0","1","","","","N","","","","","","","","","",""
"2008110885","","2","0","0","0","0","0","1","0","0","1","1","","02","9","2008","2","40.438856","-79.763961","","11","0","0","0","0","0","1","0","0","2","0","0","0","","","0","","0","","40 26:19.880","3","0","79 45:50.260","0","0","0","0","2446","0","0","0","N","0","0","0","5","02446","0","","1.0","","1","N","N","","0","","0","0","0","","0","N","","3","0","0","0","0","0","0","2","0","3","","","","N","","","","","","","","","",""
"2008110888","","1","0","0","0","0","0","0","0","0","1","0","","02","10","2008","1","40.2171","-79.8425","","11","0","1","0","0","0","1","0","0","2","0","0","0","","","2","","1","","40 13:01.560","3","2","79 50:33.000","4","0","0","0","2204","0","0","0","N","0","0","0","3","02204","2","","1.0","","1","N","N","","1","","0","0","0","","0","N","","2","2","0","0","0","0","0","2","0","2","","","","N","","","","","","","","","",""
"2008110897","","2","0","1","0","0","0","0","0","0","2","0","","02","10","2008","1","40.3911","-79.766","","11","0","0","0","0","0","0","0","0","","0","0","0","","","2","","1","","40 23:27.960","","0","79 45:57.600","2","0","0","0","2446","0","0","0","N","0","0","0","3","02446","1","","1.0","","1","N","N","","0","","0","1","0","","2","","","2","2","0","0","0","0","0","2","0","2","","","","N","","","","","","","","","",""
"2008110908","","1","0","0","0","0","0","0","0","0","2","0","","02","9","2008","2","40.412571","-79.856331","","11","0","0","0","0","0","1","0","0","","0","0","0","","","2","","1","","40 24:45.254","","0","79 51:22.791","8","0","0","0","2411","0","0","0","Y","0","0","0","2","02411","0","","1.0","","1","N","N","","0","","0","0","1","","3","","","2","2","0","0","0","2","0","2","0","2","","","","N","","","","","","","","","",""
"2008110923","","1","0","0","0","0","0","0","0","0","4","0","","02","10","2008","3","40.3918","-80.0609","","11","0","0","0","0","0","0","0","1","2","0","0","0","","","0","","3","","40 23:30.480","2","0","80 03:39.240","0","0","0","0","2109","0","0","0","N","0","0","0","5","02109","0","","1.0","","1","N","N","","1","","0","0","0","","3","N","","2","0","0","0","0","0","0","2","0","2","","","","N","","","","","","","","","",""
"2008110928","","1","0","0","0","0","0","0","0","0","1","1","","02","10","2008","3","40.5128","-80.2539","","11","0","0","0","0","0","0","0","0","2","0","1","0","","","1","","0","","40 30:46.080","6","0","80 15:14.040","4","0","0","0","2213","0","0","0","N","0","0","0","2","02213","1","","1.0","","1","N","N","","0","","0","0","0","","0","N","","2","1","1","0","0","0","0","2","0","2","","","","N","","","","","","","","","",""
"2008110929","","0","0","0","0","0","0","0","0","0","1","0","","02","10","2008","6","40.5109","-80.2135","","11","0","0","0","0","0","0","0","0","","0","0","0","","","1","","0","","40 30:39.240","","0","80 12:48.600","3","0","0","1","2213","0","0","0","N","0","0","0","4","02213","0","","1.0","","1","N","N","","0","","1","0","0","","0","","","2","1","0","0","0","0","0","2","1","2","","","","N","","","","","","","","","",""
"2008110930","","0","0","0","0","0","0","0","0","0","1","0","","02","10","2008","6","40.4679","-80.1978","","11","0","0","0","0","0","0","0","0","1","0","0","0","","","4","","0","","40 28:04.440","1","0","80 11:52.080","3","0","0","0","2213","0","0","0","N","0","0","0","9","02213","1","","1.0","","1","N","N","","0","","2","0","1","","0","N","","2","4","0","0","0","1","0","2","1","2","","","","N","","","","","","","","","",""
"2008110931","","1","0","0","0","0","0","0","0","0","7","0","","02","10","2008","1","40.510124","-80.236114","","11","0","0","0","0","0","0","0","0","","0","0","0","","","1","","0","","40 30:36.445","","0","80 14:10.011","3","0","0","0","2213","0","0","0","N","0","0","0","1","02213","0","","5.0","","1","N","N","","0","","1","0","0","","0","","","1","1","0","0","0","0","0","2","0","1","","","","N","","","","","","","","","",""
"2008110932","","0","0","0","0","0","0","0","0","0","0","1","","02","10","2008","6","40.4645","-80.1948","","11","0","0","1","0","0","0","0","0","","0","1","0","","","0","","0","","40 27:52.200","","0","80 11:41.280","0","0","0","0","2213","0","0","0","Y","0","0","0","3","02213","0","","1.0","","1","N","N","","0","","0","0","1","","0","","","2","0","0","0","0","0","0","2","0","2","","","","N","","","","","","","","","",""
"2008110993","","1","0","0","0","0","0","0","0","0","7","0","","02","9","2008","4","","","","11","0","0","0","0","0","1","0","0","","0","0","0","","","0","","0","","40 25:33.24","","0","79 53:53.88","0","0","0","0","2301","0","0","0","N","0","0","0","1","68B03","0","","3.0","","1","N","N","","0","","0","0","0","","0","","","1","0","0","0","0","0","0","2","0","1","","","","N","","","","","","","","","",""
"2008110994","","3","0","0","0","0","0","0","0","0","1","0","","02","9","2008","4","","","","11","0","0","0","0","0","1","0","0","1","0","0","0","","","0","","0","","40 25:36.12","3","4","79 55:03.72","0","0","0","0","2301","0","0","0","N","0","0","0","3","68B03","0","","1.0","","1","N","N","","0","","0","0","0","","0","N","","3","0","0","0","0","0","0","2","0","3","","","","N","","","","","","","","","",""
"2008110995","","1","0","0","0","0","0","0","0","0","7","0","","02","9","2008","6","","","","11","0","0","0","0","0","0","0","0","2","0","0","0","","","2","","0","","40 25:40.44","4","0","79 57:16.20","3","0","0","0","2301","0","0","0","N","0","0","0","2","68B03","1","","2.0","","9","N","N","","0","","1","0","0","","0","N","","1","2","1","0","0","0","0","2","0","1","","","","N","","","","","","","","","",""
"2008110996","","0","0","0","0","0","0","0","0","0","1","1","","02","10","2008","4","40.380273","-80.09774","","11","0","0","0","0","0","0","0","0","1","0","1","0","","","0","","0","","40 22:48.982","2","0","80 05:51.865","0","0","0","0","2102","0","0","0","N","0","0","0","3","68B03","0","","1.0","","1","N","N","","0","","0","0","1","","0","N","","2","0","0","0","0","0","0","2","0","2","","","","N","","","","","","","","","",""
"2008110997","","2","0","0","0","0","0","0","0","0","1","0","","02","10","2008","5","40.4767","-80.1184","","11","0","0","0","0","1","0","0","0","","0","0","0","","","1","","0","","40 28:36.120","","0","80 07:06.240","8","0","0","0","2115","0","0","0","N","0","0","0","5","68B03","0","","1.0","","1","N","N","","0","","0","0","0","","0","","","2","1","0","0","0","1","0","2","0","2","","","","N","","","","","","","","","",""
"2008110998","","1","0","0","0","0","0","0","0","0","1","0","","02","10","2008","4","","","","11","0","0","0","0","0","0","0","0","","0","0","0","","","2","","0","","40 24:39.96","","0","80 04:27.84","4","0","0","0","2117","0","0","0","N","0","0","0","3","68B03","2","","1.0","","9","N","N","","0","","0","0","0","","0","","","2","2","0","0","0","0","0","2","1","2","","","","N","","","","","","","","","",""
"2008110999","","2","0","0","0","0","0","0","0","0","1","0","","02","10","2008","6","","","","11","1","0","0","0","0","1","0","0","3","0","0","0","","","3","","0","","40 26:03.12","4","0","80 08:36.24","3","0","0","0","2115","0","0","0","N","0","0","0","4","68B03","2","","1.0","","1","N","N","","0","","1","0","1","","1","N","","3","3","0","0","0","0","0","2","0","3","","","","N","","","","","","","","","",""
"2008111000","","1","0","0","0","0","0","0","0","0","7","0","","02","10","2008","2","","","","11","0","0","0","0","0","0","0","0","","0","0","0","","","1","","0","","40 26:19.68","","3","79 45:29.16","4","0","0","0","2446","0","0","0","N","0","0","0","1","68B03","1","","2.0","","1","N","N","","0","","0","0","0","","0","","","1","1","0","0","0","0","0","2","0","1","","","","N","","","","","","","","","",""
"2008111017","","1","0","0","0","0","0","0","0","0","7","0","","02","10","2008","4","40.538343","-79.842388","","11","0","0","0","0","1","0","0","0","1","0","0","0","","","0","","0","","40 32:18.035","2","3","79 50:32.597","0","0","0","0","2208","0","0","0","N","0","0","0","2","68D02","0","","4.0","","9","N","N","","0","","0","0","0","","0","N","","1","0","0","0","0","0","0","2","0","1","","","","N","","","","","","","","","",""
"2008111019","","0","0","0","0","0","0","0","0","0","1","0","45","02","10","2008","1","40.533272","-79.847508","","11","0","0","0","0","0","0","0","0","","0","0","0","","","1","","0","","40 31:59.780","","3","79 50:51.030","4","0","0","0","2208","0","0","0","N","0","0","0","16","68D02","1","","1.0","","1","N","N","","0","","0","0","0","","8","","","3","1","0","0","0","0","0","2","3","3","","","N","Y","4","1","N","N","N","Y","N","N","N",""
"2008111139","","1","0","0","0","0","0","0","0","0","7","0","","02","10","2008","3","40.3945","-79.7743","","11","0","0","0","0","0","0","0","0","","0","0","0","","","0","","0","","40 23:40.200","","3","79 46:27.480","0","0","0","0","2111","0","0","0","Y","0","0","0","1","02111","0","","3.0","","1","N","N","","0","","0","0","0","","2","","","1","0","0","0","0","0","0","2","0","1","","","","N","","","","","","","","","",""
"2008111190","","1","0","0","0","0","0","0","0","0","0","0","","02","10","2008","3","40.362082","-79.849523","","11","0","0","0","0","0","0","0","0","1","0","0","0","","","0","","0","","40 21:43.494","1","0","79 50:58.284","0","0","0","0","2303","0","0","0","N","0","0","0","1","07201","0","","1.0","","1","N","N","","0","","0","0","0","","0","N","","1","0","1","0","0","0","0","2","0","1","","","","N","","","","","","","","","",""
"2008111195","","3","0","0","0","0","0","0","0","0","4","0","","02","10","2008","3","40.484933","-79.856437","","11","0","0","0","0","0","0","0","1","","0","0","0","","","0","","0","","40 29:05.758","","0","79 51:23.173","0","0","0","0","2113","0","0","0","Y","0","0","0","4","02113","0","","1.0","","1","N","N","","0","","0","0","0","","0","","","3","0","0","0","0","0","0","2","0","3","","","","N","","","","","","","","","",""
"2008111214","","2","0","0","0","0","0","0","0","0","4","0","","02","10","2008","3","40.395559","-79.815989","","11","0","0","0","0","0","1","0","0","2","0","0","0","","","0","","0","","40 23:44.011","7","0","79 48:57.562","0","0","0","0","2111","0","0","0","N","0","0","0","2","02111","0","","1.0","","1","N","N","","0","","0","0","2","","0","Y","","4","0","0","0","0","0","0","2","0","4","","","","N","","","","","","","","","",""
"2008111222","","2","0","0","0","0","0","0","0","0","4","0","","02","10","2008","7","40.5076","-80.2233","","11","0","0","0","0","0","0","0","1","1","0","0","0","","","0","","0","","40 30:27.360","2","7","80 13:23.880","0","0","0","0","2213","0","0","0","N","0","0","0","4","02213","0","","1.0","","1","N","N","","0","","0","0","0","","0","N","","2","0","0","0","0","0","0","2","0","2","","","","N","","","","","","","","","",""
"2008111223","","1","0","0","0","0","0","0","0","0","4","0","","02","10","2008","5","40.3287","-80.0506","","11","0","1","0","0","0","0","0","0","1","0","0","0","","","0","","1","","40 19:43.320","2","0","80 03:02.160","9","0","0","0","2407","0","0","0","N","0","0","0","3","02407","0","","1.0","","1","N","N","","0","","0","0","0","","3","N","","2","0","0","0","0","0","1","2","0","2","","","","N","","","","","","","","","",""
"2008111224","","2","0","0","0","0","0","0","0","0","1","0","","02","10","2008","4","40.3555","-80.003","","11","0","0","0","0","0","0","0","0","","0","0","0","","","1","","0","","40 21:19.800","","0","80 00:10.800","4","0","0","0","2407","0","0","0","N","0","0","0","3","02407","1","","1.0","","9","N","N","","0","","0","0","0","","0","","","2","1","1","0","0","0","0","2","0","2","","","","N","","","","","","","","","",""
"2008111225","","2","0","0","0","0","0","0","0","0","4","0","","02","10","2008","1","40.337426","-80.001527","","11","0","0","0","1","0","0","0","0","","0","0","0","","","0","","0","","40 20:14.733","","0","80 00:05.497","0","0","0","0","2407","0","0","0","N","0","0","0","3","02407","0","","1.0","","1","N","N","","0","","0","0","0","","0","","","2","0","2","0","0","0","0","2","0","2","","","","N","","","","","","","","","",""
"2008111226","","1","0","0","0","0","0","0","0","0","4","0","","02","10","2008","7","40.322202","-80.056705","","11","0","0","0","0","0","0","0","1","","0","0","0","","","0","","1","","40 19:19.927","","0","80 03:24.137","0","0","0","0","2407","0","0","0","N","0","0","0","3","02407","0","","1.0","","1","N","N","","1","","0","0","0","","3","","","2","0","0","0","0","0","0","2","0","2","","","","N","","","","","","","","","",""
"2008111227","","2","0","0","0","0","0","0","0","0","1","0","","02","10","2008","6","40.3362","-80.0063","","11","0","1","0","0","0","0","0","1","1","0","0","0","","","2","","0","","40 20:10.320","4","0","80 00:22.680","8","0","0","0","2407","0","0","0","N","0","0","0","5","02407","0","","1.0","","1","N","N","","0","","0","0","1","","0","N","","3","2","0","0","0","2","0","2","0","3","","","","N","","","","","","","","","",""
"2008111228","","2","0","0","0","0","0","0","0","0","4","0","","02","10","2008","3","40.3166","-80.0643","","11","0","0","0","1","0","1","0","0","","0","0","0","","","0","","2","","40 18:59.760","","0","80 03:51.480","0","0","0","0","2407","0","0","0","N","0","0","0","3","02407","0","","1.0","","1","N","N","","0","","0","0","0","","3","","","2","0","0","0","0","0","0","2","0","2","","","","N","","","","","","","","","",""
"2008111229","","2","0","0","0","0","0","0","0","0","1","0","","02","10","2008","6","40.2936","-80.0321","","11","0","0","0","0","1","1","0","0","","0","0","0","","","0","","0","","40 17:36.960","","0","80 01:55.560","0","0","0","1","2407","0","0","0","N","0","0","0","4","02407","0","","1.0","","1","N","N","","0","","0","0","0","","0","","","3","0","0","0","0","0","0","2","0","3","","","","N","","","","","","","","","",""
"2008111250","","1","0","0","0","0","0","0","0","0","7","0","","02","10","2008","4","","","","11","0","0","0","0","0","1","0","0","2","0","0","0","","","1","","0","","40 25:39.36","4","0","79 53:26.16","4","0","0","0","2426","0","0","0","N","0","0","0","1","68B03","1","","3.0","","9","N","N","","0","","0","0","0","","0","N","","1","1","0","0","0","0","0","2","0","1","","","","N","","","","","","","","","",""
"2008111251","","1","0","0","0","0","0","0","0","0","1","0","","02","10","2008","6","40.517863","-80.130889","","11","0","0","0","0","0","0","0","0","1","0","0","0","","","0","","2","","40 31:04.306","2","0","80 07:51.202","0","0","0","0","2434","0","0","0","N","0","0","0","3","68B03","0","","1.0","","1","N","N","","1","","0","0","0","","3","N","","2","0","0","0","0","0","0","2","0","2","","","","N","","","","","","","","","",""
"2008111337","","0","0","0","0","0","0","0","0","0","0","0","","02","9","2008","1","40.481529","-79.876121","","11","0","0","0","0","0","0","0","0","1","0","0","0","","","1","","2","","40 28:53.504","4","0","79 52:34.034","8","0","0","0","2301","0","0","0","","0","0","0","1","02301","0","","1.0","","1","N","N","","0","","0","0","0","","0","N","","1","1","0","0","0","1","0","2","1","1","","","","N","","","","","","","","","",""
"2008111339","","1","0","0","0","0","0","0","0","0","8","0","","02","9","2008","6","40.470507","-79.789227","","11","0","0","0","0","0","0","0","1","","0","0","0","","","1","","2","","40 28:13.825","","0","79 47:21.216","4","0","0","0","2113","1","0","0","N","1","0","0","2","02113","1","","1.0","","1","N","N","","0","","0","0","0","","0","","","2","1","0","0","0","0","0","2","0","1","","","","N","","","","","","","","","",""
"2008111340","","1","0","0","0","0","0","0","0","0","8","0","","02","10","2008","1","40.376616","-79.975507","","11","0","0","0","0","0","0","0","1","","0","0","0","","","1","","2","","40 22:35.817","","0","79 58:31.825","4","0","0","0","2413","1","0","0","N","1","0","0","3","02413","1","","1.0","","1","N","N","","0","","0","0","0","","0","","","2","1","0","0","0","0","0","2","0","1","","","","N","","","","","","","","","",""
"2008111341","","1","0","1","0","0","0","0","0","0","4","0","","02","10","2008","1","40.48862","-80.336846","","11","0","0","1","0","1","0","0","0","3","0","0","0","","","2","","2","","40 29:19.031","6","0","80 20:12.646","2","0","0","0","2203","0","0","0","N","0","0","0","2","02203","0","","1.0","","1","N","N","","1","","0","2","0","","0","N","","2","2","0","0","0","0","0","1","0","2","","","","N","","","","","","","","","",""
"2008111345","","2","0","0","0","0","0","0","0","0","2","0","","02","10","2008","3","40.441748","-79.769856","","11","0","0","0","0","0","0","0","1","1","0","0","0","","","1","","0","","40 26:30.292","6","0","79 46:11.481","4","0","0","0","2446","0","0","0","N","0","0","0","1","02446","1","","2.0","","1","N","N","","0","","0","0","0","","0","Y","","2","1","0","0","0","0","0","2","0","2","","","","N","","","","","","","","","",""
"2008111465","","0","0","0","0","0","0","0","0","0","8","0","","02","10","2008","1","40.64494","-79.849614","","11","0","0","0","0","0","0","0","0","2","0","0","0","","","1","","0","","40 38:41.784","6","0","79 50:58.612","3","0","0","0","2220","1","0","0","N","1","0","0","2","02220","0","","1.0","","1","N","N","","0","","1","0","0","","0","Y","","2","1","0","0","0","0","0","1","0","1","","","","N","","","","","","","","","",""
"2008111469","","1","0","0","0","0","0","0","0","0","7","0","","02","10","2008","4","40.369579","-80.045667","","11","0","0","0","0","0","0","0","0","1","0","0","0","","","0","","3","","40 22:10.484","3","0","80 02:44.401","0","0","0","0","2109","0","0","0","N","0","0","0","0","02109","0","","4.0","","1","N","N","","0","","0","0","0","","0","N","","1","0","0","0","0","0","0","2","0","1","","","","N","","","","","","","","","",""
"2008111490","","1","0","0","0","0","0","0","0","0","1","0","","02","10","2008","3","40.634988","-80.088623","","11","0","0","0","0","0","1","0","0","1","0","0","0","","","1","","0","","40 38:05.956","2","0","80 05:19.042","4","0","0","0","2412","0","0","0","N","0","0","0","1","02505","1","","1.0","","1","N","N","","1","","0","0","0","","0","N","","2","1","0","0","0","0","0","2","0","2","","","","N","","","","","","","","","",""
"2008111505","","2","0","0","0","0","0","0","0","0","4","0","","02","10","2008","3","40.492432","-79.906735","","11","0","1","0","0","0","0","0","0","1","0","0","0","","","2","","1","","40 29:32.755","5","0","79 54:24.245","3","0","0","0","2401","0","0","0","N","0","0","0","4","02401","1","","1.0","","1","N","N","","0","","1","0","0","","0","Y","","2","2","0","0","0","0","0","2","0","2","","","","N","","","","","","","","","",""
"2008111511","","0","0","0","0","0","0","0","0","0","1","0","","02","10","2008","4","40.526437","-79.844596","","11","0","1","0","0","0","1","0","0","","0","0","0","","","1","","0","","40 31:35.174","","3","79 50:40.544","4","0","0","0","2451","0","0","0","N","0","0","0","3","02451","1","","1.0","","9","N","N","","1","","0","0","2","","0","","","3","1","0","0","0","0","0","2","0","3","","","","N","","","","","","","","","",""
"2008111514","","2","0","0","0","0","0","0","0","0","4","0","","02","10","2008","4","40.381154","-79.811839","","11","0","0","0","0","0","0","0","0","","0","0","0","","","0","","2","","40 22:52.154","","0","79 48:42.619","0","0","0","0","2424","0","0","0","N","0","0","0","2","02424","0","","1.0","","1","N","N","","0","","0","0","0","","0","","","2","0","0","0","0","0","0","2","0","2","","","","N","","","","","","","","","",""
"2008111517","","2","0","0","0","0","0","0","0","0","4","0","","02","10","2008","4","40.475582","-79.707342","","11","0","0","0","0","0","0","0","0","","0","0","0","","","0","","1","","40 28:32.094","","0","79 42:26.430","0","0","0","0","2466","0","0","0","N","0","0","0","2","02466","0","","1.0","","9","N","N","","0","","0","0","0","","2","","","2","0","0","0","0","0","0","2","0","2","","","","N","","","","","","","","","",""
"2008111518","","0","0","0","0","0","0","0","0","0","4","0","","02","10","2008","4","40.6576","-79.966","","11","0","0","0","0","0","1","0","0","2","0","0","0","","","0","","0","","40 39:27.360","6","0","79 57:57.600","0","0","0","0","2217","0","0","0","Y","0","0","0","2","02505","0","","1.0","","9","N","N","","2","","0","0","0","","0","Y","","2","0","0","0","0","0","0","2","0","2","","","","N","","","","","","","","","",""
"2008111520","","1","0","0","0","0","0","0","0","0","4","0","","02","10","2008","6","40.469457","-80.12634","","11","0","0","0","0","0","0","0","0","","0","0","0","","","1","","2","","40 28:10.045","","0","80 07:34.824","4","0","0","0","2115","0","0","0","N","0","0","0","3","02115","1","","1.0","","1","N","N","","0","","0","0","0","","3","","","2","1","0","0","0","0","0","2","1","2","","","","N","","","","","","","","","",""
"2008111521","","1","0","0","0","0","0","0","0","0","99","0","","02","10","2008","2","40.4691","-80.1986","","11","0","0","0","0","0","0","0","0","","0","0","0","","","0","","0","","40 28:08.760","","0","80 11:54.960","0","0","0","0","2213","0","0","0","N","0","0","0","1","02213","0","","1.0","","1","Y","N","","0","","0","0","0","","0","","","1","0","0","0","0","0","0","2","0","1","","","","N","","","","","","","","","",""
"2008111522","","1","0","0","0","0","0","0","0","0","0","0","","02","10","2008","7","40.525872","-80.228258","","11","0","0","0","0","0","1","0","0","1","0","0","0","","","2","","0","","40 31:33.140","5","0","80 13:41.727","8","0","0","1","2213","0","0","0","N","0","0","0","3","02213","0","","2.0","","1","N","N","","0","","0","0","0","","0","N","","2","2","0","0","0","2","0","2","0","2","","","","N","","","","","","","","","",""
"2008111551","","2","0","0","0","0","0","0","0","0","1","0","","02","9","2008","5","","","","11","0","0","0","0","1","1","0","0","","0","0","0","","","0","","0","","40 25:05.16","","0","80 03:16.92","0","0","0","0","2435","0","0","0","N","0","0","0","3","68B03","0","","1.0","","1","N","N","","1","","0","0","0","","0","","","3","0","0","0","0","0","0","2","0","3","","","","N","","","","","","","","","",""
"2008111552","","1","0","0","0","0","0","0","0","0","7","0","","02","10","2008","2","40.3981","-80.1044","","11","0","0","0","0","0","0","0","0","3","0","0","0","","","1","","0","","40 23:53.160","1","0","80 06:15.840","4","0","0","0","2102","0","0","0","N","0","0","0","1","68B03","1","","2.0","","1","N","N","","0","","0","0","0","","0","N","","1","1","1","0","0","0","0","2","0","1","","","","N","","","","","","","","","",""
"2008111553","","1","0","0","0","0","0","0","0","0","7","0","","02","10","2008","1","","","","11","0","0","0","0","0","0","0","0","","0","0","0","","","1","","0","","40 31:56.28","","0","80 04:22.80","4","0","0","0","2215","0","0","0","Y","0","0","0","2","68B03","1","","4.0","","1","N","N","","0","","0","0","0","","0","","","1","1","0","0","0","0","0","2","0","1","","","","N","","","","","","","","","",""
"2008111569","","0","0","0","0","0","0","0","0","0","7","0","","02","10","2008","4","40.6612","-80.0006","","11","0","0","0","0","0","1","0","0","2","0","0","0","","","0","","2","","40 39:40.320","1","0","80 00:02.160","0","0","0","0","2216","0","0","0","N","0","0","0","1","02505","0","","5.0","","9","N","N","","1","","0","0","0","","0","N","","1","0","0","0","0","0","0","1","0","1","","","","N","","","","","","","","","",""
"2008111633","","2","0","0","0","0","0","0","0","0","4","0","","02","10","2008","4","40.590294","-79.947878","","11","0","0","0","0","0","0","1","1","","0","0","0","","","2","","0","","40 35:25.057","","0","79 56:52.362","8","0","0","0","2207","0","0","0","N","0","0","0","2","02207","0","","1.0","","1","N","N","","0","","0","0","0","","0","","","2","2","0","0","0","2","0","2","0","2","","","","N","","","","","","","","","",""
"2008111634","","1","0","0","0","0","0","0","0","0","1","0","","02","10","2008","4","40.4367","-79.7367","","11","0","0","0","0","0","1","0","0","","0","0","0","","","0","","3","","40 26:12.120","","2","79 44:12.120","0","0","0","0","2446","0","0","0","N","0","0","0","2","02446","0","","1.0","","9","N","N","","1","","0","0","0","","0","","","2","0","0","0","0","0","0","2","0","2","","","","N","","","","","","","","","",""
"2008111636","","1","0","0","0","0","0","0","0","0","7","0","","02","10","2008","3","40.614713","-79.9314","","11","0","0","0","0","0","0","0","0","","0","0","0","","","0","","2","","40 36:52.965","","0","79 55:53.041","0","0","0","0","2207","0","0","0","N","0","0","0","2","02207","0","","2.0","","1","N","N","","0","","0","0","0","","0","","","1","0","0","0","0","0","0","2","0","1","","","","N","","","","","","","","","",""
"2008111639","","2","0","0","0","0","0","0","0","0","4","0","","02","10","2008","4","40.423506","-79.794012","","11","0","0","0","0","0","0","0","0","1","0","0","0","","","1","","2","","40 25:24.620","6","0","79 47:38.444","8","0","0","0","2446","0","0","0","N","0","0","0","2","02446","0","","1.0","","9","N","N","","0","","0","0","0","","3","N","","2","1","0","0","0","1","0","2","0","2","","","","N","","","","","","","","","",""
"2008111640","","0","0","0","0","0","0","0","0","0","7","0","","02","10","2008","1","40.510272","-79.829635","","11","0","0","0","0","0","0","0","1","1","0","0","0","","","0","","2","","40 30:36.979","4","0","79 49:46.686","0","0","0","0","2113","0","0","0","N","0","0","0","1","02113","0","","4.0","","1","N","N","","0","","0","0","1","","0","N","","1","0","0","0","0","0","0","2","0","1","","","","N","","","","","","","","","",""