"CRN","ARRIVAL_TM","AUTOMOBILE_COUNT","BELTED_DEATH_COUNT","BELTED_SUSP_SERIOUS_INJ_COUNT","BICYCLE_COUNT","BICYCLE_DEATH_COUNT","BICYCLE_SUSP_SERIOUS_INJ_COUNT","BUS_COUNT","CHLDPAS_DEATH_COUNT","CHLDPAS_SUSP_SERIOUS_INJ_COUNT","COLLISION_TYPE","COMM_VEH_COUNT","CONS_ZONE_SPD_LIM","COUNTY","CRASH_MONTH","CRASH_YEAR","DAY_OF_WEEK","DEC_LATITUDE","DEC_LONGITUDE","DISPATCH_TM","DISTRICT","DRIVER_COUNT_16YR","DRIVER_COUNT_17YR","DRIVER_COUNT_18YR","DRIVER_COUNT_19YR","DRIVER_COUNT_20YR","DRIVER_COUNT_50_64YR","DRIVER_COUNT_65_74YR","DRIVER_COUNT_75PLUS","EST_HRS_CLOSED","FATAL_COUNT","HEAVY_TRUCK_COUNT","HORSE_BUGGY_COUNT","HOUR_OF_DAY","ILLUMINATION","INJURY_COUNT","INTERSECTION_RELATED","INTERSECT_TYPE","LANE_CLOSED","LATITUDE","LN_CLOSE_DIR","LOCATION_TYPE","LONGITUDE","MAX_SEVERITY_LEVEL","MCYCLE_DEATH_COUNT","MCYCLE_SUSP_SERIOUS_INJ_COUNT","MOTORCYCLE_COUNT","MUNICIPALITY","NONMOTR_COUNT","NONMOTR_DEATH_COUNT","NONMOTR_SUSP_SERIOUS_INJ_COUNT","NTFY_HIWY_MAINT","PED_COUNT","PED_DEATH_COUNT","PED_SUSP_SERIOUS_INJ_COUNT","PERSON_COUNT","POLICE_AGCY","POSSIBLE_INJ_COUNT","RDWY_SURF_TYPE_CD","RELATION_TO_ROAD","ROADWAY_CLEARED","ROAD_CONDITION","SCH_BUS_IND","SCH_ZONE_IND","SECONDARY_CRASH","SMALL_TRUCK_COUNT","SPEC_JURIS_CD","SUSP_MINOR_INJ_COUNT","SUSP_SERIOUS_INJ_COUNT","SUV_COUNT","TCD_FUNC_CD","TCD_TYPE","TFC_DETOUR_IND","TIME_OF_DAY","TOTAL_UNITS","TOT_INJ_COUNT","UNBELTED_OCC_COUNT","UNB_DEATH_COUNT","UNB_SUSP_SERIOUS_INJ_COUNT","UNK_INJ_DEG_COUNT","UNK_INJ_PER_COUNT","URBAN_RURAL","VAN_COUNT","VEHICLE_COUNT","WEATHER1","WEATHER2","WORKERS_PRES","WORK_ZONE_IND","WORK_ZONE_LOC","WORK_ZONE_TYPE","WZ_CLOSE_DETOUR","WZ_FLAGGER","WZ_LAW_OFFCR_IND","WZ_LN_CLOSURE","WZ_MOVING","WZ_OTHER","WZ_SHLDER_MDN","WZ_WORKERS_INJ_KILLED"
"2008112528","","2","0","0","0","0","0","0","0","0","5","0","","02","10","2008","7","40.390415","-79.904255","","11","0","1","0","0","0","1","0","0","","0","0","0","","","0","","0","","40 23:25.493","","0","79 54:15.317","0","0","0","0","2448","0","0","0","N","0","0","0","2","02448","0","","1.0","","1","N","N","","0","","0","0","0","","0","","","2","0","1","0","0","0","0","2","0","2","","","","N","","","","","","","","","",""
"2008112620","","1","0","0","0","0","0","0","0","0","1","0","","02","9","2008","5","40.438061","-79.995596","","11","0","0","0","0","0","0","0","0","","0","0","0","","","1","","0","","40 26:17.019","","0","79 59:44.145","8","0","0","0","2301","0","0","0","N","0","0","0","2","02301","0","","1.0","","1","N","N","","1","","0","0","0","","0","","","2","1","0","0","0","1","0","2","0","2","","","","N","","","","","","","","","",""
"2008112621","","1","0","0","0","0","0","0","0","0","1","0","","02","9","2008","3","40.456187","-79.999944","","11","0","0","1","0","0","0","0","0","","0","0","0","","","0","","1","","40 27:22.273","","0","79 59:59.798","0","0","0","0","2301","0","0","0","N","0","0","0","2","02301","0","","1.0","","1","N","N","","0","","0","0","0","","3","","","2","0","0","0","0","0","0","2","1","2","","","","N","","","","","","","","","",""
"2008112643","","1","0","0","0","0","0","0","0","0","8","0","","02","9","2008","1","40.449725","-79.986084","","11","0","0","0","1","0","0","0","0","","0","0","0","","","1","","1","","40 26:59.010","","0","79 59:09.902","8","0","0","0","2301","1","0","0","N","1","0","0","2","02301","0","","1.0","","1","N","N","","0","","0","0","0","","3","","","2","1","0","0","0","1","0","2","0","1","","","","N","","","","","","","","","",""
"2008112713","","1","0","0","0","0","0","0","0","0","99","1","","02","9","2008","3","40.4441","-80.0294","","11","0","0","0","0","1","0","0","0","2","0","1","0","","","0","","10","","40 26:38.760","2","0","80 01:45.840","9","0","0","0","2301","0","0","0","N","0","0","0","5","02301","0","","1.0","","1","N","N","","0","","0","0","0","","2","Y","","2","0","0","0","0","0","0","2","0","2","","","","N","","","","","","","","","",""
"2008112714","","2","0","0","0","0","0","0","0","0","5","0","","02","10","2008","6","40.450527","-79.920473","","11","0","0","0","0","0","0","0","0","","0","0","0","","","0","","0","","40 27:01.897","","0","79 55:13.702","0","0","0","0","2301","0","0","0","N","0","0","0","1","02301","0","","1.0","","1","N","N","","0","","0","0","0","","0","","","2","0","0","0","0","0","0","2","0","2","","","","N","","","","","","","","","",""
"2008112735","","1","0","0","0","0","0","0","0","0","4","0","","02","9","2008","1","40.430302","-80.000609","","11","0","0","0","0","0","0","0","0","","0","0","0","","","0","","2","","40 25:49.087","","0","80 00:02.192","0","0","0","0","2301","0","0","0","N","0","0","0","2","02301","0","","1.0","","1","N","N","","0","","0","0","1","","3","","","2","0","1","0","0","0","0","2","0","2","","","","N","","","","","","","","","",""
"2008112736","","2","0","0","0","0","0","0","0","0","1","0","","02","9","2008","2","40.408334","-80.017789","","11","0","0","1","0","0","0","0","0","","0","0","0","","","2","","2","","40 24:30.002","","0","80 01:04.040","8","0","0","0","2301","0","0","0","N","0","0","0","2","02301","0","","1.0","","1","N","N","","0","","0","0","0","","2","","","2","2","0","0","0","2","0","2","0","2","","","","N","","","","","","","","","",""
"2008112737","","3","0","0","0","0","0","0","0","0","4","0","","02","10","2008","4","40.425799","-80.019809","","11","0","0","0","0","0","2","0","0","","0","0","0","","","1","","1","","40 25:32.876","","0","80 01:11.312","8","0","0","0","2301","0","0","0","N","0","0","0","5","02301","0","","1.0","","1","N","N","","0","","0","0","0","","2","","","5","1","0","0","0","1","0","2","2","5","","","","N","","","","","","","","","",""
"2008112738","","2","0","0","0","0","0","0","0","0","4","0","","02","9","2008","4","40.428699","-79.988542","","11","0","0","0","0","1","0","0","0","","0","0","0","","","0","","1","","40 25:43.318","","0","79 59:18.751","0","0","0","0","2301","0","0","0","N","0","0","0","2","02301","0","","1.0","","1","N","N","","0","","0","0","0","","0","","","2","0","0","0","0","0","0","2","0","2","","","","N","","","","","","","","","",""
"2008112739","","2","0","0","0","0","0","0","0","0","7","0","","02","10","2008","5","40.4164","-80.008","","11","0","0","0","0","0","1","0","0","2","0","0","0","","","1","","0","","40 24:59.040","1","0","80 00:28.800","8","0","0","0","2301","0","0","0","N","0","0","0","2","02301","0","","2.0","","1","N","N","","0","","0","0","0","","0","N","","2","1","1","0","0","1","0","2","0","2","","","","N","","","","","","","","","",""
"2008112740","","1","0","0","0","0","0","0","0","0","4","0","","02","10","2008","6","40.426088","-79.980835","","11","0","0","0","0","0","1","0","0","1","0","0","0","","","0","","1","","40 25:33.916","1","0","79 58:51.006","0","0","0","0","2301","0","0","0","N","0","0","0","2","02301","0","","1.0","","1","N","N","","0","","0","0","1","","3","Y","","2","0","0","0","0","0","0","2","0","2","","","","N","","","","","","","","","",""
"2008112741","","2","0","0","0","0","0","0","0","0","4","0","","02","9","2008","6","40.422293","-79.997395","","11","0","0","0","0","0","1","0","0","","0","0","0","","","0","","0","","40 25:20.254","","0","79 59:50.622","0","0","0","0","2301","0","0","0","N","0","0","0","1","02301","0","","2.0","","1","N","N","","0","","0","0","1","","0","","","3","0","0","0","0","0","0","2","0","3","","","","N","","","","","","","","","",""
"2008112742","","1","0","0","0","0","0","0","0","0","7","0","","02","9","2008","3","40.412118","-79.977143","","11","0","0","0","0","0","1","0","0","","0","0","0","","","1","","2","","40 24:43.624","","0","79 58:37.714","3","0","0","0","2301","0","0","0","N","0","0","0","1","02301","0","","2.0","","1","N","N","","0","","1","0","0","","3","","","1","1","0","0","0","0","0","2","0","1","","","","N","","","","","","","","","",""
"2008112743","","4","0","0","0","0","0","0","0","0","2","0","","02","10","2008","6","40.430137","-79.999139","","11","0","0","0","0","0","0","0","0","1","0","0","0","","","0","","2","","40 25:48.494","6","0","79 59:56.900","9","0","0","0","2301","0","0","0","N","0","0","0","2","02301","0","","1.0","","1","N","N","","0","","0","0","0","","0","N","","4","0","1","0","0","0","1","2","0","4","","","","N","","","","","","","","","",""
"2008112744","","1","0","0","0","0","0","0","0","0","1","1","","02","9","2008","4","40.382206","-79.995981","","11","0","0","0","0","0","0","0","0","","0","1","0","","","1","","5","","40 22:55.940","","0","79 59:45.533","8","0","0","0","2301","0","0","0","N","0","0","0","2","02301","0","","1.0","","1","N","N","","0","","0","0","0","","2","","","2","1","0","0","0","1","0","2","0","2","","","","N","","","","","","","","","",""
"2008112745","","1","0","0","0","0","0","0","0","0","7","0","","02","9","2008","2","40.402507","-79.994595","","11","0","0","0","0","0","0","0","0","1","0","0","0","","","0","","0","","40 24:09.025","3","0","79 59:40.542","0","0","0","0","2301","0","0","0","N","0","0","0","2","02301","0","","4.0","","1","N","N","","0","","0","0","0","","0","N","","1","0","0","0","0","0","0","2","0","1","","","","N","","","","","","","","","",""
"2008112746","","1","0","0","0","0","0","0","0","0","4","0","","02","10","2008","4","40.419643","-79.927184","","11","0","0","0","0","0","0","0","0","","0","0","0","","","0","","5","","40 25:10.714","","0","79 55:37.862","0","0","0","0","2301","0","0","0","N","0","0","0","2","02301","0","","1.0","","1","N","N","","0","","0","0","1","","2","","","2","0","0","0","0","0","0","2","0","2","","","","N","","","","","","","","","",""
"2008112747","","2","0","0","0","0","0","0","0","0","1","0","","02","10","2008","4","40.444124","-79.918916","","11","0","0","0","0","0","1","1","0","","0","0","0","","","0","","0","","40 26:38.848","","0","79 55:08.099","0","0","0","0","2301","0","0","0","N","0","0","0","2","02301","0","","1.0","","1","N","N","","0","","0","0","0","","0","","","2","0","0","0","0","0","0","2","0","2","","","","N","","","","","","","","","",""
"2008112748","","2","0","0","0","0","0","0","0","0","5","0","","02","10","2008","6","40.439662","-79.965569","","11","0","0","0","0","0","1","0","0","","0","0","0","","","0","","0","","40 26:22.783","","0","79 57:56.048","0","0","0","0","2301","0","0","0","N","0","0","0","1","02301","0","","6.0","","1","N","N","","0","","0","0","0","","0","","","2","0","0","0","0","0","0","2","0","2","","","","N","","","","","","","","","",""
"2008112749","","2","0","0","0","0","0","0","0","0","4","0","","02","10","2008","6","40.449819","-79.929656","","11","0","0","0","0","0","0","0","0","","0","0","0","","","1","","1","","40 26:59.348","","0","79 55:46.761","4","0","0","0","2301","0","0","0","N","0","0","0","2","02301","1","","1.0","","1","N","N","","0","","0","0","0","","2","","","2","1","0","0","0","0","0","2","0","2","","","","N","","","","","","","","","",""
"2008112750","","0","0","0","0","0","0","0","0","0","5","1","","02","10","2008","6","40.415444","-79.924874","","11","0","0","0","0","0","1","0","0","1","0","1","0","","","1","","2","","40 24:55.598","3","7","79 55:29.546","4","0","0","0","2301","0","0","0","N","0","0","0","4","02301","1","","1.0","","1","N","N","","0","","0","0","0","","2","N","","2","1","0","0","0","0","0","2","1","2","","","","N","","","","","","","","","",""
"2008112752","","1","0","0","0","0","0","0","0","0","7","0","","02","9","2008","6","40.445393","-79.934098","","11","0","0","0","0","0","0","0","1","","0","0","0","","","1","","0","","40 26:43.414","","0","79 56:02.751","8","0","0","0","2301","0","0","0","N","0","0","0","1","02301","0","","5.0","","1","N","N","","0","","0","0","0","","0","","","1","1","0","0","0","1","0","2","0","1","","","","N","","","","","","","","","",""
"2008112753","","1","0","0","0","0","0","0","0","0","2","0","","02","9","2008","7","40.376173","-79.920595","","11","0","0","0","0","0","0","0","0","2","0","0","0","","","0","","0","","40 22:34.224","2","0","79 55:14.141","9","0","0","0","2301","0","0","0","N","0","0","0","2","02301","0","","1.0","","9","N","N","","1","","0","0","0","","0","N","","2","0","0","0","0","0","1","2","0","2","","","","N","","","","","","","","","",""
"2008112755","","2","0","0","0","0","0","0","0","0","1","0","","02","10","2008","4","40.424767","-79.927013","","11","0","0","0","0","0","0","0","1","","0","0","0","","","0","","2","","40 25:29.160","","0","79 55:37.246","0","0","0","0","2301","0","0","0","N","0","0","0","3","02301","0","","1.0","","1","N","N","","0","","0","0","0","","3","","","2","0","0","0","0","0","0","2","0","2","","","","N","","","","","","","","","",""
"2008112756","","2","0","0","0","0","0","0","0","0","4","0","","02","9","2008","6","","","","11","0","0","0","0","0","0","1","0","","0","0","0","","","0","","2","","","","0","","0","0","0","0","2301","0","0","0","N","0","0","0","2","02301","0","","1.0","","1","N","N","","0","","0","0","0","","0","","","2","0","0","0","0","0","0","1","0","2","","","","N","","","","","","","","","",""
"2008112757","","2","0","0","0","0","0","0","0","0","5","0","","02","10","2008","4","40.489244","-79.926177","","11","0","0","0","0","0","0","0","0","","0","0","0","","","0","","0","","40 29:21.278","","0","79 55:34.238","0","0","0","0","2301","0","0","0","N","0","0","0","1","02301","0","","6.0","","1","N","N","","0","","0","0","0","","0","","","2","0","0","0","0","0","0","2","0","2","","","","N","","","","","","","","","",""
"2008112759","","1","0","0","0","0","0","0","0","0","2","0","","02","9","2008","3","40.471046","-79.924952","","11","0","0","0","0","0","0","0","0","","0","0","0","","","2","","1","","40 28:15.765","","0","79 55:29.827","4","0","0","0","2301","0","0","0","N","0","0","0","3","02301","2","","1.0","","1","N","N","","0","","0","0","0","","3","","","2","2","0","0","0","0","0","2","1","2","","","","N","","","","","","","","","",""
"2008112760","","2","0","0","0","0","0","0","0","0","4","0","","02","10","2008","6","40.465466","-79.946427","","11","0","0","0","0","0","0","0","0","2","0","0","0","","","0","","1","","40 27:55.677","4","0","79 56:47.137","0","0","0","0","2301","0","0","0","N","0","0","0","3","02301","0","","1.0","","1","N","N","","0","","0","0","0","","2","Y","","2","0","0","0","0","0","0","2","0","2","","","","N","","","","","","","","","",""
"2008112761","","2","0","0","0","0","0","0","0","0","4","0","","02","10","2008","4","40.459436","-79.92031","","11","0","0","0","0","0","2","0","0","","0","0","0","","","1","","0","","40 27:33.969","","0","79 55:13.116","8","0","0","0","2301","0","0","0","N","0","0","0","2","02301","0","","1.0","","1","N","N","","0","","0","0","0","","0","","","2","1","0","0","0","1","0","2","0","2","","","","N","","","","","","","","","",""
"2008112762","","2","0","0","0","0","0","0","0","0","4","0","","02","10","2008","7","40.457209","-79.904368","","11","0","0","0","0","0","0","0","0","","0","0","0","","","0","","1","","40 27:25.954","","0","79 54:15.724","9","0","0","0","2301","0","0","0","N","0","0","0","6","02301","0","","1.0","","1","N","N","","0","","0","0","0","","2","","","2","0","0","0","0","0","1","2","0","2","","","","N","","","","","","","","","",""
"2008112763","","0","0","0","0","0","0","0","0","0","0","0","","02","9","2008","1","","","","11","0","0","0","0","0","0","0","0","","0","0","0","","","0","","0","","","","0","","0","0","0","0","2301","0","0","0","N","0","0","0","1","02301","0","","1.0","","9","N","N","","0","","0","0","1","","0","","","1","0","0","0","0","0","0","1","0","1","","","","N","","","","","","","","","",""
"2008112764","","1","0","0","0","0","0","0","0","0","4","0","","02","9","2008","3","40.461144","-79.922333","","11","0","0","0","0","0","0","0","0","","0","0","0","","","1","","2","","40 27:40.120","","0","79 55:20.397","3","0","0","0","2301","0","0","0","N","0","0","0","3","02301","0","","1.0","","1","N","N","","0","","1","0","1","","2","","","2","1","0","0","0","0","0","2","0","2","","","","N","","","","","","","","","",""
"2008112765","","2","0","0","0","0","0","0","0","0","4","0","","02","10","2008","6","40.4972","-79.9403","","11","0","0","0","0","1","0","0","0","","0","0","0","","","0","","6","","40 29:49.920","","2","79 56:25.080","0","0","0","0","2301","0","0","0","N","0","0","0","2","02301","0","","1.0","","1","N","N","","0","","0","0","0","","4","","","2","0","0","0","0","0","0","2","0","2","","","","N","","","","","","","","","",""
"2008112767","","2","0","0","0","0","0","0","0","0","4","0","","02","9","2008","3","40.465596","-79.947407","","11","0","0","0","0","0","0","0","0","","0","0","0","","","0","","2","","40 27:56.145","","0","79 56:50.665","0","0","0","0","2301","0","0","0","N","0","0","0","2","02301","0","","1.0","","1","N","N","","0","","0","0","0","","3","","","2","0","0","0","0","0","0","2","0","2","","","","N","","","","","","","","","",""
"2008112768","","1","0","0","0","0","0","0","0","0","8","0","","02","10","2008","6","40.461055","-79.909788","","11","0","0","0","0","0","1","0","0","2","0","0","0","","","1","","1","","40 27:39.798","1","0","79 54:35.236","4","0","0","0","2301","1","0","0","N","1","0","0","5","02301","1","","1.0","","1","N","N","","0","","0","0","0","","2","N","","2","1","2","0","0","0","0","2","0","1","","","","N","","","","","","","","","",""
"2008112769","","1","0","0","0","0","0","0","0","0","2","0","","02","9","2008","1","40.442181","-79.994981","","11","0","0","0","0","0","0","0","1","9","0","0","0","","","1","","1","","40 26:31.851","1","0","79 59:41.931","3","0","0","0","2301","0","0","0","N","0","0","0","2","02301","0","","1.0","","1","N","N","","0","","1","0","1","","2","N","","2","1","0","0","0","0","0","2","0","2","","","","N","","","","","","","","","",""
"2008112770","","2","0","0","0","0","0","0","0","0","1","0","","02","9","2008","3","","","","11","0","0","0","0","0","0","2","0","","0","0","0","","","3","","1","","","","0","","2","0","0","0","2301","0","0","0","N","0","0","0","5","02301","2","","1.0","","1","N","N","","0","","0","1","1","","2","","","3","3","0","0","0","0","0","1","0","3","","","","N","","","","","","","","","",""
"2008112771","","2","0","0","0","0","0","0","0","0","4","0","","02","9","2008","4","40.437737","-79.986557","","11","0","0","0","0","0","0","0","0","","0","0","0","","","1","","1","","40 26:15.853","","0","79 59:11.605","8","0","0","0","2301","0","0","0","N","0","0","0","2","02301","0","","1.0","","1","N","N","","0","","0","0","0","","1","","","2","1","0","0","0","1","0","2","0","2","","","","N","","","","","","","","","",""
"2008112772","","0","0","0","0","0","0","0","0","0","8","0","","02","9","2008","4","40.439032","-79.998133","","11","0","0","0","0","0","0","0","0","","0","0","0","","","1","","1","","40 26:20.515","","0","79 59:53.278","8","0","0","0","2301","1","0","0","N","1","0","0","2","02301","0","","1.0","","1","N","N","","0","","0","0","0","","2","","","2","1","0","0","0","1","0","2","1","1","","","","N","","","","","","","","","",""
"2008112774","","2","0","0","0","0","0","0","0","0","4","0","","02","9","2008","6","40.440466","-79.991536","","11","0","0","0","0","0","0","0","0","","0","0","0","","","0","","1","","40 26:25.678","","0","79 59:29.530","0","0","0","0","2301","0","0","0","N","0","0","0","3","02301","0","","1.0","","1","N","N","","0","","0","0","0","","2","","","2","0","0","0","0","0","0","2","0","2","","","","N","","","","","","","","","",""
"2008112775","","2","0","0","0","0","0","0","0","0","6","0","","02","9","2008","6","40.453945","-79.979862","","11","0","0","0","0","0","1","0","0","","0","0","0","","","0","","1","","40 27:14.202","","0","79 58:47.503","0","0","0","0","2301","0","0","0","N","0","0","0","2","02301","0","","1.0","","1","N","N","","0","","0","0","0","","3","","","2","0","0","0","0","0","0","2","0","2","","","","N","","","","","","","","","",""
"2008112776","","3","0","0","0","0","0","0","0","0","1","0","","02","9","2008","1","40.4292","-79.9992","","11","0","0","0","0","1","1","0","0","","0","0","0","","","1","","2","","40 25:45.120","","3","79 59:57.120","3","0","0","0","2301","0","0","0","N","0","0","0","5","02301","0","","1.0","","1","N","N","","0","","1","0","1","","2","","","4","1","0","0","0","0","0","2","0","4","","","","N","","","","","","","","","",""
"2008112777","","1","0","0","0","0","0","0","0","0","8","0","","02","10","2008","6","40.44071","-79.998023","","11","0","0","0","0","0","0","0","0","","0","0","0","","","1","","0","","40 26:26.556","","0","79 59:52.882","8","0","0","0","2301","1","0","0","N","1","0","0","2","02301","0","","1.0","","1","N","N","","0","","0","0","0","","2","","","2","1","0","0","0","1","0","2","0","1","","","","N","","","","","","","","","",""
"2008112778","","1","0","0","0","0","0","0","0","0","4","0","","02","10","2008","2","40.438875","-79.875097","","11","0","0","0","0","0","0","0","0","","0","0","0","","","0","","0","","40 26:19.949","","0","79 52:30.350","0","0","0","0","2301","0","0","0","N","0","0","0","5","02301","0","","1.0","","1","N","N","","0","","0","0","1","","0","","","2","0","0","0","0","0","0","2","0","2","","","","N","","","","","","","","","",""
"2008112779","","1","0","0","0","0","0","0","0","0","8","0","","02","10","2008","7","40.435835","-79.965793","","11","0","0","0","0","0","0","0","0","","0","0","0","","","1","","7","","40 26:09.005","","0","79 57:56.853","2","0","0","0","2301","1","0","1","N","1","0","1","3","02301","0","","1.0","","1","N","N","","0","","0","1","0","","4","","","2","1","0","0","0","0","2","2","0","1","","","","N","","","","","","","","","",""
"2008112780","","2","0","0","0","0","0","0","0","0","5","0","","02","9","2008","3","40.384989","-79.994969","","11","0","0","0","0","1","1","0","0","","0","0","0","","","1","","2","","40 23:05.962","","0","79 59:41.890","4","0","0","0","2301","0","0","0","N","0","0","0","2","02301","1","","1.0","","1","N","N","","0","","0","0","0","","2","","","2","1","0","0","0","0","0","2","0","2","","","","N","","","","","","","","","",""
"2008112781","","2","0","0","0","0","0","0","0","0","4","0","","02","10","2008","7","40.439576","-80.005065","","11","0","0","0","0","0","2","0","0","","0","0","0","","","0","","1","","40 26:22.473","","0","80 00:18.235","0","0","0","0","2301","0","0","0","N","0","0","0","2","02301","0","","1.0","","9","N","N","","0","","0","0","0","","2","","","2","0","0","0","0","0","0","2","0","2","","","","N","","","","","","","","","",""
"2008112782","","0","0","0","0","0","0","0","0","0","0","0","","02","10","2008","1","40.436881","-79.971701","","11","0","0","0","0","0","1","0","0","1","0","0","0","","","0","","0","","40 26:12.773","3","0","79 58:18.123","0","0","0","0","2301","0","0","0","N","0","0","0","1","02301","0","","4.0","","1","N","N","","0","","0","0","1","","0","N","","1","0","0","0","0","0","0","2","0","1","","","","N","","","","","","","","","",""
"2008112783","","1","0","0","0","0","0","0","0","0","6","0","","02","9","2008","2","40.464631","-79.961137","","11","0","0","0","0","0","0","0","0","","0","0","0","","","0","","0","","40 27:52.671","","0","79 57:40.093","9","0","0","0","2301","0","0","0","N","0","0","0","2","02301","0","","1.0","","1","N","N","","0","","0","0","0","","0","","","3","0","0","0","0","0","1","2","1","3","","","","N","","","","","","","","","",""
"2008112784","","2","0","0","0","0","0","0","0","0","6","0","","02","9","2008","2","40.459193","-79.970767","","11","0","0","0","0","1","0","0","0","","0","0","0","","","0","","2","","40 27:33.094","","0","79 58:14.761","0","0","0","0","2301","0","0","0","N","0","0","0","4","02301","0","","1.0","","1","N","N","","0","","0","0","0","","2","","","2","0","0","0","0","0","0","2","0","2","","","","N","","","","","","","","","",""
"2008112785","","1","0","0","0","0","0","0","0","0","8","0","","02","9","2008","2","40.446379","-79.993054","","11","0","0","0","0","0","0","0","0","1","0","0","0","","","1","","2","","40 26:46.964","7","0","79 59:34.994","3","0","0","0","2301","1","0","0","N","1","0","0","2","02301","0","","1.0","","1","N","N","","0","","1","0","0","","8","Y","","2","1","0","0","0","0","0","2","0","1","","","","N","","","","","","","","","",""
"2008112786","","1","0","0","0","0","0","0","0","0","1","0","","02","10","2008","6","40.448526","-79.987217","","11","0","0","0","0","0","1","0","0","","0","0","0","","","1","","2","","40 26:54.693","","0","79 59:13.981","4","0","0","0","2301","0","0","0","N","0","0","0","3","02301","1","","1.0","","9","N","N","","0","","0","0","1","","3","","","2","1","0","0","0","0","1","2","0","2","","","","N","","","","","","","","","",""
"2008112787","","0","0","0","0","0","0","0","0","0","1","0","","02","10","2008","5","40.465642","-79.955211","","11","0","0","0","0","0","0","0","0","","0","0","0","","","0","","1","","40 27:56.311","","0","79 57:18.759","0","0","0","0","2301","0","0","0","N","0","0","0","2","02301","0","","1.0","","1","N","N","","0","","0","0","2","","2","","","2","0","0","0","0","0","0","2","0","2","","","","N","","","","","","","","","",""
"2008112789","","0","0","0","0","0","0","0","0","0","7","0","","02","10","2008","5","40.383671","-79.998286","","11","0","0","0","0","0","0","1","0","1","0","0","0","","","1","","0","","40 23:01.215","3","0","79 59:53.829","8","0","0","0","2301","0","0","0","N","0","0","0","1","02301","0","","5.0","","1","N","N","","0","","0","0","1","","0","N","","1","1","0","0","0","1","0","2","0","1","","","","N","","","","","","","","","",""
"2008112790","","1","0","0","0","0","0","0","0","0","1","1","","02","9","2008","3","40.451843","-80.028214","","11","0","0","0","0","0","1","0","0","","0","1","0","","","1","","0","","40 27:06.633","","0","80 01:41.569","8","0","0","0","2301","0","0","0","N","0","0","0","2","02301","0","","1.0","","9","N","N","","0","","0","0","0","","0","","","2","1","0","0","0","1","0","2","0","2","","","","N","","","","","","","","","",""
"2008112791","","1","0","0","1","0","0","0","0","0","8","0","","02","10","2008","4","40.447956","-80.002082","","11","0","0","0","0","0","1","0","0","1","0","0","0","","","1","","10","","40 26:52.641","1","3","80 00:07.495","3","0","0","0","2301","1","0","0","N","0","0","0","2","02301","0","","1.0","","1","N","N","","0","","1","0","0","","0","N","","2","1","0","0","0","0","0","2","0","1","","","","N","","","","","","","","","",""
"2008112793","","3","0","0","0","0","0","0","0","0","1","0","","02","10","2008","7","40.45531","-80.007569","","11","0","0","0","0","1","2","0","0","9","0","0","0","","","0","","2","","40 27:19.116","3","0","80 00:27.248","9","0","0","0","2301","0","0","0","N","0","0","0","9","02301","0","","1.0","","1","N","N","","0","","0","0","0","","0","N","","4","0","0","0","0","0","1","2","1","4","","","","N","","","","","","","","","",""
"2008112794","","0","0","0","0","0","0","0","0","0","6","0","","02","9","2008","3","40.496014","-80.007929","","11","0","0","0","0","0","1","1","0","","0","0","0","","","0","","1","","40 29:45.651","","0","80 00:28.545","0","0","0","0","2301","0","0","0","N","0","0","0","3","02301","0","","1.0","","1","N","N","","0","","0","0","1","","3","","","2","0","0","0","0","0","0","2","1","2","","","","N","","","","","","","","","",""
"2008112816","","2","0","0","0","0","0","0","0","0","1","0","","02","9","2008","3","40.482102","-79.820787","","11","0","0","0","0","0","1","2","0","","0","0","0","","","1","","2","","40 28:55.568","","0","79 49:14.832","3","0","0","0","2113","0","0","0","N","0","0","0","3","02113","0","","1.0","","1","N","N","","0","","1","0","1","","0","","","3","1","0","0","0","0","0","2","0","3","","","","N","","","","","","","","","",""
"2008112818","","1","0","0","0","0","0","0","0","0","1","0","","02","10","2008","1","40.444578","-79.713661","","11","0","0","0","0","0","0","0","0","","0","0","0","","","0","","0","","40 26:40.480","","0","79 42:49.178","0","0","0","0","2446","0","0","0","N","0","0","0","2","02446","0","","1.0","","1","N","N","","1","","0","0","0","","0","","","2","0","0","0","0","0","0","2","0","2","","","","N","","","","","","","","","",""
"2008112867","","1","0","0","0","0","0","0","0","0","7","0","","02","9","2008","6","40.4395","-80.2208","","11","0","0","0","0","0","1","0","0","2","0","0","0","","","1","","0","","40 26:22.200","4","0","80 13:14.880","4","0","0","0","2214","0","0","0","N","0","0","0","1","68B03","1","","3.0","","1","N","N","","0","","0","0","0","","0","N","","1","1","0","0","0","0","0","2","0","1","","","","N","","","","","","","","","",""
"2008112868","","2","0","0","0","0","0","0","0","0","1","0","","02","10","2008","5","","","","11","0","0","0","0","0","0","0","0","","0","0","0","","","0","","0","","40 25:00.12","","0","80 05:09.24","0","0","0","0","2415","0","0","0","N","0","0","0","2","68B03","0","","1.0","","9","N","N","","0","","0","0","0","","0","","","2","0","0","0","0","0","0","2","0","2","","","","N","","","","","","","","","",""
"2008112869","","1","0","0","0","0","0","0","0","0","5","0","","02","10","2008","5","","","","11","0","0","0","0","0","0","1","0","","0","0","0","","","0","","0","","40 27:34.20","","4","79 59:56.76","9","0","0","0","2301","0","0","0","N","0","0","0","2","68B03","0","","1.0","","1","N","N","","0","","0","0","0","","0","","","2","0","0","0","0","0","1","2","0","2","","","","N","","","","","","","","","",""