"CRN","ARRIVAL_TM","AUTOMOBILE_COUNT","BELTED_DEATH_COUNT","BELTED_SUSP_SERIOUS_INJ_COUNT","BICYCLE_COUNT","BICYCLE_DEATH_COUNT","BICYCLE_SUSP_SERIOUS_INJ_COUNT","BUS_COUNT","CHLDPAS_DEATH_COUNT","CHLDPAS_SUSP_SERIOUS_INJ_COUNT","COLLISION_TYPE","COMM_VEH_COUNT","CONS_ZONE_SPD_LIM","COUNTY","CRASH_MONTH","CRASH_YEAR","DAY_OF_WEEK","DEC_LATITUDE","DEC_LONGITUDE","DISPATCH_TM","DISTRICT","DRIVER_COUNT_16YR","DRIVER_COUNT_17YR","DRIVER_COUNT_18YR","DRIVER_COUNT_19YR","DRIVER_COUNT_20YR","DRIVER_COUNT_50_64YR","DRIVER_COUNT_65_74YR","DRIVER_COUNT_75PLUS","EST_HRS_CLOSED","FATAL_COUNT","HEAVY_TRUCK_COUNT","HORSE_BUGGY_COUNT","HOUR_OF_DAY","ILLUMINATION","INJURY_COUNT","INTERSECTION_RELATED","INTERSECT_TYPE","LANE_CLOSED","LATITUDE","LN_CLOSE_DIR","LOCATION_TYPE","LONGITUDE","MAX_SEVERITY_LEVEL","MCYCLE_DEATH_COUNT","MCYCLE_SUSP_SERIOUS_INJ_COUNT","MOTORCYCLE_COUNT","MUNICIPALITY","NONMOTR_COUNT","NONMOTR_DEATH_COUNT","NONMOTR_SUSP_SERIOUS_INJ_COUNT","NTFY_HIWY_MAINT","PED_COUNT","PED_DEATH_COUNT","PED_SUSP_SERIOUS_INJ_COUNT","PERSON_COUNT","POLICE_AGCY","POSSIBLE_INJ_COUNT","RDWY_SURF_TYPE_CD","RELATION_TO_ROAD","ROADWAY_CLEARED","ROAD_CONDITION","SCH_BUS_IND","SCH_ZONE_IND","SECONDARY_CRASH","SMALL_TRUCK_COUNT","SPEC_JURIS_CD","SUSP_MINOR_INJ_COUNT","SUSP_SERIOUS_INJ_COUNT","SUV_COUNT","TCD_FUNC_CD","TCD_TYPE","TFC_DETOUR_IND","TIME_OF_DAY","TOTAL_UNITS","TOT_INJ_COUNT","UNBELTED_OCC_COUNT","UNB_DEATH_COUNT","UNB_SUSP_SERIOUS_INJ_COUNT","UNK_INJ_DEG_COUNT","UNK_INJ_PER_COUNT","URBAN_RURAL","VAN_COUNT","VEHICLE_COUNT","WEATHER1","WEATHER2","WORKERS_PRES","WORK_ZONE_IND","WORK_ZONE_LOC","WORK_ZONE_TYPE","WZ_CLOSE_DETOUR","WZ_FLAGGER","WZ_LAW_OFFCR_IND","WZ_LN_CLOSURE","WZ_MOVING","WZ_OTHER","WZ_SHLDER_MDN","WZ_WORKERS_INJ_KILLED"
"2008113737","","2","0","0","0","0","0","0","0","0","1","0","","02","10","2008","7","40.3307","-80.022","","11","0","0","0","0","0","1","0","1","","0","0","0","","","1","","0","","40 19:50.520","","0","80 01:19.200","4","0","0","0","2407","0","0","0","N","0","0","0","4","02407","1","","1.0","","1","N","N","","0","","0","0","1","","0","","","3","1","0","0","0","0","0","2","0","3","","","","N","","","","","","","","","",""
"2008113745","","1","0","0","0","0","0","0","0","0","7","0","","02","10","2008","5","","","","11","0","0","0","0","1","0","0","0","","0","0","0","","","1","","6","","40 26:37.32","","8","80 00:32.40","4","0","0","0","2301","0","0","0","N","0","0","0","1","68B03","1","","2.0","","1","N","N","","0","","0","0","0","","4","","","1","1","1","0","0","0","0","2","0","1","","","","N","","","","","","","","","",""
"2008113828","","2","0","0","0","0","0","0","0","0","4","0","","02","10","2008","3","40.37143","-80.080044","","11","0","0","0","0","0","1","0","0","2","0","0","0","","","0","","2","","40 22:17.148","4","0","80 04:48.158","0","0","0","0","2117","0","0","0","N","0","0","0","5","02117","0","","1.0","","1","N","N","","1","","0","0","0","","3","N","","3","0","1","0","0","0","0","2","0","3","","","","N","","","","","","","","","",""
"2008113831","","0","0","0","0","0","0","0","0","0","7","0","","02","10","2008","3","40.3459","-80.0572","","11","0","0","0","0","0","0","0","0","","0","0","0","","","1","","0","","40 20:45.240","","7","80 03:25.920","8","0","0","1","2123","0","0","0","N","0","0","0","1","02123","0","","3.0","","9","N","N","","0","","0","0","0","","2","","","1","1","0","0","0","1","0","2","0","1","","","","N","","","","","","","","","",""
"2008113835","","2","0","0","0","0","0","0","0","0","1","0","","02","10","2008","3","40.438","-79.9941","","11","0","0","0","0","0","0","0","0","","0","0","0","","","3","","0","","40 26:16.800","","0","79 59:38.760","4","0","0","0","2109","0","0","0","N","0","0","0","4","02109","3","","1.0","","9","N","N","","0","","0","0","1","","0","","","3","3","1","0","0","0","0","2","0","3","","","","N","","","","","","","","","",""
"2008113840","","2","0","0","0","0","0","0","0","0","5","0","","02","10","2008","3","40.579243","-79.968616","","11","0","0","0","0","1","0","0","0","","0","0","0","","","1","","0","","40 34:45.275","","0","79 58:07.016","3","0","0","0","2207","0","0","0","N","0","0","0","1","02207","0","","5.0","","1","N","N","","0","","1","0","0","","0","","","4","1","1","0","0","0","0","2","2","4","","","","N","","","","","","","","","",""
"2008113848","","1","0","0","0","0","0","0","0","0","7","0","","02","10","2008","4","40.6129","-79.9606","","11","0","1","0","0","0","0","0","0","1","0","0","0","","","2","","0","","40 36:46.440","6","0","79 57:38.160","4","0","0","0","2207","0","0","0","N","0","0","0","2","02207","2","","2.0","","1","N","N","","0","","0","0","0","","0","N","","1","2","0","0","0","0","0","2","0","1","","","","N","","","","","","","","","",""
"2008113852","","2","0","0","0","0","0","0","0","0","2","0","","02","10","2008","3","40.6221","-79.7631","","11","0","0","0","1","0","0","0","0","","0","0","0","","","1","","0","","40 37:19.560","","7","79 45:47.160","8","0","0","0","2202","0","0","0","N","0","0","0","2","02202","0","","1.0","","9","N","N","","0","","0","0","0","","0","","","2","1","0","0","0","1","0","1","0","2","","","","N","","","","","","","","","",""
"2008113856","","1","0","0","0","0","0","0","0","0","7","0","","02","10","2008","4","40.256313","-79.856504","","11","0","1","0","0","0","0","0","0","3","1","0","0","","","0","","0","","40 15:22.726","6","7","79 51:23.414","1","0","0","0","2105","0","0","0","N","0","0","0","1","02105","0","2","4.0","","1","N","Y","","0","0","0","0","0","","0","Y","","1","0","1","1","0","0","0","2","0","1","","","","N","","","","","","","","","",""
"2008113862","","1","0","0","0","0","0","0","0","0","7","0","","02","10","2008","2","40.411005","-79.868829","","11","0","0","0","0","0","0","0","1","2","0","0","0","","","0","","2","","40 24:39.618","7","0","79 52:07.784","9","0","0","0","2449","0","0","0","N","0","0","0","1","02449","0","","2.0","","1","N","N","","0","","0","0","0","","0","Y","","1","0","0","0","0","0","1","2","0","1","","","","N","","","","","","","","","",""
"2008113899","","2","0","0","0","0","0","0","0","0","4","0","","02","10","2008","1","40.402","-80.0006","","11","0","0","0","0","0","2","0","0","","0","0","0","","","0","","1","","40 24:07.200","","0","80 00:02.160","0","0","0","0","2301","0","0","0","N","0","0","0","2","68B03","0","","1.0","","1","N","N","","0","","0","0","0","","2","","","2","0","0","0","0","0","0","2","0","2","","","","N","","","","","","","","","",""
"2008113900","","1","0","0","0","0","0","0","0","0","0","0","","02","10","2008","3","","","","11","0","1","0","0","0","0","0","0","","0","0","0","","","0","","0","","40 27:41.76","","0","80 11:33.00","0","0","0","0","2203","0","0","0","N","0","0","0","1","68B03","0","","2.0","","1","N","N","","0","","0","0","0","","0","","","1","0","0","0","0","0","0","2","0","1","","","","N","","","","","","","","","",""
"2008113901","","0","0","0","0","0","0","0","0","0","7","1","45","02","10","2008","6","40.5327","-80.126","","11","0","0","0","0","0","0","0","0","3","0","1","0","","","0","","0","","40 31:57.720","1","0","80 07:33.600","0","0","0","0","2460","0","0","0","Y","0","0","0","1","68B03","0","","2.0","","1","N","N","","0","","0","0","0","","0","N","","1","0","0","0","0","0","0","2","0","1","","","N","Y","4","1","N","N","N","Y","N","N","N",""
"2008113938","","1","0","0","0","0","0","0","0","0","7","0","","02","10","2008","1","40.2736","-79.8991","","11","0","0","0","1","0","0","0","0","1","0","0","0","","","1","","0","","40 16:24.960","2","0","79 53:56.760","4","0","0","0","2440","0","0","0","N","0","0","0","1","02440","1","","5.0","","1","N","N","","0","","0","0","0","","0","N","","1","1","0","0","0","0","0","2","0","1","","","","N","","","","","","","","","",""
"2008113944","","1","0","0","0","0","0","0","0","0","7","0","","02","10","2008","4","40.457246","-79.997838","","11","0","0","0","0","1","0","0","0","1","0","0","0","","","0","","3","","40 27:26.085","2","0","79 59:52.216","0","0","0","0","2301","0","0","0","N","0","0","0","1","02301","0","","3.0","","1","N","N","","0","","0","0","0","","0","N","","1","0","1","0","0","0","0","2","0","1","","","","N","","","","","","","","","",""
"2008113949","","0","0","0","0","0","0","0","0","0","8","0","","02","10","2008","3","40.350719","-79.863096","","11","0","0","0","0","0","0","0","0","1","0","0","0","","","1","","2","","40 21:02.588","1","0","79 51:47.145","8","0","0","0","2304","1","0","0","N","1","0","0","2","02304","0","","1.0","","1","N","N","","0","","0","0","1","","0","N","","2","1","0","0","0","1","0","2","0","1","","","","N","","","","","","","","","",""
"2008113950","","1","0","0","0","0","0","0","0","0","8","0","","02","10","2008","1","40.353631","-79.887899","","11","0","0","0","0","0","0","0","0","","0","0","0","","","1","","0","","40 21:13.071","","0","79 53:16.436","8","0","0","0","2423","1","0","0","N","1","0","0","2","02304","0","","1.0","","1","N","N","","0","","0","0","0","","0","","","2","1","0","0","0","1","1","2","0","1","","","","N","","","","","","","","","",""
"2008113951","","0","0","0","0","0","0","0","0","0","7","0","","02","10","2008","4","40.326108","-79.824389","","11","0","1","0","0","0","0","0","0","1","0","0","0","","","1","","0","","40 19:33.987","6","0","79 49:27.802","8","0","0","0","2304","0","0","0","N","0","0","0","4","02304","0","","5.0","","9","N","Y","","0","","0","0","1","","0","N","","1","1","0","0","0","1","0","2","0","1","","","","N","","","","","","","","","",""
"2008113957","","1","0","0","0","0","0","0","0","0","8","0","","02","10","2008","4","40.452924","-79.891223","","11","0","0","0","0","0","0","0","0","","0","0","0","","","1","","0","","40 27:10.526","","0","79 53:28.402","8","0","0","0","2301","1","0","0","N","1","0","0","2","02301","0","","1.0","","9","N","N","","0","","0","0","0","","0","","","2","1","0","0","0","1","0","2","0","1","","","","N","","","","","","","","","",""
"2008113976","","1","0","0","0","0","0","0","0","0","6","0","","02","10","2008","6","40.352495","-79.850993","","11","0","0","0","0","0","2","0","0","2","0","0","0","","","2","","2","","40 21:08.981","7","0","79 51:03.574","8","0","0","0","2304","0","0","0","N","0","0","0","3","02304","0","","1.0","","1","N","N","","1","","0","0","0","","2","Y","","2","2","0","0","0","2","0","2","0","2","","","","N","","","","","","","","","",""
"2008113981","","2","0","0","0","0","0","0","0","0","4","0","","02","10","2008","1","40.43975","-79.896481","","11","0","0","0","0","0","1","0","0","","0","0","0","","","0","","1","","40 26:23.100","","0","79 53:47.331","0","0","0","0","2301","0","0","0","N","0","0","0","2","02301","0","","1.0","","1","N","N","","0","","0","0","0","","3","","","2","0","0","0","0","0","0","2","0","2","","","","N","","","","","","","","","",""
"2008113982","","1","0","0","0","0","0","0","0","0","4","0","","02","10","2008","2","40.444027","-79.926062","","11","0","0","0","0","0","0","0","0","","0","0","0","","","0","","1","","40 26:38.496","","0","79 55:33.824","0","0","0","0","2301","0","0","0","N","0","0","0","2","02301","0","","1.0","","1","N","N","","1","","0","0","0","","2","","","2","0","0","0","0","0","0","2","0","2","","","","N","","","","","","","","","",""
"2008113983","","1","0","0","0","0","0","0","0","0","1","0","","02","10","2008","3","40.447572","-79.896395","","11","0","0","0","0","0","1","0","0","1","0","0","0","","","3","","0","","40 26:51.259","3","0","79 53:47.022","8","0","0","1","2301","0","0","0","N","0","0","0","5","02301","0","","1.0","","1","N","N","","0","","0","0","0","","0","N","","2","3","0","0","0","3","0","2","0","2","","","","N","","","","","","","","","",""
"2008113984","","3","0","0","0","0","0","0","0","0","1","0","","02","10","2008","4","40.438301","-79.897062","","11","0","0","0","0","0","1","0","0","","0","0","0","","","0","","2","","40 26:17.883","","0","79 53:49.423","0","0","0","0","2301","0","0","0","N","0","0","0","3","02301","0","","1.0","","1","N","N","","0","","0","0","0","","0","","","3","0","0","0","0","0","0","2","0","3","","","","N","","","","","","","","","",""
"2008113985","","1","0","0","0","0","0","0","0","0","1","0","","02","10","2008","4","40.392","-79.9348","","11","0","0","0","0","0","0","0","0","","0","0","0","","","2","","6","","40 23:31.200","","2","79 56:05.280","3","0","0","0","2301","0","0","0","N","0","0","0","2","02301","0","","1.0","","9","N","N","","1","","2","0","0","","4","","","2","2","0","0","0","0","0","2","0","2","","","","N","","","","","","","","","",""
"2008113986","","1","0","0","0","0","0","0","0","0","4","0","","02","10","2008","7","40.454967","-79.945198","","11","0","0","0","0","0","1","0","0","","0","0","0","","","1","","1","","40 27:17.882","","0","79 56:42.712","4","0","0","0","2301","0","0","0","N","0","0","0","5","02301","1","","1.0","","1","N","N","","0","","0","0","1","","2","","","2","1","0","0","0","0","0","2","0","2","","","","N","","","","","","","","","",""
"2008113996","","2","0","0","0","0","0","0","0","0","1","0","","02","10","2008","5","40.563216","-80.208025","","11","0","0","0","0","0","1","0","0","1","0","0","0","","","1","","1","","40 33:47.577","2","0","80 12:28.890","4","0","0","0","2441","0","0","0","N","0","0","0","4","02441","1","","1.0","","9","N","N","","0","","0","0","0","","2","N","","3","1","2","0","0","0","0","2","1","3","","","","N","","","","","","","","","",""
"2008114002","","2","0","0","0","0","0","0","0","0","5","0","","02","10","2008","1","40.344887","-79.849375","","11","0","0","0","0","0","0","0","0","1","0","0","0","","","0","","0","","40 20:41.593","1","0","79 50:57.750","9","0","0","0","2304","0","0","0","N","0","0","0","1","02304","0","","1.0","","1","N","N","","0","","0","0","0","","0","N","","2","0","0","0","0","0","1","2","0","2","","","","N","","","","","","","","","",""
"2008114016","","1","0","0","0","0","0","0","0","0","7","0","","02","10","2008","2","40.472548","-80.015523","","11","0","0","0","0","0","0","0","0","","0","0","0","","","0","","1","","40 28:21.172","","0","80 00:55.882","9","0","0","0","2301","0","0","0","N","0","0","0","1","02301","0","","9.0","","1","N","N","","0","","0","0","0","","3","","","1","0","0","0","0","0","1","2","0","1","","","","N","","","","","","","","","",""
"2008114017","","2","0","0","0","0","0","0","0","0","2","0","","02","10","2008","4","40.456659","-80.000113","","11","0","0","0","0","0","0","0","0","1","0","0","0","","","1","","1","","40 27:23.972","2","0","80 00:00.406","4","0","0","0","2301","0","0","0","N","0","0","0","2","02301","1","","1.0","","9","N","N","","0","","0","0","0","","0","N","","2","1","1","0","0","0","0","2","0","2","","","","N","","","","","","","","","",""
"2008114021","","2","0","0","0","0","0","0","0","0","4","0","","02","10","2008","5","40.38824","-80.089932","","11","0","0","0","0","0","1","0","0","1","0","0","0","","","1","","1","","40 23:17.663","6","0","80 05:23.754","8","0","0","0","2437","0","0","0","N","0","0","0","2","02437","0","","1.0","","1","N","N","","0","","0","0","0","","2","N","","2","1","0","0","0","1","0","2","0","2","","","","N","","","","","","","","","",""
"2008114037","","4","0","0","0","0","0","0","0","0","1","0","","02","9","2008","2","40.41538","-79.924808","","11","0","0","0","0","0","0","0","0","2","0","0","0","","","2","","2","","40 24:55.367","6","0","79 55:29.307","4","0","0","0","2301","0","0","0","N","0","0","0","5","02301","2","","1.0","","1","N","N","","0","","0","0","0","","2","N","","4","2","2","0","0","0","1","2","0","4","","","","N","","","","","","","","","",""
"2008114042","","1","0","0","0","0","0","0","0","0","4","0","","02","10","2008","5","40.437872","-79.979502","","11","0","0","0","0","0","0","0","0","","0","0","0","","","0","","1","","40 26:16.339","","0","79 58:46.207","0","0","0","0","2301","0","0","0","N","0","0","0","2","02301","0","","1.0","","1","N","N","","1","","0","0","0","","0","","","2","0","0","0","0","0","0","2","0","2","","","","N","","","","","","","","","",""
"2008114043","","1","0","0","0","0","0","0","0","0","1","0","","02","10","2008","6","40.4526","-79.9961","","11","0","0","0","0","0","2","0","0","9","0","0","0","","","1","","6","","40 27:09.360","2","2","79 59:45.960","3","0","0","0","2301","0","0","0","N","0","0","0","2","02301","0","","1.0","","9","N","N","","1","","1","0","0","","4","N","","2","1","0","0","0","0","0","2","0","2","","","","N","","","","","","","","","",""
"2008114044","","2","0","0","0","0","0","0","0","0","4","0","","02","10","2008","3","40.438379","-79.990975","","11","0","0","0","0","0","1","0","0","","0","0","0","","","1","","1","","40 26:18.163","","0","79 59:27.509","4","0","0","0","2301","0","0","0","N","0","0","0","2","02301","1","","1.0","","1","N","N","","0","","0","0","0","","3","","","2","1","0","0","0","0","0","2","0","2","","","","N","","","","","","","","","",""
"2008114045","","1","0","0","0","0","0","0","0","0","7","0","","02","10","2008","1","","","","11","0","0","0","0","0","0","0","0","","0","0","0","","","0","","0","","","","0","","0","0","0","0","2301","0","0","0","N","0","0","0","1","02301","0","","2.0","","1","N","N","","0","","0","0","0","","0","","","1","0","0","0","0","0","0","1","0","1","","","","N","","","","","","","","","",""
"2008114046","","1","0","0","0","0","0","0","0","0","8","0","","02","10","2008","3","40.403895","-79.990181","","11","0","0","0","0","0","0","0","0","1","0","0","0","","","1","","2","","40 24:14.022","5","0","79 59:24.651","3","0","0","0","2301","1","0","0","N","1","0","0","2","02301","0","","1.0","","1","N","N","","0","","1","0","0","","2","N","","2","1","0","0","0","0","0","2","0","1","","","","N","","","","","","","","","",""
"2008114047","","1","0","0","0","0","0","0","0","0","4","0","","02","10","2008","3","40.392135","-80.017745","","11","0","0","0","0","0","1","0","0","1","0","0","0","","","0","","1","","40 23:31.686","2","0","80 01:03.882","0","0","0","0","2301","0","0","0","N","0","0","0","2","02301","0","","1.0","","1","N","N","","0","","0","0","1","","3","N","","2","0","0","0","0","0","0","2","0","2","","","","N","","","","","","","","","",""
"2008114048","","1","0","0","0","0","0","0","0","0","7","0","","02","10","2008","4","40.43223","-79.989126","","11","0","0","0","0","0","0","0","0","","0","0","0","","","0","","0","","40 25:56.028","","3","79 59:20.853","0","0","0","0","2301","0","0","0","N","0","0","0","1","02301","0","","2.0","","1","N","N","","0","","0","0","0","","0","","","1","0","0","0","0","0","0","2","0","1","","","","N","","","","","","","","","",""
"2008114051","","3","0","0","0","0","0","0","0","0","1","0","","02","10","2008","2","40.346174","-79.871359","","11","0","0","0","0","0","0","0","0","","0","0","0","","","0","","0","","40 20:46.226","","0","79 52:16.892","0","0","0","0","2455","0","0","0","N","0","0","0","1","02301","0","","2.0","","1","N","N","","0","","0","0","0","","0","","","3","0","0","0","0","0","0","2","0","3","","","","N","","","","","","","","","",""
"2008114052","","0","0","0","0","0","0","0","0","0","1","1","","02","10","2008","5","40.441997","-80.034535","","11","0","0","0","0","0","2","0","0","3","0","1","0","","","3","","2","","40 26:31.189","7","0","80 02:04.326","8","0","0","0","2301","0","0","0","N","0","0","0","4","02301","0","","1.0","","1","N","N","","3","","0","0","0","","2","Y","","4","3","0","0","0","3","0","2","0","4","","","","N","","","","","","","","","",""
"2008114053","","0","0","0","0","0","0","0","0","0","7","0","","02","10","2008","3","40.454286","-80.061637","","11","0","0","0","0","0","0","0","0","1","0","0","0","","","0","","0","","40 27:15.429","3","0","80 03:41.893","0","0","0","0","2301","0","0","0","N","0","0","0","1","02301","0","","4.0","","1","N","N","","1","","0","0","0","","0","Y","","1","0","0","0","0","0","0","2","0","1","","","","N","","","","","","","","","",""
"2008114054","","0","0","0","0","0","0","0","0","0","5","1","25","02","10","2008","3","40.4441","-80.0294","","11","0","0","0","0","0","1","0","0","1","0","1","0","","","1","","10","","40 26:38.760","4","0","80 01:45.840","8","0","0","0","2301","0","0","0","N","0","0","0","2","02301","0","","1.0","","1","N","N","","0","","0","0","1","","2","N","","2","1","0","0","0","1","0","2","0","2","","","Y","Y","2","1","Y","U","N","Y","U","U","U",""
"2008114055","","1","0","0","0","0","0","0","0","0","1","0","","02","10","2008","3","40.486595","-79.913241","","11","0","0","0","0","1","0","0","0","2","0","0","0","","","1","","6","","40 29:11.743","3","8","79 54:47.669","8","0","0","0","2301","0","0","0","N","0","0","0","3","02301","0","","1.0","","1","N","N","","0","","0","0","1","","0","N","","2","1","1","0","0","1","0","2","0","2","","","","N","","","","","","","","","",""
"2008114056","","1","0","0","0","0","0","0","0","0","1","0","","02","10","2008","2","40.470633","-79.932816","","11","0","0","0","0","0","1","0","0","","0","0","0","","","1","","1","","40 28:14.278","","0","79 55:58.137","8","0","0","0","2301","0","0","0","N","0","0","0","2","02301","0","","1.0","","1","N","N","","1","","0","0","0","","3","","","2","1","1","0","0","1","0","2","0","2","","","","N","","","","","","","","","",""
"2008114057","","2","0","0","1","0","0","0","0","0","8","0","","02","10","2008","1","40.458817","-79.964524","","11","0","0","0","0","0","0","0","0","","0","0","0","","","0","","0","","40 27:31.741","","0","79 57:52.286","0","0","0","0","2301","1","0","0","N","0","0","0","1","02301","0","","1.0","","1","N","N","","0","","0","0","0","","0","","","3","0","0","0","0","0","0","2","0","2","","","","N","","","","","","","","","",""
"2008114058","","1","0","0","1","0","0","0","0","0","8","0","","02","10","2008","3","40.446513","-79.992847","","11","0","0","0","0","0","0","0","0","","0","0","0","","","1","","0","","40 26:47.447","","0","79 59:34.250","4","0","0","0","2301","1","0","0","N","0","0","0","2","02301","1","","1.0","","1","N","N","","0","","0","0","0","","0","","","2","1","0","0","0","0","0","2","0","1","","","","N","","","","","","","","","",""
"2008114059","","1","0","0","1","0","0","0","0","0","8","0","","02","10","2008","3","40.438046","-79.92768","","11","0","0","0","0","0","1","0","0","","0","0","0","","","1","","1","","40 26:16.965","","0","79 55:39.648","4","0","0","0","2301","1","0","0","N","0","0","0","2","02301","1","","1.0","","1","N","N","","0","","0","0","0","","2","","","2","1","0","0","0","0","0","2","0","1","","","","N","","","","","","","","","",""
"2008114082","","2","0","0","0","0","0","0","0","0","1","0","","02","10","2008","4","40.4874","-79.9184","","11","0","0","0","0","0","0","0","1","3","0","0","0","","","0","","0","","40 29:14.640","1","0","79 55:06.240","0","0","0","0","2430","0","0","0","N","0","0","0","3","68D02","0","","1.0","","1","N","N","","0","","0","0","0","","0","N","","2","0","0","0","0","0","0","2","0","2","","","","N","","","","","","","","","",""
"2008114086","","1","0","0","0","0","0","0","0","0","1","0","45","02","10","2008","6","40.5695","-79.7956","","11","0","0","0","0","0","1","0","0","","0","0","0","","","2","","0","","40 34:10.200","","0","79 47:44.160","3","0","0","0","2206","0","0","0","N","0","0","0","2","68D02","1","","1.0","","1","N","N","","0","","1","0","1","","0","","","2","2","1","0","0","0","0","2","0","2","","","Y","Y","4","1","N","N","Y","Y","N","N","Y",""
"2008114087","","1","0","0","0","0","0","0","0","0","99","0","","02","10","2008","6","40.661308","-79.719776","","11","0","0","0","0","0","1","0","0","","0","0","0","","","0","","0","","40 39:40.709","","0","79 43:11.192","0","0","0","0","2106","0","0","0","N","0","0","0","1","68D02","0","","1.0","","1","N","N","","0","","0","0","0","","0","","","1","0","0","0","0","0","0","2","0","1","","","","N","","","","","","","","","",""
"2008114089","","1","0","0","0","0","0","0","0","0","7","0","","02","10","2008","7","40.490491","-79.885122","","11","0","2","0","0","0","0","0","0","","0","0","0","","","1","","0","","40 29:25.769","","2","79 53:06.438","4","0","0","0","2112","0","0","0","N","0","0","0","4","68D02","1","","4.0","","1","N","N","","0","","0","0","2","","0","","","3","1","0","0","0","0","0","2","0","3","","","","N","","","","","","","","","",""
"2008114090","","0","0","0","0","0","0","0","0","0","99","0","","02","10","2008","2","40.655988","-79.724149","","11","0","0","0","0","0","1","0","0","","0","0","0","","","0","","0","","40 39:21.555","","0","79 43:26.937","0","0","0","0","2202","0","0","0","N","0","0","0","1","68D02","0","","1.0","","1","N","N","","0","","0","0","1","","0","","","1","0","0","0","0","0","0","2","0","1","","","","N","","","","","","","","","",""
"2008114092","","0","0","0","0","0","0","0","0","0","99","0","","02","10","2008","3","40.498977","-79.864271","","11","0","0","0","0","0","1","0","0","","0","0","0","","","0","","0","","40 29:56.316","","0","79 51:51.376","0","0","0","0","2112","0","0","0","N","0","0","0","1","68D02","0","","1.0","","1","N","N","","0","","0","0","1","","0","","","1","0","0","0","0","0","0","2","0","1","","","","N","","","","","","","","","",""
"2008114133","","0","0","0","0","0","0","0","0","0","4","0","","02","10","2008","4","40.650336","-80.078887","","11","0","0","0","0","0","1","0","0","1","0","0","0","","","0","","1","","40 39:01.210","2","0","80 04:43.993","0","0","0","0","2212","0","0","0","N","0","0","0","2","02505","0","","1.0","","1","N","N","","1","","0","0","0","","2","Y","","2","0","0","0","0","0","0","2","1","2","","","","N","","","","","","","","","",""
"2008114146","","1","0","0","0","0","0","0","0","0","5","1","","02","10","2008","5","40.490378","-79.798472","","11","0","0","0","0","0","0","0","0","2","0","1","0","","","0","","0","","40 29:25.360","5","0","79 47:54.499","0","0","0","0","2113","0","0","0","N","0","0","0","3","02113","0","","1.0","","1","N","N","","0","","0","0","0","","0","N","","2","0","0","0","0","0","0","2","0","2","","","","N","","","","","","","","","",""
"2008114148","","2","0","0","0","0","0","0","0","0","4","0","","02","10","2008","5","40.4466","-79.759705","","11","0","0","0","0","0","1","0","0","1","0","0","0","","","0","","2","","40 26:47.761","1","0","79 45:34.938","0","0","0","0","2446","0","0","0","N","0","0","0","3","02446","0","","1.0","","1","N","N","","0","","0","0","0","","3","N","","2","0","0","0","0","0","0","2","0","2","","","","N","","","","","","","","","",""
"2008114164","","1","0","0","0","0","0","0","0","0","4","0","","02","10","2008","4","40.365365","-80.108422","","11","0","0","0","0","0","0","0","0","1","0","0","0","","","2","","0","","40 21:55.315","2","7","80 06:30.318","4","0","0","0","2102","0","0","0","N","0","0","0","4","02102","2","","1.0","","1","N","N","","0","","0","0","1","","2","N","","2","2","0","0","0","0","0","2","0","2","","","","N","","","","","","","","","",""
"2008114170","","0","0","0","0","0","0","0","0","0","7","0","","02","10","2008","5","40.383623","-79.956221","","11","0","0","0","0","0","1","0","0","1","0","0","0","","","0","","0","","40 23:01.042","1","0","79 57:22.395","0","0","0","0","2403","0","0","0","N","0","0","0","2","02403","0","","2.0","","1","N","N","","1","","0","0","0","","0","N","","2","0","1","0","0","0","0","2","1","2","","","","N","","","","","","","","","",""
"2008114183","","0","0","0","0","0","0","1","0","0","4","1","","02","10","2008","5","40.456949","-79.93507","","11","0","0","0","0","0","0","0","0","1","0","0","0","","","1","","0","","40 27:25.016","4","0","79 56:06.253","8","0","0","0","2301","0","0","0","N","0","0","0","3","02503","0","","1.0","","1","N","N","","1","","0","0","0","","0","N","","2","1","1","0","0","1","0","2","0","2","","","","N","","","","","","","","","",""
"2008114188","","1","0","0","0","0","0","0","0","0","2","0","","02","10","2008","5","40.539774","-80.241271","","11","0","0","0","0","0","0","0","0","2","0","0","0","","","1","","0","","40 32:23.186","4","0","80 14:28.575","8","0","0","0","2213","0","0","0","N","0","0","0","2","02213","0","","1.0","","9","N","N","","0","","0","0","1","","0","N","","2","1","0","0","0","1","0","2","0","2","","","","N","","","","","","","","","",""
"2008114202","","1","0","0","0","0","0","0","0","0","1","0","","02","10","2008","2","","","","11","0","0","0","1","0","0","0","0","","0","0","0","","","1","","0","","40 28:04.44","","0","80 00:05.04","4","0","0","0","2301","0","0","0","N","0","0","0","2","68B03","1","","1.0","","1","N","N","","1","","0","0","0","","0","","","2","1","0","0","0","0","0","2","0","2","","","","N","","","","","","","","","",""
"2008114203","","0","0","0","0","0","0","0","0","0","0","0","","02","10","2008","1","","","","11","0","0","0","1","0","0","0","0","1","0","0","0","","","0","","0","","40 30:26.64","2","0","80 02:25.80","0","0","0","0","2116","0","0","0","N","0","0","0","2","68B03","0","","1.0","","1","N","N","","1","","0","0","0","","0","N","","1","0","2","0","0","0","0","2","0","1","","","","N","","","","","","","","","",""