"CRN","ARRIVAL_TM","AUTOMOBILE_COUNT","BELTED_DEATH_COUNT","BELTED_SUSP_SERIOUS_INJ_COUNT","BICYCLE_COUNT","BICYCLE_DEATH_COUNT","BICYCLE_SUSP_SERIOUS_INJ_COUNT","BUS_COUNT","CHLDPAS_DEATH_COUNT","CHLDPAS_SUSP_SERIOUS_INJ_COUNT","COLLISION_TYPE","COMM_VEH_COUNT","CONS_ZONE_SPD_LIM","COUNTY","CRASH_MONTH","CRASH_YEAR","DAY_OF_WEEK","DEC_LATITUDE","DEC_LONGITUDE","DISPATCH_TM","DISTRICT","DRIVER_COUNT_16YR","DRIVER_COUNT_17YR","DRIVER_COUNT_18YR","DRIVER_COUNT_19YR","DRIVER_COUNT_20YR","DRIVER_COUNT_50_64YR","DRIVER_COUNT_65_74YR","DRIVER_COUNT_75PLUS","EST_HRS_CLOSED","FATAL_COUNT","HEAVY_TRUCK_COUNT","HORSE_BUGGY_COUNT","HOUR_OF_DAY","ILLUMINATION","INJURY_COUNT","INTERSECTION_RELATED","INTERSECT_TYPE","LANE_CLOSED","LATITUDE","LN_CLOSE_DIR","LOCATION_TYPE","LONGITUDE","MAX_SEVERITY_LEVEL","MCYCLE_DEATH_COUNT","MCYCLE_SUSP_SERIOUS_INJ_COUNT","MOTORCYCLE_COUNT","MUNICIPALITY","NONMOTR_COUNT","NONMOTR_DEATH_COUNT","NONMOTR_SUSP_SERIOUS_INJ_COUNT","NTFY_HIWY_MAINT","PED_COUNT","PED_DEATH_COUNT","PED_SUSP_SERIOUS_INJ_COUNT","PERSON_COUNT","POLICE_AGCY","POSSIBLE_INJ_COUNT","RDWY_SURF_TYPE_CD","RELATION_TO_ROAD","ROADWAY_CLEARED","ROAD_CONDITION","SCH_BUS_IND","SCH_ZONE_IND","SECONDARY_CRASH","SMALL_TRUCK_COUNT","SPEC_JURIS_CD","SUSP_MINOR_INJ_COUNT","SUSP_SERIOUS_INJ_COUNT","SUV_COUNT","TCD_FUNC_CD","TCD_TYPE","TFC_DETOUR_IND","TIME_OF_DAY","TOTAL_UNITS","TOT_INJ_COUNT","UNBELTED_OCC_COUNT","UNB_DEATH_COUNT","UNB_SUSP_SERIOUS_INJ_COUNT","UNK_INJ_DEG_COUNT","UNK_INJ_PER_COUNT","URBAN_RURAL","VAN_COUNT","VEHICLE_COUNT","WEATHER1","WEATHER2","WORKERS_PRES","WORK_ZONE_IND","WORK_ZONE_LOC","WORK_ZONE_TYPE","WZ_CLOSE_DETOUR","WZ_FLAGGER","WZ_LAW_OFFCR_IND","WZ_LN_CLOSURE","WZ_MOVING","WZ_OTHER","WZ_SHLDER_MDN","WZ_WORKERS_INJ_KILLED"
"2008116901","","2","0","0","0","0","0","0","0","0","1","0","","02","9","2008","6","40.464829","-79.979719","1450","11","0","0","0","0","0","0","0","0","","0","0","0","","","1","","2","","40 27:53.384","","0","79 58:46.989","8","0","0","0","2301","0","0","0","N","0","0","0","2","02301","0","","1.0","","1","N","N","","0","","0","0","0","","0","","","2","1","0","0","0","1","0","2","0","2","","","","N","","","","","","","","","",""
"2008116902","","0","0","0","0","0","0","0","0","0","4","0","","02","10","2008","5","","","0047","11","0","0","0","0","0","1","0","0","","0","0","0","","","2","","0","","","","0","","3","0","0","0","2301","0","0","0","N","0","0","0","3","02301","1","","1.0","","9","N","N","","1","","1","0","1","","0","","","2","2","0","0","0","0","0","1","0","2","","","","N","","","","","","","","","",""
"2008116903","","1","0","0","0","0","0","0","0","0","7","0","","02","10","2008","5","40.450451","-80.028038","1604","11","0","0","0","0","0","0","0","0","2","0","0","0","","","0","","3","","40 27:01.623","2","0","80 01:40.936","9","0","0","0","2301","0","0","0","N","0","0","0","2","02301","0","","4.0","","1","N","N","","0","","0","0","0","","0","N","","1","0","0","0","0","0","2","2","0","1","","","","N","","","","","","","","","",""
"2008116904","","1","0","0","0","0","0","0","0","0","8","0","","02","10","2008","6","40.462487","-79.998909","1621","11","0","0","0","0","0","1","0","0","","0","0","0","","","1","","0","","40 27:44.953","","0","79 59:56.071","8","0","0","0","2301","1","0","0","N","1","0","0","2","02301","0","","1.0","","1","N","N","","0","","0","0","0","","0","","","2","1","0","0","0","1","0","2","0","1","","","","N","","","","","","","","","",""
"2008116927","","1","0","0","0","0","0","0","0","0","5","0","","02","10","2008","4","40.3877","-80.0908","1917","11","0","0","0","0","1","0","0","0","","0","0","0","","","0","","0","","40 23:15.720","","0","80 05:26.880","0","0","0","0","2437","0","0","0","N","0","0","0","2","02437","0","","1.0","","1","N","N","","0","","0","0","1","","0","","","2","0","0","0","0","0","0","2","0","2","","","","N","","","","","","","","","",""
"2008116957","","2","0","0","0","0","0","0","0","0","4","0","","02","10","2008","3","40.3983","-80.0262","1840","11","0","0","0","0","0","1","0","0","","0","0","0","","","1","","1","","40 23:53.880","","0","80 01:34.320","4","0","0","0","2301","0","0","0","N","0","0","0","2","02301","1","","1.0","","1","N","N","","0","","0","0","0","","2","","","2","1","0","0","0","0","0","2","0","2","","","","N","","","","","","","","","",""
"2008116958","","1","0","0","0","0","0","0","0","0","2","0","","02","10","2008","6","40.455359","-79.884766","1134","11","0","0","0","0","0","0","0","0","","0","0","0","","","2","","2","","40 27:19.292","","0","79 53:05.157","8","0","0","0","2301","0","0","0","N","0","0","0","3","02301","0","","1.0","","1","N","N","","0","","0","0","1","","3","","","2","2","1","0","0","2","0","2","0","2","","","","N","","","","","","","","","",""
"2008116959","","1","0","0","0","0","0","0","0","0","5","0","","02","10","2008","3","40.454086","-79.949312","1056","11","0","0","0","0","0","1","0","0","","0","0","0","","","0","","0","","40 27:14.710","","0","79 56:57.524","9","0","0","0","2301","0","0","0","N","0","0","0","2","02301","0","","1.0","","1","N","N","","0","","0","0","0","","0","","","2","0","0","0","0","0","2","2","0","2","","","","N","","","","","","","","","",""
"2008116960","","2","0","0","0","0","0","0","0","0","4","0","","02","10","2008","4","40.475221","-79.92773","0831","11","0","0","0","0","0","0","0","0","","0","0","0","","","0","","0","","40 28:30.795","","0","79 55:39.828","9","0","0","0","2301","0","0","0","N","0","0","0","1","02301","0","","6.0","","1","N","N","","0","","0","0","0","","0","","","2","0","0","0","0","0","1","2","0","2","","","","N","","","","","","","","","",""
"2008117009","","0","0","0","0","0","0","0","0","0","7","0","","02","10","2008","7","40.457334","-79.908971","1500","11","0","0","0","0","0","0","0","0","","0","0","0","","","0","","0","","40 27:26.402","","0","79 54:32.295","0","0","0","0","2301","0","0","0","N","0","0","0","3","02301","0","","4.0","","1","N","N","","1","","0","0","0","","0","","","1","0","0","0","0","0","0","2","0","1","","","","N","","","","","","","","","",""
"2008117010","","1","0","0","0","0","0","0","0","0","6","0","","02","10","2008","4","40.422414","-79.90295","1722","11","0","0","0","0","0","0","0","0","1","0","0","0","","","1","","0","","40 25:20.690","3","0","79 54:10.620","4","0","0","0","2301","0","0","0","N","0","0","0","3","02301","1","","1.0","","9","N","N","","0","","0","0","1","","0","N","","2","1","0","0","0","0","1","2","0","2","","","","N","","","","","","","","","",""
"2008117011","","2","0","0","0","0","0","0","0","0","4","0","","02","10","2008","5","40.454308","-79.933471","1853","11","0","0","0","0","0","0","0","0","","0","0","0","","","0","","1","","40 27:15.508","","0","79 56:00.495","0","0","0","0","2301","0","0","0","N","0","0","0","3","02301","0","","1.0","","1","N","N","","0","","0","0","0","","0","","","2","0","0","0","0","0","0","2","0","2","","","","N","","","","","","","","","",""
"2008117022","","1","0","0","0","0","0","0","0","0","7","0","","02","10","2008","4","40.428174","-79.924921","1410","11","0","0","0","0","0","0","0","1","","0","0","0","","","0","","0","","40 25:41.426","","0","79 55:29.715","0","0","0","0","2301","0","0","0","N","0","0","0","1","02301","0","","5.0","","1","N","N","","0","","0","0","0","","0","","","1","0","0","0","0","0","0","2","0","1","","","","N","","","","","","","","","",""
"2008117023","","2","0","0","0","0","0","0","0","0","1","0","","02","10","2008","6","40.4334","-79.918504","0233","11","0","0","0","0","0","0","0","0","","0","0","0","","","0","","0","","40 26:00.240","","0","79 55:06.614","0","0","0","0","2301","0","0","0","N","0","0","0","1","02301","0","","6.0","","1","N","N","","0","","0","0","0","","0","","","2","0","0","0","0","0","0","2","0","2","","","","N","","","","","","","","","",""
"2008117035","","1","0","0","0","0","0","0","0","0","7","0","","02","10","2008","4","40.44736","-80.061503","1416","11","0","0","0","0","0","0","0","0","9","0","0","0","","","1","","2","","40 26:50.496","1","0","80 03:41.410","8","0","0","0","2301","0","0","0","N","0","0","0","2","02301","0","","4.0","","1","N","N","","0","","0","0","0","","0","N","","1","1","0","0","0","1","1","2","0","1","","","","N","","","","","","","","","",""
"2008117036","","1","0","0","0","0","0","0","0","0","7","0","","02","10","2008","5","40.434912","-80.034056","1224","11","0","0","0","0","0","0","0","0","","0","0","0","","","1","","2","","40 26:05.683","","0","80 02:02.602","8","0","0","0","2301","0","0","0","N","0","0","0","1","02301","0","","4.0","","9","N","N","","0","","0","0","0","","3","","","1","1","0","0","0","1","0","2","0","1","","","","N","","","","","","","","","",""
"2008117037","","1","0","0","0","0","0","0","0","0","4","0","","02","10","2008","6","40.437514","-79.981451","0032","11","0","0","0","0","0","0","0","0","","0","0","0","","","0","","1","","40 26:15.050","","0","79 58:53.223","9","0","0","0","2301","0","0","0","N","0","0","0","2","02301","0","","1.0","","1","N","N","","0","","0","0","0","","1","","","2","0","0","0","0","0","1","2","1","2","","","","N","","","","","","","","","",""
"2008117038","","1","0","0","0","0","0","0","0","0","4","1","","02","10","2008","6","40.441946","-79.991873","0746","11","0","0","0","0","0","1","0","0","","0","1","0","","","0","","1","","40 26:31.004","","0","79 59:30.743","0","0","0","0","2301","0","0","0","N","0","0","0","2","02301","0","","1.0","","1","N","N","","0","","0","0","0","","2","","","2","0","0","0","0","0","0","2","0","2","","","","N","","","","","","","","","",""
"2008117040","","1","0","0","0","0","0","0","0","0","7","0","","02","10","2008","7","40.383","-79.996","1609","11","0","0","0","0","0","0","0","0","1","0","0","0","","","0","","0","","40 22:58.800","2","0","79 59:45.600","0","0","0","0","2301","0","0","0","Y","0","0","0","1","02301","0","","3.0","","1","","N","","0","","0","0","0","","0","Y","","1","0","0","0","0","0","0","2","0","1","","","","N","","","","","","","","","",""
"2008117041","","1","0","0","0","0","0","0","0","0","6","1","","02","10","2008","4","40.432442","-79.989189","1245","11","0","0","0","0","0","1","0","0","","0","1","0","","","1","","0","","40 25:56.790","","3","79 59:21.081","8","0","0","0","2301","0","0","0","N","0","0","0","2","02301","0","","1.0","","1","N","N","","0","","0","0","0","","0","","","2","1","0","0","0","1","0","2","0","2","","","","N","","","","","","","","","",""
"2008117042","","0","0","0","1","0","0","0","0","0","8","0","","02","10","2008","4","40.447127","-79.988754","0811","11","0","0","0","0","0","1","0","0","","0","0","0","","","1","","0","","40 26:49.657","","0","79 59:19.514","4","0","0","0","2301","1","0","0","N","0","0","0","2","02301","1","","1.0","","1","N","N","","0","","0","0","1","","0","","","2","1","0","0","0","0","0","2","0","1","","","","N","","","","","","","","","",""
"2008117043","","2","0","0","0","0","0","0","0","0","1","0","","02","10","2008","1","40.426237","-80.007808","2025","11","0","0","0","0","0","0","0","0","","0","0","0","","","0","","0","","40 25:34.453","","0","80 00:28.108","0","0","0","0","2301","0","0","0","N","0","0","0","2","02301","0","","6.0","","1","N","N","","0","","0","0","0","","0","","","2","0","0","0","0","0","0","2","0","2","","","","N","","","","","","","","","",""
"2008117044","","1","0","0","0","0","0","0","0","0","7","0","","02","10","2008","4","40.414247","-80.004791","0306","11","0","0","0","0","0","0","0","0","","0","0","0","","","1","","0","","40 24:51.289","","0","80 00:17.247","4","0","0","0","2301","0","0","0","N","0","0","0","1","02301","1","","5.0","","1","N","N","","0","","0","0","0","","0","","","1","1","1","0","0","0","0","2","0","1","","","","N","","","","","","","","","",""
"2008117045","","1","0","0","0","0","0","0","0","0","7","0","","02","10","2008","5","40.425172","-79.99045","0244","11","0","0","0","0","0","0","0","0","","0","0","0","","","0","","0","","40 25:30.619","","0","79 59:25.620","0","0","0","0","2301","0","0","0","N","0","0","0","4","02301","0","","4.0","","1","N","N","","0","","0","0","0","","0","","","1","0","0","0","0","0","0","2","0","1","","","","N","","","","","","","","","",""
"2008117046","","1","0","0","0","0","0","0","0","0","4","0","","02","10","2008","5","40.427186","-79.988547","1654","11","0","0","0","0","0","0","0","0","","0","0","0","","","0","","1","","40 25:37.869","","0","79 59:18.769","0","0","0","0","2301","0","0","0","N","0","0","0","2","02301","0","","1.0","","9","N","N","","0","","0","0","1","","3","","","2","0","0","0","0","0","0","2","0","2","","","","N","","","","","","","","","",""
"2008117047","","1","0","0","0","0","0","0","0","0","8","0","","02","10","2008","6","40.411462","-79.991412","1037","11","0","0","0","0","0","0","0","0","","0","0","0","","","1","","0","","40 24:41.263","","0","79 59:29.083","2","0","0","0","2301","1","0","1","N","1","0","1","2","02301","0","","1.0","","1","N","N","","0","","0","1","0","","0","","","2","1","0","0","0","0","0","2","0","1","","","","N","","","","","","","","","",""
"2008117048","","1","0","0","0","0","0","0","0","0","4","0","","02","10","2008","2","40.407318","-80.033545","0022","11","0","0","0","1","0","0","0","0","1","0","0","0","","","0","","1","","40 24:26.344","6","0","80 02:00.761","0","0","0","0","2301","0","0","0","N","0","0","0","2","02301","0","","1.0","","1","N","N","","1","","0","0","0","","2","N","","2","0","0","0","0","0","0","2","0","2","","","","N","","","","","","","","","",""
"2008117049","","2","0","0","0","0","0","0","0","0","4","0","","02","10","2008","3","40.428414","-79.974569","1041","11","0","0","1","0","0","0","0","0","","0","0","0","","","0","","2","","40 25:42.291","","0","79 58:28.448","0","0","0","0","2301","0","0","0","N","0","0","0","2","02301","0","","1.0","","1","N","N","","0","","0","0","0","","0","","","2","0","0","0","0","0","0","2","0","2","","","","N","","","","","","","","","",""
"2008117050","","2","0","0","0","0","0","0","0","0","5","0","","02","10","2008","3","40.413472","-80.042753","1747","11","0","0","0","0","0","1","0","0","2","0","0","0","","","0","","1","","40 24:48.499","4","0","80 02:33.910","0","0","0","0","2301","0","0","0","N","0","0","0","2","02301","0","","1.0","","1","N","N","","0","","0","0","0","","3","N","","2","0","0","0","0","0","0","2","0","2","","","","N","","","","","","","","","",""
"2008117055","","1","0","0","0","0","0","0","0","0","7","0","","02","10","2008","5","40.422543","-79.917974","2144","11","0","0","0","0","0","0","0","0","","0","0","0","","","0","","0","","40 25:21.154","","0","79 55:04.706","9","0","0","0","2301","0","0","0","N","0","0","0","1","02301","0","","4.0","","1","N","N","","0","","0","0","0","","0","","","1","0","0","0","0","0","1","2","0","1","","","","N","","","","","","","","","",""
"2008117056","","2","0","0","0","0","0","0","0","0","2","0","","02","10","2008","6","40.4351","-79.9564","1932","11","0","1","0","0","1","0","0","0","","0","0","0","","","0","","1","","40 26:06.360","","0","79 57:23.040","0","0","0","0","2301","0","0","0","N","0","0","0","4","02301","0","","1.0","","1","N","N","","0","","0","0","0","","2","","","2","0","1","0","0","0","0","2","0","2","","","","N","","","","","","","","","",""
"2008117057","","2","0","0","0","0","0","0","0","0","5","0","","02","10","2008","7","40.428312","-79.933041","0130","11","0","1","0","0","0","0","0","0","","0","0","0","","","0","","0","","40 25:41.923","","0","79 55:58.947","0","0","0","0","2301","0","0","0","N","0","0","0","4","02301","0","","2.0","","1","N","N","","1","","0","0","1","","0","","","4","0","0","0","0","0","0","2","0","4","","","","N","","","","","","","","","",""
"2008117058","","0","0","0","0","0","0","0","0","0","7","0","","02","10","2008","1","40.430057","-79.957786","0009","11","0","0","0","0","0","0","0","0","1","0","0","0","","","0","","2","","40 25:48.205","1","0","79 57:28.031","9","0","0","0","2301","0","0","0","N","0","0","0","1","02301","0","","5.0","","1","N","N","","0","","0","0","1","","2","N","","1","0","0","0","0","0","1","2","0","1","","","","N","","","","","","","","","",""
"2008117059","","0","0","0","0","0","0","0","0","0","2","0","","02","10","2008","1","40.4592","-79.922055","1603","11","0","1","0","0","0","0","0","0","","0","0","0","","","0","","1","","40 27:33.120","","0","79 55:19.398","0","0","0","0","2301","0","0","0","N","0","0","0","4","02301","0","","1.0","","1","N","N","","0","","0","0","2","","2","","","2","0","0","0","0","0","0","2","0","2","","","","N","","","","","","","","","",""
"2008117060","","0","0","0","1","0","0","0","0","0","8","0","","02","10","2008","4","40.463602","-80.053208","1940","11","0","0","0","0","0","0","0","0","","0","0","0","","","1","","1","","40 27:48.967","","0","80 03:11.548","8","0","0","0","2301","1","0","0","N","0","0","0","2","02301","0","","1.0","","1","N","N","","1","","0","0","0","","3","","","2","1","0","0","0","1","1","2","0","1","","","","N","","","","","","","","","",""
"2008117061","","3","0","0","0","0","0","0","0","0","1","0","99","02","10","2008","5","40.442498","-80.029801","1550","11","0","0","0","0","0","1","0","0","1","0","0","0","","","0","","0","","40 26:32.993","1","0","80 01:47.283","0","0","0","0","2301","0","0","0","N","0","0","0","4","02301","0","","1.0","","1","N","N","","0","","0","0","1","","0","N","","4","0","0","0","0","0","0","2","0","4","","","Y","Y","4","1","U","U","N","U","U","U","Y",""
"2008117062","","1","0","0","0","0","0","0","0","0","5","0","","02","10","2008","3","40.427828","-80.053313","0728","11","0","0","0","0","0","0","0","0","","0","0","0","","","0","","0","","40 25:40.180","","0","80 03:11.928","0","0","0","0","2301","0","0","0","N","0","0","0","2","02301","0","","1.0","","1","N","N","","0","","0","0","1","","0","","","2","0","0","0","0","0","0","2","0","2","","","","N","","","","","","","","","",""
"2008117063","","1","0","0","0","0","0","0","0","0","1","0","","02","10","2008","6","","","0031","11","0","0","0","0","0","0","0","0","1","0","0","0","","","0","","0","","","4","0","","0","0","0","0","2301","0","0","0","N","0","0","0","2","02301","0","","6.0","","1","N","N","","1","","0","0","0","","0","N","","2","0","0","0","0","0","0","1","0","2","","","","N","","","","","","","","","",""
"2008117064","","2","0","0","0","0","0","0","0","0","1","0","","02","10","2008","7","40.426155","-79.986758","2201","11","0","0","0","0","0","0","0","0","","0","0","0","","","0","","0","","40 25:34.159","","0","79 59:12.329","0","0","0","0","2301","0","0","0","N","0","0","0","3","02301","0","","2.0","","1","N","N","","0","","0","0","0","","0","","","2","0","0","0","0","0","0","2","0","2","","","","N","","","","","","","","","",""
"2008117066","","1","0","0","0","0","0","0","0","0","99","0","","02","10","2008","1","40.396316","-80.004222","9999","11","0","0","0","0","0","0","0","0","","0","0","0","","","0","","0","","40 23:46.737","","0","80 00:15.199","0","0","0","0","2301","0","0","0","N","0","0","0","1","02301","0","","4.0","","1","N","N","","0","","0","0","0","","0","","","1","0","0","0","0","0","0","2","0","1","","","","N","","","","","","","","","",""
"2008117067","","1","0","0","0","0","0","0","0","0","1","0","","02","10","2008","5","40.424533","-79.982391","1404","11","0","1","0","0","0","0","0","0","","0","0","0","","","1","","0","","40 25:28.318","","0","79 58:56.607","8","0","0","0","2301","0","0","0","N","0","0","0","2","02301","0","","1.0","","1","N","N","","0","","0","0","1","","0","","","2","1","0","0","0","1","0","2","0","2","","","","N","","","","","","","","","",""
"2008117068","","0","0","0","0","0","0","0","0","0","4","0","","02","10","2008","7","40.391825","-80.025304","0240","11","0","0","0","0","0","0","0","0","1","0","0","0","","","1","","2","","40 23:30.570","4","0","80 01:31.094","8","0","0","0","2301","0","0","0","N","0","0","0","3","02301","0","","1.0","","1","N","N","","0","","0","0","2","","3","N","","2","1","0","0","0","1","0","2","0","2","","","","N","","","","","","","","","",""
"2008117069","","2","0","0","0","0","0","0","0","0","1","0","","02","10","2008","2","40.438662","-79.962706","1442","11","0","0","0","0","0","2","0","0","1","0","0","0","","","2","","0","","40 26:19.183","4","0","79 57:45.741","4","0","0","0","2301","0","0","0","N","0","0","0","5","02301","2","","1.0","","1","N","N","","0","","0","0","0","","0","N","","3","2","1","0","0","0","0","2","1","3","","","","N","","","","","","","","","",""
"2008117070","","1","0","0","0","0","0","0","0","0","7","0","","02","10","2008","2","40.45812","-79.911268","0219","11","0","0","0","0","0","0","0","0","","0","0","0","","","1","","2","","40 27:29.232","","0","79 54:40.564","4","0","0","0","2301","0","0","0","N","0","0","0","4","02301","1","","5.0","","1","N","N","","0","","0","0","0","","0","","","1","1","0","0","0","0","0","2","0","1","","","","N","","","","","","","","","",""
"2008117071","","1","0","0","0","0","0","0","0","0","4","0","35","02","10","2008","2","","","2034","11","0","0","0","0","0","0","0","0","","0","0","0","","","0","","3","","","","0","","0","0","0","0","2301","0","0","0","N","0","0","0","2","02301","0","","1.0","","1","N","N","","1","","0","0","0","","2","","","2","0","0","0","0","0","0","1","0","2","","","N","Y","4","1","U","U","N","U","U","Y","U",""
"2008117072","","1","0","0","0","0","0","0","0","0","1","0","","02","10","2008","3","40.421391","-80.02963","0707","11","0","0","0","0","0","0","0","0","","0","0","0","","","0","","0","","40 25:17.009","","0","80 01:46.667","0","0","0","0","2301","0","0","0","N","0","0","0","2","02301","0","","1.0","","1","N","N","","0","","0","0","1","","0","","","2","0","0","0","0","0","0","2","0","2","","","","N","","","","","","","","","",""
"2008117073","","0","0","0","0","0","0","0","0","0","4","0","","02","10","2008","7","40.416936","-80.014558","0944","11","0","0","0","0","0","0","1","0","","0","0","0","","","0","","1","","40 25:00.971","","0","80 00:52.409","0","0","0","0","2301","0","0","0","N","0","0","0","2","02301","0","","1.0","","1","N","N","","0","","0","0","2","","2","","","2","0","0","0","0","0","0","2","0","2","","","","N","","","","","","","","","",""
"2008117074","","2","0","0","0","0","0","0","0","0","5","0","","02","10","2008","4","40.471151","-79.891962","0710","11","0","0","0","0","0","1","0","0","","0","0","0","","","0","","0","","40 28:16.143","","0","79 53:31.063","0","0","0","0","2301","0","0","0","N","0","0","0","1","02301","0","","6.0","","1","","N","","0","","0","0","0","","0","","","2","0","0","0","0","0","0","2","0","2","","","","N","","","","","","","","","",""
"2008117075","","3","0","0","0","0","0","0","0","0","4","0","","02","10","2008","5","40.466376","-79.908178","0833","11","0","0","0","0","0","1","0","0","1","0","0","0","","","0","","0","","40 27:58.954","1","0","79 54:29.442","0","0","0","0","2301","0","0","0","N","0","0","0","3","02301","0","","1.0","","9","N","N","","0","","0","0","0","","0","N","","4","0","0","0","0","0","0","2","0","3","","","","N","","","","","","","","","",""
"2008117076","","2","0","0","0","0","0","0","0","0","2","0","","02","10","2008","6","40.459466","-79.936724","1007","11","0","0","0","0","1","0","0","0","","0","0","0","","","0","","1","","40 27:34.076","","0","79 56:12.207","0","0","0","0","2301","0","0","0","N","0","0","0","3","02301","0","","1.0","","1","N","N","","0","","0","0","0","","3","","","2","0","0","0","0","0","0","2","0","2","","","","N","","","","","","","","","",""
"2008117077","","1","0","0","0","0","0","0","0","0","7","0","","02","10","2008","7","40.478543","-79.901919","1522","11","0","0","0","0","0","0","0","0","","0","0","0","","","0","","2","","40 28:42.756","","0","79 54:06.909","0","0","0","0","2301","0","0","0","N","0","0","0","1","02301","0","","4.0","","1","N","N","","0","","0","0","0","","0","","","1","0","0","0","0","0","0","2","0","1","","","","N","","","","","","","","","",""
"2008117078","","2","0","0","0","0","0","0","0","0","5","0","","02","10","2008","4","40.46587","-79.949314","1119","11","0","0","0","0","0","0","0","0","1","0","0","0","","","0","","0","","40 27:57.132","4","0","79 56:57.530","0","0","0","0","2301","0","0","0","N","0","0","0","1","02301","0","","1.0","","1","N","N","","0","","0","0","0","","0","N","","2","0","1","0","0","0","0","2","0","2","","","","N","","","","","","","","","",""
"2008117079","","1","0","0","0","0","0","0","0","0","1","0","","02","10","2008","5","","","0730","11","0","0","0","0","0","0","0","0","","0","0","0","","","1","","0","","","","0","","4","0","0","0","2301","0","0","0","N","0","0","0","2","02301","1","","1.0","","9","N","N","","1","","0","0","0","","0","","","2","1","2","0","0","0","0","1","0","2","","","","N","","","","","","","","","",""
"2008117080","","2","0","0","0","0","0","0","0","0","1","0","","02","10","2008","6","40.464267","-79.957746","1735","11","0","0","0","0","0","0","0","0","9","0","0","0","","","1","","1","","40 27:51.361","2","0","79 57:27.885","4","0","0","0","2301","0","0","0","N","0","0","0","4","02301","1","","1.0","","1","N","N","","0","","0","0","0","","3","N","","2","1","0","0","0","0","0","2","0","2","","","","N","","","","","","","","","",""
"2008117081","","2","0","0","0","0","0","0","0","0","4","0","","02","10","2008","2","40.45915","-79.897005","1643","11","0","1","0","0","0","0","0","0","","0","0","0","","","0","","0","","40 27:32.940","","0","79 53:49.218","0","0","0","0","2301","0","0","0","N","0","0","0","2","02301","0","","6.0","","1","N","N","","0","","0","0","0","","0","","","2","0","0","0","0","0","0","2","0","2","","","","N","","","","","","","","","",""
"2008117082","","2","0","0","0","0","0","0","0","0","2","0","","02","10","2008","5","40.437734","-80.000234","0815","11","0","0","0","0","0","0","0","0","","0","0","0","","","0","","1","","40 26:15.841","","0","80 00:00.841","0","0","0","0","2301","0","0","0","N","0","0","0","2","02301","0","","1.0","","9","N","N","","0","","0","0","0","","2","","","2","0","0","0","0","0","0","2","0","2","","","","N","","","","","","","","","",""
"2008117083","","2","0","0","0","0","0","0","0","0","4","0","","02","10","2008","1","40.453945","-79.979862","1653","11","0","0","0","0","0","0","0","1","","0","0","0","","","1","","2","","40 27:14.202","","0","79 58:47.503","8","0","0","0","2301","0","0","0","N","0","0","0","5","02301","0","","1.0","","1","N","N","","0","","0","0","0","","3","","","2","1","0","0","0","1","0","2","0","2","","","","N","","","","","","","","","",""
"2008117084","","2","0","0","0","0","0","0","0","0","2","0","","02","10","2008","4","40.4458","-79.9981","1737","11","0","0","0","0","0","0","0","0","","0","0","0","","","0","","2","","40 26:44.880","","0","79 59:53.160","0","0","0","0","2301","0","0","0","N","0","0","0","2","02301","0","","1.0","","9","N","N","","0","","0","0","0","","2","","","2","0","0","0","0","0","0","2","0","2","","","","N","","","","","","","","","",""
"2008117085","","2","0","0","0","0","0","0","0","0","2","0","","02","10","2008","5","40.4866","-79.9424","1412","11","0","0","0","0","0","0","0","1","1","0","0","0","","","1","","0","","40 29:11.760","3","0","79 56:32.640","8","0","0","0","2301","0","0","0","N","0","0","0","1","02301","0","","1.0","","9","N","N","","0","","0","0","0","","0","N","","2","1","1","0","0","1","0","2","0","2","","","","N","","","","","","","","","",""
"2008117086","","2","0","0","0","0","0","0","0","0","1","0","","02","10","2008","4","","","1650","11","0","0","0","0","0","0","0","0","","0","0","0","","","0","","0","","","","3","","0","0","0","0","2301","0","0","0","N","0","0","0","2","02301","0","","1.0","","9","N","N","","0","","0","0","0","","0","","","2","0","0","0","0","0","0","1","0","2","","","","N","","","","","","","","","",""
"2008117087","","1","0","0","0","0","0","0","0","0","5","0","","02","10","2008","4","","","1526","11","0","0","0","0","0","1","0","0","","0","0","0","","","0","","0","","","","0","","0","0","0","0","2301","0","0","0","N","0","0","0","3","02301","0","","6.0","","1","N","N","","1","","0","0","0","","3","","","2","0","0","0","0","0","0","1","0","2","","","","N","","","","","","","","","",""
"2008117088","","1","0","0","0","0","0","0","0","0","8","0","","02","10","2008","4","40.470364","-79.960495","2023","11","0","0","0","0","0","0","0","0","1","0","0","0","","","1","","0","","40 28:13.311","6","0","79 57:37.781","3","0","0","0","2301","1","0","0","N","1","0","0","2","02301","0","","1.0","","1","N","N","","0","","1","0","0","","0","Y","","2","1","0","0","0","0","0","2","0","1","","","","N","","","","","","","","","",""
"2008117089","","3","0","0","0","0","0","0","0","0","1","0","","02","10","2008","5","40.448054","-79.988728","0856","11","0","0","0","0","0","1","0","0","","0","0","0","","","0","","1","","40 26:52.994","","0","79 59:19.420","0","0","0","0","2301","0","0","0","N","0","0","0","3","02301","0","","1.0","","9","N","N","","0","","0","0","0","","0","","","3","0","0","0","0","0","0","2","0","3","","","","N","","","","","","","","","",""