"CRN","ARRIVAL_TM","AUTOMOBILE_COUNT","BELTED_DEATH_COUNT","BELTED_SUSP_SERIOUS_INJ_COUNT","BICYCLE_COUNT","BICYCLE_DEATH_COUNT","BICYCLE_SUSP_SERIOUS_INJ_COUNT","BUS_COUNT","CHLDPAS_DEATH_COUNT","CHLDPAS_SUSP_SERIOUS_INJ_COUNT","COLLISION_TYPE","COMM_VEH_COUNT","CONS_ZONE_SPD_LIM","COUNTY","CRASH_MONTH","CRASH_YEAR","DAY_OF_WEEK","DEC_LATITUDE","DEC_LONGITUDE","DISPATCH_TM","DISTRICT","DRIVER_COUNT_16YR","DRIVER_COUNT_17YR","DRIVER_COUNT_18YR","DRIVER_COUNT_19YR","DRIVER_COUNT_20YR","DRIVER_COUNT_50_64YR","DRIVER_COUNT_65_74YR","DRIVER_COUNT_75PLUS","EST_HRS_CLOSED","FATAL_COUNT","HEAVY_TRUCK_COUNT","HORSE_BUGGY_COUNT","HOUR_OF_DAY","ILLUMINATION","INJURY_COUNT","INTERSECTION_RELATED","INTERSECT_TYPE","LANE_CLOSED","LATITUDE","LN_CLOSE_DIR","LOCATION_TYPE","LONGITUDE","MAX_SEVERITY_LEVEL","MCYCLE_DEATH_COUNT","MCYCLE_SUSP_SERIOUS_INJ_COUNT","MOTORCYCLE_COUNT","MUNICIPALITY","NONMOTR_COUNT","NONMOTR_DEATH_COUNT","NONMOTR_SUSP_SERIOUS_INJ_COUNT","NTFY_HIWY_MAINT","PED_COUNT","PED_DEATH_COUNT","PED_SUSP_SERIOUS_INJ_COUNT","PERSON_COUNT","POLICE_AGCY","POSSIBLE_INJ_COUNT","RDWY_SURF_TYPE_CD","RELATION_TO_ROAD","ROADWAY_CLEARED","ROAD_CONDITION","SCH_BUS_IND","SCH_ZONE_IND","SECONDARY_CRASH","SMALL_TRUCK_COUNT","SPEC_JURIS_CD","SUSP_MINOR_INJ_COUNT","SUSP_SERIOUS_INJ_COUNT","SUV_COUNT","TCD_FUNC_CD","TCD_TYPE","TFC_DETOUR_IND","TIME_OF_DAY","TOTAL_UNITS","TOT_INJ_COUNT","UNBELTED_OCC_COUNT","UNB_DEATH_COUNT","UNB_SUSP_SERIOUS_INJ_COUNT","UNK_INJ_DEG_COUNT","UNK_INJ_PER_COUNT","URBAN_RURAL","VAN_COUNT","VEHICLE_COUNT","WEATHER1","WEATHER2","WORKERS_PRES","WORK_ZONE_IND","WORK_ZONE_LOC","WORK_ZONE_TYPE","WZ_CLOSE_DETOUR","WZ_FLAGGER","WZ_LAW_OFFCR_IND","WZ_LN_CLOSURE","WZ_MOVING","WZ_OTHER","WZ_SHLDER_MDN","WZ_WORKERS_INJ_KILLED"
"2008118085","","2","0","0","0","0","0","0","0","0","1","0","","02","10","2008","1","","","1137","11","0","0","0","0","1","1","0","0","","0","0","0","","","0","","0","","40 25:50.16","","0","80 01:35.76","0","0","0","0","2425","0","0","0","N","0","0","0","3","68B03","0","","1.0","","1","N","N","","0","","0","0","1","","0","","","3","0","0","0","0","0","0","2","0","3","","","","N","","","","","","","","","",""
"2008118086","","1","0","0","0","0","0","0","0","0","4","1","","02","10","2008","4","","","1551","11","0","0","0","0","0","1","0","0","","0","1","0","","","1","","0","","40 28:04.44","","0","80 14:11.76","4","0","0","0","2203","0","0","0","N","0","0","0","2","68B03","1","","1.0","","9","N","N","","0","","0","0","0","","0","","","2","1","0","0","0","0","0","2","0","2","","","","N","","","","","","","","","",""
"2008118096","","1","0","0","0","0","0","0","0","0","8","0","","02","11","2008","2","40.469116","-80.103029","1810","11","0","0","0","0","0","0","0","1","","0","0","0","","","1","","0","","40 28:08.817","","0","80 06:10.903","8","0","0","0","2126","1","0","0","N","1","0","0","3","02126","0","","1.0","","1","N","N","","0","","0","0","0","","0","","","2","1","0","0","0","1","0","2","0","1","","","","N","","","","","","","","","",""
"2008118155","","1","0","0","0","0","0","0","0","0","1","0","","02","11","2008","2","40.439201","-79.829692","1530","11","0","0","0","0","0","0","0","0","","0","0","0","","","1","","2","","40 26:21.124","","0","79 49:46.891","3","0","0","1","2419","0","0","0","N","0","0","0","3","02419","0","","1.0","","1","N","N","","0","","1","0","1","","0","","","3","1","0","0","0","0","0","2","0","3","","","","N","","","","","","","","","",""
"2008118157","","0","0","0","0","0","0","0","0","0","4","0","","02","9","2008","2","40.445446","-79.765266","1813","11","0","0","0","0","0","0","0","0","","0","0","0","","","1","","1","","40 26:43.605","","0","79 45:54.957","8","0","0","0","2446","0","0","0","N","0","0","0","2","02446","0","","1.0","","1","N","N","","0","","0","0","0","","3","","","2","1","0","0","0","1","0","2","2","2","","","","N","","","","","","","","","",""
"2008118159","","2","0","0","0","0","0","0","0","0","4","0","","02","11","2008","7","40.315415","-80.00613","1628","11","1","0","0","0","0","0","0","0","","0","0","0","","","1","","1","","40 18:55.495","","6","80 00:22.069","4","0","0","0","2219","0","0","0","N","0","0","0","3","02501","1","","1.0","","1","N","N","","0","","0","0","0","","2","","","2","1","0","0","0","0","0","2","0","2","","","","N","","","","","","","","","",""
"2008118160","","0","0","0","0","0","0","0","0","0","5","0","","02","11","2008","7","40.424156","-79.887553","0229","11","0","0","0","0","0","0","0","0","","0","0","0","","","0","","0","","40 25:26.962","","0","79 53:15.189","0","0","0","0","2463","0","0","0","N","0","0","0","2","02463","0","","1.0","","1","N","N","","1","","0","0","1","","0","","","2","0","0","0","0","0","0","2","0","2","","","","N","","","","","","","","","",""
"2008118161","","1","0","0","0","0","0","0","0","0","7","0","","02","10","2008","5","40.449837","-79.723946","9999","11","0","0","0","1","0","0","0","0","2","0","0","0","","","1","","0","","40 26:59.412","4","0","79 43:26.205","8","0","0","0","2466","0","0","0","N","0","0","0","1","02466","0","","5.0","","1","N","N","","0","","0","0","0","","0","N","","1","1","0","0","0","1","0","2","0","1","","","","N","","","","","","","","","",""
"2008118201","","0","0","0","0","0","0","0","0","0","7","0","","02","10","2008","6","40.522826","-79.969078","0121","11","0","0","0","0","0","0","0","0","4","0","0","0","","","0","","2","","40 31:22.175","7","0","79 58:08.679","0","0","0","0","2118","0","0","0","N","0","0","0","1","02118","0","","5.0","","1","N","N","","0","","0","0","1","","0","Y","","1","0","0","0","0","0","0","2","0","1","","","","N","","","","","","","","","",""
"2008118218","","1","0","0","0","0","0","0","0","0","7","0","","02","10","2008","6","","","1436","11","0","0","0","0","0","0","0","0","","0","0","0","","","4","","0","","40 25:48.36","","0","79 53:00.24","4","0","0","0","2426","0","0","0","N","0","0","0","6","68B03","4","","3.0","","1","N","N","","1","","0","0","1","","0","","","3","4","0","0","0","0","0","2","0","3","","","","N","","","","","","","","","",""
"2008118313","","0","0","0","0","0","0","0","0","0","7","0","","02","10","2008","4","40.4421","-79.7528","1216","11","0","0","0","0","0","1","0","0","1","0","0","0","","","0","","0","","40 26:31.560","4","0","79 45:10.080","0","0","0","0","2446","0","0","0","N","0","0","0","1","68T02","0","","3.0","","9","N","N","","1","","0","0","0","","0","N","","1","0","0","0","0","0","0","2","0","1","","","","N","","","","","","","","","",""
"2008118314","","1","0","0","0","0","0","0","0","0","7","0","","02","11","2008","2","40.5958","-79.9151","0713","11","0","0","0","0","0","0","0","0","","0","0","0","","","0","","0","","40 35:44.880","","0","79 54:54.360","0","0","0","0","2209","0","0","0","N","0","0","0","1","68T02","0","","2.0","","1","N","N","","0","","0","0","0","","0","","","1","0","0","0","0","0","0","1","0","1","","","","N","","","","","","","","","",""
"2008118324","","3","0","0","0","0","0","0","0","0","1","0","","02","10","2008","6","40.413","-80.0079","2120","11","0","0","0","0","0","0","0","0","","0","0","0","","","2","","2","","40 24:46.800","","4","80 00:28.440","4","0","0","0","2301","0","0","0","N","0","0","0","4","02301","2","","1.0","","9","N","N","","0","","0","0","0","","2","","","3","2","0","0","0","0","1","2","0","3","","","","N","","","","","","","","","",""
"2008118328","","1","0","0","0","0","0","0","0","0","4","0","","02","10","2008","5","40.343534","-80.103976","1312","11","0","0","0","0","0","0","0","0","2","0","0","0","","","1","","2","","40 20:36.722","4","0","80 06:14.314","3","0","0","0","2123","0","0","0","N","0","0","0","3","02123","0","","1.0","","1","N","N","","0","","1","0","1","","0","N","","2","1","0","0","0","0","1","2","0","2","","","","N","","","","","","","","","",""
"2008118329","","1","0","0","0","0","0","0","0","0","7","0","","02","10","2008","5","40.3369","-80.1086","2230","11","0","1","0","0","0","0","0","0","","0","0","0","","","0","","0","","40 20:12.840","","0","80 06:30.960","0","0","0","0","2123","0","0","0","N","0","0","0","1","02123","0","","4.0","","1","N","N","","0","","0","0","0","","0","","","1","0","0","0","0","0","0","2","0","1","","","","N","","","","","","","","","",""
"2008118334","","1","0","0","0","0","0","0","0","0","1","0","","02","11","2008","3","40.420854","-79.884244","0833","11","0","0","0","0","0","0","0","0","1","0","0","0","","","0","","1","","40 25:15.074","4","0","79 53:03.278","0","0","0","0","2463","0","0","0","N","0","0","0","2","02463","0","","1.0","","1","N","N","","1","","0","0","0","","2","N","","2","0","0","0","0","0","0","2","0","2","","","","N","","","","","","","","","",""
"2008118335","","1","0","0","0","0","0","0","0","0","1","0","","02","10","2008","4","40.4938","-79.9094","1830","11","0","0","0","0","0","0","0","0","1","0","0","0","","","0","","6","","40 29:37.680","1","2","79 54:33.840","0","0","0","0","2401","0","0","0","N","0","0","0","2","02401","0","","1.0","","1","N","N","","0","","0","0","1","","3","N","","2","0","2","0","0","0","0","2","0","2","","","","N","","","","","","","","","",""
"2008118337","","2","0","0","0","0","0","0","0","0","4","0","","02","11","2008","7","","","1039","11","0","0","0","0","0","1","0","0","","0","0","0","","","0","","0","","","","7","","0","0","0","0","2111","0","0","0","N","0","0","0","1","02111","0","","6.0","","1","N","N","","1","","0","0","1","","2","","","5","0","0","0","0","0","0","1","1","5","","","","N","","","","","","","","","",""
"2008118338","","1","0","0","0","0","0","0","0","0","7","0","","02","11","2008","2","","","1510","11","0","0","0","0","0","0","0","0","","0","0","0","","","0","","0","","","","0","","9","0","0","0","2455","0","0","0","N","0","0","0","1","02455","0","","5.0","","1","N","N","","0","","0","0","0","","0","","","1","0","0","0","0","0","1","1","0","1","","","","N","","","","","","","","","",""
"2008118339","","1","0","0","0","0","0","0","0","0","4","0","","02","11","2008","3","40.3961","-79.803","0716","11","0","0","0","0","0","0","0","0","","0","0","0","","","0","","7","","40 23:45.960","","2","79 48:10.800","0","0","0","0","2479","0","0","0","N","0","0","0","4","02111","0","","1.0","","1","N","N","","1","","0","0","0","","0","","","2","0","0","0","0","0","0","2","0","2","","","","N","","","","","","","","","",""
"2008118343","","2","0","0","0","0","0","0","0","0","4","0","","02","11","2008","3","40.4791","-79.8485","0918","11","0","0","0","0","0","1","1","0","","0","0","0","","","0","","0","","40 28:44.760","","0","79 50:54.600","0","0","0","0","2113","0","0","0","N","0","0","0","2","02113","0","","1.0","","1","N","N","","0","","0","0","0","","0","","","2","0","0","0","0","0","0","2","0","2","","","","N","","","","","","","","","",""
"2008118344","","1","0","0","0","0","0","0","0","0","1","0","","02","11","2008","2","40.545265","-80.038734","1201","11","0","0","0","0","1","1","0","0","1","0","0","0","","","1","","0","","40 32:42.953","3","0","80 02:19.442","4","0","0","0","2116","0","0","0","N","0","0","0","2","02116","1","","1.0","","1","N","N","","0","","0","0","1","","0","N","","2","1","0","0","0","0","0","2","0","2","","","","N","","","","","","","","","",""
"2008118348","","2","0","0","0","0","0","0","0","0","1","0","","02","11","2008","1","40.355395","-79.990705","1417","11","0","0","0","0","0","1","0","0","2","0","0","0","","","2","","2","","40 21:19.422","1","0","79 59:26.538","8","0","0","0","2476","0","0","0","N","0","0","0","4","02476","0","","1.0","","1","N","N","","0","","0","0","1","","0","Y","","3","2","0","0","0","2","0","2","0","3","","","","N","","","","","","","","","",""
"2008118351","","2","0","0","0","0","0","0","0","0","1","0","","02","11","2008","2","40.620459","-80.074164","0958","11","0","1","0","0","1","0","0","0","1","0","0","0","","","3","","2","","40 37:13.654","4","0","80 04:26.989","3","0","0","0","2212","0","0","0","N","0","0","0","3","02505","2","","1.0","","1","N","N","","0","","1","0","0","","0","Y","","2","3","0","0","0","0","0","2","0","2","","","","N","","","","","","","","","",""
"2008118355","","2","0","0","0","0","0","0","0","0","4","0","","02","10","2008","4","40.515788","-80.216527","1807","11","0","0","0","0","0","0","0","0","2","0","0","0","","","2","","2","","40 30:56.836","3","0","80 12:59.497","4","0","0","0","2213","0","0","0","N","0","0","0","4","02213","1","","1.0","","9","N","N","","0","","0","0","0","","0","Y","","2","2","0","0","0","1","0","2","0","2","","","","N","","","","","","","","","",""
"2008118378","","0","0","0","0","0","0","0","0","0","8","0","","02","11","2008","2","40.400065","-79.905079","1721","11","0","0","1","0","0","0","0","0","","0","0","0","","","1","","1","","40 24:00.234","","0","79 54:18.284","4","0","0","0","2448","1","0","0","N","1","0","0","2","02448","1","","1.0","","1","N","N","","0","","0","0","1","","3","","","2","1","0","0","0","0","0","2","0","1","","","","N","","","","","","","","","",""
"2008118381","","3","0","1","0","0","0","0","0","0","1","0","","02","10","2008","6","40.510541","-79.878959","1520","11","0","0","0","0","0","1","0","2","2","0","0","0","","","3","","0","","40 30:37.947","2","0","79 52:44.252","2","0","0","0","2432","0","0","0","N","0","0","0","5","02432","1","","1.0","","1","N","N","","0","","1","1","1","","0","Y","","4","3","0","0","0","0","0","2","0","4","","","","N","","","","","","","","","",""
"2008118385","","1","0","0","0","0","0","0","0","0","7","0","","02","10","2008","5","40.408664","-79.842159","0607","11","0","0","0","0","0","0","0","0","1","0","0","0","","","0","","10","","40 24:31.192","4","3","79 50:31.772","0","0","0","0","2449","0","0","0","Y","0","0","0","1","02449","0","","7.0","","2","N","N","","0","","0","0","0","","8","Y","","1","0","0","0","0","0","0","2","0","1","","","","N","","","","","","","","","",""
"2008118388","","0","0","0","0","0","0","0","0","0","4","0","","02","9","2008","3","40.433663","-79.742866","2112","11","0","0","0","0","0","0","0","0","1","0","0","0","","","1","","2","","40 26:01.186","4","0","79 44:34.319","2","0","1","1","2446","0","0","0","N","0","0","0","2","02446","0","","1.0","","1","N","N","","0","","0","1","1","","3","N","","2","1","0","0","0","0","0","2","0","2","","","","N","","","","","","","","","",""
"2008118402","","1","0","0","0","0","0","0","0","0","1","0","","02","10","2008","5","40.5279","-80.017712","2107","11","0","0","0","0","0","1","0","0","","0","0","0","","","1","","2","","40 31:40.440","","0","80 01:03.763","4","0","0","0","2116","0","0","0","N","0","0","0","4","02116","1","","1.0","","1","N","N","","1","","0","0","1","","0","","","3","1","0","0","0","0","0","2","0","3","","","","N","","","","","","","","","",""
"2008118404","","2","0","0","0","0","0","0","0","0","4","0","","02","11","2008","2","40.4916","-80.0612","1219","11","0","0","0","0","0","0","0","2","1","0","0","0","","","1","","2","","40 29:29.760","5","0","80 03:40.320","4","0","0","0","2405","0","0","0","N","0","0","0","2","02215","1","","1.0","","1","N","N","","0","","0","0","0","","0","N","","2","1","0","0","0","0","0","2","0","2","","","","N","","","","","","","","","",""
"2008118406","","0","0","0","0","0","0","0","0","0","1","0","","02","11","2008","3","40.434399","-79.732939","1807","11","0","0","0","0","0","1","0","0","","0","0","0","","","1","","0","","40 26:03.838","","0","79 43:58.582","8","0","0","0","2446","0","0","0","N","0","0","0","2","02446","0","","1.0","","1","N","N","","0","","0","0","2","","0","","","2","1","0","0","0","1","0","2","0","2","","","","N","","","","","","","","","",""
"2008118416","","2","0","0","0","0","0","0","0","0","7","0","","02","10","2008","5","40.441","-80.2388","0645","11","0","0","0","0","0","2","0","0","1","0","0","0","","","0","","0","","40 26:27.600","4","3","80 14:19.680","0","0","0","0","2449","0","0","0","N","0","0","0","2","02449","0","","2.0","","2","N","N","","0","","0","0","0","","0","N","","2","0","0","0","0","0","0","2","0","2","","","","N","","","","","","","","","",""
"2008118429","","1","0","0","0","0","0","0","0","0","7","0","","02","11","2008","2","40.607333","-79.942907","2254","11","0","1","0","0","0","0","0","0","1","0","0","0","","","1","","0","","40 36:26.398","4","4","79 56:34.466","8","0","0","0","2207","0","0","0","N","0","0","0","1","02207","0","","2.0","","1","N","N","","0","","0","0","0","","0","N","","1","1","0","0","0","1","0","2","0","1","","","","N","","","","","","","","","",""
"2008118448","","2","0","0","0","0","0","0","0","0","7","0","","02","9","2008","7","40.466051","-79.846866","2222","11","0","0","0","0","0","0","1","1","3","1","0","0","","","3","","0","","40 27:57.784","7","0","79 50:48.719","1","0","0","0","2113","0","0","0","N","0","0","0","4","02501","0","2","5.0","","1","N","N","","0","0","2","1","0","","0","Y","","2","3","1","0","1","0","0","2","0","2","","","","N","","","","","","","","","",""
"2008118449","","2","0","0","0","0","0","0","0","0","1","0","","02","10","2008","1","40.545883","-79.962255","2005","11","0","0","0","0","0","0","0","0","1","0","0","0","","","1","","2","","40 32:45.177","2","0","79 57:44.119","8","0","0","0","2118","0","0","0","N","0","0","0","3","02118","0","","1.0","","1","N","N","","0","","0","0","0","","2","N","","2","1","0","0","0","1","0","2","0","2","","","","N","","","","","","","","","",""
"2008118450","","1","0","0","0","0","0","0","0","0","1","0","","02","10","2008","5","40.579159","-79.957626","1759","11","0","0","0","0","0","0","1","0","","0","0","0","","","0","","2","","40 34:44.972","","0","79 57:27.455","0","0","0","0","2207","0","0","0","N","0","0","0","2","02207","0","","1.0","","1","N","N","","0","","0","0","1","","0","","","2","0","0","0","0","0","0","2","0","2","","","","N","","","","","","","","","",""
"2008118457","","0","0","1","0","0","0","0","0","0","2","0","","02","11","2008","7","40.5437","-79.9639","0240","11","0","0","0","0","0","0","0","0","4","0","0","0","","","2","","0","","40 32:37.320","5","0","79 57:50.040","2","0","0","0","2118","0","0","0","N","0","0","0","2","02118","0","","1.0","","1","N","N","","0","","0","2","2","","0","Y","","2","2","0","0","0","0","0","2","0","2","","","","N","","","","","","","","","",""
"2008118462","","0","0","0","0","0","0","0","0","0","4","0","","02","11","2008","7","40.3119","-79.938","1207","11","0","0","0","0","0","0","0","1","2","0","0","0","","","0","","0","","40 18:42.840","1","0","79 56:16.800","0","0","0","0","2440","0","0","0","N","0","0","0","3","02440","0","","1.0","","1","N","N","","0","","0","0","2","","2","N","","2","0","0","0","0","0","0","2","0","2","","","","N","","","","","","","","","",""
"2008118466","","0","0","0","0","0","0","1","0","0","5","2","","02","11","2008","4","","","0840","11","0","0","0","0","0","1","0","0","","0","1","0","","","2","","7","","40 26:04.20","","2","79 59:21.48","4","0","0","0","2415","0","0","0","N","0","0","0","23","02503","2","","1.0","","1","N","N","","0","","0","0","0","","0","","","2","2","1","0","0","0","0","2","0","2","","","","N","","","","","","","","","",""
"2008118468","","0","0","0","0","0","0","0","0","0","99","0","","02","11","2008","3","","","2055","11","0","0","0","0","0","1","0","0","1","0","0","0","","","0","","0","","","3","0","","0","0","0","0","2203","0","0","0","N","0","0","0","1","02501","0","","1.0","","1","N","N","","1","","0","0","0","","0","N","","1","0","0","0","0","0","0","1","0","1","","","","N","","","","","","","","","",""
"2008118494","","3","0","0","0","0","0","0","0","0","1","0","","02","11","2008","4","40.5148","-80.0042","1706","11","0","0","0","0","1","0","0","0","","0","0","0","","","1","","2","","40 30:53.280","","2","80 00:15.120","8","0","0","0","2116","0","0","0","N","0","0","0","3","02116","0","","1.0","","1","N","N","","0","","0","0","0","","2","","","3","1","0","0","0","1","0","2","0","3","","","","N","","","","","","","","","",""
"2008118499","","0","0","0","0","0","0","0","0","0","7","0","","02","11","2008","1","40.405656","-79.86357","2352","11","0","0","0","0","0","0","0","0","3","0","0","0","","","5","","10","","40 24:20.361","5","7","79 51:48.852","8","0","0","0","2449","4","0","0","N","4","0","0","7","02449","0","","5.0","","1","N","N","","0","","0","0","1","","0","Y","","5","5","0","0","0","5","0","2","0","1","","","","N","","","","","","","","","",""
"2008118503","","1","0","0","0","0","0","0","0","0","1","0","","02","11","2008","4","40.37306","-80.034279","1639","11","0","0","0","0","0","1","0","0","1","0","0","0","","","1","","2","","40 22:23.016","3","0","80 02:03.406","4","0","0","0","2109","0","0","0","N","0","0","0","2","02109","1","","1.0","","1","N","N","","0","","0","0","1","","2","N","","2","1","0","0","0","0","0","2","0","2","","","","N","","","","","","","","","",""
"2008118512","","2","0","0","0","0","0","0","0","0","1","0","","02","11","2008","4","40.5939","-79.9703","1605","11","0","0","0","0","0","1","0","1","2","0","0","0","","","2","","1","","40 35:38.040","4","0","79 58:13.080","3","0","0","0","2207","0","0","0","N","0","0","0","5","02207","1","","1.0","","1","N","N","","2","","1","0","0","","2","N","","4","2","0","0","0","0","0","2","0","4","","","","N","","","","","","","","","",""
"2008118531","","2","0","0","0","0","0","0","0","0","1","0","","02","11","2008","7","40.629225","-79.933221","1427","11","0","0","0","0","0","0","0","0","","0","0","0","","","0","","2","","40 37:45.211","","0","79 55:59.594","0","0","0","0","2217","0","0","0","N","0","0","0","6","02505","0","","1.0","","1","N","N","","0","","0","0","0","","0","","","2","0","0","0","0","0","0","2","0","2","","","","N","","","","","","","","","",""
"2008118543","","1","0","0","0","0","0","0","0","0","1","0","","02","11","2008","4","40.2516","-79.878","0634","11","0","0","0","0","0","0","0","0","2","0","0","0","","","2","","0","","40 15:05.760","1","0","79 52:40.800","8","0","0","0","2204","0","0","0","N","0","0","0","2","02204","0","","1.0","","1","N","N","","1","","0","0","0","","0","N","","2","2","0","0","0","2","0","1","0","2","","","","N","","","","","","","","","",""
"2008118557","","1","0","0","0","0","0","0","0","0","99","0","","02","11","2008","2","40.5342","-79.9602","0330","11","0","0","0","0","1","0","0","0","","0","0","0","","","1","","0","","40 32:03.120","","0","79 57:36.720","8","0","0","0","2118","0","0","0","N","0","0","0","3","02118","0","","1.0","","1","N","N","","0","","0","0","0","","0","","","1","1","0","0","0","1","0","2","0","1","","","","N","","","","","","","","","",""
"2008118646","","1","0","0","0","0","0","0","0","0","7","0","","02","11","2008","1","","","0612","11","0","0","0","0","0","0","0","0","","0","0","0","","","1","","10","","","","0","","3","0","0","0","2407","0","0","0","N","0","0","0","1","02501","0","","5.0","","1","N","N","","0","","1","0","0","","0","","","1","1","1","0","0","0","0","1","0","1","","","","N","","","","","","","","","",""
"2008118660","","0","0","0","0","0","0","0","0","0","1","0","","02","10","2008","2","40.5242","-80.0712","1536","11","0","0","0","0","0","0","0","0","","0","0","0","","","0","","7","","40 31:27.120","","2","80 04:16.320","0","0","0","0","2215","0","0","0","N","0","0","0","2","02215","0","","1.0","","1","N","N","","1","","0","0","1","","2","","","2","0","0","0","0","0","0","2","0","2","","","","N","","","","","","","","","",""
"2008118667","","1","0","0","0","0","0","0","0","0","4","0","","02","11","2008","5","40.536571","-80.011014","0758","11","0","0","0","0","0","1","0","0","1","0","0","0","","","0","","0","","40 32:11.654","2","0","80 00:39.651","0","0","0","0","2116","0","0","0","N","0","0","0","2","02116","0","","1.0","","1","N","N","","1","","0","0","0","","0","N","","2","0","0","0","0","0","0","2","0","2","","","","N","","","","","","","","","",""
"2008118679","","0","0","0","0","0","0","0","0","0","7","0","","02","10","2008","5","40.394237","-79.847394","0726","11","0","0","0","1","0","0","0","0","2","0","0","0","","","0","","0","","40 23:39.252","7","0","79 50:50.620","0","0","0","0","2449","0","0","0","N","0","0","0","1","02449","0","","2.0","","2","N","N","","1","","0","0","0","","0","N","","1","0","0","0","0","0","0","2","0","1","","","","N","","","","","","","","","",""
"2008118684","","0","0","0","0","0","0","0","0","0","7","0","","02","10","2008","3","40.319256","-79.971483","1524","11","0","0","0","1","0","0","0","0","2","0","0","0","","","0","","0","","40 19:09.322","4","0","79 58:17.340","0","0","0","0","2440","0","0","0","N","0","0","0","1","02440","0","","2.0","","9","N","N","","0","","0","0","1","","0","N","","1","0","0","0","0","0","0","2","0","1","","","","N","","","","","","","","","",""
"2008118685","","1","0","0","0","0","0","0","0","0","4","0","","02","11","2008","3","40.4494","-80.119","1356","11","0","0","0","0","0","1","0","0","1","0","0","0","","","0","","0","","40 26:57.840","3","0","80 07:08.400","0","0","0","0","2115","0","0","0","N","0","0","0","2","02115","0","","1.0","","1","N","N","","0","","0","0","0","","0","N","","2","0","0","0","0","0","0","2","1","2","","","","N","","","","","","","","","",""
"2008118686","","1","0","0","0","0","0","0","0","0","1","0","","02","10","2008","3","40.5","-80.2209","0808","11","0","0","0","0","0","1","1","0","1","0","0","0","","","0","","0","","40 30:00.000","2","0","80 13:15.240","0","0","0","0","2213","0","0","0","Y","0","0","0","4","02213","0","","1.0","","9","N","N","","2","","0","0","0","","0","Y","","3","0","0","0","0","0","0","2","0","3","","","","N","","","","","","","","","",""
"2008118687","","1","0","0","0","0","0","0","0","0","7","0","","02","10","2008","3","40.522298","-80.21935","0819","11","0","0","0","0","0","0","0","0","1","0","0","0","","","1","","0","","40 31:20.271","4","0","80 13:09.659","4","0","0","0","2213","0","0","0","N","0","0","0","1","02213","1","","3.0","","1","N","N","","0","","0","0","0","","0","N","","1","1","0","0","0","0","0","2","0","1","","","","N","","","","","","","","","",""
"2008118725","","2","0","0","0","0","0","0","0","0","4","0","","02","11","2008","5","40.544461","-80.034724","1052","11","0","0","0","0","0","0","0","1","1","0","0","0","","","0","","0","","40 32:40.059","4","0","80 02:05.006","0","0","0","0","2116","0","0","0","N","0","0","0","2","02116","0","","1.0","","1","N","N","","0","","0","0","0","","0","N","","2","0","0","0","0","0","0","2","0","2","","","","N","","","","","","","","","",""
"2008118729","","1","0","0","0","0","0","0","0","0","7","0","","02","11","2008","3","40.3323","-80.0696","1708","11","0","0","0","0","0","0","0","0","2","0","0","0","","","0","","7","","40 19:56.280","1","2","80 04:10.560","0","0","0","0","2123","0","0","0","N","0","0","0","1","02123","0","","4.0","","1","N","N","","0","","0","0","0","","0","N","","1","0","0","0","0","0","0","2","0","1","","","","N","","","","","","","","","",""
"2008118744","","0","0","0","0","0","0","0","0","0","7","0","","02","11","2008","4","40.6051","-79.909","1943","11","0","0","0","0","0","0","0","0","2","0","0","0","","","0","","0","","40 36:18.360","4","0","79 54:32.400","9","0","0","0","2220","0","0","0","N","0","0","0","1","02220","0","","4.0","","1","N","N","","1","","0","0","0","","0","N","","1","0","0","0","0","0","1","2","0","1","","","","N","","","","","","","","","",""
"2008118747","","3","0","0","0","0","0","0","0","0","1","0","","02","11","2008","5","40.5238","-79.8123","1547","11","0","1","0","0","0","1","0","0","2","0","0","0","","","0","","0","","40 31:25.680","3","0","79 48:44.280","0","0","0","0","2466","0","0","0","N","0","0","0","3","02466","0","","1.0","","1","N","N","","0","","0","0","0","","0","N","","3","0","0","0","0","0","0","2","0","3","","","","N","","","","","","","","","",""
"2008118779","","0","0","0","0","0","0","0","0","0","7","0","","02","11","2008","1","","","2007","11","0","0","0","0","0","0","0","0","","0","0","0","","","1","","0","","","","0","","4","0","0","1","2455","0","0","0","N","0","0","0","1","02455","1","","2.0","","1","N","N","","0","","0","0","0","","0","","","1","1","0","0","0","0","0","1","0","1","","","","N","","","","","","","","","",""
"2008118853","","1","0","0","0","0","0","0","0","0","99","0","","02","10","2008","2","40.4801","-79.7697","2230","11","0","0","0","0","0","0","0","0","","0","0","0","","","0","","0","","40 28:48.360","","0","79 46:10.920","0","0","0","0","2466","0","0","0","N","0","0","0","1","68T09","0","","1.0","","1","N","N","","0","","0","0","0","","0","","","1","0","0","0","0","0","0","2","0","1","","","","N","","","","","","","","","",""
"2008118854","","0","0","0","0","0","0","0","0","0","99","0","","02","11","2008","1","40.4814","-79.7705","0454","11","0","0","0","0","0","0","0","0","","0","0","0","","","0","","0","","40 28:53.040","","0","79 46:13.800","0","0","0","0","2466","0","0","0","N","0","0","0","1","68T02","0","","1.0","","1","N","N","","1","","0","0","0","","0","","","1","0","0","0","0","0","0","2","0","1","","","","N","","","","","","","","","",""