"CRN","ARRIVAL_TM","AUTOMOBILE_COUNT","BELTED_DEATH_COUNT","BELTED_SUSP_SERIOUS_INJ_COUNT","BICYCLE_COUNT","BICYCLE_DEATH_COUNT","BICYCLE_SUSP_SERIOUS_INJ_COUNT","BUS_COUNT","CHLDPAS_DEATH_COUNT","CHLDPAS_SUSP_SERIOUS_INJ_COUNT","COLLISION_TYPE","COMM_VEH_COUNT","CONS_ZONE_SPD_LIM","COUNTY","CRASH_MONTH","CRASH_YEAR","DAY_OF_WEEK","DEC_LATITUDE","DEC_LONGITUDE","DISPATCH_TM","DISTRICT","DRIVER_COUNT_16YR","DRIVER_COUNT_17YR","DRIVER_COUNT_18YR","DRIVER_COUNT_19YR","DRIVER_COUNT_20YR","DRIVER_COUNT_50_64YR","DRIVER_COUNT_65_74YR","DRIVER_COUNT_75PLUS","EST_HRS_CLOSED","FATAL_COUNT","HEAVY_TRUCK_COUNT","HORSE_BUGGY_COUNT","HOUR_OF_DAY","ILLUMINATION","INJURY_COUNT","INTERSECTION_RELATED","INTERSECT_TYPE","LANE_CLOSED","LATITUDE","LN_CLOSE_DIR","LOCATION_TYPE","LONGITUDE","MAX_SEVERITY_LEVEL","MCYCLE_DEATH_COUNT","MCYCLE_SUSP_SERIOUS_INJ_COUNT","MOTORCYCLE_COUNT","MUNICIPALITY","NONMOTR_COUNT","NONMOTR_DEATH_COUNT","NONMOTR_SUSP_SERIOUS_INJ_COUNT","NTFY_HIWY_MAINT","PED_COUNT","PED_DEATH_COUNT","PED_SUSP_SERIOUS_INJ_COUNT","PERSON_COUNT","POLICE_AGCY","POSSIBLE_INJ_COUNT","RDWY_SURF_TYPE_CD","RELATION_TO_ROAD","ROADWAY_CLEARED","ROAD_CONDITION","SCH_BUS_IND","SCH_ZONE_IND","SECONDARY_CRASH","SMALL_TRUCK_COUNT","SPEC_JURIS_CD","SUSP_MINOR_INJ_COUNT","SUSP_SERIOUS_INJ_COUNT","SUV_COUNT","TCD_FUNC_CD","TCD_TYPE","TFC_DETOUR_IND","TIME_OF_DAY","TOTAL_UNITS","TOT_INJ_COUNT","UNBELTED_OCC_COUNT","UNB_DEATH_COUNT","UNB_SUSP_SERIOUS_INJ_COUNT","UNK_INJ_DEG_COUNT","UNK_INJ_PER_COUNT","URBAN_RURAL","VAN_COUNT","VEHICLE_COUNT","WEATHER1","WEATHER2","WORKERS_PRES","WORK_ZONE_IND","WORK_ZONE_LOC","WORK_ZONE_TYPE","WZ_CLOSE_DETOUR","WZ_FLAGGER","WZ_LAW_OFFCR_IND","WZ_LN_CLOSURE","WZ_MOVING","WZ_OTHER","WZ_SHLDER_MDN","WZ_WORKERS_INJ_KILLED"
"2008120325","","0","0","0","0","0","0","0","0","0","1","1","55","02","9","2008","6","","","","11","0","0","0","0","0","0","0","0","2","0","1","0","","","1","","0","","40 26:31.20","3","0","79 47:40.92","4","0","0","0","2446","0","0","0","Y","0","0","0","1","68B03","1","","1.0","","1","N","N","","1","","0","0","0","","1","N","","2","1","0","0","0","0","0","2","0","2","","","Y","Y","2","2","N","N","N","Y","Y","N","Y",""
"2008120327","","1","0","0","0","0","0","0","0","0","5","1","","02","10","2008","4","","","","11","0","0","0","1","0","1","0","0","1","0","1","0","","","2","","0","","40 26:35.16","1","3","80 00:31.68","3","0","0","0","2301","0","0","0","N","0","0","0","3","68B03","0","","1.0","","9","N","N","","0","","2","0","0","","0","N","","2","2","0","0","0","0","0","2","0","2","","","","N","","","","","","","","","",""
"2008120328","","1","0","0","0","0","0","0","0","0","1","0","","02","11","2008","7","","","","11","0","0","0","0","0","0","0","0","","0","0","0","","","2","","0","","40 25:41.88","","0","79 55:41.88","4","0","0","0","2301","0","0","0","N","0","0","0","4","68B03","2","","1.0","","1","N","N","","0","","0","0","1","","0","","","2","2","0","0","0","0","0","2","0","2","","","","N","","","","","","","","","",""
"2008120329","","0","0","0","0","0","0","0","0","0","7","0","","02","11","2008","2","","","","11","0","0","0","0","0","0","0","0","1","0","0","0","","","1","","0","","40 25:14.88","1","0","80 02:26.88","4","0","0","0","2435","0","0","0","N","0","0","0","1","68B03","1","","4.0","","1","N","N","","0","","0","0","0","","0","N","","1","1","0","0","0","0","0","2","1","1","","","","N","","","","","","","","","",""
"2008120331","","1","0","0","0","0","0","0","0","0","99","0","","02","11","2008","4","","","","11","0","0","0","0","0","0","0","0","","0","0","0","","","0","","0","","40 30:09.72","","0","80 16:58.80","0","0","0","0","2203","0","0","0","N","0","0","0","2","68B03","0","","1.0","","1","N","N","","0","","0","0","0","","0","","","1","0","0","0","0","0","0","1","0","1","","","","N","","","","","","","","","",""
"2008120345","","1","0","0","0","0","0","0","0","0","7","0","","02","10","2008","4","40.611641","-79.759726","","11","0","0","0","0","0","0","0","0","","0","0","0","","","0","","0","","40 36:41.908","","0","79 45:35.014","9","0","0","0","2464","0","0","0","N","0","0","0","1","68D02","0","","2.0","","9","N","N","","0","","0","0","0","","0","","","1","0","0","0","0","0","1","2","0","1","","","","N","","","","","","","","","",""
"2008120481","","1","0","0","0","0","0","0","0","0","99","0","","02","11","2008","2","40.4971","-80.286","","11","0","0","0","0","0","0","0","0","","0","0","0","","","0","","2","","40 29:49.560","","7","80 17:09.600","0","0","0","0","2203","0","0","0","N","0","0","0","1","02203","0","","1.0","","1","N","N","","0","","0","0","0","","0","","","1","0","0","0","0","0","0","2","0","1","","","","N","","","","","","","","","",""
"2008120485","","0","0","0","0","0","0","0","0","0","99","0","","02","10","2008","7","40.5077","-80.0057","","11","0","0","0","0","0","1","0","0","","0","0","0","","","0","","0","","40 30:27.720","","0","80 00:20.520","0","0","0","0","2116","0","0","0","N","0","0","0","1","02116","0","","1.0","","1","N","N","","0","","0","0","1","","0","","","1","0","0","0","0","0","0","2","0","1","","","","N","","","","","","","","","",""
"2008120487","","1","0","0","0","0","0","0","0","0","5","1","","02","11","2008","1","40.489149","-80.079815","","11","0","0","0","0","1","1","0","0","","0","1","0","","","0","","0","","40 29:20.936","","0","80 04:47.334","0","0","0","0","2110","0","0","0","N","0","0","0","4","02215","0","","1.0","","1","N","N","","0","","0","0","0","","2","","","2","0","0","0","0","0","0","2","0","2","","","","N","","","","","","","","","",""
"2008120523","","1","0","0","0","0","0","0","0","0","99","0","","02","11","2008","1","40.657064","-79.934867","","11","0","0","0","0","0","1","0","0","","0","0","0","","","0","","2","","40 39:25.430","","0","79 56:05.521","0","0","0","0","2217","0","0","0","N","0","0","0","1","02505","0","","1.0","","1","N","N","","0","","0","0","0","","0","","","1","0","0","0","0","0","0","2","0","1","","","","N","","","","","","","","","",""
"2008120527","","2","0","0","0","0","0","0","0","0","1","0","","02","10","2008","5","40.587164","-79.999378","","11","0","0","0","0","0","0","0","0","","0","0","0","","","1","","1","","40 35:13.791","","0","79 59:57.759","8","0","0","0","2108","0","0","0","N","0","0","0","4","02501","0","","1.0","","1","N","N","","0","","0","0","0","","0","","","2","1","0","0","0","1","0","2","0","2","","","","N","","","","","","","","","",""
"2008120570","","2","0","0","0","0","0","0","0","0","6","0","","02","10","2008","6","40.3697","-79.7783","","11","0","0","0","0","0","1","0","0","","0","0","0","","","0","","2","","40 22:10.920","","0","79 46:41.880","0","0","0","0","2111","0","0","0","N","0","0","0","3","02111","0","","1.0","","1","N","N","","0","","0","0","0","","2","","","2","0","0","0","0","0","0","2","0","2","","","","N","","","","","","","","","",""
"2008120591","","1","0","0","0","0","0","0","0","0","1","0","","02","10","2008","2","","","","11","0","0","0","0","0","1","0","0","","0","0","0","","","0","","0","","40 27:19.80","","0","79 59:51.36","0","0","0","0","2301","0","0","0","N","0","0","0","2","68B03","0","","1.0","","1","N","N","","0","","0","0","1","","0","","","2","0","1","0","0","0","0","2","0","2","","","","N","","","","","","","","","",""
"2008120592","","1","0","0","0","0","0","0","0","0","7","0","","02","10","2008","6","","","","11","0","0","0","0","0","0","0","0","1","0","0","0","","","1","","0","","40 27:43.56","1","0","80 11:34.44","8","0","0","0","2213","0","0","0","N","0","0","0","1","68B03","0","","3.0","","1","N","N","","0","","0","0","0","","0","N","","1","1","0","0","0","1","0","2","0","1","","","","N","","","","","","","","","",""
"2008120632","","2","0","0","0","0","0","0","0","0","1","0","","02","11","2008","4","40.458082","-80.191378","","11","0","0","0","0","0","0","0","1","","0","0","0","","","1","","2","","40 27:29.095","","0","80 11:28.960","4","0","0","0","2203","0","0","0","N","0","0","0","2","02203","1","","1.0","","1","N","N","","0","","0","0","0","","2","","","2","1","0","0","0","0","0","2","0","2","","","","N","","","","","","","","","",""
"2008120671","","1","0","0","0","0","0","0","0","0","4","0","","02","10","2008","6","40.498731","-79.85378","","11","0","0","0","0","0","1","0","0","","0","0","0","","","0","","0","","40 29:55.433","","0","79 51:13.609","0","0","0","0","2301","0","0","0","N","0","0","0","2","02301","0","","1.0","","1","N","N","","0","","0","0","0","","0","","","2","0","0","0","0","0","0","2","1","2","","","","N","","","","","","","","","",""
"2008120672","","1","0","0","0","0","0","0","0","0","1","0","","02","10","2008","6","40.452258","-79.883613","","11","0","0","0","0","1","0","0","0","","0","0","0","","","2","","0","","40 27:08.128","","0","79 53:01.006","8","0","0","0","2301","0","0","0","N","0","0","0","3","02301","0","","6.0","","1","N","N","","0","","0","0","0","","0","","","2","2","0","0","0","2","1","2","1","2","","","","N","","","","","","","","","",""
"2008120673","","0","0","0","0","0","0","0","0","0","7","0","","02","10","2008","7","40.488328","-79.925522","","11","0","0","0","0","0","1","0","0","","0","0","0","","","0","","2","","40 29:17.980","","0","79 55:31.879","0","0","0","0","2301","0","0","0","N","0","0","0","2","02301","0","","4.0","","9","N","N","","1","","0","0","0","","3","","","1","0","0","0","0","0","0","2","0","1","","","","N","","","","","","","","","",""
"2008120674","","2","0","0","0","0","0","0","0","0","4","0","","02","10","2008","7","40.45601","-79.947616","","11","0","0","0","0","0","0","0","0","1","0","0","0","","","3","","1","","40 27:21.636","7","0","79 56:51.417","3","0","0","0","2301","0","0","0","N","0","0","0","6","02301","0","","1.0","","9","N","N","","0","","3","0","0","","3","N","","2","3","0","0","0","0","0","2","0","2","","05","","N","","","","","","","","","",""
"2008120675","","2","0","0","0","0","0","0","0","0","4","0","","02","10","2008","4","40.463586","-79.952975","","11","0","0","0","0","0","0","0","0","1","0","0","0","","","3","","1","","40 27:48.909","4","0","79 57:10.710","4","0","0","0","2301","0","0","0","N","0","0","0","3","02301","1","","1.0","","1","N","N","","0","","0","0","0","","2","Y","","2","3","0","0","0","2","0","2","0","2","","","","N","","","","","","","","","",""
"2008120676","","1","0","0","0","0","0","0","0","0","1","0","","02","10","2008","4","40.486878","-79.893346","","11","0","0","0","0","0","0","1","0","","0","0","0","","","0","","0","","40 29:12.761","","0","79 53:36.046","0","0","0","0","2301","0","0","0","N","0","0","0","3","02301","0","","1.0","","1","N","N","","0","","0","0","1","","0","","","2","0","0","0","0","0","0","2","0","2","","","","N","","","","","","","","","",""
"2008120677","","0","0","0","0","0","0","0","0","0","1","0","","02","10","2008","1","40.4874","-79.9182","","11","0","0","0","0","0","1","0","0","","0","0","0","","","1","","1","","40 29:14.640","","0","79 55:05.520","8","0","0","0","2301","0","0","0","N","0","0","0","4","02301","0","","1.0","","1","N","N","","0","","0","0","2","","2","","","2","1","0","0","0","1","1","2","0","2","","","","N","","","","","","","","","",""
"2008120682","","0","0","0","0","0","0","0","0","0","7","0","","02","10","2008","4","40.466026","-80.075336","","11","0","0","0","0","0","0","1","0","1","0","0","0","","","1","","0","","40 27:57.693","4","0","80 04:31.209","8","0","0","0","2444","0","0","0","N","0","0","0","1","02444","0","","4.0","","9","N","N","","1","","0","0","1","","0","Y","","2","1","0","0","0","1","0","2","0","2","","","","N","","","","","","","","","",""
"2008120686","","1","0","0","0","0","0","0","0","0","7","0","","02","10","2008","6","40.496252","-79.868688","","11","0","0","0","0","0","0","0","0","","0","0","0","","","0","","0","","40 29:46.506","","0","79 52:07.275","0","0","0","0","2112","0","0","0","N","0","0","0","1","02112","0","","4.0","","1","N","N","","0","","0","0","0","","0","","","1","0","0","0","0","0","0","2","0","1","","","","N","","","","","","","","","",""
"2008120687","","1","0","0","0","0","0","0","0","0","1","0","","02","10","2008","7","40.4915","-79.9087","","11","0","0","0","0","1","1","0","0","","0","0","0","","","0","","2","","40 29:29.400","","2","79 54:31.320","0","0","0","0","2112","0","0","0","N","0","0","0","4","02112","0","","1.0","","1","N","N","","1","","0","0","0","","0","","","2","0","1","0","0","0","0","2","0","2","","","","N","","","","","","","","","",""
"2008120688","","0","0","0","0","0","0","0","0","0","0","1","","02","10","2008","5","40.488532","-79.868813","","11","0","0","0","0","0","0","1","0","3","0","1","0","","","0","","0","","40 29:18.715","6","0","79 52:07.726","0","0","0","0","2112","0","0","0","N","0","0","0","1","02112","0","","4.0","","1","N","N","","0","","0","0","0","","0","Y","","1","0","1","0","0","0","0","2","0","1","","","","N","","","","","","","","","",""
"2008120689","","2","0","0","0","0","0","0","0","0","4","0","","02","10","2008","5","40.4931","-79.911","","11","0","0","0","0","0","1","1","0","2","0","0","0","","","2","","2","","40 29:35.160","2","2","79 54:39.600","3","0","0","0","2112","0","0","0","N","0","0","0","3","02112","1","","1.0","","1","N","N","","0","","1","0","0","","0","Y","","2","2","0","0","0","0","0","2","0","2","","","","N","","","","","","","","","",""
"2008120702","","0","0","0","0","0","0","0","0","0","4","0","","02","10","2008","2","40.461816","-79.921976","","11","0","0","0","0","0","2","0","0","","0","0","0","","","0","","1","","40 27:42.539","","0","79 55:19.112","0","0","0","0","2301","0","0","0","N","0","0","0","2","02301","0","","1.0","","1","N","N","","1","","0","0","1","","2","","","2","0","2","0","0","0","0","2","0","2","","","","N","","","","","","","","","",""
"2008120954","","2","0","0","0","0","0","0","0","0","4","0","","02","10","2008","4","40.449819","-79.929656","","11","0","0","0","1","0","0","0","0","1","0","0","0","","","0","","1","","40 26:59.348","4","0","79 55:46.761","0","0","0","0","2301","0","0","0","N","0","0","0","4","02301","0","","1.0","","9","N","N","","0","","0","0","0","","2","N","","2","0","0","0","0","0","0","2","0","2","","","","N","","","","","","","","","",""
"2008120955","","2","0","0","0","0","0","0","0","0","4","0","","02","10","2008","5","40.445214","-79.991855","","11","0","0","0","0","0","1","0","0","","0","0","0","","","0","","2","","40 26:42.770","","0","79 59:30.678","0","0","0","0","2301","0","0","0","N","0","0","0","3","02301","0","","1.0","","1","N","N","","0","","0","0","0","","0","","","2","0","0","0","0","0","0","2","0","2","","","","N","","","","","","","","","",""
"2008120958","","3","0","0","0","0","0","0","0","0","1","0","","02","10","2008","6","40.43531","-79.91899","","11","0","0","0","0","0","1","0","0","","0","0","0","","","1","","1","","40 26:07.116","","0","79 55:08.364","4","0","0","0","2301","0","0","0","N","0","0","0","3","02301","1","","1.0","","1","N","N","","0","","0","0","0","","2","","","3","1","0","0","0","0","0","2","0","3","","","","N","","","","","","","","","",""
"2008121138","","0","0","0","0","0","0","0","0","0","8","0","","02","10","2008","6","40.4436","-80.000495","","11","0","0","0","0","0","0","0","0","","0","0","0","","","1","","0","","40 26:36.961","","0","80 00:01.781","4","0","0","0","2301","1","0","0","N","1","0","0","4","02301","1","","1.0","","9","N","N","","0","","0","0","0","","0","","","2","1","0","0","0","0","0","2","1","1","","","","N","","","","","","","","","",""
"2008121139","","2","0","1","0","0","0","0","0","0","7","0","","02","10","2008","7","40.3921","-79.997","","11","0","0","0","0","0","0","0","0","4","0","0","0","","","1","","0","","40 23:31.560","1","0","79 59:49.200","2","0","0","0","2301","0","0","0","N","0","0","0","3","02301","0","","2.0","","1","N","N","","0","","0","1","0","","0","Y","","2","1","0","0","0","0","0","2","0","2","","","","N","","","","","","","","","",""
"2008121140","","2","0","0","0","0","0","0","0","0","2","0","","02","10","2008","6","40.4403","-80.007","","11","0","0","0","0","0","0","0","0","","0","0","0","","","0","","2","","40 26:25.080","","0","80 00:25.200","0","0","0","0","2301","0","0","0","N","0","0","0","4","02301","0","","1.0","","1","N","N","","0","","0","0","0","","2","","","2","0","0","0","0","0","0","2","0","2","","","","N","","","","","","","","","",""
"2008121141","","2","0","0","0","0","0","0","0","0","5","0","","02","10","2008","1","40.457077","-79.975354","","11","0","0","0","0","0","1","0","0","1","0","0","0","","","4","","0","","40 27:25.477","4","0","79 58:31.274","4","0","0","0","2301","0","0","0","N","0","0","0","6","02301","4","","1.0","","1","N","N","","0","","0","0","0","","0","Y","","2","4","0","0","0","0","0","2","0","2","","","","N","","","","","","","","","",""
"2008121142","","2","0","0","0","0","0","0","0","0","1","0","99","02","10","2008","4","40.448414","-79.958635","","11","0","0","0","0","0","0","0","0","1","0","0","0","","","1","","2","","40 26:54.290","4","0","79 57:31.086","4","0","0","0","2301","0","0","0","N","0","0","0","2","02301","1","","1.0","","9","N","N","","0","","0","0","0","","2","N","","2","1","1","0","0","0","0","2","0","2","","","Y","Y","2","2","U","U","N","U","U","Y","Y",""
"2008121143","","1","0","0","0","0","0","0","0","0","6","0","","02","10","2008","6","40.449156","-79.985424","","11","0","0","0","1","0","0","0","0","","0","0","0","","","0","","2","","40 26:56.961","","0","79 59:07.526","0","0","0","0","2301","0","0","0","N","0","0","0","6","02301","0","","1.0","","1","N","N","","0","","0","0","1","","0","","","2","0","0","0","0","0","0","2","0","2","","","","N","","","","","","","","","",""
"2008121144","","2","0","0","0","0","0","0","0","0","5","0","","02","10","2008","6","","","","11","0","0","0","0","0","0","0","0","","0","0","0","","","0","","0","","40 26:40.20","","3","80 00:33.48","0","0","0","0","2301","0","0","0","N","0","0","0","2","02301","0","","1.0","","1","N","N","","0","","0","0","0","","0","","","2","0","0","0","0","0","0","2","0","2","","","","N","","","","","","","","","",""
"2008121145","","2","0","0","0","0","0","0","0","0","2","0","","02","10","2008","3","40.408678","-80.024649","","11","0","0","0","0","0","1","0","1","1","0","0","0","","","2","","1","","40 24:31.240","3","0","80 01:28.736","4","0","0","0","2301","0","0","0","N","0","0","0","4","02301","1","","1.0","","9","N","N","","0","","0","0","0","","3","N","","2","2","0","0","0","1","0","2","0","2","","","","N","","","","","","","","","",""
"2008121146","","2","0","0","0","0","0","0","0","0","1","0","","02","10","2008","3","40.424","-79.9624","","11","0","0","0","1","0","0","0","0","1","0","0","0","","","0","","0","","40 25:26.400","3","0","79 57:44.640","0","0","0","0","2301","0","0","0","N","0","0","0","2","02301","0","","1.0","","1","N","N","","0","","0","0","0","","0","N","","2","0","0","0","0","0","0","2","0","2","","","","N","","","","","","","","","",""
"2008121147","","2","0","0","0","0","0","0","0","0","4","0","","02","10","2008","4","40.422809","-79.993766","","11","0","0","0","0","0","1","0","0","","0","0","0","","","3","","1","","40 25:22.112","","0","79 59:37.557","4","0","0","0","2301","0","0","0","N","0","0","0","5","02301","3","","1.0","","9","N","N","","0","","0","0","0","","3","","","2","3","0","0","0","0","0","2","0","2","","","","N","","","","","","","","","",""
"2008121148","","1","0","0","0","0","0","0","0","0","8","0","","02","10","2008","5","40.421233","-79.992084","","11","0","0","0","0","0","0","0","1","","0","0","0","","","1","","0","","40 25:16.438","","0","79 59:31.502","8","0","0","0","2301","1","0","0","N","1","0","0","2","02301","0","","1.0","","1","N","N","","0","","0","0","0","","0","","","2","1","0","0","0","1","0","2","0","1","","","","N","","","","","","","","","",""
"2008121149","","1","0","0","0","0","0","0","0","0","1","0","","02","10","2008","5","40.401207","-80.018389","","11","0","0","0","0","0","0","0","0","","0","0","0","","","0","","0","","40 24:04.345","","0","80 01:06.200","0","0","0","0","2301","0","0","0","N","0","0","0","3","02301","0","","1.0","","1","N","N","","0","","0","0","1","","0","","","2","0","1","0","0","0","0","2","0","2","","","","N","","","","","","","","","",""
"2008121150","","1","0","0","0","0","0","0","0","0","1","0","","02","10","2008","6","40.4288","-79.995","","11","0","0","0","0","0","0","0","0","1","0","0","0","","","0","","2","","40 25:43.680","3","0","79 59:42.000","0","0","0","0","2301","0","0","0","N","0","0","0","3","02301","0","","1.0","","1","N","N","","1","","0","0","0","","0","N","","2","0","0","0","0","0","0","2","0","2","","","","N","","","","","","","","","",""
"2008121151","","2","0","0","0","0","0","0","0","0","5","0","","02","10","2008","6","40.424497","-79.9783","","11","0","0","0","0","0","0","0","0","","0","0","0","","","0","","0","","40 25:28.189","","0","79 58:41.880","0","0","0","0","2301","0","0","0","N","0","0","0","1","02301","0","","1.0","","1","N","N","","0","","0","0","0","","0","","","2","0","0","0","0","0","0","2","0","2","","","","N","","","","","","","","","",""
"2008121152","","1","0","0","0","0","0","0","0","0","7","0","","02","11","2008","7","40.395724","-80.025775","","11","0","0","0","0","0","1","0","0","","0","0","0","","","0","","0","","40 23:44.606","","0","80 01:32.790","0","0","0","0","2301","0","0","0","N","0","0","0","1","02301","0","","4.0","","1","N","N","","0","","0","0","0","","0","","","1","0","0","0","0","0","0","2","0","1","","","","N","","","","","","","","","",""
"2008121153","","1","0","0","0","0","0","0","0","0","5","0","","02","11","2008","1","40.39182","-80.016755","","11","0","0","0","0","0","0","0","0","","0","0","0","","","0","","1","","40 23:30.552","","0","80 01:00.318","0","0","0","0","2301","0","0","0","N","0","0","0","3","02301","0","","1.0","","1","N","N","","1","","0","0","0","","3","","","2","0","0","0","0","0","0","2","0","2","","","","N","","","","","","","","","",""
"2008121154","","1","0","0","0","0","0","0","0","0","5","0","","02","10","2008","5","40.397837","-80.027478","","11","0","0","0","0","1","0","0","0","1","0","0","0","","","0","","0","","40 23:52.213","2","0","80 01:38.919","0","0","0","0","2301","0","0","0","N","0","0","0","4","02301","0","","1.0","","1","N","N","","1","","0","0","0","","0","N","","2","0","0","0","0","0","0","2","0","2","","","","N","","","","","","","","","",""
"2008121155","","0","0","0","0","0","0","0","0","0","8","0","","02","10","2008","7","40.39667","-79.987697","","11","0","0","0","0","0","0","0","0","","0","0","0","","","1","","2","","40 23:48.012","","0","79 59:15.709","8","0","0","0","2301","1","0","0","N","1","0","0","2","02301","0","","1.0","","1","N","N","","0","","0","0","1","","2","","","2","1","0","0","0","1","1","2","0","1","","","","N","","","","","","","","","",""
"2008121166","","0","0","0","0","0","0","0","0","0","7","0","","02","11","2008","7","40.467","-79.946121","","11","0","0","0","0","0","0","0","0","","0","0","0","","","0","","3","","40 28:01.200","","0","79 56:46.035","0","0","0","0","2301","0","0","0","N","0","0","0","2","02301","0","","4.0","","1","N","N","","0","","0","0","1","","0","","","1","0","0","0","0","0","0","2","0","1","","","","N","","","","","","","","","",""
"2008121167","","1","0","0","0","0","0","0","0","0","4","0","","02","11","2008","1","40.464613","-79.939842","","11","0","0","0","0","0","0","0","0","1","0","0","0","","","0","","0","","40 27:52.606","7","0","79 56:23.431","0","0","0","0","2301","0","0","0","N","0","0","0","1","02301","0","","1.0","","1","N","N","","0","","0","0","1","","0","N","","3","0","0","0","0","0","0","2","1","3","","","","N","","","","","","","","","",""
"2008121168","","1","0","0","0","0","0","0","0","0","1","0","","02","10","2008","3","","","","11","0","0","0","0","0","0","1","0","","0","0","0","","","1","","1","","","","0","","8","0","0","0","2301","0","0","0","N","0","0","0","2","02301","0","","1.0","","9","N","N","","1","","0","0","0","","0","","","2","1","0","0","0","1","0","1","0","2","","","","N","","","","","","","","","",""
"2008121169","","1","0","0","0","0","0","0","0","0","1","0","","02","10","2008","3","40.416664","-80.066542","","11","0","0","0","0","1","0","0","0","","0","0","0","","","0","","2","","40 24:59.990","","0","80 03:59.551","0","0","0","0","2301","0","0","0","N","0","0","0","3","02301","0","","1.0","","9","N","N","","0","","0","0","1","","2","","","2","0","0","0","0","0","0","2","0","2","","","","N","","","","","","","","","",""
"2008121170","","1","0","0","0","0","0","0","0","0","4","0","","02","10","2008","3","40.447956","-80.002082","","11","0","0","0","0","0","1","0","0","2","0","0","0","","","0","","1","","40 26:52.641","4","0","80 00:07.495","0","0","0","0","2301","0","0","0","N","0","0","0","3","02301","0","","1.0","","9","N","N","","0","","0","0","0","","3","Y","","2","0","3","0","0","0","0","2","1","2","","","","N","","","","","","","","","",""
"2008121171","","2","0","0","0","0","0","0","0","0","4","0","","02","10","2008","3","40.447956","-80.002082","","11","0","0","0","0","0","0","0","0","2","0","0","0","","","0","","1","","40 26:52.641","4","0","80 00:07.495","0","0","0","0","2301","0","0","0","N","0","0","0","2","02301","0","","1.0","","9","N","N","","0","","0","0","0","","3","Y","","2","0","0","0","0","0","0","2","0","2","","","","N","","","","","","","","","",""
"2008121172","","2","0","0","0","0","0","0","0","0","4","0","","02","10","2008","4","40.448933","-80.000739","","11","0","0","0","0","0","0","0","0","3","0","0","0","","","2","","1","","40 26:56.157","2","0","80 00:02.660","8","0","0","0","2301","0","0","0","N","0","0","0","2","02331","0","","1.0","","9","N","N","","0","","0","0","0","","2","N","","2","2","0","0","0","2","0","2","0","2","","","","N","","","","","","","","","",""
"2008121174","","2","0","0","0","0","0","0","0","0","4","0","","02","10","2008","6","40.451509","-79.908149","","11","0","0","0","0","0","1","0","0","1","0","0","0","","","0","","1","","40 27:05.432","6","0","79 54:29.335","0","0","0","0","2301","0","0","0","N","0","0","0","2","02301","0","","1.0","","1","N","N","","0","","0","0","0","","2","N","","2","0","0","0","0","0","0","2","0","2","","","","N","","","","","","","","","",""
"2008121175","","2","0","0","0","0","0","0","0","0","1","0","","02","10","2008","7","40.411","-80.0059","","11","0","0","0","0","0","1","1","0","","0","0","0","","","1","","2","","40 24:39.600","","0","80 00:21.240","3","0","0","1","2301","0","0","0","N","0","0","0","4","02301","0","","1.0","","9","N","N","","0","","1","0","0","","2","","","3","1","0","0","0","0","1","2","0","3","","","","N","","","","","","","","","",""
"2008121176","","1","0","0","0","0","0","0","0","0","1","0","99","02","10","2008","4","40.3792","-80.0013","","11","0","0","0","0","0","3","0","0","","0","0","0","","","1","","0","","40 22:45.120","","0","80 00:04.680","3","0","0","0","2301","0","0","0","N","0","0","0","3","02301","0","","1.0","","9","N","N","","0","","1","0","1","","0","","","3","1","0","0","0","0","0","2","1","3","","","U","Y","8","8","U","U","U","U","U","U","U",""
"2008121177","","1","0","0","0","0","0","0","0","0","4","0","","02","10","2008","5","40.477661","-79.913854","","11","0","0","0","0","0","0","0","0","","0","0","0","","","0","","3","","40 28:39.579","","0","79 54:49.874","9","0","0","0","2301","0","0","0","N","0","0","0","2","02301","0","","1.0","","1","N","N","","1","","0","0","0","","0","","","2","0","0","0","0","0","1","2","0","2","","","","N","","","","","","","","","",""
"2008121178","","2","0","0","0","0","0","0","0","0","4","0","","02","10","2008","5","40.4607","-79.9228","","11","0","0","0","0","0","0","0","0","","0","0","0","","","0","","10","","40 27:38.520","","0","79 55:22.080","0","0","0","0","2301","0","0","0","","0","0","0","4","02301","0","","1.0","","1","","","","0","","0","0","0","","2","","","2","0","0","0","0","0","0","2","0","2","","","","N","","","","","","","","","",""
"2008121179","","0","0","0","0","0","0","0","0","0","4","0","","02","10","2008","4","40.465679","-79.947937","","11","0","0","0","0","0","0","0","0","","0","0","0","","","0","","0","","40 27:56.444","","0","79 56:52.573","9","0","0","0","2301","0","0","0","N","0","0","0","1","02301","0","","6.0","","98","N","N","","0","","0","0","1","","0","","","2","0","0","0","0","0","1","2","0","2","","","","N","","","","","","","","","",""
"2008121180","","1","0","0","0","0","0","0","0","0","4","0","","02","10","2008","5","40.460997","-79.933311","","11","0","0","0","0","0","1","0","0","1","0","0","0","","","0","","1","","40 27:39.589","3","0","79 55:59.919","0","0","0","0","2301","0","0","0","N","0","0","0","2","02301","0","","1.0","","1","N","N","","0","","0","0","1","","3","N","","2","0","0","0","0","0","0","2","0","2","","","","N","","","","","","","","","",""