"CRN","ARRIVAL_TM","AUTOMOBILE_COUNT","BELTED_DEATH_COUNT","BELTED_SUSP_SERIOUS_INJ_COUNT","BICYCLE_COUNT","BICYCLE_DEATH_COUNT","BICYCLE_SUSP_SERIOUS_INJ_COUNT","BUS_COUNT","CHLDPAS_DEATH_COUNT","CHLDPAS_SUSP_SERIOUS_INJ_COUNT","COLLISION_TYPE","COMM_VEH_COUNT","CONS_ZONE_SPD_LIM","COUNTY","CRASH_MONTH","CRASH_YEAR","DAY_OF_WEEK","DEC_LATITUDE","DEC_LONGITUDE","DISPATCH_TM","DISTRICT","DRIVER_COUNT_16YR","DRIVER_COUNT_17YR","DRIVER_COUNT_18YR","DRIVER_COUNT_19YR","DRIVER_COUNT_20YR","DRIVER_COUNT_50_64YR","DRIVER_COUNT_65_74YR","DRIVER_COUNT_75PLUS","EST_HRS_CLOSED","FATAL_COUNT","HEAVY_TRUCK_COUNT","HORSE_BUGGY_COUNT","HOUR_OF_DAY","ILLUMINATION","INJURY_COUNT","INTERSECTION_RELATED","INTERSECT_TYPE","LANE_CLOSED","LATITUDE","LN_CLOSE_DIR","LOCATION_TYPE","LONGITUDE","MAX_SEVERITY_LEVEL","MCYCLE_DEATH_COUNT","MCYCLE_SUSP_SERIOUS_INJ_COUNT","MOTORCYCLE_COUNT","MUNICIPALITY","NONMOTR_COUNT","NONMOTR_DEATH_COUNT","NONMOTR_SUSP_SERIOUS_INJ_COUNT","NTFY_HIWY_MAINT","PED_COUNT","PED_DEATH_COUNT","PED_SUSP_SERIOUS_INJ_COUNT","PERSON_COUNT","POLICE_AGCY","POSSIBLE_INJ_COUNT","RDWY_SURF_TYPE_CD","RELATION_TO_ROAD","ROADWAY_CLEARED","ROAD_CONDITION","SCH_BUS_IND","SCH_ZONE_IND","SECONDARY_CRASH","SMALL_TRUCK_COUNT","SPEC_JURIS_CD","SUSP_MINOR_INJ_COUNT","SUSP_SERIOUS_INJ_COUNT","SUV_COUNT","TCD_FUNC_CD","TCD_TYPE","TFC_DETOUR_IND","TIME_OF_DAY","TOTAL_UNITS","TOT_INJ_COUNT","UNBELTED_OCC_COUNT","UNB_DEATH_COUNT","UNB_SUSP_SERIOUS_INJ_COUNT","UNK_INJ_DEG_COUNT","UNK_INJ_PER_COUNT","URBAN_RURAL","VAN_COUNT","VEHICLE_COUNT","WEATHER1","WEATHER2","WORKERS_PRES","WORK_ZONE_IND","WORK_ZONE_LOC","WORK_ZONE_TYPE","WZ_CLOSE_DETOUR","WZ_FLAGGER","WZ_LAW_OFFCR_IND","WZ_LN_CLOSURE","WZ_MOVING","WZ_OTHER","WZ_SHLDER_MDN","WZ_WORKERS_INJ_KILLED"
"2008126406","","2","0","0","0","0","0","0","0","0","4","0","","02","10","2008","2","40.456","-79.8945","","11","0","0","0","0","0","1","0","0","","0","0","0","","","0","","1","","40 27:21.600","","0","79 53:40.200","0","0","0","0","2301","0","0","0","","0","0","0","4","02301","0","","1.0","","1","N","N","","0","","0","0","0","","2","","","2","0","0","0","0","0","0","2","0","2","","","","N","","","","","","","","","",""
"2008126407","","1","0","0","0","0","0","0","0","0","4","0","","02","10","2008","6","40.472015","-79.930498","","11","0","0","0","0","0","1","0","0","2","0","0","0","","","1","","2","","40 28:19.254","1","0","79 55:49.792","8","0","0","0","2301","0","0","0","N","0","0","0","2","02301","0","","1.0","","1","N","N","","0","","0","0","0","","0","N","","2","1","0","0","0","1","1","2","0","2","","","","N","","","","","","","","","",""
"2008126408","","0","0","0","0","0","0","0","0","0","1","0","","02","11","2008","2","40.466618","-79.925386","","11","0","0","0","0","0","1","0","0","","0","0","0","","","0","","1","","40 27:59.824","","0","79 55:31.389","0","0","0","0","2301","0","0","0","N","0","0","0","2","02301","0","","1.0","","1","N","N","","0","","0","0","2","","2","","","2","0","0","0","0","0","0","2","0","2","","","","N","","","","","","","","","",""
"2008126409","","2","0","0","0","0","0","0","0","0","4","0","","02","11","2008","2","40.4645","-79.9264","","11","0","0","0","0","0","0","0","1","","0","0","0","","","1","","1","","40 27:52.200","","0","79 55:35.040","8","0","0","0","2301","0","0","0","N","0","0","0","4","02301","0","","1.0","","1","N","N","","0","","0","0","0","","3","","","2","1","0","0","0","1","0","2","0","2","","","","N","","","","","","","","","",""
"2008126410","","1","0","0","0","0","0","0","0","0","4","0","","02","11","2008","4","40.454967","-79.945198","","11","0","0","0","0","0","1","0","0","1","0","0","0","","","1","","1","","40 27:17.882","3","0","79 56:42.711","4","0","0","1","2301","0","0","0","N","0","0","0","2","02301","1","","1.0","","1","N","N","","0","","0","0","0","","2","N","","2","1","0","0","0","0","0","2","0","2","","","","N","","","","","","","","","",""
"2008126411","","1","0","0","0","0","0","0","0","0","4","0","","02","11","2008","4","40.460664","-79.932397","","11","0","0","0","0","0","0","0","0","1","0","0","0","","","0","","1","","40 27:38.390","3","0","79 55:56.629","0","0","0","0","2301","0","0","0","N","0","0","0","2","02301","0","","1.0","","1","N","N","","1","","0","0","0","","2","N","","2","0","1","0","0","0","0","2","0","2","","","","N","","","","","","","","","",""
"2008126412","","1","0","0","0","0","0","0","0","0","99","0","","02","10","2008","5","40.481259","-79.943074","","11","0","0","0","0","0","0","0","0","","0","0","0","","","0","","2","","40 28:52.532","","0","79 56:35.066","9","0","0","0","2301","0","0","0","N","0","0","0","1","02301","0","","1.0","","1","N","N","","0","","0","0","0","","3","","","1","0","0","0","0","0","1","2","0","1","","","","N","","","","","","","","","",""
"2008126413","","1","0","0","0","0","0","0","0","0","4","0","15","02","11","2008","2","40.459828","-79.920723","","11","0","0","0","0","0","1","0","0","","0","0","0","","","0","","2","","40 27:35.382","","0","79 55:14.602","0","0","0","0","2301","0","0","0","N","0","0","0","3","02301","0","","1.0","","1","N","N","","0","","0","0","0","","2","","","2","0","0","0","0","0","0","2","1","2","","","Y","Y","4","1","U","U","N","Y","U","U","U",""
"2008126414","","1","0","0","0","0","0","0","0","0","7","0","","02","11","2008","6","40.482658","-79.916506","","11","0","0","0","0","0","0","0","0","","0","0","0","","","1","","0","","40 28:57.569","","0","79 54:59.422","3","0","0","0","2301","0","0","0","N","0","0","0","1","02301","0","","4.0","","9","N","N","","0","","1","0","0","","0","","","1","1","1","0","0","0","0","2","0","1","","","","N","","","","","","","","","",""
"2008126415","","3","0","0","0","0","0","0","0","0","2","0","","02","11","2008","7","40.467114","-79.897455","","11","0","0","0","0","0","0","0","0","1","0","0","0","","","0","","0","","40 28:01.610","5","0","79 53:50.838","0","0","0","0","2301","0","0","0","N","0","0","0","1","02301","0","","1.0","","9","N","N","","0","","0","0","0","","0","Y","","3","0","0","0","0","0","0","2","0","3","","","","N","","","","","","","","","",""
"2008126453","","1","0","0","0","0","0","0","0","0","7","0","","02","10","2008","6","40.415466","-79.982757","","11","0","0","0","0","0","0","0","0","","0","0","0","","","0","","0","","40 24:55.677","","0","79 58:57.925","0","0","0","0","2447","0","0","0","N","0","0","0","1","02447","0","","4.0","","1","N","N","","0","","0","0","0","","0","","","1","0","1","0","0","0","0","2","0","1","","","","N","","","","","","","","","",""
"2008126581","","2","0","0","0","0","0","0","0","0","4","0","","02","11","2008","2","40.4515","-79.9081","","11","0","0","0","0","0","1","0","0","","0","0","0","","","0","","1","","40 27:05.400","","0","79 54:29.160","0","0","0","0","2301","0","0","0","N","0","0","0","2","02301","0","","1.0","","1","N","N","","0","","0","0","0","","2","","","2","0","0","0","0","0","0","2","0","2","","","","N","","","","","","","","","",""
"2008126586","","1","0","0","0","0","0","0","0","0","4","0","","02","10","2008","3","40.572","-80.0164","","11","0","0","0","0","0","1","1","0","1","0","0","0","","","1","","1","","40 34:19.200","2","0","80 00:59.040","8","0","0","0","2108","0","0","0","N","0","0","0","2","02108","0","","1.0","","1","N","N","","1","","0","0","0","","2","N","","2","1","1","0","0","1","0","2","0","2","","","","N","","","","","","","","","",""
"2008126587","","2","0","0","0","0","0","0","0","0","4","0","","02","10","2008","3","40.567193","-79.998008","","11","1","0","0","0","0","0","1","0","1","0","0","0","","","0","","1","","40 34:01.894","4","0","79 59:52.828","0","0","0","0","2108","0","0","0","N","0","0","0","3","02108","0","","1.0","","9","N","N","","0","","0","0","0","","3","N","","2","0","0","0","0","0","0","2","0","2","","","","N","","","","","","","","","",""
"2008126588","","2","0","0","0","0","0","0","0","0","4","0","","02","11","2008","7","40.598879","-80.047667","","11","0","0","0","0","0","0","0","0","1","0","0","0","","","0","","3","","40 35:55.963","1","0","80 02:51.601","0","0","0","0","2108","0","0","0","N","0","0","0","5","02108","0","","1.0","","1","N","N","","0","","0","0","0","","3","Y","","2","0","1","0","0","0","0","2","0","2","","","","N","","","","","","","","","",""
"2008126589","","0","0","0","0","0","0","0","0","0","8","0","","02","11","2008","3","40.572019","-80.016386","","11","0","0","0","0","0","0","0","0","1","0","0","0","","","1","","1","","40 34:19.267","5","0","80 00:58.990","3","0","0","0","2108","1","0","0","N","1","0","0","2","02108","0","","1.0","","1","N","N","","1","","1","0","0","","2","N","","2","1","0","0","0","0","0","2","0","1","","","","N","","","","","","","","","",""
"2008126590","","1","0","0","0","0","0","0","0","0","7","0","","02","11","2008","1","40.589762","-80.036472","","11","0","0","0","0","0","0","0","0","1","0","0","0","","","1","","0","","40 35:23.142","5","0","80 02:11.300","4","0","0","0","2108","0","0","0","N","0","0","0","1","02108","1","","4.0","","1","N","N","","0","","0","0","0","","0","Y","","1","1","0","0","0","0","0","2","0","1","","","","N","","","","","","","","","",""
"2008126591","","2","0","0","0","0","0","0","0","0","1","0","","02","10","2008","5","40.5745","-80.0371","","11","0","0","0","0","0","0","1","1","","0","0","0","","","0","","0","","40 34:28.200","","0","80 02:13.560","0","0","0","0","2108","0","0","0","N","0","0","0","3","02108","0","","1.0","","1","N","N","","0","","0","0","0","","0","","","2","0","0","0","0","0","0","2","0","2","","","","N","","","","","","","","","",""
"2008126592","","0","0","0","0","0","0","0","0","0","7","0","","02","11","2008","5","40.440466","-79.964762","","11","0","0","0","0","0","0","1","0","1","0","0","0","","","1","","0","","40 26:25.677","6","0","79 57:53.143","3","0","0","0","2301","0","0","0","N","0","0","0","1","02301","0","","4.0","","1","N","N","","0","","1","0","1","","0","N","","1","1","0","0","0","0","0","2","0","1","","","","N","","","","","","","","","",""
"2008126641","","2","0","0","0","0","0","0","0","0","1","0","","02","11","2008","3","40.442181","-79.994981","","11","0","0","0","0","0","0","0","0","","0","0","0","","","0","","1","","40 26:31.851","","0","79 59:41.931","0","0","0","0","2301","0","0","0","N","0","0","0","3","02301","0","","1.0","","1","N","N","","0","","0","0","0","","2","","","2","0","0","0","0","0","0","2","0","2","","","","N","","","","","","","","","",""
"2008126642","","1","0","0","0","0","0","0","0","0","4","0","","02","11","2008","3","40.448809","-79.987534","","11","0","0","0","0","0","0","0","0","","0","0","0","","","0","","1","","40 26:55.712","","0","79 59:15.122","0","0","0","0","2301","0","0","0","N","0","0","0","2","02301","0","","1.0","","1","N","N","","1","","0","0","0","","2","","","2","0","0","0","0","0","0","2","0","2","","","","N","","","","","","","","","",""
"2008126643","","1","0","0","0","0","0","0","0","0","1","0","","02","11","2008","5","40.457626","-79.961181","","11","0","0","0","0","0","0","0","0","","0","0","0","","","0","","0","","40 27:27.455","","0","79 57:40.250","0","0","0","0","2301","0","0","0","N","0","0","0","4","02301","0","","1.0","","1","N","N","","1","","0","0","0","","0","","","3","0","0","0","0","0","0","2","0","2","","","","N","","","","","","","","","",""
"2008126644","","2","0","0","0","0","0","0","0","0","1","0","","02","11","2008","2","40.436292","-79.977242","","11","0","0","0","0","0","1","0","0","","0","0","0","","","0","","2","","40 26:10.651","","0","79 58:38.070","0","0","0","0","2301","0","0","0","N","0","0","0","2","02301","0","","1.0","","1","N","N","","0","","0","0","0","","0","","","2","0","0","0","0","0","0","2","0","2","","","","N","","","","","","","","","",""
"2008126645","","0","0","0","0","0","0","0","0","0","0","0","","02","11","2008","1","40.5039","-80.0277","","11","0","0","0","0","0","0","0","0","2","0","0","0","","","1","","0","","40 30:14.040","1","2","80 01:39.720","4","0","0","0","2301","0","0","0","N","0","0","0","2","02301","1","","2.0","","1","N","N","","0","","0","0","1","","0","N","","1","1","0","0","0","0","1","2","0","1","","","","N","","","","","","","","","",""
"2008126646","","2","0","0","0","0","0","0","0","0","4","0","","02","11","2008","6","40.418247","-80.012372","","11","0","0","1","0","0","0","0","0","","0","0","0","","","0","","0","","40 25:05.689","","0","80 00:44.539","0","0","0","0","2301","0","0","0","N","0","0","0","2","02301","0","","1.0","","9","N","N","","0","","0","0","0","","0","","","2","0","0","0","0","0","0","2","0","2","","","","N","","","","","","","","","",""
"2008126647","","2","0","0","0","0","0","0","0","0","1","0","","02","11","2008","6","40.383622","-79.977298","","11","0","0","1","1","0","0","0","0","","0","0","0","","","0","","2","","40 23:01.040","","0","79 58:38.272","0","0","0","0","2301","0","0","0","N","0","0","0","3","02301","0","","1.0","","9","N","N","","0","","0","0","0","","0","","","2","0","0","0","0","0","0","2","0","2","","","","N","","","","","","","","","",""
"2008126648","","1","0","0","0","0","0","0","0","0","5","0","","02","11","2008","2","40.392134","-80.014456","","11","0","0","0","0","0","1","0","0","1","0","0","0","","","0","","0","","40 23:31.682","1","0","80 00:52.041","0","0","0","0","2301","0","0","0","N","0","0","0","1","02301","0","","1.0","","1","N","N","","1","","0","0","1","","0","N","","3","0","0","0","0","0","0","2","0","3","","","","N","","","","","","","","","",""
"2008126649","","2","0","0","0","0","0","0","0","0","4","0","","02","11","2008","2","40.426292","-79.963576","","11","0","0","0","0","0","0","0","0","2","0","0","0","","","1","","1","","40 25:34.651","2","0","79 57:48.873","8","0","0","0","2301","0","0","0","N","0","0","0","4","02301","0","","1.0","","1","N","N","","0","","0","0","1","","2","N","","3","1","0","0","0","1","0","2","0","3","","","","N","","","","","","","","","",""
"2008126650","","1","0","0","0","0","0","0","0","0","4","0","","02","11","2008","5","40.410966","-80.006048","","11","0","0","0","0","0","0","0","0","2","0","0","0","","","1","","1","","40 24:39.477","6","0","80 00:21.773","8","0","0","0","2301","0","0","0","N","0","0","0","4","02301","0","","1.0","","1","N","N","","2","","0","0","0","","2","N","","3","1","0","0","0","1","0","2","0","3","","","","N","","","","","","","","","",""
"2008126651","","2","0","0","0","0","0","0","0","0","1","0","","02","11","2008","5","40.411014","-80.005934","","11","0","0","1","0","0","0","0","0","","0","0","0","","","0","","2","","40 24:39.651","","0","80 00:21.361","0","0","0","0","2301","0","0","0","N","0","0","0","2","02301","0","","1.0","","1","N","N","","0","","0","0","0","","2","","","2","0","0","0","0","0","0","2","0","2","","","","N","","","","","","","","","",""
"2008126652","","1","0","0","0","0","0","0","0","0","4","0","","02","11","2008","4","40.431986","-80.015397","","11","0","0","0","0","1","0","0","0","","0","0","0","","","0","","1","","40 25:55.149","","0","80 00:55.429","0","0","0","0","2301","0","0","0","N","0","0","0","2","02301","0","","1.0","","1","N","N","","1","","0","0","0","","0","","","2","0","0","0","0","0","0","2","0","2","","","","N","","","","","","","","","",""
"2008126653","","1","0","0","0","0","0","0","0","0","1","0","","02","11","2008","6","40.416936","-80.014558","","11","0","0","0","0","0","0","0","0","","0","0","0","","","0","","2","","40 25:00.971","","0","80 00:52.409","0","0","0","0","2301","0","0","0","N","0","0","0","3","02301","0","","1.0","","1","N","N","","0","","0","0","1","","2","","","2","0","0","0","0","0","0","2","0","2","","","","N","","","","","","","","","",""
"2008126655","","2","0","0","0","0","0","0","0","0","4","0","","02","11","2008","1","40.395326","-79.997387","","11","0","0","0","0","0","0","0","0","","0","0","0","","","1","","2","","40 23:43.173","","0","79 59:50.593","4","0","0","0","2301","0","0","0","N","0","0","0","3","02301","1","","1.0","","1","N","N","","0","","0","0","0","","3","","","2","1","1","0","0","0","0","2","0","2","","","","N","","","","","","","","","",""
"2008126656","","1","0","0","0","0","0","0","0","0","7","0","","02","11","2008","4","40.461465","-80.050329","","11","0","0","0","0","0","0","0","0","","0","0","0","","","0","","2","","40 27:41.273","","0","80 03:01.186","0","0","0","0","2301","0","0","0","N","0","0","0","1","02301","0","","4.0","","1","N","N","","0","","0","0","0","","0","","","1","0","0","0","0","0","0","2","0","1","","","","N","","","","","","","","","",""
"2008126657","","0","0","0","0","0","0","0","0","0","4","0","","02","11","2008","5","40.442252","-80.007319","","11","0","0","0","0","0","0","0","0","1","0","0","0","","","0","","0","","40 26:32.106","1","0","80 00:26.349","0","0","0","0","2301","0","0","0","N","0","0","0","2","02301","0","","1.0","","1","N","N","","0","","0","0","0","","0","N","","2","0","0","0","0","0","0","2","2","2","","","","N","","","","","","","","","",""
"2008126658","","1","0","0","0","0","0","0","0","0","7","0","","02","11","2008","1","40.454131","-79.965865","","11","0","0","0","0","0","0","0","0","1","0","0","0","","","1","","0","","40 27:14.871","1","0","79 57:57.114","4","0","0","0","2301","0","0","0","N","0","0","0","2","02301","1","","5.0","","1","N","N","","0","","0","0","0","","0","N","","1","1","0","0","0","0","0","2","0","1","","","","N","","","","","","","","","",""
"2008126659","","1","0","0","0","0","0","0","0","0","4","0","","02","11","2008","3","40.453469","-79.993026","","11","0","0","0","0","0","0","0","0","","0","0","0","","","0","","1","","40 27:12.488","","0","79 59:34.893","0","0","0","0","2301","0","0","0","N","0","0","0","1","02301","0","","1.0","","1","N","N","","0","","0","0","0","","0","","","2","0","0","0","0","0","0","2","1","2","","","","N","","","","","","","","","",""
"2008126660","","2","0","0","0","0","0","0","0","0","4","0","","02","11","2008","7","40.453981","-80.014537","","11","0","0","0","0","0","2","0","0","","0","0","0","","","1","","1","","40 27:14.331","","0","80 00:52.333","3","0","0","0","2301","0","0","0","N","0","0","0","3","02301","0","","1.0","","1","N","N","","0","","1","0","0","","2","","","2","1","0","0","0","0","0","2","0","2","","","","N","","","","","","","","","",""
"2008126661","","2","0","0","0","0","0","0","0","0","4","0","","02","11","2008","4","40.448652","-80.002304","","11","0","0","0","0","0","1","0","0","2","0","0","0","","","2","","1","","40 26:55.147","1","0","80 00:08.294","8","0","0","0","2301","0","0","0","N","0","0","0","2","02301","0","","1.0","","1","N","N","","0","","0","0","0","","2","N","","2","2","0","0","0","2","0","2","0","2","","","","N","","","","","","","","","",""
"2008126662","","2","0","0","0","0","0","0","0","0","4","0","","02","11","2008","7","40.456432","-80.001608","","11","0","0","0","0","0","0","0","0","1","0","0","0","","","0","","1","","40 27:23.155","4","0","80 00:05.788","9","0","0","0","2301","0","0","0","N","0","0","0","3","02301","0","","1.0","","9","N","N","","0","","0","0","0","","1","N","","2","0","0","0","0","0","1","2","0","2","","","","N","","","","","","","","","",""
"2008126663","","1","0","0","0","0","0","0","0","0","7","0","","02","11","2008","7","40.453987","-79.997852","","11","0","0","1","0","0","0","0","0","1","0","0","0","","","1","","3","","40 27:14.354","1","0","79 59:52.268","4","0","0","0","2301","0","0","0","N","0","0","0","3","02301","1","","4.0","","1","N","N","","0","","0","0","0","","0","N","","1","1","0","0","0","0","0","2","0","1","","","","N","","","","","","","","","",""
"2008126666","","0","0","0","0","0","0","0","0","0","8","0","","02","11","2008","7","40.428808","-79.984129","","11","0","0","0","0","0","0","1","0","","0","0","0","","","1","","1","","40 25:43.708","","0","79 59:02.864","4","0","0","0","2301","1","0","0","N","1","0","0","2","02301","1","","1.0","","1","N","N","","0","","0","0","1","","2","","","2","1","0","0","0","0","0","2","0","1","","","","N","","","","","","","","","",""
"2008126667","","1","0","0","0","0","0","0","0","0","4","0","","02","11","2008","7","40.377896","-80.003754","","11","0","0","0","0","0","0","0","0","","0","0","0","","","1","","2","","40 22:40.427","","0","80 00:13.513","8","0","0","0","2301","0","0","0","N","0","0","0","2","02301","0","","1.0","","1","N","N","","1","","0","0","0","","2","","","2","1","0","0","0","1","0","2","0","2","","","","N","","","","","","","","","",""
"2008126668","","1","0","0","0","0","0","0","0","0","4","0","","02","10","2008","6","40.447062","-79.947299","","11","0","0","0","0","1","0","0","0","1","0","0","0","","","0","","1","","40 26:49.423","3","0","79 56:50.276","0","0","0","0","2301","0","0","0","N","0","0","0","2","02301","0","","1.0","","1","N","N","","0","","0","0","1","","2","N","","2","0","0","0","0","0","0","2","0","2","","","","N","","","","","","","","","",""
"2008126669","","1","0","0","0","0","0","0","0","0","4","0","","02","11","2008","4","40.45132","-79.925491","","11","0","0","0","0","0","1","0","0","","0","0","0","","","0","","2","","40 27:04.752","","0","79 55:31.767","0","0","0","0","2301","0","0","0","N","0","0","0","3","02301","0","","1.0","","1","N","N","","0","","0","0","0","","0","","","2","0","3","0","0","0","0","2","1","2","","","","N","","","","","","","","","",""
"2008126670","","2","0","0","0","0","0","0","0","0","2","0","","02","10","2008","3","40.451596","-80.06943","","11","0","0","0","1","0","0","0","0","2","0","0","0","","","3","","1","","40 27:05.745","1","0","80 04:09.948","8","0","0","0","2301","0","0","0","N","0","0","0","4","02301","0","","1.0","","9","N","N","","0","","0","0","0","","3","Y","","2","3","4","0","0","3","0","2","0","2","","","","N","","","","","","","","","",""
"2008126671","","2","0","0","0","0","0","0","0","0","1","0","","02","11","2008","5","40.421688","-79.997417","","11","0","0","0","0","0","1","0","0","1","0","0","0","","","0","","1","","40 25:18.076","1","0","79 59:50.701","9","0","0","0","2301","0","0","0","N","0","0","0","7","02301","0","","1.0","","1","N","N","","1","","0","0","0","","2","N","","4","0","0","0","0","0","1","2","0","4","","","","N","","","","","","","","","",""
"2008126672","","0","0","0","0","0","0","0","0","0","7","0","","02","11","2008","7","40.394622","-80.02868","","11","0","0","0","0","0","0","0","0","3","0","0","0","","","0","","0","","40 23:40.639","4","0","80 01:43.248","0","0","0","0","2301","0","0","0","N","0","0","0","1","02301","0","","5.0","","1","N","N","","0","","0","0","1","","0","Y","","1","0","0","0","0","0","0","2","0","1","","","","N","","","","","","","","","",""
"2008126674","","1","0","0","0","0","0","0","0","0","1","0","","02","11","2008","3","40.465165","-79.957999","","11","0","0","0","0","0","0","0","0","","0","0","0","","","0","","1","","40 27:54.594","","0","79 57:28.796","0","0","0","0","2301","0","0","0","N","0","0","0","3","02301","0","","1.0","","1","N","N","","1","","0","0","1","","2","","","3","0","0","0","0","0","0","2","0","3","","","","N","","","","","","","","","",""
"2008126675","","0","0","0","0","0","0","0","0","0","8","0","","02","11","2008","5","40.392882","-80.018746","","11","0","0","0","0","0","1","0","0","1","0","0","0","","","1","","0","","40 23:34.375","4","0","80 01:07.485","3","0","0","0","2301","1","0","0","N","1","0","0","2","02301","0","","1.0","","1","N","N","","1","","1","0","0","","0","N","","2","1","0","0","0","0","0","2","0","1","","","","N","","","","","","","","","",""
"2008126676","","3","0","0","0","0","0","0","0","0","5","0","","02","11","2008","6","40.414887","-80.011224","","11","0","0","0","0","0","3","0","0","2","0","0","0","","","0","","5","","40 24:53.592","4","0","80 00:40.408","0","0","0","0","2301","0","0","0","N","0","0","0","4","02301","0","","1.0","","1","N","N","","1","","0","0","0","","2","N","","4","0","0","0","0","0","0","2","0","4","","","","N","","","","","","","","","",""
"2008126677","","2","0","0","0","0","0","0","0","0","4","0","","02","11","2008","4","40.44062","-79.916647","","11","0","0","0","0","0","1","0","0","","0","0","0","","","0","","1","","40 26:26.232","","0","79 54:59.929","0","0","0","0","2301","0","0","0","N","0","0","0","2","02301","0","","1.0","","1","N","N","","0","","0","0","0","","3","","","2","0","0","0","0","0","0","2","0","2","","","","N","","","","","","","","","",""
"2008126678","","2","0","0","0","0","0","0","0","0","4","0","","02","10","2008","2","40.437514","-79.915694","","11","0","0","0","0","0","0","2","0","","0","0","0","","","0","","0","","40 26:15.050","","0","79 54:56.498","0","0","0","0","2301","0","0","0","N","0","0","0","2","02301","0","","1.0","","1","N","N","","0","","0","0","0","","0","","","2","0","0","0","0","0","0","2","0","2","","","","N","","","","","","","","","",""
"2008126679","","1","0","0","0","0","0","0","0","0","4","0","","02","11","2008","4","40.454012","-79.953338","","11","0","0","0","0","0","0","0","0","","0","0","0","","","0","","3","","40 27:14.444","","0","79 57:12.018","0","0","0","0","2301","0","0","0","N","0","0","0","2","02301","0","","1.0","","1","N","N","","0","","0","0","1","","2","","","2","0","0","0","0","0","0","2","0","2","","","","N","","","","","","","","","",""
"2008126680","","1","0","0","0","0","0","0","0","0","4","0","","02","10","2008","4","40.485305","-80.009502","","11","0","0","0","0","0","0","0","0","1","0","0","0","","","0","","1","","40 29:07.098","1","0","80 00:34.206","0","0","0","0","2301","0","0","0","N","0","0","0","2","02301","0","","1.0","","1","N","N","","0","","0","0","1","","2","Y","","2","0","0","0","0","0","0","2","0","2","","","","N","","","","","","","","","",""
"2008126681","","2","0","0","0","0","0","0","0","0","4","0","","02","10","2008","4","40.429179","-79.921213","","11","0","0","0","0","0","0","0","0","","0","0","0","","","0","","1","","40 25:45.044","","0","79 55:16.366","0","0","0","0","2301","0","0","0","N","0","0","0","2","02301","0","","1.0","","9","N","N","","0","","0","0","0","","2","","","2","0","0","0","0","0","0","2","0","2","","","","N","","","","","","","","","",""
"2008126682","","1","0","0","0","0","0","0","0","0","4","0","","02","10","2008","6","40.440209","-79.895561","","11","0","0","0","0","0","1","0","0","","0","0","0","","","1","","0","","40 26:24.752","","0","79 53:44.019","4","0","0","1","2301","0","0","0","N","0","0","0","2","02301","1","","1.0","","1","N","N","","0","","0","0","0","","0","","","2","1","0","0","0","0","0","2","0","2","","","","N","","","","","","","","","",""
"2008126683","","0","0","0","0","0","0","0","0","0","8","0","","02","11","2008","2","40.442649","-79.937603","","11","0","0","0","0","0","0","0","0","1","0","0","0","","","1","","2","","40 26:33.536","7","0","79 56:15.370","3","0","0","0","2301","1","0","0","N","1","0","0","2","02301","0","","1.0","","1","N","N","","1","","1","0","0","","2","N","","2","1","0","0","0","0","0","2","0","1","","","","N","","","","","","","","","",""
"2008126684","","0","0","0","1","0","0","0","0","0","8","0","","02","11","2008","6","40.446873","-79.954817","","11","0","0","0","0","0","0","0","0","","0","0","0","","","1","","1","","40 26:48.742","","0","79 57:17.341","4","0","0","0","2301","1","0","0","N","0","0","0","2","02301","1","","1.0","","1","N","N","","0","","0","0","1","","3","","","2","1","0","0","0","0","0","2","0","1","","","","N","","","","","","","","","",""
"2008126685","","2","0","0","0","0","0","0","0","0","5","0","","02","11","2008","2","40.382229","-79.995888","","11","0","0","0","0","0","0","0","1","","0","0","0","","","0","","1","","40 22:56.024","","0","79 59:45.195","0","0","0","0","2301","0","0","0","N","0","0","0","3","02301","0","","1.0","","1","N","N","","0","","0","0","0","","2","","","2","0","0","0","0","0","0","2","0","2","","","","N","","","","","","","","","",""
"2008126686","","1","0","0","0","0","0","0","0","0","4","0","","02","11","2008","5","40.396195","-80.023707","","11","0","0","1","0","0","0","0","0","2","0","0","0","","","1","","1","","40 23:46.302","4","0","80 01:25.345","4","0","0","0","2301","0","0","0","N","0","0","0","3","02301","1","","1.0","","1","N","N","","0","","0","0","1","","2","N","","2","1","0","0","0","0","0","2","0","2","","","","N","","","","","","","","","",""
"2008126687","","2","0","0","0","0","0","0","0","0","4","0","","02","11","2008","6","40.402012","-80.000594","","11","0","0","0","0","0","0","0","0","","0","0","0","","","0","","1","","40 24:07.244","","0","80 00:02.139","0","0","0","0","2301","0","0","0","N","0","0","0","2","02301","0","","1.0","","1","N","N","","0","","0","0","0","","2","","","2","0","0","0","0","0","0","2","0","2","","","","N","","","","","","","","","",""