"CRN","ARRIVAL_TM","AUTOMOBILE_COUNT","BELTED_DEATH_COUNT","BELTED_SUSP_SERIOUS_INJ_COUNT","BICYCLE_COUNT","BICYCLE_DEATH_COUNT","BICYCLE_SUSP_SERIOUS_INJ_COUNT","BUS_COUNT","CHLDPAS_DEATH_COUNT","CHLDPAS_SUSP_SERIOUS_INJ_COUNT","COLLISION_TYPE","COMM_VEH_COUNT","CONS_ZONE_SPD_LIM","COUNTY","CRASH_MONTH","CRASH_YEAR","DAY_OF_WEEK","DEC_LATITUDE","DEC_LONGITUDE","DISPATCH_TM","DISTRICT","DRIVER_COUNT_16YR","DRIVER_COUNT_17YR","DRIVER_COUNT_18YR","DRIVER_COUNT_19YR","DRIVER_COUNT_20YR","DRIVER_COUNT_50_64YR","DRIVER_COUNT_65_74YR","DRIVER_COUNT_75PLUS","EST_HRS_CLOSED","FATAL_COUNT","HEAVY_TRUCK_COUNT","HORSE_BUGGY_COUNT","HOUR_OF_DAY","ILLUMINATION","INJURY_COUNT","INTERSECTION_RELATED","INTERSECT_TYPE","LANE_CLOSED","LATITUDE","LN_CLOSE_DIR","LOCATION_TYPE","LONGITUDE","MAX_SEVERITY_LEVEL","MCYCLE_DEATH_COUNT","MCYCLE_SUSP_SERIOUS_INJ_COUNT","MOTORCYCLE_COUNT","MUNICIPALITY","NONMOTR_COUNT","NONMOTR_DEATH_COUNT","NONMOTR_SUSP_SERIOUS_INJ_COUNT","NTFY_HIWY_MAINT","PED_COUNT","PED_DEATH_COUNT","PED_SUSP_SERIOUS_INJ_COUNT","PERSON_COUNT","POLICE_AGCY","POSSIBLE_INJ_COUNT","RDWY_SURF_TYPE_CD","RELATION_TO_ROAD","ROADWAY_CLEARED","ROAD_CONDITION","SCH_BUS_IND","SCH_ZONE_IND","SECONDARY_CRASH","SMALL_TRUCK_COUNT","SPEC_JURIS_CD","SUSP_MINOR_INJ_COUNT","SUSP_SERIOUS_INJ_COUNT","SUV_COUNT","TCD_FUNC_CD","TCD_TYPE","TFC_DETOUR_IND","TIME_OF_DAY","TOTAL_UNITS","TOT_INJ_COUNT","UNBELTED_OCC_COUNT","UNB_DEATH_COUNT","UNB_SUSP_SERIOUS_INJ_COUNT","UNK_INJ_DEG_COUNT","UNK_INJ_PER_COUNT","URBAN_RURAL","VAN_COUNT","VEHICLE_COUNT","WEATHER1","WEATHER2","WORKERS_PRES","WORK_ZONE_IND","WORK_ZONE_LOC","WORK_ZONE_TYPE","WZ_CLOSE_DETOUR","WZ_FLAGGER","WZ_LAW_OFFCR_IND","WZ_LN_CLOSURE","WZ_MOVING","WZ_OTHER","WZ_SHLDER_MDN","WZ_WORKERS_INJ_KILLED"
"2008126688","","1","0","0","0","0","0","0","0","0","5","1","","02","11","2008","6","40.430132","-79.980438","","11","0","0","0","0","0","0","0","0","2","0","1","0","","","0","","1","","40 25:48.475","6","0","79 58:49.576","0","0","0","0","2301","0","0","0","N","0","0","0","1","02301","0","","1.0","","1","N","N","","0","","0","0","0","","0","Y","","2","0","0","0","0","0","0","2","0","2","","","","N","","","","","","","","","",""
"2008126695","","1","0","0","0","0","0","0","0","0","7","0","","02","11","2008","7","40.5082","-79.8109","","11","0","0","0","0","0","1","0","0","2","0","0","0","","","1","","0","","40 30:29.520","6","0","79 48:39.240","3","0","0","0","2113","0","0","0","N","0","0","0","2","02113","0","","5.0","","1","N","N","","0","","1","0","0","","0","Y","","1","1","0","0","0","0","0","2","0","1","","","","N","","","","","","","","","",""
"2008126696","","2","0","0","0","0","0","0","0","0","2","0","","02","10","2008","7","40.4865","-79.8373","","11","0","0","0","0","0","0","0","0","1","0","0","0","","","2","","1","","40 29:11.400","1","0","79 50:14.280","8","0","0","0","2113","0","0","0","N","0","0","0","4","02113","0","","1.0","","9","N","N","","0","","0","0","0","","2","N","","2","2","1","0","0","2","0","2","0","2","","","","N","","","","","","","","","",""
"2008126697","","1","0","0","0","0","0","0","0","0","7","0","","02","10","2008","4","40.4755","-79.8485","","11","0","0","0","0","0","0","0","0","1","0","0","0","","","0","","1","","40 28:31.800","3","0","79 50:54.600","0","0","0","0","2113","0","0","0","N","0","0","0","2","02113","0","","5.0","","9","N","N","","0","","0","0","0","","0","N","","1","0","0","0","0","0","0","2","0","1","","","","N","","","","","","","","","",""
"2008126698","","2","0","0","0","0","0","0","0","0","4","0","","02","10","2008","6","40.468947","-79.840778","","11","0","0","0","0","0","0","0","1","2","0","0","0","","","0","","0","","40 28:08.209","1","0","79 50:26.800","0","0","0","0","2113","0","0","0","N","0","0","0","5","02113","0","","1.0","","1","N","N","","1","","0","0","0","","0","Y","","3","0","0","0","0","0","0","2","0","3","","","","N","","","","","","","","","",""
"2008126699","","1","0","0","0","0","0","0","0","0","2","0","","02","11","2008","7","40.444196","-79.813219","","11","0","0","0","0","0","1","0","0","1","0","0","0","","","1","","0","","40 26:39.105","6","0","79 48:47.588","4","0","0","1","2113","0","0","0","N","0","0","0","2","02113","1","","1.0","","1","N","N","","0","","0","0","0","","0","N","","2","1","0","0","0","0","0","2","0","2","","","","N","","","","","","","","","",""
"2008126733","","2","0","0","0","0","0","0","0","0","1","0","","02","10","2008","5","40.348371","-79.944808","","11","0","0","0","0","0","2","0","0","","0","0","0","","","1","","1","","40 20:54.134","","0","79 56:41.310","4","0","0","0","2473","0","0","0","N","0","0","0","3","02473","1","","1.0","","9","N","N","","0","","0","0","0","","2","","","2","1","1","0","0","0","0","2","0","2","","","","N","","","","","","","","","",""
"2008126735","","1","0","0","0","0","0","0","0","0","7","0","","02","11","2008","1","40.363838","-79.871463","","11","0","0","0","0","0","0","0","0","","0","0","0","","","0","","0","","40 21:49.816","","0","79 52:17.266","0","0","0","0","2473","0","0","0","N","0","0","0","1","02473","0","","5.0","","1","N","N","","0","","0","0","0","","0","","","1","0","0","0","0","0","0","2","0","1","","","","N","","","","","","","","","",""
"2008126736","","0","0","0","0","0","0","0","0","0","2","0","","02","11","2008","6","40.391804","-80.015911","","11","0","0","0","0","0","0","0","0","2","0","0","0","","","1","","2","","40 23:30.494","6","0","80 00:57.279","4","0","0","0","2301","0","0","0","N","0","0","0","1","02301","1","","1.0","","9","N","N","","0","","0","0","2","","3","Y","","3","1","0","0","0","0","0","2","1","3","","","","N","","","","","","","","","",""
"2008126737","","1","0","0","0","0","0","0","0","0","6","0","","02","11","2008","3","40.633507","-80.003968","","11","0","0","0","0","0","2","0","0","","0","0","0","","","0","","1","","40 38:00.626","","0","80 00:14.284","0","0","0","0","2216","0","0","0","N","0","0","0","2","02505","0","","1.0","","9","N","N","","0","","0","0","1","","3","","","2","0","0","0","0","0","0","2","0","2","","","","N","","","","","","","","","",""
"2008126738","","0","0","0","0","0","0","0","0","0","4","0","","02","11","2008","3","40.541918","-79.761334","","11","0","0","0","1","0","1","0","0","2","0","0","0","","","4","","3","","40 32:30.903","5","0","79 45:40.804","2","0","0","0","2466","0","0","0","N","0","0","0","4","02466","2","","1.0","","9","N","N","","1","","0","1","1","","0","N","","2","4","0","0","0","1","0","2","0","2","","","","N","","","","","","","","","",""
"2008126751","","1","0","0","0","0","0","0","0","0","6","0","","02","11","2008","3","40.3817","-80.0943","","11","0","0","0","0","0","0","0","0","","0","0","0","","","1","","0","","40 22:54.120","","7","80 05:39.480","4","0","0","0","2102","0","0","0","N","0","0","0","3","02102","1","","1.0","","9","N","N","","1","","0","0","0","","0","","","2","1","1","0","0","0","0","2","0","2","","","","N","","","","","","","","","",""
"2008126752","","1","0","0","0","0","0","0","0","0","7","0","","02","11","2008","3","40.47362","-79.886007","","11","0","0","0","0","0","0","0","0","","0","0","0","","","0","","3","","40 28:25.032","","0","79 53:09.625","0","0","0","0","2113","0","0","0","N","0","0","0","4","02113","0","","2.0","","7","N","N","","0","","0","0","0","","0","","","1","0","0","0","0","0","0","2","0","1","","","","N","","","","","","","","","",""
"2008126779","","1","0","0","0","0","0","0","0","0","4","0","","02","11","2008","6","40.4768","-80.066","","11","0","0","0","0","0","0","0","0","","0","0","0","","","1","","0","","40 28:36.480","","0","80 03:57.600","4","0","0","0","2122","0","0","0","N","0","0","0","4","02122","1","","1.0","","9","N","N","","1","","0","0","0","","0","","","2","1","3","0","0","0","0","2","0","2","","","","N","","","","","","","","","",""
"2008126791","","2","0","0","0","0","0","0","0","0","1","0","","02","10","2008","4","40.526098","-80.157971","","11","0","0","0","0","0","1","0","0","1","0","0","0","","","0","","0","","40 31:33.954","1","0","80 09:28.696","0","0","0","0","2436","0","0","0","N","0","0","0","2","68B03","0","","1.0","","1","N","N","","0","","0","0","0","","0","N","","2","0","0","0","0","0","0","2","0","2","","","","N","","","","","","","","","",""
"2008126793","","1","0","0","0","0","0","0","0","0","99","0","","02","10","2008","6","","","","11","0","0","0","0","0","0","0","0","2","0","0","0","","","1","","0","","40 27:32.40","1","0","79 59:57.48","4","0","0","0","2301","0","0","0","N","0","0","0","1","68B03","1","","2.0","","1","N","N","","0","","0","0","0","","0","N","","1","1","0","0","0","0","0","2","0","1","","","","N","","","","","","","","","",""
"2008126795","","1","0","0","0","0","0","0","0","0","7","0","","02","11","2008","3","40.5087","-80.1363","","11","0","0","0","0","0","0","0","0","","0","0","0","","","0","","0","","40 30:31.320","","0","80 08:10.680","0","0","0","0","2115","0","0","0","N","0","0","0","1","68B03","0","","4.0","","2","N","N","","0","","0","0","0","","0","","","1","0","0","0","0","0","0","2","0","1","","","","N","","","","","","","","","",""
"2008126796","","2","0","0","0","0","0","0","0","0","1","0","","02","11","2008","4","40.418633","-80.10297","","11","0","0","0","0","0","0","0","0","","0","0","0","","","1","","0","","40 25:07.079","","0","80 06:10.693","4","0","0","0","2115","0","0","0","N","0","0","0","2","68B03","1","","1.0","","1","N","N","","0","","0","0","0","","0","","","2","1","0","0","0","0","0","2","0","2","","","","N","","","","","","","","","",""
"2008126797","","1","0","0","0","0","0","0","0","0","7","0","","02","11","2008","6","","","","11","0","0","0","0","0","0","0","0","","0","0","0","","","1","","0","","40 31:34.32","","0","80 16:20.28","4","0","0","0","2203","0","0","0","Y","0","0","0","1","68B03","1","","3.0","","1","N","N","","0","","0","0","0","","0","","","1","1","0","0","0","0","0","2","0","1","","","","N","","","","","","","","","",""
"2008126798","","1","0","0","0","0","0","0","0","0","1","0","","02","11","2008","6","","","","11","0","0","0","1","0","0","0","0","2","0","0","0","","","0","","0","","40 26:22.20","2","0","80 00:36.72","0","0","0","0","2425","0","0","0","N","0","0","0","2","68B03","0","","1.0","","9","N","N","","0","","0","0","1","","0","N","","2","0","0","0","0","0","0","2","0","2","","","","N","","","","","","","","","",""
"2008126799","","0","0","0","0","0","0","0","0","0","7","0","","02","11","2008","6","40.4449","-80.1762","","11","0","0","0","0","0","1","0","0","1","0","0","0","","","2","","0","","40 26:41.640","3","0","80 10:34.320","4","0","0","0","2214","0","0","0","N","0","0","0","2","68B03","2","","2.0","","2","N","N","","1","","0","0","0","","0","N","","1","2","0","0","0","0","0","2","0","1","","","","N","","","","","","","","","",""
"2008126800","","2","0","0","0","0","0","0","0","0","1","0","","02","11","2008","2","40.6629","-80.0906","","11","0","0","0","0","0","0","1","0","","0","0","0","","","0","","0","","40 39:46.440","","0","80 05:26.160","0","0","0","0","2212","0","0","0","N","0","0","0","2","68B03","0","","1.0","","9","N","N","","0","","0","0","0","","0","","","2","0","0","0","0","0","0","2","0","2","","","","N","","","","","","","","","",""
"2008126897","","1","0","0","0","0","0","0","0","0","7","0","","02","11","2008","1","40.5986","-79.9217","","11","0","0","0","0","0","0","0","0","1","0","0","0","","","1","","0","","40 35:54.960","4","0","79 55:18.120","4","0","0","0","2207","0","0","0","N","0","0","0","4","68T02","1","","2.0","","2","N","N","","0","","0","0","0","","0","N","","1","1","0","0","0","0","0","1","0","1","","","","N","","","","","","","","","",""
"2008126910","","1","0","0","0","0","0","0","0","0","4","1","","02","11","2008","2","40.449706","-80.025099","","11","0","0","0","0","0","0","0","0","","0","0","0","","","0","","1","","40 26:58.941","","0","80 01:30.357","0","0","0","0","2301","0","0","0","","0","0","0","2","02301","0","","1.0","","1","","","","0","","0","0","0","","2","","","2","0","0","0","0","0","0","2","1","2","","","","N","","","","","","","","","",""
"2008126936","","2","0","0","0","0","0","0","0","0","1","0","","02","11","2008","7","40.502992","-80.024599","","11","0","0","0","0","0","0","0","0","2","0","0","0","","","0","","0","","40 30:10.771","2","0","80 01:28.558","0","0","0","0","2116","0","0","0","N","0","0","0","4","02116","0","","1.0","","9","N","N","","0","","0","0","0","","0","N","","2","0","1","0","0","0","0","2","0","2","","","","N","","","","","","","","","",""
"2008126943","","1","0","0","0","0","0","0","0","0","1","0","","02","11","2008","4","40.510053","-79.878944","","11","0","0","0","0","0","0","0","0","","0","0","0","","","0","","2","","40 30:36.190","","0","79 52:44.198","0","0","0","0","2432","0","0","0","N","0","0","0","4","02432","0","","1.0","","9","N","N","","0","","0","0","0","","0","","","3","0","1","0","0","0","0","2","2","3","","","","N","","","","","","","","","",""
"2008126945","","0","0","0","0","0","0","0","0","0","1","0","","02","11","2008","3","40.666995","-79.735189","","11","0","0","1","0","0","0","0","0","","0","0","0","","","1","","3","","40 40:01.183","","0","79 44:06.679","4","0","0","0","2202","0","0","0","N","0","0","0","2","02202","1","","1.0","","6","N","N","","0","","0","0","2","","0","","","2","1","0","0","0","0","0","1","0","2","","","","N","","","","","","","","","",""
"2008126958","","0","0","0","0","0","0","0","0","0","4","0","","02","11","2008","3","40.559458","-79.959163","","11","0","0","0","0","0","0","0","0","","0","0","0","","","0","","2","","40 33:34.049","","0","79 57:32.985","9","0","0","0","2207","0","0","0","N","0","0","0","3","02207","0","","1.0","","9","N","N","","1","","0","0","1","","2","","","2","0","0","0","0","0","1","2","0","2","","","","N","","","","","","","","","",""
"2008126960","","2","0","0","0","0","0","0","0","0","1","0","","02","11","2008","3","40.518597","-79.84303","","11","0","0","0","0","0","0","0","0","","0","0","0","","","0","","0","","40 31:06.948","","0","79 50:34.909","0","0","0","0","2451","0","0","0","N","0","0","0","0","02451","0","","2.0","","9","N","N","","0","","0","0","0","","0","","","2","0","0","0","0","0","0","2","0","2","","","","N","","","","","","","","","",""
"2008126968","","2","0","0","0","0","0","0","0","0","4","0","","02","11","2008","4","40.617944","-80.055649","","11","0","0","0","0","0","1","0","0","2","0","0","0","","","0","","2","","40 37:04.598","5","0","80 03:20.338","0","0","0","0","2216","0","0","0","N","0","0","0","4","02505","0","","1.0","","9","N","N","","0","","0","0","0","","3","N","","2","0","0","0","0","0","0","1","0","2","","","","N","","","","","","","","","",""
"2008126971","","1","0","0","0","0","0","0","0","0","2","0","","02","11","2008","1","40.3565","-80.106","","11","0","0","0","0","0","0","0","0","2","0","0","0","","","2","","0","","40 21:23.400","6","0","80 06:21.600","4","0","0","0","2407","0","0","0","N","0","0","0","4","02407","2","","1.0","","1","N","N","","0","","0","0","1","","0","Y","","2","2","0","0","0","0","1","2","0","2","","","","N","","","","","","","","","",""
"2008126972","","2","0","0","0","0","0","0","0","0","4","0","","02","11","2008","5","40.3278","-80.0323","","11","0","0","0","0","1","1","0","0","","0","0","0","","","0","","0","","40 19:40.080","","0","80 01:56.280","0","0","0","0","2407","0","0","0","N","0","0","0","2","02407","0","","1.0","","9","N","N","","0","","0","0","0","","0","","","2","0","1","0","0","0","0","2","0","2","","","","N","","","","","","","","","",""
"2008127017","","1","0","0","0","0","0","0","0","0","7","0","","02","11","2008","5","","","","11","0","0","0","0","0","0","0","0","2","0","0","0","","","0","","0","","40 26:16.80","3","0","79 51:47.52","0","0","0","0","2419","0","0","0","N","0","0","0","2","68B03","0","","2.0","","1","N","N","","1","","0","0","0","","0","N","","2","0","0","0","0","0","0","2","0","2","","","","N","","","","","","","","","",""
"2008127019","","1","0","0","0","0","0","0","0","0","1","0","","02","11","2008","5","","","","11","0","0","0","0","0","0","1","0","","0","0","0","","","2","","0","","40 26:33.36","","0","79 50:16.80","4","0","0","0","2419","0","0","0","N","0","0","0","9","68B03","2","","1.0","","1","N","N","","0","","0","0","2","","0","","","3","2","1","0","0","0","0","2","0","3","","","","N","","","","","","","","","",""
"2008127102","","1","0","0","0","0","0","0","0","0","7","0","","02","9","2008","6","40.3294","-80.1355","","11","0","0","0","0","0","0","0","0","","0","0","0","","","0","","0","","40 19:45.840","","0","80 08:07.800","0","0","0","0","2119","0","0","0","N","0","0","0","2","02119","0","","4.0","","9","N","N","","0","","0","0","0","","0","","","1","0","0","0","0","0","0","2","0","1","","","","N","","","","","","","","","",""
"2008127117","","3","0","0","0","0","0","0","0","0","1","0","","02","9","2008","5","40.463938","-79.924451","","11","0","0","0","0","0","0","0","1","","0","0","0","","","0","","1","","40 27:50.176","","0","79 55:28.022","9","0","0","0","2301","0","0","0","N","0","0","0","3","02301","0","","1.0","","1","N","N","","0","","0","0","0","","2","","","3","0","0","0","0","0","3","2","0","3","","","","N","","","","","","","","","",""
"2008127118","","0","0","0","0","0","0","0","0","0","7","0","","02","10","2008","7","40.488833","-80.014682","","11","0","0","1","0","0","0","0","0","","0","0","0","","","1","","0","","40 29:19.798","","0","80 00:52.855","8","0","0","1","2301","0","0","0","N","0","0","0","1","02301","0","","4.0","","1","N","N","","0","","0","0","0","","0","","","1","1","0","0","0","1","0","2","0","1","","","","N","","","","","","","","","",""
"2008127120","","2","0","0","0","0","0","0","0","0","5","0","","02","10","2008","5","40.394878","-80.021564","","11","0","0","0","0","0","0","0","1","","0","0","0","","","0","","2","","40 23:41.560","","0","80 01:17.630","0","0","0","0","2301","0","0","0","N","0","0","0","2","02301","0","","1.0","","1","N","N","","0","","0","0","0","","0","","","2","0","0","0","0","0","0","2","0","2","","","","N","","","","","","","","","",""
"2008127121","","2","0","0","0","0","0","0","0","0","2","0","","02","9","2008","7","40.3983","-80.0262","","11","0","0","0","0","1","0","0","0","","0","0","0","","","0","","1","","40 23:53.880","","0","80 01:34.320","0","0","0","0","2301","0","0","0","N","0","0","0","3","02301","0","","1.0","","1","N","N","","0","","0","0","0","","2","","","2","0","0","0","0","0","0","2","0","2","","","","N","","","","","","","","","",""
"2008127122","","1","0","0","0","0","0","0","0","0","7","0","","02","9","2008","7","40.402796","-80.017801","","11","0","0","0","0","0","0","0","0","","0","0","0","","","1","","0","","40 24:10.065","","0","80 01:04.083","8","0","0","0","2301","0","0","0","N","0","0","0","1","02301","0","","4.0","","9","N","N","","0","","0","0","0","","0","","","1","1","0","0","0","1","0","2","0","1","","","","N","","","","","","","","","",""
"2008127123","","1","0","0","0","0","0","0","0","0","1","0","","02","9","2008","7","40.421845","-79.993744","","11","0","0","0","0","0","0","0","0","","0","0","0","","","1","","1","","40 25:18.642","","0","79 59:37.478","8","0","0","0","2301","0","0","0","N","0","0","0","2","02301","0","","1.0","","9","N","N","","1","","0","0","0","","2","","","2","1","1","0","0","1","0","2","0","2","","","","N","","","","","","","","","",""
"2008127124","","1","0","0","0","0","0","0","0","0","1","0","","02","10","2008","4","40.392951","-79.997312","","11","0","0","0","0","0","1","0","0","","0","0","0","","","1","","2","","40 23:34.624","","0","79 59:50.324","8","0","0","0","2301","0","0","0","N","0","0","0","2","02301","0","","1.0","","1","N","N","","1","","0","0","0","","2","","","2","1","0","0","0","1","0","2","0","2","","","","N","","","","","","","","","",""
"2008127125","","1","0","0","0","0","0","0","0","0","1","0","","02","9","2008","5","40.41067","-80.031334","","11","0","0","0","0","0","0","0","0","","0","0","0","","","0","","0","","40 24:38.412","","0","80 01:52.802","0","0","0","0","2301","0","0","0","N","0","0","0","2","02301","0","","1.0","","1","N","N","","0","","0","0","1","","0","","","2","0","0","0","0","0","0","2","0","2","","","","N","","","","","","","","","",""
"2008127126","","3","0","0","0","0","0","0","0","0","7","0","","02","9","2008","6","40.403604","-80.040431","","11","0","0","0","0","0","0","1","0","","0","0","0","","","0","","2","","40 24:12.974","","0","80 02:25.553","0","0","0","0","2301","0","0","0","N","0","0","0","1","02301","0","","4.0","","1","N","N","","0","","0","0","0","","2","","","4","0","0","0","0","0","0","2","1","4","","","","N","","","","","","","","","",""
"2008127127","","1","0","0","0","0","0","0","0","0","4","0","","02","10","2008","7","40.451509","-79.908149","","11","0","0","0","0","0","0","0","0","","0","0","0","","","0","","1","","40 27:05.433","","0","79 54:29.335","9","0","0","0","2301","0","0","0","N","0","0","0","3","02301","0","","1.0","","1","N","N","","1","","0","0","0","","2","","","2","0","0","0","0","0","1","2","0","2","","","","N","","","","","","","","","",""
"2008127128","","1","0","0","0","0","0","0","0","0","4","0","","02","10","2008","3","40.446335","-79.955571","","11","0","0","0","0","0","0","0","0","","0","0","0","","","0","","1","","40 26:46.806","","0","79 57:20.055","9","0","0","0","2301","0","0","0","N","0","0","0","3","02301","0","","1.0","","1","N","N","","0","","0","0","0","","3","","","2","0","0","0","0","0","2","2","0","2","","","","N","","","","","","","","","",""
"2008127129","","1","0","0","0","0","0","0","0","0","4","0","","02","10","2008","5","40.437157","-79.963045","","11","0","0","0","0","0","0","1","0","","0","0","0","","","0","","1","","40 26:13.765","","0","79 57:46.962","0","0","0","0","2301","0","0","0","N","0","0","0","2","02301","0","","1.0","","1","N","N","","0","","0","0","1","","2","","","2","0","0","0","0","0","0","2","0","2","","","","N","","","","","","","","","",""
"2008127130","","0","0","0","0","0","0","0","0","0","4","0","","02","10","2008","5","40.448612","-79.899529","","11","0","0","0","0","0","0","0","0","","0","0","0","","","0","","2","","40 26:55.002","","0","79 53:58.304","0","0","0","0","2301","0","0","0","N","0","0","0","2","02301","0","","1.0","","1","N","N","","2","","0","0","0","","3","","","2","0","0","0","0","0","0","2","0","2","","","","N","","","","","","","","","",""
"2008127131","","1","0","0","0","0","0","0","0","0","4","0","","02","9","2008","6","40.456599","-79.930169","","11","0","0","0","0","0","0","0","0","","0","0","0","","","0","","0","","40 27:23.756","","0","79 55:48.608","0","0","0","0","2301","0","0","0","N","0","0","0","1","02301","0","","2.0","","1","N","N","","0","","0","0","0","","0","","","2","0","0","0","0","0","0","2","1","2","","","","N","","","","","","","","","",""
"2008127132","","2","0","0","0","0","0","0","0","0","5","0","","02","9","2008","2","40.444157","-79.927994","","11","0","0","0","0","0","0","0","0","","0","0","0","","","1","","1","","40 26:38.965","","0","79 55:40.779","4","0","0","0","2301","1","0","0","N","1","0","0","2","02301","1","","1.0","","1","N","N","","0","","0","0","0","","2","","","3","1","0","0","0","0","0","2","0","2","","","","N","","","","","","","","","",""
"2008127133","","1","0","0","0","0","0","0","0","0","4","0","","02","9","2008","2","40.449819","-79.929656","","11","0","0","0","0","0","0","1","0","","0","0","0","","","0","","1","","40 26:59.348","","0","79 55:46.761","0","0","0","0","2301","0","0","0","N","0","0","0","4","02301","0","","1.0","","1","N","N","","0","","0","0","0","","2","","","2","0","0","0","0","0","0","2","1","2","","","","N","","","","","","","","","",""
"2008127134","","2","0","0","0","0","0","0","0","0","2","0","","02","10","2008","7","40.48074","-80.032229","","11","0","0","0","0","0","0","0","0","1","0","0","0","","","0","","0","","40 28:50.664","1","0","80 01:56.024","0","0","0","0","2301","0","0","0","N","0","0","0","2","02301","0","","1.0","","98","N","N","","0","","0","0","0","","0","N","","3","0","0","0","0","0","0","2","1","3","","","","N","","","","","","","","","",""
"2008127135","","2","0","0","0","0","0","0","0","0","2","0","","02","8","2008","4","40.386226","-79.991316","","11","0","0","0","0","0","0","0","0","","0","0","0","","","2","","0","","40 23:10.413","","0","79 59:28.737","3","0","0","0","2301","0","0","0","N","0","0","0","3","02301","1","","1.0","","1","N","N","","1","","1","0","0","","0","","","3","2","0","0","0","0","0","2","0","3","","","","N","","","","","","","","","",""
"2008127136","","1","0","0","0","0","0","0","0","0","1","0","","02","9","2008","2","40.438965","-79.99434","","11","0","0","0","0","0","0","0","0","","0","0","0","","","1","","0","","40 26:20.274","","0","79 59:39.625","8","0","0","0","2301","0","0","0","N","0","0","0","3","02301","0","","1.0","","1","N","N","","0","","0","0","0","","2","","","2","1","0","0","0","1","0","2","1","2","","","","N","","","","","","","","","",""
"2008127137","","2","0","0","0","0","0","0","0","0","1","0","","02","9","2008","3","40.436193","-79.996034","","11","0","0","0","0","0","0","1","0","","0","0","0","","","1","","2","","40 26:10.293","","0","79 59:45.723","3","0","0","0","2301","0","0","0","N","0","0","0","2","02301","0","","1.0","","1","N","N","","1","","1","0","0","","0","","","3","1","0","0","0","0","0","2","0","3","","","","N","","","","","","","","","",""
"2008127138","","0","0","0","0","0","0","1","0","0","8","1","","02","9","2008","4","40.436851","-79.985238","","11","0","0","0","0","0","1","0","0","","0","0","0","","","1","","2","","40 26:12.663","","0","79 59:06.856","3","0","0","0","2301","1","0","0","N","1","0","0","2","02301","0","","1.0","","1","N","N","","0","","1","0","0","","3","","","2","1","0","0","0","0","0","2","0","1","","","","N","","","","","","","","","",""
"2008127140","","2","0","0","0","0","0","0","0","0","4","0","","02","9","2008","4","40.45132","-79.925491","","11","0","0","0","0","0","0","0","0","","0","0","0","","","0","","2","","40 27:04.752","","0","79 55:31.767","0","0","0","0","2301","0","0","0","N","0","0","0","2","02301","0","","1.0","","1","N","N","","0","","0","0","0","","3","","","2","0","0","0","0","0","0","2","0","2","","","","N","","","","","","","","","",""
"2008127141","","1","0","0","0","0","0","0","0","0","1","1","","02","10","2008","6","40.456999","-80.029332","","11","0","0","0","1","0","0","0","0","1","0","1","0","","","1","","0","","40 27:25.195","4","0","80 01:45.595","8","0","0","0","2301","0","0","0","N","0","0","0","2","02301","0","","1.0","","1","N","N","","0","","0","0","0","","0","N","","2","1","1","0","0","1","0","2","0","2","","","","N","","","","","","","","","",""
"2008127152","","1","0","0","0","0","0","0","0","0","7","0","","02","10","2008","7","40.486","-79.8555","","11","0","0","0","0","0","0","0","0","","0","0","0","","","1","","0","","40 29:09.600","","0","79 51:19.800","4","0","0","0","2113","0","0","0","N","0","0","0","1","02113","1","","2.0","","1","N","N","","0","","0","0","0","","0","","","1","1","1","0","0","0","0","2","0","1","","","","N","","","","","","","","","",""
"2008127153","","2","0","0","0","0","0","0","0","0","1","0","","02","8","2008","7","40.4859","-79.8165","","11","0","0","0","0","0","0","0","0","","0","0","0","","","0","","0","","40 29:09.240","","0","79 48:59.400","0","0","0","0","2113","0","0","0","N","0","0","0","3","02113","0","","1.0","","1","N","N","","0","","0","0","0","","0","","","2","0","0","0","0","0","0","2","0","2","","","","N","","","","","","","","","",""
"2008127173","","1","0","0","0","0","0","0","0","0","4","0","","02","11","2008","4","40.532639","-79.958468","","11","0","0","0","0","0","1","0","0","1","0","0","0","","","3","","2","","40 31:57.502","1","0","79 57:30.485","3","0","0","0","2118","0","0","0","N","0","0","0","5","02118","2","","1.0","","1","N","N","","0","","1","0","0","","2","N","","2","3","0","0","0","0","0","2","1","2","","","","N","","","","","","","","","",""
"2008127181","","1","0","0","0","0","0","0","0","0","4","0","","02","11","2008","4","40.474234","-79.868557","","11","0","0","0","0","0","0","0","0","","0","0","0","","","0","","0","","40 28:27.242","","0","79 52:06.805","0","0","0","0","2113","0","0","0","N","0","0","0","1","02113","0","","1.0","","1","N","N","","0","","0","0","0","","0","","","2","0","1","0","0","0","0","2","1","2","","","","N","","","","","","","","","",""
"2008127183","","0","0","0","0","0","0","0","0","0","4","0","","02","11","2008","4","40.4876","-80.2934","","11","0","0","0","0","0","0","0","0","","0","0","0","","","0","","0","","40 29:15.360","","0","80 17:36.240","0","0","0","0","2203","0","0","0","N","0","0","0","2","02203","0","","1.0","","1","N","N","","1","","0","0","1","","0","","","2","0","1","0","0","0","0","2","0","2","","","","N","","","","","","","","","",""
"2008127184","","0","0","0","0","0","0","0","0","0","6","0","","02","11","2008","4","40.378331","-79.989661","","11","0","0","0","0","0","0","0","0","","0","0","0","","","0","","2","","40 22:41.993","","0","79 59:22.778","0","0","0","0","2476","0","0","0","N","0","0","0","2","02476","0","","1.0","","9","N","N","","1","","0","0","0","","2","","","2","0","0","0","0","0","0","2","0","2","","","","N","","","","","","","","","",""