"CRN","ARRIVAL_TM","AUTOMOBILE_COUNT","BELTED_DEATH_COUNT","BELTED_SUSP_SERIOUS_INJ_COUNT","BICYCLE_COUNT","BICYCLE_DEATH_COUNT","BICYCLE_SUSP_SERIOUS_INJ_COUNT","BUS_COUNT","CHLDPAS_DEATH_COUNT","CHLDPAS_SUSP_SERIOUS_INJ_COUNT","COLLISION_TYPE","COMM_VEH_COUNT","CONS_ZONE_SPD_LIM","COUNTY","CRASH_MONTH","CRASH_YEAR","DAY_OF_WEEK","DEC_LATITUDE","DEC_LONGITUDE","DISPATCH_TM","DISTRICT","DRIVER_COUNT_16YR","DRIVER_COUNT_17YR","DRIVER_COUNT_18YR","DRIVER_COUNT_19YR","DRIVER_COUNT_20YR","DRIVER_COUNT_50_64YR","DRIVER_COUNT_65_74YR","DRIVER_COUNT_75PLUS","EST_HRS_CLOSED","FATAL_COUNT","HEAVY_TRUCK_COUNT","HORSE_BUGGY_COUNT","HOUR_OF_DAY","ILLUMINATION","INJURY_COUNT","INTERSECTION_RELATED","INTERSECT_TYPE","LANE_CLOSED","LATITUDE","LN_CLOSE_DIR","LOCATION_TYPE","LONGITUDE","MAX_SEVERITY_LEVEL","MCYCLE_DEATH_COUNT","MCYCLE_SUSP_SERIOUS_INJ_COUNT","MOTORCYCLE_COUNT","MUNICIPALITY","NONMOTR_COUNT","NONMOTR_DEATH_COUNT","NONMOTR_SUSP_SERIOUS_INJ_COUNT","NTFY_HIWY_MAINT","PED_COUNT","PED_DEATH_COUNT","PED_SUSP_SERIOUS_INJ_COUNT","PERSON_COUNT","POLICE_AGCY","POSSIBLE_INJ_COUNT","RDWY_SURF_TYPE_CD","RELATION_TO_ROAD","ROADWAY_CLEARED","ROAD_CONDITION","SCH_BUS_IND","SCH_ZONE_IND","SECONDARY_CRASH","SMALL_TRUCK_COUNT","SPEC_JURIS_CD","SUSP_MINOR_INJ_COUNT","SUSP_SERIOUS_INJ_COUNT","SUV_COUNT","TCD_FUNC_CD","TCD_TYPE","TFC_DETOUR_IND","TIME_OF_DAY","TOTAL_UNITS","TOT_INJ_COUNT","UNBELTED_OCC_COUNT","UNB_DEATH_COUNT","UNB_SUSP_SERIOUS_INJ_COUNT","UNK_INJ_DEG_COUNT","UNK_INJ_PER_COUNT","URBAN_RURAL","VAN_COUNT","VEHICLE_COUNT","WEATHER1","WEATHER2","WORKERS_PRES","WORK_ZONE_IND","WORK_ZONE_LOC","WORK_ZONE_TYPE","WZ_CLOSE_DETOUR","WZ_FLAGGER","WZ_LAW_OFFCR_IND","WZ_LN_CLOSURE","WZ_MOVING","WZ_OTHER","WZ_SHLDER_MDN","WZ_WORKERS_INJ_KILLED"
"2008128813","","1","0","0","0","0","0","0","0","0","7","0","","02","9","2008","2","40.3452","-80.1668","","11","0","0","0","0","0","0","0","0","","0","0","0","","","0","","0","","40 20:42.720","","0","80 10:00.480","0","0","0","0","2119","0","0","0","Y","0","0","0","1","02119","0","","3.0","","1","N","N","","0","","0","0","0","","0","","","1","0","0","0","0","0","0","2","0","1","","","","N","","","","","","","","","",""
"2008128814","","1","0","0","0","0","0","0","0","0","7","0","","02","9","2008","2","40.3691","-80.1402","","11","0","1","0","0","0","0","0","0","","0","0","0","","","2","","0","","40 22:08.760","","0","80 08:24.720","3","0","0","0","2119","0","0","0","Y","0","0","0","2","02119","1","","4.0","","1","N","N","","0","","1","0","0","","0","","","1","2","0","0","0","0","0","2","0","1","","","","N","","","","","","","","","",""
"2008128815","","0","0","0","0","0","0","0","0","0","7","0","","02","10","2008","1","40.382633","-80.175333","","11","0","1","0","0","0","0","0","0","","0","0","0","","","1","","0","","40 22:57.478","","0","80 10:31.198","2","0","0","0","2119","0","0","0","N","0","0","0","1","02119","0","","4.0","","3","N","N","","0","","0","1","0","","0","","","1","1","0","0","0","0","0","2","0","1","","","","N","","","","","","","","","",""
"2008128816","","0","0","0","0","0","0","0","0","0","4","0","","02","11","2008","4","40.352495","-79.850993","","11","0","0","0","0","0","1","1","0","","0","0","0","","","1","","1","","40 21:08.981","","0","79 51:03.574","4","0","0","0","2304","0","0","0","N","0","0","0","6","02304","1","","1.0","","1","Y","N","","1","","0","0","0","","2","","","2","1","4","0","0","0","0","2","1","2","","","","N","","","","","","","","","",""
"2008128876","","2","0","0","0","0","0","0","0","0","5","0","","02","11","2008","5","40.451604","-80.013741","","11","0","0","1","0","0","0","0","0","","0","0","0","","","0","","0","","40 27:05.774","","0","80 00:49.466","0","0","0","0","2301","0","0","0","N","0","0","0","4","02301","0","","1.0","","1","N","N","","0","","0","0","0","","0","","","2","0","0","0","0","0","0","2","0","2","","","","N","","","","","","","","","",""
"2008128879","","1","0","0","0","0","0","0","0","0","1","0","","02","11","2008","3","40.576442","-80.025972","","11","0","0","0","0","0","0","0","1","","0","0","0","","","0","","1","","40 34:35.192","","0","80 01:33.500","0","0","0","0","2108","0","0","0","N","0","0","0","3","02108","0","","1.0","","1","N","N","","0","","0","0","1","","2","","","2","0","0","0","0","0","0","2","0","2","","","","N","","","","","","","","","",""
"2008128916","","1","0","0","0","0","0","0","0","0","0","0","","02","11","2008","6","40.4583","-79.9564","","11","0","0","0","0","0","0","1","0","2","0","0","0","","","0","","0","","40 27:29.880","3","0","79 57:23.040","0","0","0","0","2301","0","0","0","N","0","0","0","1","02301","0","","1.0","","1","N","N","","0","","0","0","0","","0","N","","1","0","0","0","0","0","0","2","0","1","","","","N","","","","","","","","","",""
"2008128917","","1","0","0","0","0","0","0","0","0","5","1","","02","11","2008","2","40.438296","-79.979629","","11","0","0","0","0","0","0","0","0","","0","1","0","","","1","","0","","40 26:17.865","","0","79 58:46.664","3","0","0","0","2301","0","0","0","N","0","0","0","2","02301","0","","6.0","","1","N","N","","0","","1","0","0","","0","","","2","1","0","0","0","0","0","2","0","2","","","","N","","","","","","","","","",""
"2008128918","","1","0","0","0","0","0","0","0","0","4","0","","02","10","2008","4","40.417761","-79.98057","","11","0","0","0","0","0","1","0","0","","0","0","0","","","1","","0","","40 25:03.939","","0","79 58:50.052","4","0","0","0","2301","0","0","0","N","0","0","0","4","02301","1","","1.0","","9","N","N","","0","","0","0","1","","0","","","2","1","0","0","0","0","0","2","0","2","","","","N","","","","","","","","","",""
"2008128919","","1","0","0","0","0","0","0","0","0","4","0","","02","11","2008","5","40.4103","-80.0156","","11","0","0","0","0","0","1","0","0","2","0","0","0","","","2","","2","","40 24:37.080","5","0","80 00:56.160","3","0","0","0","2301","0","0","0","N","0","0","0","2","02301","0","","1.0","","1","N","N","","1","","1","0","0","","0","N","","2","2","0","0","0","1","0","2","0","2","","","","N","","","","","","","","","",""
"2008128920","","2","0","0","0","0","0","0","0","0","1","0","","02","11","2008","7","40.387335","-79.983867","","11","0","0","0","0","0","2","0","0","","0","0","0","","","1","","1","","40 23:14.406","","0","79 59:01.921","4","0","0","0","2301","0","0","0","N","0","0","0","6","02301","1","","1.0","","1","N","N","","0","","0","0","1","","0","","","3","1","0","0","0","0","0","2","0","3","","","","N","","","","","","","","","",""
"2008128921","","1","0","0","0","0","0","0","0","0","1","0","","02","11","2008","2","40.403002","-79.916565","","11","0","0","0","0","0","0","0","0","","0","0","0","","","1","","3","","40 24:10.807","","0","79 54:59.635","4","0","0","0","2301","0","0","0","N","0","0","0","3","02301","1","","1.0","","1","N","N","","0","","0","0","0","","0","","","2","1","0","0","0","0","0","2","1","2","","","","N","","","","","","","","","",""
"2008128922","","2","0","0","0","0","0","0","0","0","4","0","","02","11","2008","4","40.407058","-80.015042","","11","0","0","0","0","0","2","0","0","2","0","0","0","","","0","","2","","40 24:25.408","5","0","80 00:54.151","0","0","0","0","2301","0","0","0","N","0","0","0","2","02301","0","","1.0","","1","N","N","","0","","0","0","0","","3","N","","2","0","0","0","0","0","0","2","0","2","","","","N","","","","","","","","","",""
"2008128923","","2","0","0","0","0","0","0","0","0","1","0","","02","11","2008","4","40.357","-79.869","","11","0","0","0","0","0","0","0","0","","0","0","0","","","1","","0","","40 21:25.200","","0","79 52:08.400","4","0","0","0","2301","0","0","0","N","0","0","0","2","02301","1","","1.0","","1","N","N","","0","","0","0","0","","0","","","2","1","0","0","0","0","0","2","0","2","","","","N","","","","","","","","","",""
"2008128924","","1","0","0","0","0","0","0","0","0","4","0","","02","11","2008","5","40.404245","-80.033434","","11","0","0","0","0","0","0","0","0","","0","0","0","","","0","","0","","40 24:15.282","","0","80 02:00.362","0","0","0","0","2301","0","0","0","N","0","0","0","1","02301","0","","5.0","","9","N","N","","0","","0","0","1","","0","","","2","0","0","0","0","0","0","2","0","2","","","","N","","","","","","","","","",""
"2008128925","","2","0","0","0","0","0","0","0","0","1","0","","02","11","2008","5","40.402012","-80.000594","","11","0","0","0","0","0","0","1","0","","0","0","0","","","0","","1","","40 24:07.244","","0","80 00:02.140","0","0","0","0","2301","0","0","0","N","0","0","0","2","02301","0","","1.0","","9","N","N","","0","","0","0","0","","2","","","2","0","0","0","0","0","0","2","0","2","","","","N","","","","","","","","","",""
"2008128926","","1","0","0","0","0","0","0","0","0","1","0","","02","11","2008","5","40.401619","-80.02223","","11","0","0","0","0","0","0","1","0","","0","0","0","","","0","","2","","40 24:05.829","","7","80 01:20.028","0","0","0","0","2301","0","0","0","N","0","0","0","2","02301","0","","1.0","","1","N","N","","0","","0","0","1","","0","","","3","0","0","0","0","0","0","2","0","2","","","","N","","","","","","","","","",""
"2008128927","","3","0","0","0","0","0","0","0","0","1","0","","02","11","2008","4","40.410966","-80.006048","","11","0","3","1","0","0","0","0","1","2","0","0","0","","","0","","2","","40 24:39.477","4","0","80 00:21.773","0","0","0","0","2301","0","0","0","N","0","0","0","15","02301","0","","1.0","","1","N","N","","2","","0","0","1","","0","N","","6","0","0","0","0","0","0","2","0","6","","","","N","","","","","","","","","",""
"2008128930","","1","0","0","0","0","0","0","0","0","7","0","","02","11","2008","7","40.426068","-80.06413","","11","0","0","0","0","0","0","0","0","","0","0","0","","","1","","0","","40 25:33.843","","0","80 03:50.867","8","0","0","0","2301","0","0","0","N","0","0","0","1","02301","0","","4.0","","9","N","N","","0","","0","0","0","","0","","","1","1","0","0","0","1","0","2","0","1","","","","N","","","","","","","","","",""
"2008128931","","2","0","0","0","0","0","0","0","0","2","0","","02","11","2008","4","40.4655","-79.9793","","11","0","0","0","0","0","2","0","0","2","0","0","0","","","1","","0","","40 27:55.800","1","0","79 58:45.480","8","0","0","0","2301","0","0","0","N","0","0","0","3","02301","0","","1.0","","1","N","N","","1","","0","0","0","","0","N","","3","1","1","0","0","1","0","2","0","3","","","","N","","","","","","","","","",""
"2008128932","","1","0","0","0","0","0","0","0","0","7","0","","02","11","2008","7","40.464803","-80.02402","","11","0","0","0","0","0","0","0","0","","0","0","0","","","0","","0","","40 27:53.290","","0","80 01:26.472","9","0","0","0","2301","0","0","0","N","0","0","0","1","02301","0","","5.0","","9","N","Y","","0","","0","0","0","","0","","","1","0","0","0","0","0","1","2","0","1","","","","N","","","","","","","","","",""
"2008128934","","1","0","0","1","0","0","0","0","0","8","0","","02","11","2008","4","40.439796","-79.919542","","11","0","0","0","0","0","1","0","0","","0","0","0","","","1","","0","","40 26:23.265","","0","79 55:10.351","4","0","0","0","2301","1","0","0","N","0","0","0","2","02301","1","","1.0","","1","N","N","","0","","0","0","0","","0","","","2","1","0","0","0","0","0","2","0","1","","","","N","","","","","","","","","",""
"2008128935","","1","0","0","0","0","0","0","0","0","7","0","","02","11","2008","5","","","","11","0","0","0","0","0","0","0","0","1","0","0","0","","","0","","0","","","3","0","","0","0","0","0","2301","0","0","0","N","0","0","0","1","02301","0","","5.0","","98","N","N","","0","","0","0","0","","0","N","","1","0","0","0","0","0","0","1","0","1","","","","N","","","","","","","","","",""
"2008128936","","2","0","0","0","0","0","0","0","0","1","0","","02","11","2008","3","40.443313","-80.028837","","11","0","0","0","0","1","0","0","0","","0","0","0","","","1","","10","","40 26:35.928","","0","80 01:43.814","4","0","0","0","2301","0","0","0","N","0","0","0","2","02301","1","","1.0","","1","N","N","","0","","0","0","0","","0","","","2","1","0","0","0","0","0","2","0","2","","","","N","","","","","","","","","",""
"2008128937","","2","0","0","0","0","0","0","0","0","4","0","","02","11","2008","1","40.440466","-79.991536","","11","0","0","0","1","0","0","0","0","","0","0","0","","","0","","1","","40 26:25.678","","0","79 59:29.530","0","0","0","0","2301","0","0","0","N","0","0","0","2","02301","0","","1.0","","1","N","N","","0","","0","0","0","","2","","","2","0","0","0","0","0","0","2","0","2","","","","N","","","","","","","","","",""
"2008128948","","1","0","0","0","0","0","0","0","0","8","0","","02","11","2008","6","40.426975","-79.980753","","11","0","0","0","0","0","0","0","0","","0","0","0","","","1","","1","","40 25:37.110","","0","79 58:50.710","4","0","0","0","2301","1","0","0","N","1","0","0","2","02301","1","","1.0","","9","N","N","","0","","0","0","0","","2","","","2","1","0","0","0","0","0","2","0","1","","","","N","","","","","","","","","",""
"2008128971","","1","0","0","0","0","0","0","0","0","0","0","","02","10","2008","6","40.371796","-79.865557","","11","0","0","0","0","0","1","0","0","2","0","0","0","","","1","","0","","40 22:18.464","1","0","79 51:56.004","8","0","0","0","2473","0","0","0","N","0","0","0","1","02473","0","","1.0","","1","N","N","","0","","0","0","0","","0","Y","","1","1","0","0","0","1","0","2","0","1","","","","N","","","","","","","","","",""
"2008128972","","1","0","0","0","0","0","0","0","0","4","1","","02","10","2008","5","40.33798","-79.894971","","11","0","0","0","0","0","0","0","0","1","0","1","0","","","1","","2","","40 20:16.729","5","0","79 53:41.897","8","0","0","0","2473","0","0","0","N","0","0","0","2","02473","0","","1.0","","1","N","N","","0","","0","0","0","","2","N","","2","1","1","0","0","1","0","2","0","2","","","","N","","","","","","","","","",""
"2008128973","","2","0","0","0","0","0","0","0","0","4","0","","02","11","2008","2","40.5219","-80.0482","","11","0","0","0","0","0","0","0","0","","0","0","0","","","0","","2","","40 31:18.840","","0","80 02:53.520","9","0","0","0","2116","0","0","0","N","0","0","0","2","02116","0","","1.0","","9","N","N","","0","","0","0","0","","0","","","2","0","0","0","0","0","1","2","0","2","","","","N","","","","","","","","","",""
"2008128975","","2","0","0","0","0","0","0","0","0","1","0","","02","12","2008","3","40.4158","-80.045","","11","0","0","0","0","0","3","0","0","","0","0","0","","","0","","0","","40 24:56.880","","0","80 02:42.000","0","0","0","0","2435","0","0","0","N","0","0","0","5","02435","0","","1.0","","1","N","N","","0","","0","0","2","","0","","","4","0","0","0","0","0","0","2","0","4","","","","N","","","","","","","","","",""
"2008128980","","1","0","0","0","0","0","0","0","0","5","0","","02","12","2008","3","40.639603","-79.771563","","11","0","0","0","0","0","0","0","0","1","0","0","0","","","0","","10","","40 38:22.572","6","0","79 46:17.625","9","0","0","0","2202","0","0","0","N","0","0","0","2","02202","0","","1.0","","1","N","N","","0","","0","0","1","","0","N","","2","0","0","0","0","0","2","1","0","2","","","","N","","","","","","","","","",""
"2008128981","","0","0","0","0","0","0","0","0","0","7","0","","02","12","2008","3","40.361634","-80.063857","","11","0","0","0","0","0","0","0","0","2","0","0","0","","","1","","2","","40 21:41.883","6","0","80 03:49.884","3","0","0","0","2109","0","0","0","Y","0","0","0","1","02109","0","","4.0","","2","N","N","","0","","1","0","0","","2","Y","","1","1","0","0","0","0","0","2","1","1","","","","N","","","","","","","","","",""
"2008129002","","1","0","0","0","0","0","0","0","0","7","0","","02","12","2008","3","40.244108","-79.811781","","11","0","0","0","0","0","0","0","0","2","0","0","0","","","0","","3","","40 14:38.790","6","0","79 48:42.412","0","0","0","0","2105","0","0","0","N","0","0","0","1","02105","0","","2.0","","1","N","N","","0","","0","0","0","","3","Y","","1","0","0","0","0","0","0","1","0","1","","","","N","","","","","","","","","",""
"2008129007","","1","0","0","0","0","0","0","0","0","8","0","","02","12","2008","4","40.449819","-79.929656","","11","0","0","0","0","0","0","1","0","1","0","0","0","","","1","","1","","40 26:59.348","4","0","79 55:46.761","3","0","0","0","2301","1","0","0","N","1","0","0","2","02301","0","","1.0","","1","N","N","","0","","1","0","0","","2","N","","2","1","0","0","0","0","0","2","0","1","","","","N","","","","","","","","","",""
"2008129069","","0","0","0","0","0","0","0","0","0","0","0","","02","11","2008","1","40.589608","-80.098557","","11","0","0","0","0","0","0","1","0","","0","0","0","","","2","","0","","40 35:22.587","","0","80 05:54.806","8","0","0","1","2481","0","0","0","N","0","0","0","2","68B03","0","","1.0","","1","N","N","","0","","0","0","0","","8","","","1","2","0","0","0","2","0","2","0","1","","","","N","","","","","","","","","",""
"2008129070","","1","0","0","0","0","0","0","0","0","7","0","","02","11","2008","4","40.4131","-80.1059","","11","0","0","0","0","0","1","0","0","1","0","0","0","","","0","","0","","40 24:47.160","2","3","80 06:21.240","0","0","0","0","2102","0","0","0","Y","0","0","0","1","68B03","0","","2.0","","2","N","N","","0","","0","0","0","","0","N","","1","0","0","0","0","0","0","2","0","1","","","","N","","","","","","","","","",""
"2008129071","","1","0","0","0","0","0","0","0","0","1","0","","02","11","2008","4","40.4054","-80.107","","11","0","0","0","0","0","1","0","0","1","0","0","0","","","0","","0","","40 24:19.440","2","3","80 06:25.200","0","0","0","0","2102","0","0","0","N","0","0","0","2","68B03","0","","1.0","","2","N","N","","1","","0","0","0","","0","N","","2","0","0","0","0","0","0","2","0","2","","","","N","","","","","","","","","",""
"2008129092","","0","0","0","0","0","0","0","0","0","0","0","","02","11","2008","6","40.5947","-79.7713","","11","0","0","0","0","0","0","0","0","2","0","0","0","","","0","","0","","40 35:40.920","2","0","79 46:16.680","0","0","0","0","2104","0","0","0","N","0","0","0","2","68D02","0","","1.0","","1","N","N","","1","","0","0","0","","0","N","","1","0","0","0","0","0","0","1","0","1","","","","N","","","","","","","","","",""
"2008129150","","1","0","0","0","0","0","0","0","0","4","0","","02","12","2008","3","40.382588","-79.810436","","11","0","0","0","0","0","0","1","0","","0","0","0","","","0","","1","","40 22:57.316","","0","79 48:37.569","0","0","0","0","2424","0","0","0","N","0","0","0","2","02424","0","","1.0","","1","N","N","","0","","0","0","0","","3","","","2","0","0","0","0","0","0","2","1","2","","","","N","","","","","","","","","",""
"2008129159","","1","0","0","0","0","0","0","0","0","7","0","","02","12","2008","4","40.46997","-80.100024","","11","0","0","0","0","0","0","0","0","3","0","0","0","","","1","","10","","40 28:11.892","4","0","80 06:00.086","3","0","0","0","2126","0","0","0","N","0","0","0","1","02126","0","","2.0","","2","N","N","","0","","1","0","0","","0","Y","","1","1","0","0","0","0","0","2","0","1","","","","N","","","","","","","","","",""
"2008129178","","0","0","0","0","0","0","0","0","0","4","0","","02","12","2008","4","40.5363","-79.8412","","11","0","0","0","0","0","1","0","0","1","0","0","0","","","1","","0","","40 32:10.680","1","0","79 50:28.320","8","0","0","0","2208","0","0","0","N","0","0","0","3","02208","0","","1.0","","1","N","N","","0","","0","0","1","","0","N","","2","1","0","0","0","1","0","2","1","2","","","","N","","","","","","","","","",""
"2008129183","","1","0","0","0","0","0","0","0","0","1","0","","02","11","2008","3","40.542081","-80.027139","","11","0","0","0","0","0","1","0","1","","0","0","0","","","1","","0","","40 32:31.490","","0","80 01:37.700","8","0","0","0","2116","0","0","0","N","0","0","0","4","02116","0","","1.0","","9","N","N","","0","","0","0","0","","0","","","3","1","0","0","0","1","0","2","2","3","","","","N","","","","","","","","","",""
"2008129195","","2","0","0","0","0","0","0","0","0","1","0","","02","12","2008","4","40.3995","-80.0002","","11","0","0","0","0","0","0","0","0","","0","0","0","","","1","","2","","40 23:58.200","","0","80 00:00.720","4","0","0","0","2301","0","0","0","N","0","0","0","2","02301","1","","1.0","","1","N","N","","0","","0","0","0","","0","","","2","1","0","0","0","0","0","2","0","2","","","","N","","","","","","","","","",""
"2008129205","","2","0","0","0","0","0","0","0","0","4","0","","02","12","2008","4","40.454076","-79.996815","","11","0","0","0","0","0","1","0","0","","0","0","0","","","1","","1","","40 27:14.672","","0","79 59:48.533","8","0","0","0","2301","0","0","0","N","0","0","0","2","02301","0","","1.0","","1","N","N","","0","","0","0","0","","2","","","2","1","0","0","0","1","0","2","0","2","","","","N","","","","","","","","","",""
"2008129206","","2","0","0","0","0","0","0","0","0","4","0","","02","12","2008","4","40.415334","-80.07735","","11","0","0","0","0","0","1","1","0","","0","0","0","","","1","","2","","40 24:55.202","","0","80 04:38.460","4","0","0","0","2117","0","0","0","N","0","0","0","2","02117","1","","1.0","","1","N","N","","0","","0","0","0","","3","","","2","1","0","0","0","0","0","2","0","2","","","","N","","","","","","","","","",""
"2008129212","","1","0","0","0","0","0","0","0","0","0","0","","02","10","2008","6","40.418989","-79.827193","","11","0","0","0","0","0","0","0","0","","0","0","0","","","0","","0","","40 25:08.360","","0","79 49:37.894","0","0","0","0","2124","0","0","0","N","0","0","0","1","02124","0","","5.0","","1","N","N","","0","","0","0","0","","0","","","1","0","0","0","0","0","0","2","0","1","","","","N","","","","","","","","","",""
"2008129213","","2","0","0","0","0","0","0","0","0","1","0","","02","11","2008","2","40.4563","-80.1795","","11","0","0","0","0","0","1","0","1","","0","0","0","","","1","","0","","40 27:22.680","","0","80 10:46.200","4","0","0","0","2213","0","0","0","N","0","0","0","3","02213","1","","1.0","","9","N","N","","0","","0","0","0","","0","","","2","1","0","0","0","0","0","2","0","2","","","","N","","","","","","","","","",""
"2008129214","","0","0","0","0","0","0","0","0","0","1","0","","02","11","2008","5","40.5509","-80.2442","","11","0","0","0","0","0","1","0","0","2","0","0","0","","","2","","0","","40 33:03.240","4","0","80 14:39.120","4","0","0","0","2213","0","0","0","N","0","0","0","2","02213","1","","1.0","","1","N","N","","0","","0","0","2","","0","N","","2","2","1","0","0","1","0","2","0","2","","","","N","","","","","","","","","",""
"2008129215","","2","0","0","0","0","0","0","0","0","4","0","","02","11","2008","6","40.456812","-80.180025","","11","0","0","0","0","0","0","0","0","1","0","0","0","","","1","","2","","40 27:24.523","4","7","80 10:48.090","4","0","0","0","2213","0","0","0","N","0","0","0","3","02213","1","","1.0","","1","N","N","","0","","0","0","0","","3","N","","2","1","0","0","0","0","0","2","0","2","","","","N","","","","","","","","","",""
"2008129216","","1","0","0","0","0","0","0","0","0","7","0","","02","11","2008","3","40.542782","-80.253398","","11","0","0","1","0","0","0","0","0","2","0","0","0","","","1","","0","","40 32:34.014","4","0","80 15:12.232","4","0","0","0","2213","0","0","0","Y","0","0","0","1","02213","1","","4.0","","9","N","N","","0","","0","0","0","","0","N","","1","1","0","0","0","0","0","2","0","1","","","","N","","","","","","","","","",""
"2008129217","","2","0","0","0","0","0","0","0","0","4","0","","02","11","2008","7","40.331276","-80.052771","","11","0","0","1","0","0","0","0","0","","0","0","0","","","0","","2","","40 19:52.595","","0","80 03:09.976","0","0","0","0","2407","0","0","0","N","0","0","0","5","02407","0","","1.0","","1","N","N","","0","","0","0","1","","3","","","3","0","0","0","0","0","0","2","0","3","","","","N","","","","","","","","","",""
"2008129235","","2","0","0","0","0","0","0","0","0","6","0","","02","11","2008","4","40.388194","-79.812861","","11","0","0","0","1","1","0","0","0","1","0","0","0","","","1","","0","","40 23:17.500","5","0","79 48:46.300","4","0","0","0","2111","0","0","0","N","0","0","0","2","02111","1","","1.0","","1","N","N","","0","","0","0","0","","0","Y","","2","1","0","0","0","0","0","2","0","2","","","","N","","","","","","","","","",""
"2008129243","","3","0","0","0","0","0","0","0","0","1","0","","02","11","2008","5","","","","11","0","0","0","0","0","1","0","0","","0","0","0","","","0","","0","","40 25:14.88","","0","80 02:51.36","0","0","0","0","2435","0","0","0","N","0","0","0","3","68B03","0","","1.0","","1","N","N","","0","","0","0","0","","0","","","3","0","0","0","0","0","0","2","0","3","","","","N","","","","","","","","","",""
"2008129244","","2","0","0","0","0","0","0","0","0","7","0","","02","11","2008","6","","","","11","0","0","0","0","0","0","0","0","","0","0","0","","","1","","0","","40 33:05.40","","0","80 05:11.40","4","0","0","0","2215","0","0","0","Y","0","0","0","2","68B03","1","","3.0","","2","N","N","","0","","0","0","0","","0","","","2","1","0","0","0","0","0","2","0","2","","","","N","","","","","","","","","",""
"2008129307","","2","0","0","0","0","0","0","0","0","6","0","","02","11","2008","4","40.474","-79.9715","","11","0","0","0","0","0","0","0","0","","0","0","0","","","0","","2","","40 28:26.400","","0","79 58:17.400","0","0","0","0","2301","0","0","0","N","0","0","0","3","02301","0","","1.0","","1","N","N","","0","","0","0","0","","2","","","2","0","0","0","0","0","0","2","0","2","","","","N","","","","","","","","","",""
"2008129330","","2","0","0","0","0","0","0","0","0","4","0","","02","11","2008","1","40.455","-79.9452","","11","0","0","0","0","0","1","0","0","","0","0","0","","","0","","1","","40 27:18.000","","0","79 56:42.720","0","0","0","0","2301","0","0","0","N","0","0","0","2","02301","0","","1.0","","9","N","N","","0","","0","0","0","","0","","","2","0","0","0","0","0","0","2","0","2","","","","N","","","","","","","","","",""
"2008129344","","2","0","0","0","0","0","0","0","0","6","0","","02","11","2008","6","40.454029","-79.912399","","11","0","0","0","0","0","1","1","0","1","0","0","0","","","1","","1","","40 27:14.504","2","0","79 54:44.638","4","0","0","0","2301","0","0","0","N","0","0","0","2","02301","1","","1.0","","1","N","N","","0","","0","0","0","","2","Y","","2","1","0","0","0","0","0","2","0","2","","","","N","","","","","","","","","",""
"2008129375","","2","0","0","0","0","0","0","0","0","6","0","","02","11","2008","4","40.4753","-79.8221","","11","0","0","0","0","0","1","0","0","1","0","0","0","","","1","","0","","40 28:31.080","3","0","79 49:19.560","4","0","0","0","2113","0","0","0","N","0","0","0","2","02113","1","","1.0","","1","N","N","","0","","0","0","0","","0","N","","2","1","0","0","0","0","0","2","0","2","","","","N","","","","","","","","","",""
"2008129467","","1","0","0","0","0","0","0","0","0","4","0","","02","11","2008","6","40.4323","-79.865","","11","0","0","0","0","0","1","0","0","","0","0","0","","","0","","1","","40 25:56.280","","0","79 51:54.000","0","0","0","0","2431","0","0","0","N","0","0","0","2","02431","0","","1.0","","1","N","N","","0","","0","0","1","","2","","","2","0","0","0","0","0","0","2","0","2","","","","N","","","","","","","","","",""
"2008129475","","0","0","0","0","0","0","0","0","0","1","0","","02","11","2008","3","40.463471","-79.930682","","11","0","0","0","0","0","1","0","0","","0","0","0","","","1","","1","","40 27:48.495","","0","79 55:50.455","4","0","0","0","2301","0","0","0","N","0","0","0","4","02301","1","","1.0","","1","N","N","","0","","0","0","1","","2","","","2","1","2","0","0","0","0","2","1","2","","","","N","","","","","","","","","",""
"2008129476","","2","0","0","0","0","0","0","0","0","4","0","","02","11","2008","2","40.453376","-79.980689","","11","0","0","0","0","1","0","0","0","1","0","0","0","","","2","","1","","40 27:12.153","4","0","79 58:50.480","8","0","0","0","2301","0","0","0","N","0","0","0","4","02301","0","","1.0","","9","N","N","","0","","0","0","0","","3","N","","2","2","1","0","0","2","0","2","0","2","","","","N","","","","","","","","","",""
"2008129478","","2","0","0","0","0","0","0","0","0","1","0","","02","11","2008","4","40.4663","-79.9785","","11","0","0","0","0","0","0","0","0","","0","0","0","","","0","","0","","40 27:58.680","","0","79 58:42.600","0","0","0","0","2301","0","0","0","N","0","0","0","2","02301","0","","1.0","","1","N","N","","0","","0","0","0","","0","","","2","0","0","0","0","0","0","2","0","2","","","","N","","","","","","","","","",""
"2008129482","","2","0","0","0","0","0","0","0","0","4","0","","02","11","2008","5","40.5744","-80.0165","","11","0","0","2","0","0","0","0","0","2","0","0","0","","","0","","1","","40 34:27.840","6","0","80 00:59.400","0","0","0","0","2108","0","0","0","N","0","0","0","2","02108","0","","1.0","","9","N","N","","0","","0","0","0","","3","Y","","2","0","0","0","0","0","0","2","0","2","","","","N","","","","","","","","","",""
"2008129484","","1","0","0","0","0","0","0","0","0","7","0","","02","11","2008","2","40.434914","-79.947572","","11","0","0","0","0","0","0","0","0","1","0","0","0","","","0","","0","","40 26:05.690","4","0","79 56:51.259","0","0","0","0","2301","0","0","0","N","0","0","0","1","02301","0","","2.0","","2","N","N","","0","","0","0","0","","0","N","","1","0","0","0","0","0","0","2","0","1","","","","N","","","","","","","","","",""