"CRN","ARRIVAL_TM","AUTOMOBILE_COUNT","BELTED_DEATH_COUNT","BELTED_SUSP_SERIOUS_INJ_COUNT","BICYCLE_COUNT","BICYCLE_DEATH_COUNT","BICYCLE_SUSP_SERIOUS_INJ_COUNT","BUS_COUNT","CHLDPAS_DEATH_COUNT","CHLDPAS_SUSP_SERIOUS_INJ_COUNT","COLLISION_TYPE","COMM_VEH_COUNT","CONS_ZONE_SPD_LIM","COUNTY","CRASH_MONTH","CRASH_YEAR","DAY_OF_WEEK","DEC_LATITUDE","DEC_LONGITUDE","DISPATCH_TM","DISTRICT","DRIVER_COUNT_16YR","DRIVER_COUNT_17YR","DRIVER_COUNT_18YR","DRIVER_COUNT_19YR","DRIVER_COUNT_20YR","DRIVER_COUNT_50_64YR","DRIVER_COUNT_65_74YR","DRIVER_COUNT_75PLUS","EST_HRS_CLOSED","FATAL_COUNT","HEAVY_TRUCK_COUNT","HORSE_BUGGY_COUNT","HOUR_OF_DAY","ILLUMINATION","INJURY_COUNT","INTERSECTION_RELATED","INTERSECT_TYPE","LANE_CLOSED","LATITUDE","LN_CLOSE_DIR","LOCATION_TYPE","LONGITUDE","MAX_SEVERITY_LEVEL","MCYCLE_DEATH_COUNT","MCYCLE_SUSP_SERIOUS_INJ_COUNT","MOTORCYCLE_COUNT","MUNICIPALITY","NONMOTR_COUNT","NONMOTR_DEATH_COUNT","NONMOTR_SUSP_SERIOUS_INJ_COUNT","NTFY_HIWY_MAINT","PED_COUNT","PED_DEATH_COUNT","PED_SUSP_SERIOUS_INJ_COUNT","PERSON_COUNT","POLICE_AGCY","POSSIBLE_INJ_COUNT","RDWY_SURF_TYPE_CD","RELATION_TO_ROAD","ROADWAY_CLEARED","ROAD_CONDITION","SCH_BUS_IND","SCH_ZONE_IND","SECONDARY_CRASH","SMALL_TRUCK_COUNT","SPEC_JURIS_CD","SUSP_MINOR_INJ_COUNT","SUSP_SERIOUS_INJ_COUNT","SUV_COUNT","TCD_FUNC_CD","TCD_TYPE","TFC_DETOUR_IND","TIME_OF_DAY","TOTAL_UNITS","TOT_INJ_COUNT","UNBELTED_OCC_COUNT","UNB_DEATH_COUNT","UNB_SUSP_SERIOUS_INJ_COUNT","UNK_INJ_DEG_COUNT","UNK_INJ_PER_COUNT","URBAN_RURAL","VAN_COUNT","VEHICLE_COUNT","WEATHER1","WEATHER2","WORKERS_PRES","WORK_ZONE_IND","WORK_ZONE_LOC","WORK_ZONE_TYPE","WZ_CLOSE_DETOUR","WZ_FLAGGER","WZ_LAW_OFFCR_IND","WZ_LN_CLOSURE","WZ_MOVING","WZ_OTHER","WZ_SHLDER_MDN","WZ_WORKERS_INJ_KILLED"
"2008129955","","0","0","0","0","0","0","0","0","0","7","0","","02","11","2008","2","40.5707","-80.0234","","11","0","0","0","0","0","1","0","0","2","0","0","0","","","0","","0","","40 34:14.520","1","0","80 01:24.240","0","0","0","0","2108","0","0","0","","0","0","0","1","02108","0","","3.0","","2","","","","1","","0","0","0","","0","N","","1","0","0","0","0","0","0","2","0","1","","","","N","","","","","","","","","",""
"2008129956","","2","0","0","0","0","0","0","0","0","1","0","","02","11","2008","3","40.572128","-80.023504","","11","0","0","0","0","0","0","0","1","1","0","0","0","","","0","","2","","40 34:19.660","1","0","80 01:24.616","0","0","0","0","2108","0","0","0","N","0","0","0","3","02108","0","","1.0","","9","N","N","","0","","0","0","1","","2","N","","3","0","0","0","0","0","0","2","0","3","","","","N","","","","","","","","","",""
"2008129957","","1","0","0","0","0","0","0","0","0","1","0","","02","11","2008","3","40.609926","-80.052536","","11","0","1","0","0","0","0","0","0","","0","0","0","","","0","","0","","40 36:35.735","","0","80 03:09.131","0","0","0","0","2108","0","0","0","N","0","0","0","2","02108","0","","1.0","","9","N","N","","0","","0","0","1","","0","","","2","0","0","0","0","0","0","2","0","2","","","","N","","","","","","","","","",""
"2008129958","","1","0","0","0","0","0","0","0","0","7","0","","02","11","2008","4","40.6078","-80.0578","","11","0","0","0","0","0","0","0","0","","0","0","0","","","0","","0","","40 36:28.080","","0","80 03:28.080","0","0","0","0","2108","0","0","0","N","0","0","0","1","02108","0","","4.0","","1","N","N","","0","","0","0","0","","0","","","1","0","0","0","0","0","0","2","0","1","","","","N","","","","","","","","","",""
"2008129959","","0","0","0","0","0","0","0","0","0","1","0","","02","11","2008","5","40.5868","-80.045118","","11","0","0","0","0","0","1","1","0","","0","0","0","","","1","","1","","40 35:12.480","","0","80 02:42.424","4","0","0","0","2108","0","0","0","N","0","0","0","4","02108","1","","1.0","","9","N","N","","0","","0","0","0","","2","","","3","1","0","0","0","0","0","2","3","3","","","","N","","","","","","","","","",""
"2008129960","","2","0","0","0","0","0","0","0","0","4","0","","02","11","2008","5","40.572","-80.0358","","11","0","0","0","0","0","1","0","0","1","0","0","0","","","0","","0","","40 34:19.200","3","0","80 02:08.880","0","0","0","0","2108","0","0","0","N","0","0","0","2","02108","0","","1.0","","1","N","N","","0","","0","0","0","","0","Y","","2","0","0","0","0","0","0","2","0","2","","","","N","","","","","","","","","",""
"2008129961","","0","0","0","0","0","0","0","0","0","7","0","","02","11","2008","6","40.5829","-80.0457","","11","0","0","0","0","0","0","0","0","2","0","0","0","","","1","","0","","40 34:58.440","6","0","80 02:44.520","8","0","0","0","2108","0","0","0","N","0","0","0","1","02108","0","","2.0","","2","N","N","","0","","0","0","1","","8","N","","1","1","0","0","0","1","0","2","0","1","","","","N","","","","","","","","","",""
"2008129962","","2","0","0","0","0","0","0","0","0","5","0","","02","11","2008","5","40.402796","-79.992461","","11","0","0","0","0","0","0","0","0","1","0","0","0","","","1","","0","","40 24:10.065","4","0","79 59:32.859","8","0","0","0","2301","0","0","0","N","0","0","0","1","02301","0","","4.0","","1","N","N","","1","","0","0","0","","0","N","","3","1","0","0","0","1","0","2","0","3","","","","N","","","","","","","","","",""
"2008129964","","2","0","0","0","0","0","0","0","0","4","0","","02","11","2008","6","40.443835","-80.174965","","11","0","0","0","1","0","0","0","0","","0","0","0","","","0","","3","","40 26:37.807","","0","80 10:29.875","0","0","0","0","2214","0","0","0","N","0","0","0","2","02214","0","","1.0","","9","N","N","","0","","0","0","0","","3","","","2","0","0","0","0","0","0","1","0","2","","","","N","","","","","","","","","",""
"2008129965","","0","0","0","0","0","0","0","0","0","7","0","","02","11","2008","7","40.441136","-80.227228","","11","0","0","0","0","0","0","0","0","6","0","1","0","","","1","","0","","40 26:28.090","5","0","80 13:38.020","3","0","0","0","2214","0","0","0","N","0","0","0","1","02214","0","","4.0","","9","N","N","","0","","1","0","0","","0","Y","","1","1","1","0","0","0","0","2","0","1","","","","N","","","","","","","","","",""
"2008129966","","1","0","0","0","0","0","0","0","0","4","0","","02","11","2008","3","","","","11","0","0","0","0","0","1","0","0","","0","0","0","","","0","","5","","","","0","","0","0","0","0","2214","0","0","0","N","0","0","0","2","02214","0","","1.0","","1","N","N","","0","","0","0","1","","3","","","2","0","0","0","0","0","0","1","0","2","","","","N","","","","","","","","","",""
"2008129967","","0","0","0","0","0","0","0","0","0","7","0","","02","11","2008","5","40.431946","-80.20558","","11","0","0","0","0","0","0","0","0","","0","0","0","","","1","","0","","40 25:55.007","","0","80 12:20.089","4","0","0","0","2214","0","0","0","N","0","0","0","1","02214","1","","4.0","","1","N","N","","1","","0","0","0","","0","","","1","1","0","0","0","0","0","1","0","1","","","","N","","","","","","","","","",""
"2008129968","","1","0","0","0","0","0","0","0","0","4","0","","02","11","2008","4","","","","11","1","0","0","0","0","0","0","0","","0","0","0","","","0","","1","","","","0","","0","0","0","0","2214","0","0","0","N","0","0","0","2","02214","0","","1.0","","1","N","N","","1","","0","0","0","","3","","","2","0","0","0","0","0","0","1","0","2","","","","N","","","","","","","","","",""
"2008129970","","0","0","0","0","0","0","0","0","0","7","0","","02","11","2008","4","40.4424","-80.2406","","11","0","0","1","0","0","0","0","0","","0","0","0","","","1","","0","","40 26:32.640","","0","80 14:26.160","3","0","0","0","2214","0","0","0","N","0","0","0","1","02214","0","","4.0","","9","N","N","","0","","1","0","1","","0","","","1","1","0","0","0","0","0","2","0","1","","","","N","","","","","","","","","",""
"2008129971","","3","0","0","0","0","0","0","0","0","1","0","","02","10","2008","5","40.4332","-80.1913","","11","0","0","0","3","0","0","0","0","","0","0","0","","","0","","0","","40 25:59.520","","0","80 11:28.680","0","0","0","0","2214","0","0","0","N","0","0","0","3","02214","0","","1.0","","1","N","N","","0","","0","0","0","","0","","","3","0","0","0","0","0","0","2","0","3","","","","N","","","","","","","","","",""
"2008129972","","1","0","0","0","0","0","0","0","0","7","0","","02","11","2008","1","","","","11","0","0","0","0","0","0","0","0","","0","0","0","","","0","","0","","","","0","","0","0","0","0","2214","0","0","0","N","0","0","0","1","02214","0","","2.0","","1","N","N","","0","","0","0","0","","0","","","1","0","0","0","0","0","0","1","0","1","","","","N","","","","","","","","","",""
"2008129973","","1","0","0","0","0","0","0","0","0","4","0","","02","11","2008","5","40.452222","-80.193445","","11","0","0","0","0","0","0","0","1","","0","0","0","","","0","","0","","40 27:07.999","","0","80 11:36.402","0","0","0","0","2214","0","0","0","N","0","0","0","2","02214","0","","1.0","","9","N","N","","0","","0","0","0","","0","","","2","0","0","0","0","0","0","2","1","2","","","","N","","","","","","","","","",""
"2008129976","","1","0","0","0","0","0","0","0","0","7","0","","02","11","2008","7","40.452503","-80.193611","","11","0","0","0","1","0","0","0","0","2","0","0","0","","","1","","0","","40 27:09.010","2","0","80 11:37.000","4","0","0","0","2214","0","0","0","N","0","0","0","1","02214","1","","4.0","","9","N","N","","0","","0","0","0","","0","N","","1","1","0","0","0","0","0","2","0","1","","","","N","","","","","","","","","",""
"2008129977","","1","0","0","0","0","0","0","0","0","7","0","","02","11","2008","2","40.448856","-80.209535","","11","0","0","1","0","0","0","0","0","2","0","0","0","","","0","","0","","40 26:55.883","1","0","80 12:34.325","0","0","0","0","2214","0","0","0","N","0","0","0","1","02214","0","","4.0","","9","N","N","","0","","0","0","0","","0","N","","1","0","0","0","0","0","0","2","0","1","","","","N","","","","","","","","","",""
"2008130021","","1","0","0","0","0","0","0","0","0","7","0","","02","11","2008","7","40.457038","-80.050753","","11","0","0","0","0","0","0","0","0","1","0","0","0","","","1","","0","","40 27:25.336","6","0","80 03:02.710","8","0","0","0","2301","0","0","0","N","0","0","0","1","02301","0","","5.0","","9","N","N","","0","","0","0","0","","0","N","","1","1","0","0","0","1","0","2","0","1","","","","N","","","","","","","","","",""
"2008130049","","1","0","0","0","0","0","0","0","0","2","0","","02","11","2008","6","40.456279","-79.97498","","11","0","0","0","0","0","0","0","0","","0","0","0","","","0","","1","","40 27:22.604","","0","79 58:29.928","0","0","0","0","2301","0","0","0","N","0","0","0","3","02301","0","","1.0","","9","N","N","","0","","0","0","0","","2","","","2","0","0","0","0","0","0","2","1","2","","","","N","","","","","","","","","",""
"2008130050","","1","0","0","0","0","0","0","0","0","2","0","","02","11","2008","1","40.4654","-79.9653","","11","0","0","0","0","0","0","0","0","","0","0","0","","","0","","2","","40 27:55.440","","0","79 57:55.080","0","0","0","0","2301","0","0","0","N","0","0","0","5","02301","0","","1.0","","1","N","N","","1","","0","0","0","","3","","","2","0","0","0","0","0","0","2","0","2","","","","N","","","","","","","","","",""
"2008130051","","1","0","0","0","0","0","0","0","0","7","0","","02","11","2008","6","40.4575","-79.9366","","11","0","0","0","0","0","0","0","0","1","0","0","0","","","0","","0","","40 27:27.000","3","7","79 56:11.760","0","0","0","0","2301","0","0","0","N","0","0","0","1","02301","0","","2.0","","2","N","N","","0","","0","0","0","","0","N","","1","0","0","0","0","0","0","2","0","1","","","","N","","","","","","","","","",""
"2008130058","","0","0","0","0","0","0","0","0","0","7","0","","02","11","2008","3","40.40827","-80.023635","","11","0","0","0","0","0","0","0","0","","0","0","0","","","0","","0","","40 24:29.772","","0","80 01:25.086","0","0","0","0","2301","0","0","0","N","0","0","0","1","02301","0","","4.0","","7","N","N","","0","","0","0","1","","0","","","1","0","0","0","0","0","0","2","0","1","","","","N","","","","","","","","","",""
"2008130059","","0","0","0","0","0","0","0","0","0","1","0","","02","11","2008","6","40.437228","-79.972657","","11","0","0","0","0","0","1","0","0","","0","0","0","","","1","","10","","40 26:14.020","","0","79 58:21.566","8","0","0","0","2301","0","0","0","N","0","0","0","2","02301","0","","1.0","","9","N","N","","0","","0","0","2","","2","","","2","1","0","0","0","1","0","2","0","2","","","","N","","","","","","","","","",""
"2008130060","","1","0","0","0","0","0","0","0","0","1","0","","02","11","2008","1","40.442589","-80.051378","","11","0","0","0","0","0","0","0","0","","0","0","0","","","0","","0","","40 26:33.320","","0","80 03:04.959","0","0","0","0","2301","0","0","0","N","0","0","0","1","02301","0","","4.0","","1","N","N","","0","","0","0","0","","0","","","2","0","0","0","0","0","0","2","1","2","","","","N","","","","","","","","","",""
"2008130061","","0","0","0","0","0","0","0","0","0","1","0","","02","11","2008","5","40.41575","-80.011109","","11","0","0","0","0","0","1","0","0","","0","0","0","","","1","","0","","40 24:56.700","","0","80 00:39.992","4","0","0","0","2301","0","0","0","N","0","0","0","2","02301","1","","1.0","","9","N","N","","0","","0","0","2","","0","","","2","1","0","0","0","0","0","2","0","2","","","","N","","","","","","","","","",""
"2008130062","","1","0","0","0","0","0","0","0","0","7","0","","02","11","2008","6","40.396502","-80.029314","","11","0","0","0","0","0","0","0","0","","0","0","0","","","0","","1","","40 23:47.407","","0","80 01:45.530","0","0","0","0","2301","0","0","0","N","0","0","0","1","02301","0","","5.0","","2","N","N","","0","","0","0","0","","0","","","1","0","0","0","0","0","0","2","0","1","","","","N","","","","","","","","","",""
"2008130063","","1","0","0","0","0","0","0","0","0","0","0","","02","11","2008","6","40.411875","-80.022925","","11","0","0","0","0","0","1","0","0","2","0","0","0","","","0","","1","","40 24:42.750","3","0","80 01:22.530","0","0","0","0","2301","0","0","0","N","0","0","0","2","02301","0","","1.0","","7","N","N","","1","","0","0","0","","3","Y","","2","0","0","0","0","0","0","2","0","2","","","","N","","","","","","","","","",""
"2008130064","","0","0","0","0","0","0","0","0","0","7","0","","02","11","2008","6","40.430156","-80.000313","","11","0","0","0","0","0","1","0","0","1","0","0","0","","","0","","0","","40 25:48.563","1","0","80 00:01.128","0","0","0","0","2301","0","0","0","N","0","0","0","1","02301","0","","4.0","","2","N","N","","0","","0","0","1","","0","N","","1","0","0","0","0","0","0","2","0","1","","","","N","","","","","","","","","",""
"2008130065","","1","0","0","0","0","0","0","0","0","4","0","","02","11","2008","7","40.42947","-80.007298","","11","0","0","0","0","0","1","1","0","","0","0","0","","","1","","1","","40 25:46.092","","0","80 00:26.272","8","0","0","0","2301","0","0","0","N","0","0","0","2","02301","0","","1.0","","9","N","N","","0","","0","0","1","","1","","","2","1","0","0","0","1","0","2","0","2","","","","N","","","","","","","","","",""
"2008130066","","2","0","0","0","0","0","0","0","0","4","0","","02","11","2008","6","40.430193","-79.983376","","11","0","0","0","0","0","0","0","0","","0","0","0","","","1","","2","","40 25:48.694","","0","79 59:00.153","4","0","0","0","2301","0","0","0","N","0","0","0","2","02301","1","","1.0","","1","N","N","","0","","0","0","0","","3","","","2","1","0","0","0","0","0","2","0","2","","","","N","","","","","","","","","",""
"2008130067","","1","0","0","0","0","0","0","0","0","7","0","","02","11","2008","5","40.4303","-80.0285","","11","0","0","0","1","0","0","0","0","","0","0","0","","","0","","6","","40 25:49.080","","2","80 01:42.600","0","0","0","0","2301","0","0","0","N","0","0","0","2","02301","0","","4.0","","1","N","N","","0","","0","0","0","","0","","","1","0","0","0","0","0","0","2","0","1","","","","N","","","","","","","","","",""
"2008130068","","1","0","0","0","0","0","0","0","0","0","0","","02","11","2008","7","","","","11","0","0","0","0","0","0","0","1","","0","0","0","","","1","","2","","","","0","","8","0","0","0","2301","0","0","0","N","0","0","0","1","02301","0","","4.0","","1","N","N","","0","","0","0","0","","0","","","1","1","0","0","0","1","0","1","0","1","","","","N","","","","","","","","","",""
"2008130069","","2","0","0","0","0","0","0","0","0","4","0","","02","11","2008","1","40.478781","-80.030995","","11","0","0","0","0","0","1","0","0","1","0","0","0","","","4","","0","","40 28:43.611","5","0","80 01:51.582","8","0","0","0","2301","0","0","0","N","0","0","0","4","02301","0","","1.0","","9","N","N","","0","","0","0","0","","0","Y","","2","4","1","0","0","4","0","2","0","2","","","","N","","","","","","","","","",""
"2008130070","","1","0","0","0","0","0","0","0","0","4","0","","02","11","2008","5","40.451508","-80.018919","","11","0","0","0","1","0","0","0","0","1","0","0","0","","","3","","1","","40 27:05.428","1","0","80 01:08.107","4","0","0","0","2301","0","0","0","N","0","0","0","3","02301","3","","1.0","","9","N","N","","0","","0","0","0","","2","N","","2","3","1","0","0","0","0","2","1","2","","","","N","","","","","","","","","",""
"2008130071","","2","0","0","0","0","0","0","0","0","1","0","","02","11","2008","5","40.481965","-80.04165","","11","0","0","0","0","0","0","0","0","","0","0","0","","","0","","5","","40 28:55.074","","0","80 02:29.940","0","0","0","0","2301","0","0","0","N","0","0","0","3","02301","0","","1.0","","9","N","N","","0","","0","0","0","","2","","","2","0","0","0","0","0","0","2","0","2","","","","N","","","","","","","","","",""
"2008130096","","0","0","0","0","0","0","0","0","0","7","0","","02","11","2008","6","40.449686","-79.918374","","11","0","0","0","0","0","0","0","0","","0","0","0","","","0","","0","","40 26:58.869","","0","79 55:06.146","0","0","0","0","2301","0","0","0","N","0","0","0","2","02301","0","","5.0","","1","N","N","","0","","0","0","1","","0","","","1","0","0","0","0","0","0","2","0","1","","","","N","","","","","","","","","",""
"2008130100","","2","0","0","0","0","0","0","0","0","4","0","","02","11","2008","2","40.453376","-79.980689","","11","0","0","0","1","0","0","0","0","1","0","0","0","","","1","","1","","40 27:12.153","4","0","79 58:50.480","8","0","0","0","2301","0","0","0","N","0","0","0","4","02301","0","","1.0","","1","N","N","","0","","0","0","0","","3","N","","2","1","0","0","0","1","0","2","0","2","","","","N","","","","","","","","","",""
"2008130123","","1","0","0","0","0","0","0","0","0","4","0","","02","11","2008","3","40.348371","-79.944808","","11","0","0","0","0","0","1","0","0","1","0","0","0","","","1","","1","","40 20:54.134","1","0","79 56:41.310","4","0","0","0","2473","0","0","0","Y","0","0","0","3","02473","1","","1.0","","9","N","N","","0","","0","0","1","","2","N","","2","1","0","0","0","0","0","2","0","2","","","","N","","","","","","","","","",""
"2008130142","","2","0","0","0","0","0","0","0","0","4","0","","02","10","2008","1","40.346061","-79.925821","","11","0","0","0","0","1","0","0","0","1","0","0","0","","","1","","2","","40 20:45.818","2","0","79 55:32.955","4","0","0","0","2473","0","0","0","N","0","0","0","6","02473","1","","1.0","","9","N","N","","0","","0","0","0","","3","N","","2","1","0","0","0","0","0","2","0","2","","","","N","","","","","","","","","",""
"2008130144","","1","0","0","0","0","0","0","0","0","4","1","","02","11","2008","5","40.3362","-79.8959","","11","0","0","0","0","0","0","0","0","2","0","1","0","","","0","","0","","40 20:10.320","5","0","79 53:45.240","0","0","0","0","2473","0","0","0","N","0","0","0","2","02473","0","","1.0","","9","N","N","","0","","0","0","0","","0","Y","","2","0","0","0","0","0","0","2","0","2","","","","N","","","","","","","","","",""
"2008130146","","1","0","0","0","0","0","0","0","0","7","0","","02","11","2008","7","40.366242","-79.890851","","11","0","0","0","0","0","1","0","0","","0","0","0","","","0","","0","","40 21:58.471","","0","79 53:27.063","0","0","0","0","2473","0","0","0","N","0","0","0","2","02473","0","","5.0","","1","N","N","","0","","0","0","0","","0","","","1","0","0","0","0","0","0","2","0","1","","","","N","","","","","","","","","",""
"2008130147","","0","0","0","0","0","0","0","0","0","8","0","","02","11","2008","7","40.3613","-79.9049","","11","0","0","0","0","0","1","0","0","","0","0","0","","","1","","0","","40 21:40.680","","0","79 54:17.640","8","0","0","0","2473","1","0","0","N","1","0","0","2","02473","0","","2.0","","1","N","N","","1","","0","0","0","","0","","","2","1","0","0","0","1","0","2","0","1","","","","N","","","","","","","","","",""
"2008130148","","0","0","0","0","0","0","0","0","0","99","0","","02","11","2008","4","40.3512","-79.9222","","11","0","0","0","0","0","0","0","0","1","0","0","0","","","0","","0","","40 21:04.320","3","0","79 55:19.920","0","0","0","0","2473","0","0","0","N","0","0","0","3","02473","0","","1.0","","1","N","N","","0","","0","0","1","","0","N","","1","0","0","0","0","0","0","2","0","1","","","","N","","","","","","","","","",""
"2008130151","","1","0","0","0","0","0","0","0","0","4","0","","02","12","2008","4","40.6212","-79.7283","","11","0","1","0","0","0","1","0","0","","0","0","0","","","1","","2","","40 37:16.320","","0","79 43:41.880","8","0","0","0","2106","0","0","0","N","0","0","0","2","02106","0","","1.0","","1","N","N","","0","","0","0","1","","3","","","2","1","0","0","0","1","0","2","0","2","","","","N","","","","","","","","","",""
"2008130156","","2","0","0","0","0","0","0","0","0","1","0","","02","11","2008","7","40.4283","-79.9293","","11","0","0","0","0","0","0","0","0","","0","0","0","","","0","","0","","40 25:41.880","","2","79 55:45.480","0","0","0","0","2301","0","0","0","N","0","0","0","3","68B03","0","","1.0","","9","N","N","","0","","0","0","0","","0","","","2","0","0","0","0","0","0","2","0","2","","","","N","","","","","","","","","",""
"2008130162","","1","0","0","0","0","0","0","0","0","7","0","","02","11","2008","7","40.6135","-79.7564","","11","0","0","0","0","0","0","0","0","","0","0","0","","","0","","0","","40 36:48.600","","2","79 45:23.040","0","0","0","0","2464","0","0","0","N","0","0","0","1","68D02","0","","4.0","","9","N","N","","0","","0","0","0","","0","","","1","0","0","0","0","0","0","2","0","1","","","","N","","","","","","","","","",""
"2008130275","","1","0","0","0","0","0","0","0","0","7","0","","02","11","2008","7","40.395326","-79.997387","","11","0","0","0","0","0","0","0","0","","0","0","0","","","0","","3","","40 23:43.173","","0","79 59:50.593","9","0","0","0","2301","0","0","0","N","0","0","0","1","02301","0","","4.0","","1","N","N","","0","","0","0","2","","0","","","3","0","0","0","0","0","1","2","0","3","","","","N","","","","","","","","","",""
"2008130308","","2","0","0","0","0","0","0","0","0","4","0","","02","12","2008","5","40.386373","-80.047782","","11","0","0","0","0","0","0","0","1","1","0","0","0","","","0","","2","","40 23:10.942","4","0","80 02:52.015","0","0","0","0","2109","0","0","0","N","0","0","0","3","02109","0","","1.0","","9","N","N","","0","","0","0","0","","3","N","","2","0","0","0","0","0","0","2","0","2","","","","N","","","","","","","","","",""
"2008130313","","2","0","0","0","0","0","0","0","0","5","0","","02","11","2008","5","40.495764","-80.020218","","11","0","0","0","0","0","0","0","0","","0","0","0","","","0","","0","","40 29:44.751","","0","80 01:12.786","0","0","0","0","2301","0","0","0","N","0","0","0","2","02301","0","","6.0","","1","N","N","","0","","0","0","0","","0","","","2","0","0","0","0","0","0","2","0","2","","","","N","","","","","","","","","",""
"2008130317","","2","0","0","0","0","0","0","0","0","1","0","","02","12","2008","4","40.3118","-79.938","","11","0","0","0","0","0","1","0","0","","0","0","0","","","0","","0","","40 18:42.480","","0","79 56:16.800","0","0","0","0","2440","0","0","0","N","0","0","0","2","02440","0","","1.0","","1","N","N","","0","","0","0","0","","0","","","2","0","0","0","0","0","0","2","0","2","","","","N","","","","","","","","","",""
"2008130321","","1","0","0","0","0","0","0","0","0","6","0","","02","12","2008","5","40.313859","-79.939562","","11","0","0","0","0","0","1","0","0","2","0","0","0","","","0","","0","","40 18:49.891","4","0","79 56:22.422","0","0","0","0","2440","0","0","0","N","0","0","0","3","02440","0","","1.0","","9","N","N","","1","","0","0","0","","0","N","","2","0","0","0","0","0","0","2","0","2","","","","N","","","","","","","","","",""
"2008130327","","0","0","0","0","0","0","0","0","0","7","0","","02","12","2008","4","40.6345","-79.95","","11","0","0","0","0","0","0","0","0","","0","0","0","","","0","","0","","40 38:04.200","","0","79 57:00.000","0","0","0","0","2217","0","0","0","N","0","0","0","1","02505","0","","5.0","","1","N","N","","0","","0","0","1","","0","","","1","0","1","0","0","0","0","2","0","1","","","","N","","","","","","","","","",""
"2008130330","","0","0","0","0","0","0","0","0","0","1","0","","02","12","2008","4","40.401309","-80.063113","","11","0","0","0","0","1","1","0","0","1","0","0","0","","","0","","2","","40 24:04.711","2","0","80 03:47.206","0","0","0","0","2117","0","0","0","N","0","0","0","2","02117","0","","1.0","","1","N","N","","1","","0","0","1","","0","Y","","2","0","0","0","0","0","0","2","0","2","","","","N","","","","","","","","","",""
"2008130335","","2","0","0","0","0","0","0","0","0","4","0","","02","12","2008","5","40.429653","-79.997748","","11","0","0","0","0","0","0","0","1","1","0","0","0","","","2","","2","","40 25:46.751","4","0","79 59:51.891","3","0","0","0","2301","0","0","0","N","0","0","0","3","02301","0","","1.0","","9","N","N","","0","","1","0","1","","0","N","","3","2","0","0","0","1","0","2","0","3","","","","N","","","","","","","","","",""
"2008130346","","3","0","0","0","0","0","0","0","0","1","0","","02","12","2008","3","40.5285","-79.8503","","11","0","0","0","0","0","1","0","0","","0","0","0","","","0","","2","","40 31:42.600","","0","79 51:01.080","0","0","0","0","2208","0","0","0","N","0","0","0","3","02208","0","","1.0","","1","N","N","","0","","0","0","0","","2","","","3","0","0","0","0","0","0","2","0","3","","","","N","","","","","","","","","",""
"2008130353","","0","0","0","0","0","0","0","0","0","1","0","","02","12","2008","5","40.378251","-80.064729","","11","0","0","0","0","0","1","0","0","","0","0","0","","","2","","1","","40 22:41.703","","0","80 03:53.023","8","0","0","0","2109","0","0","0","N","0","0","0","5","02109","0","","1.0","","1","N","N","","0","","0","0","2","","2","","","3","2","0","0","0","2","1","2","1","3","","","","N","","","","","","","","","",""
"2008130358","","2","0","0","0","0","0","0","0","0","99","0","","02","12","2008","5","40.379328","-79.806987","","11","0","0","0","0","0","0","0","0","","0","0","0","","","0","","1","","40 22:45.582","","0","79 48:25.154","0","0","0","0","2111","0","0","0","N","0","0","0","3","02111","0","","1.0","","1","N","N","","0","","0","0","0","","0","","","2","0","1","0","0","0","0","2","0","2","","","","N","","","","","","","","","",""
"2008130364","","2","0","0","0","0","0","0","0","0","4","0","","02","12","2008","5","40.437839","-79.998873","","11","0","0","0","0","0","2","0","0","1","0","0","0","","","1","","1","","40 26:16.220","2","0","79 59:55.942","4","0","0","0","2301","0","0","0","N","0","0","0","2","02301","1","","1.0","","1","N","N","","0","","0","0","0","","3","N","","2","1","0","0","0","0","0","2","0","2","","","","N","","","","","","","","","",""
"2008130367","","1","0","0","0","0","0","0","0","0","1","0","","02","12","2008","5","40.384675","-79.824351","","11","0","0","0","0","0","1","0","0","","0","0","0","","","0","","1","","40 23:04.830","","0","79 49:27.665","0","0","0","0","2111","0","0","0","N","0","0","0","3","02111","0","","1.0","","1","N","N","","0","","0","0","1","","2","","","2","0","0","0","0","0","0","2","0","2","","","","N","","","","","","","","","",""
"2008130368","","2","0","0","0","0","0","0","0","0","4","0","","02","11","2008","7","40.342985","-80.035207","","11","0","0","0","0","0","0","0","0","","0","0","0","","","1","","2","","40 20:34.746","","0","80 02:06.745","4","0","0","0","2407","0","0","0","N","0","0","0","4","02407","1","","1.0","","1","N","N","","0","","0","0","0","","2","","","2","1","2","0","0","0","0","2","0","2","","","","N","","","","","","","","","",""
"2008130419","","0","0","0","0","0","0","0","0","0","7","0","","02","11","2008","4","","","","11","0","0","0","0","0","0","0","0","","0","0","0","","","0","","7","","40 25:27.48","","2","80 06:41.04","0","0","0","0","2102","0","0","0","Y","0","0","0","1","68B03","0","","4.0","","1","N","N","","0","","0","0","1","","0","","","1","0","0","0","0","0","0","2","0","1","","","","N","","","","","","","","","",""