"CRN","ARRIVAL_TM","AUTOMOBILE_COUNT","BELTED_DEATH_COUNT","BELTED_SUSP_SERIOUS_INJ_COUNT","BICYCLE_COUNT","BICYCLE_DEATH_COUNT","BICYCLE_SUSP_SERIOUS_INJ_COUNT","BUS_COUNT","CHLDPAS_DEATH_COUNT","CHLDPAS_SUSP_SERIOUS_INJ_COUNT","COLLISION_TYPE","COMM_VEH_COUNT","CONS_ZONE_SPD_LIM","COUNTY","CRASH_MONTH","CRASH_YEAR","DAY_OF_WEEK","DEC_LATITUDE","DEC_LONGITUDE","DISPATCH_TM","DISTRICT","DRIVER_COUNT_16YR","DRIVER_COUNT_17YR","DRIVER_COUNT_18YR","DRIVER_COUNT_19YR","DRIVER_COUNT_20YR","DRIVER_COUNT_50_64YR","DRIVER_COUNT_65_74YR","DRIVER_COUNT_75PLUS","EST_HRS_CLOSED","FATAL_COUNT","HEAVY_TRUCK_COUNT","HORSE_BUGGY_COUNT","HOUR_OF_DAY","ILLUMINATION","INJURY_COUNT","INTERSECTION_RELATED","INTERSECT_TYPE","LANE_CLOSED","LATITUDE","LN_CLOSE_DIR","LOCATION_TYPE","LONGITUDE","MAX_SEVERITY_LEVEL","MCYCLE_DEATH_COUNT","MCYCLE_SUSP_SERIOUS_INJ_COUNT","MOTORCYCLE_COUNT","MUNICIPALITY","NONMOTR_COUNT","NONMOTR_DEATH_COUNT","NONMOTR_SUSP_SERIOUS_INJ_COUNT","NTFY_HIWY_MAINT","PED_COUNT","PED_DEATH_COUNT","PED_SUSP_SERIOUS_INJ_COUNT","PERSON_COUNT","POLICE_AGCY","POSSIBLE_INJ_COUNT","RDWY_SURF_TYPE_CD","RELATION_TO_ROAD","ROADWAY_CLEARED","ROAD_CONDITION","SCH_BUS_IND","SCH_ZONE_IND","SECONDARY_CRASH","SMALL_TRUCK_COUNT","SPEC_JURIS_CD","SUSP_MINOR_INJ_COUNT","SUSP_SERIOUS_INJ_COUNT","SUV_COUNT","TCD_FUNC_CD","TCD_TYPE","TFC_DETOUR_IND","TIME_OF_DAY","TOTAL_UNITS","TOT_INJ_COUNT","UNBELTED_OCC_COUNT","UNB_DEATH_COUNT","UNB_SUSP_SERIOUS_INJ_COUNT","UNK_INJ_DEG_COUNT","UNK_INJ_PER_COUNT","URBAN_RURAL","VAN_COUNT","VEHICLE_COUNT","WEATHER1","WEATHER2","WORKERS_PRES","WORK_ZONE_IND","WORK_ZONE_LOC","WORK_ZONE_TYPE","WZ_CLOSE_DETOUR","WZ_FLAGGER","WZ_LAW_OFFCR_IND","WZ_LN_CLOSURE","WZ_MOVING","WZ_OTHER","WZ_SHLDER_MDN","WZ_WORKERS_INJ_KILLED"
"2008131104","","2","0","0","0","0","0","1","0","0","2","1","","02","12","2008","7","40.5386","-79.8304","","11","0","0","0","0","1","2","0","1","1","0","0","0","","","2","","2","","40 32:18.960","5","0","79 49:49.440","3","0","0","0","2208","0","0","0","N","0","0","0","6","02208","0","","1.0","","7","N","N","","1","","1","0","1","","2","N","","5","2","0","0","0","1","0","2","0","5","","","","N","","","","","","","","","",""
"2008131106","","1","0","0","0","0","0","0","0","0","4","0","","02","12","2008","7","40.374717","-80.094802","","11","0","0","0","0","0","2","0","0","2","0","0","0","","","0","","0","","40 22:28.980","5","3","80 05:41.288","0","0","0","0","2117","0","0","0","N","0","0","0","2","02117","0","","1.0","","2","N","N","","1","","0","0","0","","0","Y","","2","0","0","0","0","0","0","2","0","2","","","","N","","","","","","","","","",""
"2008131108","","0","0","0","0","0","0","0","0","0","4","0","","02","12","2008","7","40.386503","-79.989886","","11","0","0","0","0","0","1","0","0","","0","0","0","","","0","","1","","40 23:11.410","","0","79 59:23.589","0","0","0","0","2301","0","0","0","N","0","0","0","2","02301","0","","1.0","","2","N","N","","2","","0","0","0","","3","","","2","0","0","0","0","0","0","2","0","2","","","","N","","","","","","","","","",""
"2008131109","","1","0","0","0","0","0","0","0","0","7","0","","02","12","2008","7","40.459828","-79.99309","","11","0","0","0","0","0","1","0","0","2","0","0","0","","","2","","0","","40 27:35.380","4","0","79 59:35.124","8","0","0","0","2301","0","0","0","N","0","0","0","5","02301","0","","2.0","","2","N","N","","1","","0","0","0","","0","N","","2","2","0","0","0","2","0","2","0","2","","","","N","","","","","","","","","",""
"2008131110","","2","0","0","0","0","0","0","0","0","7","0","","02","12","2008","7","40.417943","-79.887962","","11","0","0","0","0","0","0","0","0","1","0","0","0","","","1","","3","","40 25:04.594","5","0","79 53:16.663","8","0","0","0","2463","0","0","0","N","0","0","0","2","02463","0","","4.0","","2","N","N","","0","","0","0","0","","0","N","","2","1","1","0","0","1","0","2","0","2","","","","N","","","","","","","","","",""
"2008131111","","1","0","0","0","0","0","0","0","0","4","0","","02","12","2008","7","40.416402","-80.014375","","11","0","0","0","0","0","0","0","1","","0","0","0","","","0","","0","","40 24:59.047","","0","80 00:51.750","0","0","0","0","2301","0","0","0","Y","0","0","0","4","02301","0","","1.0","","2","N","N","","1","","0","0","0","","0","","","2","0","2","0","0","0","0","2","0","2","","","","N","","","","","","","","","",""
"2008131112","","0","0","0","0","0","0","0","0","0","7","0","","02","12","2008","7","40.504711","-79.763313","","11","0","0","0","0","0","1","0","0","","0","0","0","","","0","","2","","40 30:16.959","","0","79 45:47.926","0","0","0","0","2466","0","0","0","N","0","0","0","4","02466","0","","4.0","","7","N","N","","0","","0","0","1","","0","","","1","0","0","0","0","0","0","2","0","1","","","","N","","","","","","","","","",""
"2008131125","","1","0","0","0","0","0","0","0","0","5","0","","02","12","2008","6","","","","11","0","0","0","0","0","1","0","0","1","0","0","0","","","2","","0","","40 25:48.36","3","0","79 52:26.76","3","0","0","0","2411","0","0","0","Y","0","0","0","3","68B03","1","","1.0","","1","N","N","","1","","1","0","1","","0","N","","3","2","0","0","0","0","0","2","0","3","","","","N","","","","","","","","","",""
"2008131126","","1","0","0","0","0","0","0","0","0","99","0","","02","12","2008","6","","","","11","0","0","0","0","0","1","0","0","","0","0","0","","","0","","0","","40 25:48.72","","0","80 08:05.64","0","0","0","0","2102","0","0","0","N","0","0","0","1","68B03","0","","1.0","","1","N","N","","0","","0","0","0","","0","","","1","0","0","0","0","0","0","2","0","1","","","","N","","","","","","","","","",""
"2008131127","","2","0","0","0","0","0","0","0","0","1","0","","02","12","2008","6","","","","11","0","0","0","0","0","0","0","0","","0","0","0","","","0","","0","","40 28:22.08","","0","80 00:18.36","0","0","0","0","2301","0","0","0","N","0","0","0","2","68B03","0","","1.0","","1","N","N","","0","","0","0","0","","0","","","2","0","0","0","0","0","0","2","0","2","","","","N","","","","","","","","","",""
"2008131136","","1","0","0","0","0","0","0","0","0","7","0","","02","12","2008","7","40.486527","-79.819192","","11","0","0","0","0","0","0","0","0","2","0","0","0","","","0","","0","","40 29:11.497","5","0","79 49:09.091","0","0","0","0","2113","0","0","0","N","0","0","0","1","02113","0","","5.0","","7","N","N","","0","","0","0","0","","0","Y","","1","0","1","0","0","0","0","2","0","1","","","","N","","","","","","","","","",""
"2008131161","","0","0","0","0","0","0","0","0","0","7","0","","02","12","2008","7","40.405288","-79.971182","","11","0","0","0","0","0","0","0","0","1","0","0","0","","","0","","0","","40 24:19.036","5","0","79 58:16.255","0","0","0","0","2301","0","0","0","N","0","0","0","1","02301","0","","5.0","","2","N","N","","0","","0","0","0","","0","N","","1","0","0","0","0","0","0","2","1","1","","","","N","","","","","","","","","",""
"2008131166","","0","0","0","0","0","0","0","0","0","1","0","","02","12","2008","7","40.485885","-80.042914","","11","0","0","1","0","0","0","0","0","","0","0","0","","","0","","0","","40 29:09.186","","0","80 02:34.490","0","0","0","0","2301","0","0","0","N","0","0","0","2","02301","0","","4.0","","2","N","N","","1","","0","0","1","","0","","","2","0","0","0","0","0","0","2","0","2","","","","N","","","","","","","","","",""
"2008131169","","0","0","0","0","0","0","0","0","0","7","0","","02","12","2008","7","","","","11","0","0","0","0","0","0","0","0","","0","0","0","","","0","","0","","","","0","","0","0","0","0","2301","0","0","0","N","0","0","0","1","02301","0","","2.0","","2","N","N","","0","","0","0","1","","0","","","1","0","0","0","0","0","0","1","0","1","","","","N","","","","","","","","","",""
"2008131171","","1","0","0","0","0","0","0","0","0","1","0","","02","12","2008","7","40.374994","-80.098513","","11","0","0","0","0","0","0","0","0","","0","0","0","","","1","","0","","40 22:29.977","","0","80 05:54.647","4","0","0","0","2102","0","0","0","N","0","0","0","4","02102","1","","1.0","","9","N","N","","0","","0","0","1","","0","","","2","1","1","0","0","0","0","2","0","2","","","","N","","","","","","","","","",""
"2008131172","","2","0","0","0","0","0","0","0","0","4","0","","02","12","2008","7","40.650336","-80.078887","","11","0","0","0","0","0","0","0","0","","0","0","0","","","0","","1","","40 39:01.210","","0","80 04:43.993","0","0","0","0","2212","0","0","0","N","0","0","0","2","02505","0","","1.0","","7","N","N","","0","","0","0","0","","2","","","2","0","0","0","0","0","0","2","0","2","","","","N","","","","","","","","","",""
"2008131178","","2","0","0","0","0","0","0","0","0","4","0","","02","12","2008","7","40.393221","-79.894541","","11","0","0","0","0","0","0","0","0","","0","0","0","","","0","","0","","40 23:35.595","","0","79 53:40.347","0","0","0","0","2448","0","0","0","N","0","0","0","4","02448","0","","1.0","","2","N","N","","0","","0","0","0","","0","","","2","0","0","0","0","0","0","2","0","2","","","","N","","","","","","","","","",""
"2008131205","","0","0","0","0","0","0","0","0","0","7","0","","02","12","2008","6","40.463496","-79.91735","","11","0","0","0","0","0","0","0","0","","0","0","0","","","1","","1","","40 27:48.585","","0","79 55:02.460","4","0","0","0","2301","0","0","0","N","0","0","0","2","02301","1","","5.0","","1","N","N","","0","","0","0","1","","2","","","1","1","0","0","0","0","1","2","0","1","","","","N","","","","","","","","","",""
"2008131212","","1","0","0","0","0","0","0","0","0","0","0","","02","12","2008","7","40.463586","-79.952975","","11","0","0","0","0","0","0","0","0","1","0","0","0","","","0","","5","","40 27:48.909","3","0","79 57:10.710","0","0","0","0","2301","0","0","0","N","0","0","0","1","02301","0","","1.0","","2","N","N","","0","","0","0","0","","2","N","","1","0","1","0","0","0","0","2","0","1","","","","N","","","","","","","","","",""
"2008131215","","1","0","0","0","0","0","0","0","0","0","0","","02","12","2008","7","40.463586","-79.952975","","11","0","0","0","0","0","0","0","0","1","0","0","0","","","0","","1","","40 27:48.909","3","0","79 57:10.710","0","0","0","0","2301","0","0","0","N","0","0","0","1","02301","0","","1.0","","2","N","N","","0","","0","0","0","","2","N","","1","0","0","0","0","0","0","2","0","1","","","","N","","","","","","","","","",""
"2008131219","","0","0","0","0","0","0","0","0","0","7","0","","02","12","2008","1","40.408109","-80.015193","","11","0","0","0","0","0","0","0","0","1","0","0","0","","","0","","0","","40 24:29.192","2","0","80 00:54.694","0","0","0","0","2301","0","0","0","N","0","0","0","2","02301","0","","4.0","","6","N","N","","1","","0","0","0","","0","N","","1","0","0","0","0","0","0","2","0","1","","","","N","","","","","","","","","",""
"2008131223","","0","0","0","0","0","0","0","0","0","1","0","","02","12","2008","7","40.648514","-79.93731","","11","0","0","1","0","0","0","0","0","","0","0","0","","","0","","1","","40 38:54.650","","0","79 56:14.317","0","0","0","0","2217","0","0","0","N","0","0","0","6","02505","0","","1.0","","1","N","N","","1","","0","0","0","","0","","","2","0","1","0","0","0","0","2","1","2","","","","N","","","","","","","","","",""
"2008131226","","1","0","0","0","0","0","0","0","0","2","0","","02","12","2008","7","40.629225","-79.933221","","11","0","0","0","0","0","0","0","0","1","0","0","0","","","0","","2","","40 37:45.211","4","0","79 55:59.594","0","0","0","0","2217","0","0","0","N","0","0","0","3","02505","0","","1.0","","2","N","N","","0","","0","0","0","","0","N","","2","0","0","0","0","0","0","2","1","2","","","","N","","","","","","","","","",""
"2008131241","","1","0","0","0","0","0","0","0","0","7","0","","02","12","2008","7","40.474026","-79.904429","","11","0","0","0","0","0","1","0","0","","0","0","0","","","0","","3","","40 28:26.493","","0","79 54:15.944","0","0","0","0","2301","0","0","0","N","0","0","0","1","02301","0","","5.0","","2","N","N","","0","","0","0","0","","0","","","1","0","0","0","0","0","0","2","0","1","","","","N","","","","","","","","","",""
"2008131244","","1","0","0","0","0","0","0","0","0","4","0","","02","12","2008","1","40.483052","-80.035433","","11","0","0","0","0","0","0","0","0","","0","0","0","","","2","","1","","40 28:58.987","","0","80 02:07.558","4","0","0","0","2301","0","0","0","N","0","0","0","6","02301","1","","1.0","","2","N","N","","0","","0","0","0","","2","","","2","2","0","0","0","1","0","2","1","2","","","","N","","","","","","","","","",""
"2008131246","","1","0","0","0","0","0","0","0","0","4","0","","02","12","2008","1","40.354835","-80.036571","","11","0","0","0","0","0","0","0","0","","0","0","0","","","1","","2","","40 21:17.405","","0","80 02:11.655","8","0","0","0","2109","0","0","0","N","0","0","0","2","02109","0","","1.0","","1","N","N","","1","","0","0","0","","2","","","2","1","0","0","0","1","0","2","0","2","","","","N","","","","","","","","","",""
"2008131250","","0","0","0","0","0","0","0","0","0","7","0","","02","12","2008","1","40.25605","-79.853754","","11","0","0","1","0","0","0","0","0","2","0","0","0","","","1","","0","","40 15:21.781","6","0","79 51:13.515","4","0","0","0","2105","0","0","0","N","0","0","0","1","02105","1","","5.0","","2","N","N","","1","","0","0","0","","0","N","","1","1","0","0","0","0","0","2","0","1","","","","N","","","","","","","","","",""
"2008131264","","1","0","0","0","0","0","0","0","0","7","0","","02","12","2008","7","40.505889","-80.037361","","11","0","0","0","0","0","0","0","0","2","0","0","0","","","1","","0","","40 30:21.200","5","0","80 02:14.500","3","0","0","0","2116","0","0","0","N","0","0","0","2","02116","0","","2.0","","2","N","N","","0","","1","0","0","","0","Y","","1","1","0","0","0","0","0","2","0","1","","","","N","","","","","","","","","",""
"2008131266","","1","0","0","0","0","0","0","0","0","6","0","","02","12","2008","7","40.390341","-79.963605","","11","0","0","0","0","0","0","0","0","","0","0","0","","","0","","0","","40 23:25.228","","0","79 57:48.977","0","0","0","0","2403","0","0","0","N","0","0","0","1","02403","0","","6.0","","2","N","N","","0","","0","0","1","","0","","","2","0","0","0","0","0","0","2","0","2","","","","N","","","","","","","","","",""
"2008131271","","1","0","0","0","0","0","0","0","0","7","0","","02","12","2008","7","40.566142","-79.97657","","11","0","0","0","0","0","0","0","0","","0","0","0","","","0","","0","","40 33:58.111","","0","79 58:35.652","0","0","0","0","2207","0","0","0","N","0","0","0","5","02207","0","","2.0","","2","N","N","","0","","0","0","1","","0","","","2","0","0","0","0","0","0","2","0","2","","","","N","","","","","","","","","",""
"2008131275","","2","0","0","0","0","0","0","0","0","2","0","","02","12","2008","1","40.51","-79.7959","","11","0","0","0","0","1","0","0","1","2","0","0","0","","","0","","0","","40 30:36.000","6","0","79 47:45.240","0","0","0","0","2113","0","0","0","N","0","0","0","2","02113","0","","1.0","","1","N","N","","0","","0","0","0","","0","N","","2","0","0","0","0","0","0","2","0","2","","","","N","","","","","","","","","",""
"2008131291","","2","0","0","0","0","0","0","0","0","1","0","","02","12","2008","1","40.384873","-80.053679","","11","0","0","0","0","0","0","0","1","1","0","0","0","","","1","","0","","40 23:05.544","3","0","80 03:13.243","8","0","0","0","2109","0","0","0","N","0","0","0","4","02109","0","","1.0","","1","N","N","","0","","0","0","0","","2","N","","2","1","0","0","0","1","0","2","0","2","","","","N","","","","","","","","","",""
"2008131292","","1","0","0","0","0","0","0","0","0","2","0","","02","12","2008","1","40.446873","-79.954817","","11","0","0","0","0","0","0","0","0","3","0","0","0","","","0","","1","","40 26:48.742","4","0","79 57:17.341","0","0","0","0","2301","0","0","0","N","0","0","0","2","02301","0","","1.0","","1","N","N","","0","","0","0","1","","0","Y","","2","0","0","0","0","0","0","2","0","2","","","","N","","","","","","","","","",""
"2008131295","","1","0","0","0","0","0","0","0","0","7","0","","02","12","2008","1","40.4785","-79.7531","","11","0","0","0","0","0","0","0","0","","0","0","0","","","1","","0","","40 28:42.600","","0","79 45:11.160","4","0","0","0","2466","0","0","0","N","0","0","0","1","02466","1","","5.0","","3","N","N","","0","","0","0","0","","0","","","1","1","0","0","0","0","0","2","0","1","","","","N","","","","","","","","","",""
"2008131301","","3","0","0","0","0","0","0","0","0","5","0","","02","12","2008","1","","","","11","0","0","0","0","1","1","0","0","1","0","0","0","","","1","","6","","40 25:41.16","3","2","79 53:23.28","4","0","0","0","2301","0","0","0","N","0","0","0","6","02301","1","","1.0","","1","N","N","","0","","0","0","0","","4","N","","3","1","0","0","0","0","0","2","0","3","","","","N","","","","","","","","","",""
"2008131314","","1","0","0","0","0","0","0","0","0","2","0","","02","12","2008","1","40.448652","-80.002304","","11","0","0","0","0","0","0","0","0","","0","0","0","","","1","","1","","40 26:55.147","","0","80 00:08.294","4","0","0","0","2301","0","0","0","N","0","0","0","3","02301","1","","1.0","","1","N","N","","0","","0","0","0","","2","","","2","1","0","0","0","0","0","2","1","2","","","","N","","","","","","","","","",""
"2008131322","","0","0","0","0","0","0","0","0","0","7","0","","02","12","2008","7","","","","11","0","0","0","0","0","0","0","1","","0","0","0","","","0","","0","","40 25:09.12","","0","80 03:09.00","0","0","0","0","2435","0","0","0","Y","0","0","0","2","68B03","0","","4.0","","9","N","N","","1","","0","0","0","","0","","","1","0","0","0","0","0","0","2","0","1","","","","N","","","","","","","","","",""
"2008131326","","1","0","0","0","0","0","0","0","0","4","0","","02","12","2008","1","40.4497","-80.0251","","11","0","0","0","0","0","0","0","0","","0","0","0","","","2","","1","","40 26:58.920","","8","80 01:30.360","8","0","0","0","2301","0","0","0","N","0","0","0","4","02301","0","","1.0","","1","N","N","","0","","0","0","0","","2","","","2","2","0","0","0","2","0","2","1","2","","","","N","","","","","","","","","",""
"2008131329","","0","0","0","0","0","0","0","0","0","7","0","","02","12","2008","7","40.595333","-79.770694","","11","0","0","0","0","0","1","0","0","","0","0","0","","","0","","0","","40 35:43.199","","0","79 46:14.499","0","0","0","0","2104","0","0","0","N","0","0","0","4","68D02","0","","5.0","","7","N","N","","0","","0","0","1","","0","","","1","0","0","0","0","0","0","2","0","1","","","","N","","","","","","","","","",""
"2008131341","","2","0","0","0","0","0","0","0","0","1","0","","02","12","2008","1","40.373734","-79.844768","","11","0","0","0","0","0","2","0","0","2","0","0","0","","","2","","1","","40 22:25.442","1","0","79 50:41.166","8","0","0","0","2303","0","0","0","N","0","0","0","3","02303","0","","1.0","","1","N","N","","1","","0","0","0","","2","N","","3","2","2","0","0","2","0","2","0","3","","","","N","","","","","","","","","",""
"2008131353","","0","0","0","0","0","0","0","0","0","7","0","","02","12","2008","7","40.531819","-80.067707","","11","0","0","0","0","0","1","0","0","1","0","0","0","","","2","","0","","40 31:54.549","6","0","80 04:03.744","4","0","0","0","2215","0","0","0","N","0","0","0","2","02215","2","","3.0","","2","N","N","","0","","0","0","1","","0","N","","1","2","0","0","0","0","0","2","0","1","","","","N","","","","","","","","","",""
"2008131361","","2","0","0","0","0","0","0","0","0","1","0","","02","12","2008","1","40.543725","-80.043799","","11","0","0","0","0","0","0","0","0","","0","0","0","","","0","","2","","40 32:37.409","","0","80 02:37.678","0","0","0","0","2116","0","0","0","N","0","0","0","5","02116","0","","1.0","","1","N","N","","0","","0","0","0","","0","","","2","0","0","0","0","0","0","2","0","2","","","","N","","","","","","","","","",""
"2008131364","","2","0","0","0","0","0","0","0","0","4","0","","02","12","2008","1","40.386774","-80.045237","","11","0","0","0","0","0","0","1","0","","0","0","0","","","0","","1","","40 23:12.386","","0","80 02:42.853","0","0","0","0","2109","0","0","0","N","0","0","0","3","02109","0","","1.0","","1","N","N","","0","","0","0","0","","3","","","2","0","0","0","0","0","0","2","0","2","","","","N","","","","","","","","","",""
"2008131372","","1","0","0","0","0","0","0","0","0","7","0","","02","11","2008","1","40.411283","-80.012178","","11","0","0","0","0","0","0","0","0","","0","0","0","","","0","","10","","40 24:40.619","","99","80 00:43.840","0","0","0","0","2301","0","0","0","","0","0","0","2","02503","0","","9.0","","1","","","","0","","0","0","0","","0","","","1","0","0","0","0","0","0","2","0","1","","","","N","","","","","","","","","",""
"2008131381","","1","0","0","0","0","0","0","0","0","7","0","","02","12","2008","1","40.386067","-79.821045","","11","0","0","0","1","0","0","0","0","1","0","0","0","","","0","","0","","40 23:09.842","4","2","79 49:15.762","0","0","0","0","2111","0","0","0","N","0","0","0","1","02111","0","","2.0","","7","N","N","","0","","0","0","0","","0","N","","1","0","0","0","0","0","0","2","0","1","","","","N","","","","","","","","","",""
"2008131384","","2","0","0","0","0","0","0","0","0","4","0","","02","12","2008","7","40.426064","-79.834857","","11","0","0","0","0","0","1","0","0","1","0","0","0","","","1","","1","","40 25:33.832","2","0","79 50:05.486","4","0","0","0","2124","0","0","0","N","0","0","0","3","02124","1","","1.0","","9","N","N","","0","","0","0","0","","2","N","","2","1","1","0","0","0","0","2","0","2","","","","N","","","","","","","","","",""
"2008131385","","2","0","0","0","0","0","0","0","0","4","0","","02","12","2008","6","40.589343","-79.827641","","11","0","0","0","0","0","0","0","0","","0","0","0","","","0","","2","","40 35:21.636","","0","79 49:39.508","0","0","0","0","2209","0","0","0","N","0","0","0","3","02209","0","","1.0","","1","N","N","","0","","0","0","0","","3","","","2","0","0","0","0","0","0","2","0","2","","","","N","","","","","","","","","",""
"2008131462","","2","0","0","0","0","0","0","0","0","1","0","","02","12","2008","5","","","","11","0","0","0","0","0","0","0","0","","0","0","0","","","1","","0","","40 29:23.28","","0","80 00:34.20","4","0","0","0","2301","0","0","0","N","0","0","0","2","68B03","1","","1.0","","9","N","N","","0","","0","0","0","","0","","","2","1","0","0","0","0","0","2","0","2","","","","N","","","","","","","","","",""
"2008131463","","1","0","0","0","0","0","0","0","0","99","0","","02","12","2008","5","","","","11","0","0","0","0","0","0","0","0","","0","0","0","","","0","","0","","40 33:15.12","","0","80 05:08.16","0","0","0","0","2215","0","0","0","N","0","0","0","1","68B04","0","","1.0","","1","N","N","","0","","0","0","0","","0","","","1","0","0","0","0","0","0","2","0","1","","","","N","","","","","","","","","",""
"2008131464","","2","0","0","0","0","0","0","0","0","1","0","45","02","12","2008","7","","","","11","0","0","0","0","0","0","0","0","","0","0","0","","","0","","0","","40 26:22.92","","0","79 51:38.88","0","0","0","0","2419","0","0","0","N","0","0","0","2","68B03","0","","1.0","","9","N","N","","0","","0","0","0","","0","","","2","0","0","0","0","0","0","2","0","2","","","N","Y","3","2","N","N","N","Y","N","N","N",""
"2008131465","","0","0","0","0","0","0","0","0","0","7","0","","02","12","2008","7","","","","11","0","0","0","0","0","0","0","0","1","0","0","0","","","0","","0","","40 26:10.68","4","0","79 58:23.88","0","0","0","0","2301","0","0","0","N","0","0","0","1","68B03","0","","3.0","","9","N","N","","0","","0","0","1","","0","N","","1","0","0","0","0","0","0","2","0","1","","","","N","","","","","","","","","",""
"2008131467","","1","0","0","0","0","0","0","0","0","1","0","","02","12","2008","7","","","","11","0","0","0","0","0","1","0","0","","0","0","0","","","0","","0","","40 26:33.36","","0","80 00:31.68","0","0","0","0","2301","0","0","0","N","0","0","0","2","68B03","0","","1.0","","2","N","N","","1","","0","0","0","","0","","","2","0","0","0","0","0","0","2","0","2","","","","N","","","","","","","","","",""
"2008131468","","1","0","0","0","0","0","0","0","0","1","0","","02","12","2008","7","40.6124","-80.0952","","11","0","0","0","0","1","0","0","0","","0","0","0","","","0","","7","","40 36:44.640","","2","80 05:42.720","0","0","0","0","2481","0","0","0","N","0","0","0","3","68B03","0","","1.0","","2","N","N","","0","","0","0","2","","0","","","3","0","0","0","0","0","0","2","0","3","","","","N","","","","","","","","","",""
"2008131536","","0","0","0","0","0","0","0","0","0","7","0","","02","12","2008","7","40.4871","-79.779","","11","0","0","0","0","0","0","0","0","","0","0","0","","","0","","0","","40 29:13.560","","0","79 46:44.400","0","0","0","0","2466","0","0","0","N","0","0","0","2","68T02","0","","3.0","","7","N","N","","0","","0","0","1","","0","","","1","0","0","0","0","0","0","2","0","1","","","","N","","","","","","","","","",""
"2008131547","","1","0","0","0","0","0","0","0","0","7","0","","02","12","2008","1","40.4309","-79.7443","","11","0","0","0","0","0","0","0","0","","0","0","0","","","0","","0","","40 25:51.240","","2","79 44:39.480","0","0","0","0","2446","0","0","0","N","0","0","0","1","68T09","0","","2.0","","2","N","N","","0","","0","0","0","","8","","","1","0","0","0","0","0","0","2","0","1","","","","N","","","","","","","","","",""
"2008131572","","1","0","0","0","0","0","0","0","0","4","0","","02","12","2008","5","40.385147","-79.972836","","11","0","0","1","0","0","0","0","0","","0","0","0","","","0","","0","","40 23:06.528","","0","79 58:22.210","0","0","0","0","2403","0","0","0","N","0","0","0","4","02403","0","","1.0","","1","N","N","","1","","0","0","0","","0","","","2","0","0","0","0","0","0","2","0","2","","","","N","","","","","","","","","",""
"2008131573","","1","0","0","0","0","0","0","0","0","7","0","","02","12","2008","7","40.428671","-79.989753","","11","0","0","0","0","0","0","0","0","","0","0","0","","","0","","0","","40 25:43.217","","1","79 59:23.110","0","0","0","0","2301","0","0","0","N","0","0","0","1","02301","0","","4.0","","2","N","N","","0","","0","0","0","","0","","","1","0","0","0","0","0","0","2","0","1","","","","N","","","","","","","","","",""
"2008131574","","2","0","0","0","0","0","0","0","0","1","0","","02","12","2008","6","40.4303","-80.0285","","11","0","0","0","0","1","0","0","0","","0","0","0","","","0","","6","","40 25:49.080","","2","80 01:42.600","0","0","0","0","2301","0","0","0","N","0","0","0","4","02301","0","","1.0","","1","N","N","","0","","0","0","0","","4","","","2","0","0","0","0","0","0","2","0","2","","","","N","","","","","","","","","",""
"2008131576","","1","0","0","0","0","0","0","0","0","2","0","","02","12","2008","7","40.432442","-79.989189","","11","0","0","0","0","0","0","0","0","","0","0","0","","","2","","0","","40 25:56.790","","3","79 59:21.081","3","0","0","0","2301","0","0","0","N","0","0","0","2","02301","1","","1.0","","2","N","N","","0","","1","0","1","","0","","","2","2","1","0","0","0","0","2","0","2","","","","N","","","","","","","","","",""
"2008131597","","2","0","0","0","0","0","0","0","0","4","0","","02","12","2008","2","40.4789","-80.043","","11","0","0","0","0","0","1","0","0","","0","0","0","","","0","","1","","40 28:44.040","","0","80 02:34.800","9","0","0","0","2301","0","0","0","N","0","0","0","3","02301","0","","1.0","","1","N","N","","0","","0","0","0","","2","","","2","0","0","0","0","0","1","2","0","2","","","","N","","","","","","","","","",""
"2008131603","","1","0","0","0","0","0","0","0","0","4","0","90","02","12","2008","1","40.454076","-79.996815","","11","0","0","0","0","0","1","0","0","","0","0","0","","","2","","1","","40 27:14.672","","2","79 59:48.533","3","0","0","0","2301","0","0","0","N","0","0","0","3","02301","1","","1.0","","2","N","N","","1","","1","0","0","","2","","","2","2","0","0","0","0","0","2","0","2","","","Y","Y","8","1","","","N","","","","",""
"2008131607","","0","0","0","0","0","0","0","0","0","7","0","","02","12","2008","7","40.409429","-80.031451","","11","0","0","0","0","0","1","0","0","","0","0","0","","","0","","0","","40 24:33.944","","0","80 01:53.223","0","0","0","0","2301","0","0","0","N","0","0","0","1","02301","0","","2.0","","2","N","N","","1","","0","0","0","","0","","","1","0","0","0","0","0","0","2","0","1","","","","N","","","","","","","","","",""
"2008131610","","3","0","0","0","0","0","0","0","0","1","0","","02","12","2008","2","40.4964","-79.9383","","11","0","0","0","0","0","0","0","0","2","0","0","0","","","1","","0","","40 29:47.040","1","0","79 56:17.880","4","0","0","0","2430","0","0","0","N","0","0","0","5","02430","1","","1.0","","1","N","N","","0","","0","0","0","","0","Y","","3","1","0","0","0","0","0","2","0","3","","","","N","","","","","","","","","",""
"2008131612","","0","0","0","0","0","0","0","0","0","4","0","","02","12","2008","2","40.456513","-79.823069","","11","0","0","0","0","0","1","0","0","1","0","0","0","","","1","","2","","40 27:23.447","2","0","79 49:23.050","4","0","0","0","2113","0","0","0","N","0","0","0","3","02113","1","","1.0","","1","N","N","","0","","0","0","0","","0","N","","2","1","0","0","0","0","0","2","2","2","","","","N","","","","","","","","","",""