"CRN","ARRIVAL_TM","AUTOMOBILE_COUNT","BELTED_DEATH_COUNT","BELTED_SUSP_SERIOUS_INJ_COUNT","BICYCLE_COUNT","BICYCLE_DEATH_COUNT","BICYCLE_SUSP_SERIOUS_INJ_COUNT","BUS_COUNT","CHLDPAS_DEATH_COUNT","CHLDPAS_SUSP_SERIOUS_INJ_COUNT","COLLISION_TYPE","COMM_VEH_COUNT","CONS_ZONE_SPD_LIM","COUNTY","CRASH_MONTH","CRASH_YEAR","DAY_OF_WEEK","DEC_LATITUDE","DEC_LONGITUDE","DISPATCH_TM","DISTRICT","DRIVER_COUNT_16YR","DRIVER_COUNT_17YR","DRIVER_COUNT_18YR","DRIVER_COUNT_19YR","DRIVER_COUNT_20YR","DRIVER_COUNT_50_64YR","DRIVER_COUNT_65_74YR","DRIVER_COUNT_75PLUS","EST_HRS_CLOSED","FATAL_COUNT","HEAVY_TRUCK_COUNT","HORSE_BUGGY_COUNT","HOUR_OF_DAY","ILLUMINATION","INJURY_COUNT","INTERSECTION_RELATED","INTERSECT_TYPE","LANE_CLOSED","LATITUDE","LN_CLOSE_DIR","LOCATION_TYPE","LONGITUDE","MAX_SEVERITY_LEVEL","MCYCLE_DEATH_COUNT","MCYCLE_SUSP_SERIOUS_INJ_COUNT","MOTORCYCLE_COUNT","MUNICIPALITY","NONMOTR_COUNT","NONMOTR_DEATH_COUNT","NONMOTR_SUSP_SERIOUS_INJ_COUNT","NTFY_HIWY_MAINT","PED_COUNT","PED_DEATH_COUNT","PED_SUSP_SERIOUS_INJ_COUNT","PERSON_COUNT","POLICE_AGCY","POSSIBLE_INJ_COUNT","RDWY_SURF_TYPE_CD","RELATION_TO_ROAD","ROADWAY_CLEARED","ROAD_CONDITION","SCH_BUS_IND","SCH_ZONE_IND","SECONDARY_CRASH","SMALL_TRUCK_COUNT","SPEC_JURIS_CD","SUSP_MINOR_INJ_COUNT","SUSP_SERIOUS_INJ_COUNT","SUV_COUNT","TCD_FUNC_CD","TCD_TYPE","TFC_DETOUR_IND","TIME_OF_DAY","TOTAL_UNITS","TOT_INJ_COUNT","UNBELTED_OCC_COUNT","UNB_DEATH_COUNT","UNB_SUSP_SERIOUS_INJ_COUNT","UNK_INJ_DEG_COUNT","UNK_INJ_PER_COUNT","URBAN_RURAL","VAN_COUNT","VEHICLE_COUNT","WEATHER1","WEATHER2","WORKERS_PRES","WORK_ZONE_IND","WORK_ZONE_LOC","WORK_ZONE_TYPE","WZ_CLOSE_DETOUR","WZ_FLAGGER","WZ_LAW_OFFCR_IND","WZ_LN_CLOSURE","WZ_MOVING","WZ_OTHER","WZ_SHLDER_MDN","WZ_WORKERS_INJ_KILLED"
"2008131618","","2","0","0","0","0","0","0","0","0","4","0","","02","12","2008","2","40.429559","-79.892093","","11","0","0","0","0","0","0","0","0","1","0","0","0","","","1","","0","","40 25:46.411","2","0","79 53:31.535","4","0","0","0","2426","0","0","0","N","0","0","0","4","02426","1","","1.0","","1","N","N","","0","","0","0","0","","2","Y","","2","1","0","0","0","0","0","2","0","2","","","","N","","","","","","","","","",""
"2008131620","","1","0","0","0","0","0","1","0","0","2","1","","02","12","2008","1","40.436579","-79.955532","","11","0","0","0","0","0","1","0","0","3","0","0","0","","","2","","1","","40 26:11.684","7","0","79 57:19.915","3","0","0","0","2301","0","0","0","N","0","0","0","6","02506","1","","1.0","","1","N","N","","0","","1","0","0","","0","Y","","2","2","0","0","0","0","0","2","0","2","","","","N","","","","","","","","","",""
"2008131625","","1","0","0","1","0","0","0","0","0","4","0","","02","12","2008","2","40.451293","-79.954074","","11","0","0","0","0","0","0","0","0","","0","0","0","","","1","","2","","40 27:04.654","","0","79 57:14.666","4","0","0","0","2301","1","0","0","","0","0","0","2","02301","1","","1.0","","1","N","N","","0","","0","0","0","","0","","","2","1","0","0","0","0","0","2","0","1","","","","N","","","","","","","","","",""
"2008131626","","2","0","0","0","0","0","0","0","0","6","0","","02","12","2008","7","40.379915","-79.935545","","11","0","0","0","0","0","0","0","0","","0","0","0","","","0","","0","","40 22:47.693","","0","79 56:07.962","0","0","0","0","2301","0","0","0","N","0","0","0","5","02301","0","","1.0","","2","N","N","","0","","0","0","0","","0","","","2","0","0","0","0","0","0","2","0","2","","","","N","","","","","","","","","",""
"2008131627","","2","0","0","0","0","0","0","0","0","1","0","","02","12","2008","2","40.431166","-80.001905","","11","0","0","0","0","0","0","0","0","","0","0","0","","","0","","3","","40 25:52.198","","0","80 00:06.858","0","0","0","0","2301","0","0","0","N","0","0","0","3","02301","0","","1.0","","1","N","N","","0","","0","0","1","","2","","","3","0","0","0","0","0","0","2","0","3","","","","N","","","","","","","","","",""
"2008131629","","2","0","0","0","0","0","0","0","0","1","0","","02","12","2008","2","40.386105","-80.041096","","11","0","0","0","0","0","0","0","0","2","0","0","0","","","0","","0","","40 23:09.977","3","0","80 02:27.944","0","0","0","0","2109","0","0","0","N","0","0","0","3","02109","0","","1.0","","98","N","N","","0","","0","0","1","","0","N","","3","0","0","0","0","0","0","2","0","3","","","","N","","","","","","","","","",""
"2008131630","","2","0","0","0","0","0","0","0","0","1","0","","02","12","2008","2","40.486478","-80.03677","","11","0","0","0","0","0","0","0","0","","0","0","0","","","1","","0","","40 29:11.320","","0","80 02:12.372","8","0","0","0","2301","0","0","0","N","0","0","0","5","02301","0","","1.0","","1","N","N","","0","","0","0","0","","0","","","2","1","1","0","0","1","0","2","0","2","","","","N","","","","","","","","","",""
"2008131632","","2","0","0","0","0","0","0","0","0","4","0","","02","12","2008","5","","","","11","0","1","0","0","0","1","0","0","1","0","0","0","","","1","","0","","","3","7","","4","0","0","0","2115","0","0","0","N","0","0","0","2","02115","1","","1.0","","1","N","N","","0","","0","0","0","","3","N","","2","1","0","0","0","0","0","1","0","2","","","","N","","","","","","","","","",""
"2008131633","","1","0","0","0","0","0","0","0","0","1","0","","02","12","2008","6","40.447623","-80.154675","","11","0","0","0","0","0","0","0","0","2","0","0","0","","","0","","1","","40 26:51.443","4","0","80 09:16.830","0","0","0","0","2115","0","0","0","N","0","0","0","3","02115","0","","1.0","","1","N","N","","0","","0","0","1","","2","N","","2","0","1","0","0","0","0","2","0","2","","","","N","","","","","","","","","",""
"2008131634","","1","0","0","0","0","0","0","0","0","7","0","","02","12","2008","7","40.5636","-79.8586","","11","0","0","0","0","0","0","0","1","1","0","0","0","","","0","","0","","40 33:48.960","3","0","79 51:30.960","0","0","0","0","2209","0","0","0","N","0","0","0","2","02209","0","","5.0","","7","N","N","","0","","0","0","0","","0","N","","1","0","1","0","0","0","0","2","0","1","","","","N","","","","","","","","","",""
"2008131635","","1","0","0","0","0","0","0","0","0","99","0","","02","12","2008","2","40.5252","-80.255","","11","0","0","0","0","1","0","0","0","","0","0","0","","","0","","0","","40 31:30.720","","0","80 15:18.000","0","0","0","0","2213","0","0","0","N","0","0","0","1","02213","0","","1.0","","9","N","N","","0","","0","0","0","","0","","","1","0","0","0","0","0","0","2","0","1","","","","N","","","","","","","","","",""
"2008131636","","0","0","0","0","0","0","0","0","0","7","0","","02","12","2008","4","40.344904","-80.044053","","11","0","0","0","0","0","0","0","0","","0","0","0","","","1","","0","","40 20:41.654","","0","80 02:38.590","4","0","0","0","2407","0","0","0","N","0","0","0","1","02407","1","","4.0","","1","N","N","","0","","0","0","1","","0","","","1","1","0","0","0","0","0","2","0","1","","","","N","","","","","","","","","",""
"2008131637","","1","0","0","0","0","0","0","0","0","7","0","","02","11","2008","2","40.33405","-80.053136","","11","0","0","0","0","1","0","0","0","","0","0","0","","","0","","0","","40 20:02.579","","0","80 03:11.291","0","0","0","0","2407","0","0","0","N","0","0","0","1","02407","0","","4.0","","9","N","N","","0","","0","0","0","","0","","","1","0","0","0","0","0","0","2","0","1","","","","N","","","","","","","","","",""
"2008131638","","1","0","0","0","0","0","0","0","0","7","0","","02","12","2008","1","40.320849","-80.028592","","11","1","0","0","0","0","0","0","0","2","0","0","0","","","0","","0","","40 19:15.056","2","0","80 01:42.931","0","0","0","0","2407","0","0","0","N","0","0","0","2","02407","0","","4.0","","1","N","N","","0","","0","0","0","","0","N","","1","0","0","0","0","0","0","2","0","1","","","","N","","","","","","","","","",""
"2008131639","","1","0","0","0","0","0","0","0","0","7","0","","02","12","2008","7","40.5195","-80.1696","","11","0","0","0","0","0","0","0","0","","0","0","0","","","0","","2","","40 31:10.200","","0","80 10:10.560","0","0","0","0","2420","0","0","0","N","0","0","0","1","02420","0","","4.0","","2","N","N","","0","","0","0","0","","3","","","1","0","0","0","0","0","0","2","0","1","","","","N","","","","","","","","","",""
"2008131640","","2","0","0","0","0","0","0","0","0","4","0","","02","12","2008","7","40.518382","-80.163643","","11","1","1","0","0","0","0","0","0","1","0","0","0","","","0","","1","","40 31:06.174","4","0","80 09:49.115","0","0","0","0","2420","0","0","0","N","0","0","0","3","02420","0","","1.0","","9","N","N","","1","","0","0","0","","2","Y","","3","0","0","0","0","0","0","2","0","3","","","","N","","","","","","","","","",""
"2008131697","","0","0","0","0","0","0","0","0","0","4","0","","02","12","2008","7","40.613626","-79.757131","","11","0","0","1","0","0","1","0","0","3","0","0","0","","","0","","0","","40 36:49.055","2","3","79 45:25.670","0","0","0","0","2202","0","0","0","N","0","0","0","3","68D02","0","","1.0","","7","N","N","","0","","0","0","2","","0","N","","2","0","0","0","0","0","0","2","0","2","","","","N","","","","","","","","","",""
"2008131776","","0","0","0","0","0","0","0","0","0","7","1","55","02","12","2008","4","40.5502","-79.8267","","11","0","0","0","0","0","1","0","0","2","0","1","0","","","1","","0","","40 33:00.720","3","0","79 49:36.120","2","0","1","1","2208","0","0","0","N","0","0","0","1","68T02","0","","1.0","","1","N","N","","0","","0","1","0","","0","N","","2","1","0","0","0","0","0","2","0","2","","","Y","Y","4","1","N","N","N","N","N","Y","N",""
"2008131777","","2","0","0","0","0","0","0","0","0","1","0","55","02","12","2008","5","40.5408","-79.8228","","11","0","0","0","0","0","1","0","0","2","0","0","0","","","0","","0","","40 32:26.880","4","3","79 49:22.080","0","0","0","0","2208","0","0","0","N","0","0","0","6","68T02","0","","1.0","","9","N","N","","0","","0","0","3","","0","N","","6","0","0","0","0","0","0","2","1","6","","","N","Y","4","1","N","N","N","N","N","Y","N",""
"2008131778","","0","0","0","0","0","0","0","0","0","7","0","","02","12","2008","7","40.5986","-79.9217","","11","0","0","0","0","0","0","0","0","1","0","0","0","","","0","","0","","40 35:54.960","4","0","79 55:18.120","0","0","0","0","2207","0","0","0","N","0","0","0","2","68T02","0","","4.0","","7","N","N","","0","","0","0","1","","0","N","","1","0","0","0","0","0","0","1","0","1","","","","N","","","","","","","","","",""
"2008131788","","0","0","0","0","0","0","0","0","0","7","0","","02","12","2008","2","","","","11","0","0","0","0","0","0","0","0","3","0","0","0","","","1","","0","","","2","0","","3","0","0","0","2301","0","0","0","N","0","0","0","1","02301","0","","4.0","","1","N","N","","0","","1","0","1","","8","Y","","1","1","0","0","0","0","0","1","0","1","","","","N","","","","","","","","","",""
"2008131789","","1","0","0","0","0","0","0","0","0","7","0","","02","12","2008","2","40.4615","-79.8615","","11","0","0","0","0","0","0","0","1","","0","0","0","","","0","","0","","40 27:41.400","","0","79 51:41.400","0","0","0","0","2113","0","0","0","N","0","0","0","1","02113","0","","5.0","","1","N","N","","0","","0","0","0","","0","","","1","0","0","0","0","0","0","2","0","1","","","","N","","","","","","","","","",""
"2008131790","","1","0","0","0","0","0","0","0","0","1","0","","02","12","2008","7","40.443445","-80.028153","","11","0","0","0","0","0","0","0","0","","0","0","0","","","0","","2","","40 26:36.402","","0","80 01:41.351","0","0","0","0","2301","0","0","0","N","0","0","0","5","02301","0","","1.0","","2","N","N","","0","","0","0","0","","3","","","2","0","0","0","0","0","0","2","1","2","","","","N","","","","","","","","","",""
"2008131792","","1","0","0","0","0","0","0","0","0","4","1","","02","12","2008","2","40.438802","-79.752134","","11","0","0","0","0","0","1","0","0","2","0","1","0","","","1","","2","","40 26:19.686","4","0","79 45:07.683","3","0","0","0","2446","0","0","0","N","0","0","0","3","02446","0","","1.0","","1","N","N","","0","","1","0","0","","2","N","","2","1","1","0","0","0","0","2","0","2","","","","N","","","","","","","","","",""
"2008131793","","0","0","0","0","0","0","0","0","0","7","0","","02","11","2008","1","40.6272","-79.7658","","11","0","0","0","0","0","0","0","0","","0","0","0","","","1","","0","","40 37:37.920","","7","79 45:56.880","8","0","0","0","2202","0","0","0","","0","0","0","1","02202","0","","2.0","","1","","","","0","","0","0","1","","0","","","1","1","1","0","0","1","0","1","0","1","","","","N","","","","","","","","","",""
"2008131798","","1","0","0","0","0","0","0","0","0","7","0","","02","12","2008","2","40.394724","-80.025257","","11","0","0","0","0","0","0","0","0","","0","0","0","","","0","","0","","40 23:41.006","","0","80 01:30.925","9","0","0","0","2301","0","0","0","N","0","0","0","1","02301","0","","5.0","","1","N","N","","0","","0","0","0","","0","","","2","0","0","0","0","0","1","2","0","1","","","","N","","","","","","","","","",""
"2008131809","","1","0","0","0","0","0","0","0","0","4","0","","02","12","2008","3","40.445944","-79.84844","","11","0","0","0","0","1","1","0","0","2","0","0","0","","","1","","1","","40 26:45.400","4","0","79 50:54.385","4","0","0","0","2419","0","0","0","N","0","0","0","2","02419","1","","1.0","","1","N","N","","1","","0","0","0","","2","N","","2","1","0","0","0","0","0","2","0","2","","","","N","","","","","","","","","",""
"2008131814","","2","0","0","0","0","0","0","0","0","2","0","","02","12","2008","2","40.454","-79.9533","","11","0","0","0","0","0","0","0","0","2","0","0","0","","","2","","2","","40 27:14.400","6","0","79 57:11.880","8","0","0","0","2301","0","0","0","N","0","0","0","3","02301","0","","1.0","","1","N","N","","0","","0","0","0","","2","Y","","2","2","0","0","0","2","0","2","0","2","","","","N","","","","","","","","","",""
"2008131819","","1","0","0","0","0","0","0","0","0","0","0","","02","11","2008","3","40.2946","-79.8571","","11","0","0","1","0","0","0","0","0","1","0","0","0","","","0","","0","","40 17:40.560","5","0","79 51:25.560","0","0","0","0","2443","0","0","0","N","0","0","0","1","02443","0","","1.0","","1","N","N","","0","","0","0","0","","0","Y","","1","0","0","0","0","0","0","1","0","1","","","","N","","","","","","","","","",""
"2008131826","","1","0","0","0","0","0","0","0","0","2","0","","02","11","2008","6","40.5715","-80.037","","11","0","0","0","0","1","0","0","0","1","0","0","0","","","1","","2","","40 34:17.400","2","0","80 02:13.200","8","0","0","0","2108","0","0","0","N","0","0","0","2","02108","0","","1.0","","9","N","N","","0","","0","0","1","","0","N","","2","1","0","0","0","1","0","2","0","2","","","","N","","","","","","","","","",""
"2008131828","","0","0","0","0","0","0","0","0","0","7","0","","02","9","2008","5","40.64795","-79.867179","","11","0","0","0","0","1","0","0","0","2","0","0","0","","","0","","0","","40 38:52.620","5","0","79 52:01.844","0","0","0","0","2220","0","0","0","N","0","0","0","1","02220","0","","5.0","","1","N","N","","1","","0","0","0","","0","N","","1","0","0","0","0","0","0","1","0","1","","","","N","","","","","","","","","",""
"2008131842","","1","0","0","0","0","0","0","0","0","1","0","","02","11","2008","1","40.555","-80.0209","","11","0","0","0","0","0","0","0","1","","0","0","0","","","3","","0","","40 33:18.000","","0","80 01:15.240","8","0","0","0","2108","0","0","0","N","0","0","0","6","02108","0","","1.0","","1","N","N","","0","","0","0","2","","8","","","3","3","0","0","0","3","0","2","0","3","","","","N","","","","","","","","","",""
"2008131843","","1","0","0","0","0","0","0","0","0","1","0","","02","11","2008","6","40.5603","-80.014","","11","0","0","0","0","0","1","0","0","1","0","0","0","","","2","","0","","40 33:37.080","3","0","80 00:50.400","4","0","0","0","2108","0","0","0","N","0","0","0","6","02108","1","","1.0","","1","N","N","","0","","0","0","2","","2","Y","","3","2","0","0","0","1","0","2","0","3","","","","N","","","","","","","","","",""
"2008131856","","2","0","0","0","0","0","0","0","0","4","0","","02","11","2008","3","40.42015","-80.024924","","11","0","0","0","0","0","0","0","0","","0","0","0","","","1","","0","","40 25:12.540","","0","80 01:29.726","4","0","0","0","2301","0","0","0","N","0","0","0","4","02301","1","","1.0","","2","N","N","","0","","0","0","0","","0","","","2","1","0","0","0","0","0","2","0","2","","","","N","","","","","","","","","",""
"2008131857","","2","0","0","0","0","0","0","0","0","4","0","","02","11","2008","7","40.448652","-80.002304","","11","0","0","0","1","0","0","0","0","","0","0","0","","","1","","1","","40 26:55.147","","0","80 00:08.294","8","0","0","0","2301","0","0","0","N","0","0","0","2","02301","0","","1.0","","1","N","N","","0","","0","0","0","","2","","","2","1","0","0","0","1","0","2","0","2","","","","N","","","","","","","","","",""
"2008131858","","1","0","0","0","0","0","0","0","0","1","0","","02","11","2008","2","40.463","-80.0318","","11","0","0","0","0","0","0","0","0","","0","0","0","","","0","","6","","40 27:46.800","","2","80 01:54.480","9","0","0","0","2301","0","0","0","N","0","0","0","2","02301","0","","1.0","","1","N","N","","1","","0","0","0","","3","","","2","0","0","0","0","0","1","2","0","2","","","","N","","","","","","","","","",""
"2008131859","","3","0","0","0","0","0","0","0","0","4","0","","02","11","2008","6","","","","11","0","0","0","2","0","0","0","0","1","0","0","0","","","0","","2","","","1","0","","0","0","0","0","2301","0","0","0","N","0","0","0","12","02301","0","","1.0","","1","N","N","","0","","0","0","0","","3","N","","3","0","0","0","0","0","0","1","0","3","","","","N","","","","","","","","","",""
"2008131873","","1","0","0","0","0","0","0","0","0","7","0","","02","11","2008","5","40.389302","-80.050873","","11","0","0","0","0","0","0","0","1","","0","0","0","","","0","","0","","40 23:21.488","","0","80 03:03.143","0","0","0","0","2301","0","0","0","N","0","0","0","1","02301","0","","5.0","","1","N","N","","0","","0","0","0","","1","","","1","0","0","0","0","0","0","2","0","1","","","","N","","","","","","","","","",""
"2008131874","","0","0","0","0","0","0","0","0","0","8","0","","02","11","2008","3","40.441249","-79.959225","","11","0","0","0","0","0","0","0","0","1","0","0","0","","","1","","1","","40 26:28.496","4","0","79 57:33.210","4","0","0","0","2301","1","0","0","N","1","0","0","2","02301","1","","1.0","","1","N","N","","1","","0","0","0","","2","N","","2","1","0","0","0","0","0","2","0","1","","","","N","","","","","","","","","",""
"2008131875","","2","0","0","0","0","0","0","0","0","1","0","","02","9","2008","3","40.463471","-79.930682","","11","0","0","0","1","0","1","0","0","","0","0","0","","","0","","1","","40 27:48.495","","0","79 55:50.455","0","0","0","0","2301","0","0","0","N","0","0","0","2","02301","0","","1.0","","1","N","N","","0","","0","0","0","","2","","","2","0","0","0","0","0","0","2","0","2","","","","N","","","","","","","","","",""
"2008131876","","1","0","0","0","0","0","0","0","0","7","0","","02","11","2008","6","40.462256","-79.905566","","11","0","0","0","0","0","0","0","0","3","0","0","0","","","0","","2","","40 27:44.120","4","0","79 54:20.037","0","0","0","0","2301","0","0","0","N","0","0","0","1","02301","0","","2.0","","2","N","N","","0","","0","0","0","","0","Y","","1","0","1","0","0","0","0","2","0","1","","","","N","","","","","","","","","",""
"2008131877","","1","0","0","0","0","0","0","0","0","4","0","","02","11","2008","2","40.463642","-79.966529","","11","0","0","0","0","0","0","0","0","2","0","0","0","","","0","","0","","40 27:49.110","3","0","79 57:59.505","0","0","0","0","2301","0","0","0","N","0","0","0","2","02301","0","","6.0","","1","N","N","","0","","0","0","1","","0","N","","2","0","0","0","0","0","0","2","0","2","","","","N","","","","","","","","","",""
"2008131893","","1","0","1","0","0","0","0","0","0","7","0","","02","10","2008","7","40.390833","-79.889847","","11","0","0","0","0","0","0","0","0","","0","0","0","","","1","","0","","40 23:27.000","","0","79 53:23.450","2","0","0","0","2473","0","0","0","N","0","0","0","1","02473","0","","5.0","","1","N","N","","0","","0","1","0","","0","","","1","1","0","0","0","0","0","2","0","1","","","","N","","","","","","","","","",""
"2008131894","","0","0","0","0","0","0","0","0","0","4","0","","02","11","2008","6","40.3619","-79.9076","","11","0","0","0","0","0","0","1","0","1","0","0","0","","","1","","0","","40 21:42.840","5","0","79 54:27.360","8","0","0","1","2473","0","0","0","N","0","0","0","2","02473","0","","1.0","","1","N","N","","0","","0","0","1","","0","N","","2","1","0","0","0","1","0","2","0","2","","","","N","","","","","","","","","",""
"2008131908","","1","0","0","0","0","0","0","0","0","7","0","","02","11","2008","2","40.387541","-79.884385","","11","0","0","0","0","0","0","1","0","","0","0","0","","","0","","0","","40 23:15.147","","0","79 53:03.786","0","0","0","0","2473","0","0","0","N","0","0","0","1","02473","0","","5.0","","1","N","N","","0","","0","0","0","","0","","","1","0","0","0","0","0","0","2","0","1","","","","N","","","","","","","","","",""
"2008131909","","0","0","0","0","0","0","0","0","0","7","0","","02","11","2008","4","40.345847","-79.957846","","11","0","0","0","0","0","0","0","0","","0","0","0","","","0","","0","","40 20:45.050","","0","79 57:28.246","0","0","0","0","2473","0","0","0","N","0","0","0","1","02473","0","","3.0","","1","N","N","","0","","0","0","1","","0","","","1","0","0","0","0","0","0","2","0","1","","","","N","","","","","","","","","",""
"2008131910","","1","0","0","0","0","0","0","0","0","8","0","","02","11","2008","4","","","","11","0","0","0","0","0","0","0","0","2","0","0","0","","","1","","2","","","4","0","","8","0","0","0","2473","1","0","0","N","1","0","0","2","02473","0","","1.0","","1","N","N","","0","","0","0","0","","3","Y","","2","1","0","0","0","1","0","1","0","1","","","","N","","","","","","","","","",""
"2008131930","","3","0","0","0","0","0","0","0","0","1","0","55","02","12","2008","6","","","","11","0","0","0","0","0","0","2","0","","0","0","0","","","1","","0","","40 30:11.52","","0","80 01:35.76","8","0","0","0","2116","0","0","0","N","0","0","0","4","68B03","0","","1.0","","1","N","N","","0","","0","0","0","","8","","","3","1","0","0","0","1","0","2","0","3","","","Y","Y","3","2","N","Y","N","Y","N","N","Y",""
"2008131931","","0","0","0","0","0","0","0","0","0","0","0","","02","12","2008","7","40.331","-80.1385","","11","0","0","0","0","0","0","0","0","2","0","0","0","","","0","","0","","40 19:51.600","1","0","80 08:18.600","0","0","0","0","2119","0","0","0","Y","0","0","0","2","68B04","0","","1.0","","2","N","N","","1","","0","0","0","","0","Y","","1","0","0","0","0","0","0","2","0","1","","","","N","","","","","","","","","",""
"2008132100","","1","0","0","0","0","0","0","0","0","1","0","","02","12","2008","2","40.4299","-79.9987","","11","0","0","0","0","0","0","0","0","2","0","0","0","","","0","","0","","40 25:47.640","2","3","79 59:55.320","0","0","0","0","2301","0","0","0","N","0","0","0","3","02301","0","","1.0","","1","N","N","","0","","0","0","0","","0","N","","2","0","0","0","0","0","0","2","1","2","","","","N","","","","","","","","","",""
"2008132102","","0","0","0","0","0","0","0","0","0","4","0","","02","12","2008","2","40.4389","-79.7605","","11","0","0","0","0","0","0","0","0","","0","0","0","","","0","","1","","40 26:20.040","","0","79 45:37.800","0","0","0","0","2446","0","0","0","N","0","0","0","3","02446","0","","1.0","","1","N","N","","0","","0","0","2","","2","","","2","0","1","0","0","0","0","2","0","2","","","","N","","","","","","","","","",""
"2008132106","","0","0","0","0","0","0","0","0","0","7","0","","02","12","2008","7","","","","11","0","0","0","0","0","1","0","0","","0","0","0","","","0","","6","","40 27:32.04","","8","79 59:57.12","0","0","0","0","2301","0","0","0","N","0","0","0","2","02301","0","","2.0","","2","N","N","","0","","0","0","1","","0","","","1","0","0","0","0","0","0","2","0","1","","","","N","","","","","","","","","",""
"2008132109","","1","0","0","0","0","0","0","0","0","7","0","","02","12","2008","2","40.6604","-79.8793","","11","0","0","0","0","0","0","0","0","1","0","0","0","","","0","","0","","40 39:37.440","6","0","79 52:45.480","0","0","0","0","2220","0","0","0","N","0","0","0","1","02220","0","","5.0","","1","N","N","","0","","0","0","0","","0","N","","1","0","0","0","0","0","0","1","0","1","","","","N","","","","","","","","","",""
"2008132112","","0","0","0","0","0","0","0","0","0","4","1","","02","12","2008","3","40.430024","-79.98866","","11","0","0","0","0","0","0","1","0","","0","1","0","","","0","","2","","40 25:48.086","","0","79 59:19.176","0","0","0","0","2301","0","0","0","N","0","0","0","2","02301","0","","1.0","","1","N","N","","0","","0","0","1","","2","","","2","0","0","0","0","0","0","2","0","2","","","","N","","","","","","","","","",""
"2008132113","","1","0","0","0","0","0","0","0","0","4","0","","02","12","2008","7","40.5905","-79.9573","","11","0","0","0","0","0","1","0","0","1","0","0","0","","","0","","0","","40 35:25.800","4","0","79 57:26.280","0","0","0","0","2207","0","0","0","N","0","0","0","5","02207","0","","1.0","","7","N","N","","0","","0","0","1","","0","N","","2","0","0","0","0","0","0","2","0","2","","","","N","","","","","","","","","",""
"2008132116","","1","0","0","0","0","0","0","0","0","7","0","","02","12","2008","2","40.3965","-80.1314","","11","0","0","0","0","0","1","0","0","2","0","0","0","","","0","","0","","40 23:47.400","7","0","80 07:53.040","0","0","0","0","2102","0","0","0","N","0","0","0","2","02102","0","","2.0","","1","N","N","","0","","0","0","0","","0","Y","","1","0","0","0","0","0","0","2","0","1","","","","N","","","","","","","","","",""
"2008132117","","2","0","0","0","0","0","0","0","0","6","0","","02","12","2008","1","40.500937","-80.05739","","11","0","0","0","0","0","0","0","0","3","0","0","0","","","0","","0","","40 30:03.373","6","0","80 03:26.603","0","0","0","0","2404","0","0","0","N","0","0","0","1","02404","0","","1.0","","1","N","N","","1","","0","0","2","","0","Y","","6","0","1","0","0","0","0","2","1","6","","","","N","","","","","","","","","",""
"2008132118","","2","0","0","0","0","0","0","0","0","4","0","","02","12","2008","4","40.4487","-80.0126","","11","0","0","0","0","0","0","0","0","","0","0","0","","","0","","6","","40 26:55.320","","0","80 00:45.360","0","0","0","0","2301","0","0","0","N","0","0","0","3","02301","0","","1.0","","1","N","N","","0","","0","0","0","","2","","","2","0","0","0","0","0","0","2","0","2","","","","N","","","","","","","","","",""
"2008132125","","1","0","0","0","0","0","0","0","0","8","0","","02","12","2008","3","40.382861","-80.052431","","11","0","0","0","0","0","0","1","0","1","0","0","0","","","1","","1","","40 22:58.298","7","0","80 03:08.753","3","0","0","0","2109","1","0","0","N","1","0","0","2","02109","0","","1.0","","1","N","N","","0","","1","0","0","","2","Y","","2","1","0","0","0","0","0","2","0","1","","","","N","","","","","","","","","",""
"2008132135","","1","0","0","0","0","0","0","0","0","8","0","","02","12","2008","6","40.442048","-79.999617","","11","0","0","0","0","0","0","0","0","1","0","0","0","","","1","","1","","40 26:31.372","2","0","79 59:58.621","3","0","0","0","2301","1","0","0","N","1","0","0","2","02301","0","","1.0","","1","N","N","","0","","1","0","0","","2","N","","2","1","0","0","0","0","0","2","0","1","","","","N","","","","","","","","","",""
"2008132136","","1","0","0","0","0","0","0","0","0","8","0","","02","12","2008","3","40.441249","-79.959225","","11","0","0","0","0","0","0","0","0","","0","0","0","","","1","","2","","40 26:28.496","","0","79 57:33.210","8","0","0","0","2301","1","0","0","N","1","0","0","3","02301","0","","1.0","","1","N","N","","0","","0","0","0","","2","","","2","1","0","0","0","1","0","2","0","1","","","","N","","","","","","","","","",""
"2008132139","","0","0","0","0","0","0","0","0","0","0","0","","02","12","2008","7","40.4019","-79.9185","","11","0","0","0","0","0","0","0","0","","0","0","0","","","0","","0","","40 24:06.840","","0","79 55:06.600","0","0","0","0","2472","0","0","0","N","0","0","0","1","02472","0","","5.0","","2","N","N","","0","","0","0","1","","0","","","1","0","0","0","0","0","0","2","0","1","","","","N","","","","","","","","","",""
"2008132149","","1","0","0","0","0","0","1","0","0","1","0","","02","12","2008","3","40.496014","-80.007929","","11","0","0","0","0","0","0","0","1","1","0","0","0","","","0","","1","","40 29:45.651","6","0","80 00:28.545","0","0","0","0","2301","0","0","0","N","0","0","0","37","02301","0","","1.0","","9","Y","N","","0","","0","0","0","","3","N","","2","0","1","0","0","0","0","2","0","2","","","","N","","","","","","","","","",""