"CRN","ARRIVAL_TM","AUTOMOBILE_COUNT","BELTED_DEATH_COUNT","BELTED_SUSP_SERIOUS_INJ_COUNT","BICYCLE_COUNT","BICYCLE_DEATH_COUNT","BICYCLE_SUSP_SERIOUS_INJ_COUNT","BUS_COUNT","CHLDPAS_DEATH_COUNT","CHLDPAS_SUSP_SERIOUS_INJ_COUNT","COLLISION_TYPE","COMM_VEH_COUNT","CONS_ZONE_SPD_LIM","COUNTY","CRASH_MONTH","CRASH_YEAR","DAY_OF_WEEK","DEC_LATITUDE","DEC_LONGITUDE","DISPATCH_TM","DISTRICT","DRIVER_COUNT_16YR","DRIVER_COUNT_17YR","DRIVER_COUNT_18YR","DRIVER_COUNT_19YR","DRIVER_COUNT_20YR","DRIVER_COUNT_50_64YR","DRIVER_COUNT_65_74YR","DRIVER_COUNT_75PLUS","EST_HRS_CLOSED","FATAL_COUNT","HEAVY_TRUCK_COUNT","HORSE_BUGGY_COUNT","HOUR_OF_DAY","ILLUMINATION","INJURY_COUNT","INTERSECTION_RELATED","INTERSECT_TYPE","LANE_CLOSED","LATITUDE","LN_CLOSE_DIR","LOCATION_TYPE","LONGITUDE","MAX_SEVERITY_LEVEL","MCYCLE_DEATH_COUNT","MCYCLE_SUSP_SERIOUS_INJ_COUNT","MOTORCYCLE_COUNT","MUNICIPALITY","NONMOTR_COUNT","NONMOTR_DEATH_COUNT","NONMOTR_SUSP_SERIOUS_INJ_COUNT","NTFY_HIWY_MAINT","PED_COUNT","PED_DEATH_COUNT","PED_SUSP_SERIOUS_INJ_COUNT","PERSON_COUNT","POLICE_AGCY","POSSIBLE_INJ_COUNT","RDWY_SURF_TYPE_CD","RELATION_TO_ROAD","ROADWAY_CLEARED","ROAD_CONDITION","SCH_BUS_IND","SCH_ZONE_IND","SECONDARY_CRASH","SMALL_TRUCK_COUNT","SPEC_JURIS_CD","SUSP_MINOR_INJ_COUNT","SUSP_SERIOUS_INJ_COUNT","SUV_COUNT","TCD_FUNC_CD","TCD_TYPE","TFC_DETOUR_IND","TIME_OF_DAY","TOTAL_UNITS","TOT_INJ_COUNT","UNBELTED_OCC_COUNT","UNB_DEATH_COUNT","UNB_SUSP_SERIOUS_INJ_COUNT","UNK_INJ_DEG_COUNT","UNK_INJ_PER_COUNT","URBAN_RURAL","VAN_COUNT","VEHICLE_COUNT","WEATHER1","WEATHER2","WORKERS_PRES","WORK_ZONE_IND","WORK_ZONE_LOC","WORK_ZONE_TYPE","WZ_CLOSE_DETOUR","WZ_FLAGGER","WZ_LAW_OFFCR_IND","WZ_LN_CLOSURE","WZ_MOVING","WZ_OTHER","WZ_SHLDER_MDN","WZ_WORKERS_INJ_KILLED"
"2008132157","","1","0","0","0","0","0","0","0","0","7","0","","02","12","2008","7","40.514783","-80.003143","","11","0","0","0","0","0","1","0","0","","0","0","0","","","0","","0","","40 30:53.217","","0","80 00:11.314","0","0","0","0","2116","0","0","0","N","0","0","0","1","02116","0","","5.0","","7","N","N","","0","","0","0","0","","0","","","1","0","0","0","0","0","0","2","0","1","","","","N","","","","","","","","","",""
"2008132158","","1","0","0","0","0","0","0","0","0","4","0","","02","12","2008","3","40.390555","-79.903295","","11","0","1","0","0","0","0","0","0","2","0","0","0","","","0","","0","","40 23:25.998","2","99","79 54:11.863","0","0","0","0","2448","0","0","0","N","0","0","0","3","02448","0","","1.0","","1","N","N","","0","","0","0","1","","0","N","","2","0","0","0","0","0","0","2","0","2","","","","N","","","","","","","","","",""
"2008132161","","1","0","0","0","0","0","0","0","0","4","0","","02","12","2008","2","40.530541","-80.010987","","11","0","0","0","0","0","0","0","0","","0","0","0","","","0","","0","","40 31:49.947","","0","80 00:39.554","0","0","0","0","2116","0","0","0","N","0","0","0","2","02116","0","","1.0","","1","N","N","","1","","0","0","0","","0","","","2","0","0","0","0","0","0","2","0","2","","","","N","","","","","","","","","",""
"2008132163","","2","0","0","0","0","0","0","0","0","4","0","","02","12","2008","3","40.396195","-80.023707","","11","0","0","1","0","0","0","0","0","2","0","0","0","","","0","","1","","40 23:46.302","1","0","80 01:25.345","9","0","0","0","2301","0","0","0","N","0","0","0","2","02301","0","","1.0","","9","N","N","","0","","0","0","0","","2","Y","","2","0","0","0","0","0","1","2","0","2","","","","N","","","","","","","","","",""
"2008132304","","2","0","0","0","0","0","0","0","0","4","0","","02","12","2008","3","40.4949","-80.0655","","11","0","0","0","1","0","0","0","0","2","0","0","0","","","4","","0","","40 29:41.640","2","0","80 03:55.800","3","0","0","0","2402","0","0","0","N","0","0","0","4","02402","1","","1.0","","9","N","N","","0","","3","0","0","","0","Y","","2","4","3","0","0","0","0","2","0","2","","","","N","","","","","","","","","",""
"2008132305","","2","0","0","0","0","0","0","0","0","1","0","","02","12","2008","3","40.278951","-79.836705","","11","0","1","0","0","0","0","0","0","1","0","0","0","","","0","","2","","40 16:44.224","1","0","79 50:12.139","0","0","0","0","2105","0","0","0","N","0","0","0","5","02105","0","","1.0","","9","N","N","","0","","0","0","0","","0","Y","","2","0","1","0","0","0","0","2","0","2","","","","N","","","","","","","","","",""
"2008132308","","1","0","0","0","0","0","0","0","0","4","0","","02","12","2008","3","40.428724","-79.987465","","11","0","0","0","0","0","0","0","0","","0","0","0","","","0","","1","","40 25:43.406","","0","79 59:14.875","0","0","0","0","2301","0","0","0","N","0","0","0","4","02301","0","","1.0","","1","N","N","","1","","0","0","0","","3","","","2","0","0","0","0","0","0","2","0","2","","","","N","","","","","","","","","",""
"2008132310","","1","0","0","0","0","0","0","0","0","7","0","","02","12","2008","3","40.215808","-79.81755","","11","0","1","0","0","0","0","0","0","2","0","0","0","","","0","","2","","40 12:56.910","6","0","79 49:03.181","0","0","0","0","2105","0","0","0","N","0","0","0","1","02105","0","","2.0","","9","N","N","","0","","0","0","0","","3","Y","","1","0","0","0","0","0","0","1","0","1","","","","N","","","","","","","","","",""
"2008132311","","1","0","0","0","0","0","1","0","0","4","1","","02","12","2008","3","40.438892","-79.934087","","11","0","0","0","0","0","1","0","0","2","0","0","0","","","1","","2","","40 26:20.011","6","0","79 56:02.713","8","0","0","0","2301","0","0","0","N","0","0","0","2","02503","0","","1.0","","9","N","N","","0","","0","0","0","","3","Y","","2","1","0","0","0","1","0","2","0","2","","","","N","","","","","","","","","",""
"2008132315","","1","0","0","0","0","0","0","0","0","5","1","","02","12","2008","2","40.497816","-80.060151","","11","0","0","0","0","0","0","0","0","","0","1","0","","","0","","1","","40 29:52.139","","0","80 03:36.544","0","0","0","0","2404","0","0","0","N","0","0","0","2","02404","0","","1.0","","1","N","N","","0","","0","0","0","","2","","","2","0","0","0","0","0","0","2","0","2","","","","N","","","","","","","","","",""
"2008132322","","1","0","0","0","0","0","0","0","0","2","1","","02","12","2008","3","40.5962","-79.9802","","11","0","0","0","0","0","0","0","0","2","0","1","0","","","1","","0","","40 35:46.320","6","0","79 58:48.720","8","0","0","0","2207","0","0","0","N","0","0","0","2","02207","0","","1.0","","9","N","N","","0","","0","0","0","","0","Y","","2","1","0","0","0","1","0","1","0","2","","","","N","","","","","","","","","",""
"2008132324","","0","0","0","0","0","0","0","0","0","7","0","","02","12","2008","7","","","","11","0","0","0","0","0","0","0","0","2","0","0","0","","","1","","0","","40 29:15.36","4","2","80 15:59.04","4","0","0","0","2203","0","0","0","Y","0","0","0","2","02501","1","","4.0","","7","N","N","","0","","0","0","1","","0","N","","1","1","0","0","0","0","0","2","0","1","","","","N","","","","","","","","","",""
"2008132325","","1","0","0","0","0","0","0","0","0","7","0","","02","12","2008","4","40.425306","-80.07255","","11","0","0","0","0","0","0","0","0","","0","0","0","","","0","","2","","40 25:31.101","","0","80 04:21.180","0","0","0","0","2301","0","0","0","","0","0","0","0","02301","0","","5.0","","9","","Y","","0","","0","0","0","","3","","","1","0","0","0","0","0","0","2","0","1","","","","N","","","","","","","","","",""
"2008132330","","1","0","0","0","0","0","0","0","0","8","0","","02","11","2008","2","40.600123","-79.957993","","11","0","0","0","0","0","0","0","0","","0","0","0","","","1","","2","","40 36:00.443","","0","79 57:28.775","8","0","0","0","2207","1","0","0","N","1","0","0","3","02207","0","","1.0","","9","N","N","","1","","0","0","0","","0","","","3","1","1","0","0","1","0","2","0","2","","","","N","","","","","","","","","",""
"2008132471","","2","0","0","0","0","0","0","0","0","1","0","","02","11","2008","3","40.534777","-79.990405","","11","0","0","0","0","0","0","1","0","","0","0","0","","","1","","2","","40 32:05.197","","0","79 59:25.458","8","0","0","0","2116","0","0","0","N","0","0","0","2","02116","0","","1.0","","1","N","N","","0","","0","0","0","","0","","","2","1","0","0","0","1","0","2","0","2","","","","N","","","","","","","","","",""
"2008132480","","1","0","0","0","0","0","0","0","0","1","0","","02","12","2008","4","40.5383","-79.8326","","11","0","0","0","0","1","0","1","0","","0","0","0","","","0","","0","","40 32:17.880","","0","79 49:57.360","0","0","0","0","2208","0","0","0","N","0","0","0","2","02208","0","","1.0","","9","N","N","","0","","0","0","1","","0","","","2","0","0","0","0","0","0","2","0","2","","","","N","","","","","","","","","",""
"2008132482","","2","0","0","0","0","0","0","0","0","4","0","","02","12","2008","4","40.4099","-80.0316","","11","0","0","0","0","0","1","0","0","","0","0","0","","","2","","2","","40 24:35.640","","0","80 01:53.760","4","0","0","0","2301","0","0","0","N","0","0","0","2","02301","2","","1.0","","9","N","N","","0","","0","0","0","","0","","","2","2","0","0","0","0","0","2","0","2","","","","N","","","","","","","","","",""
"2008132488","","1","0","0","0","0","0","0","0","0","4","0","","02","12","2008","4","40.42494","-79.920021","","11","0","0","0","0","0","0","0","1","","0","0","0","","","0","","5","","40 25:29.784","","0","79 55:12.075","0","0","0","0","2301","0","0","0","N","0","0","0","2","02301","0","","1.0","","9","N","N","","0","","0","0","1","","3","","","2","0","0","0","0","0","0","2","0","2","","","","N","","","","","","","","","",""
"2008132494","","3","0","0","0","0","0","0","0","0","4","0","","02","12","2008","1","40.495863","-80.051695","","11","0","0","0","0","0","0","0","0","1","0","0","0","","","1","","1","","40 29:45.106","4","0","80 03:06.102","4","0","0","0","2404","0","0","0","N","0","0","0","3","02404","1","","1.0","","1","N","N","","0","","0","0","0","","3","N","","3","1","0","0","0","0","0","2","0","3","","","","N","","","","","","","","","",""
"2008132497","","1","0","1","0","0","0","0","0","0","7","0","","02","12","2008","4","40.4581","-80.0302","","11","0","0","0","0","0","0","0","0","1","0","0","0","","","1","","0","","40 27:29.160","2","6","80 01:48.720","2","0","0","0","2301","0","0","0","N","0","0","0","1","02301","0","","2.0","","9","N","N","","0","","0","1","0","","0","N","","1","1","0","0","0","0","0","2","0","1","","","","N","","","","","","","","","",""
"2008132498","","2","0","0","0","0","0","0","0","0","1","0","","02","12","2008","1","40.530554","-80.009739","","11","0","0","0","0","0","1","1","0","1","0","0","0","","","1","","0","","40 31:49.996","1","0","80 00:35.059","4","0","0","0","2116","0","0","0","N","0","0","0","2","02116","1","","1.0","","1","N","N","","0","","0","0","0","","2","Y","","2","1","1","0","0","0","0","2","0","2","","","","N","","","","","","","","","",""
"2008132499","","0","0","0","0","0","0","0","0","0","5","1","","02","12","2008","4","40.4347","-79.9955","","11","0","0","0","0","0","1","0","0","2","0","1","0","","","0","","0","","40 26:04.920","2","0","79 59:43.800","0","0","0","0","2301","0","0","0","N","0","0","0","2","02301","0","","1.0","","1","N","N","","1","","0","0","0","","0","N","","2","0","0","0","0","0","0","2","0","2","","","","N","","","","","","","","","",""
"2008132526","","1","0","0","0","0","0","0","0","0","7","0","","02","12","2008","1","40.475098","-79.939053","","11","0","0","0","0","0","0","0","0","","0","0","0","","","0","","0","","40 28:30.352","","0","79 56:20.590","0","0","0","0","2301","0","0","0","N","0","0","0","1","02301","0","","4.0","","2","N","N","","0","","0","0","0","","0","","","1","0","0","0","0","0","0","2","0","1","","","","N","","","","","","","","","",""
"2008132532","","1","0","0","0","0","0","0","0","0","6","0","","02","12","2008","4","40.468951","-80.00142","","11","0","0","0","0","0","1","0","0","","0","0","0","","","0","","1","","40 28:08.223","","1","80 00:05.112","0","0","0","0","2301","0","0","0","N","0","0","0","2","02301","0","","1.0","","9","N","N","","0","","0","0","0","","0","","","2","0","0","0","0","0","0","2","1","2","","","","N","","","","","","","","","",""
"2008132535","","0","0","0","0","0","0","0","0","0","1","0","","02","12","2008","4","40.6593","-79.9762","","11","0","0","0","0","0","0","0","0","1","0","0","0","","","0","","0","","40 39:33.480","4","0","79 58:34.320","0","0","0","0","2217","0","0","0","N","0","0","0","2","02505","0","","1.0","","9","N","N","","1","","0","0","1","","0","Y","","2","0","0","0","0","0","0","1","0","2","","","","N","","","","","","","","","",""
"2008132541","","0","0","0","0","0","0","0","0","0","8","0","","02","12","2008","4","40.438838","-80.001659","","11","0","0","0","0","0","0","0","0","","0","0","0","","","1","","1","","40 26:19.816","","0","80 00:05.972","8","0","0","0","2301","1","0","0","N","1","0","0","2","02301","0","","1.0","","9","N","N","","1","","0","0","0","","2","","","2","1","0","0","0","1","0","2","0","1","","","","N","","","","","","","","","",""
"2008132543","","0","0","0","0","0","0","0","0","0","8","0","","02","12","2008","4","40.463516","-79.948945","","11","0","0","0","0","0","0","0","0","","0","0","0","","","1","","1","","40 27:48.657","","0","79 56:56.202","8","0","0","0","2301","1","0","0","N","1","0","0","4","02301","0","","1.0","","9","N","N","","0","","0","0","1","","2","","","2","1","0","0","0","1","0","2","0","1","","","","N","","","","","","","","","",""
"2008132544","","1","0","0","0","0","0","0","0","0","8","0","","02","12","2008","4","40.447362","-79.911134","","11","0","0","0","0","0","1","0","0","","0","0","0","","","1","","1","","40 26:50.502","","0","79 54:40.083","8","0","0","0","2301","1","0","0","N","1","0","0","2","02301","0","","1.0","","9","N","N","","0","","0","0","0","","2","","","2","1","0","0","0","1","0","2","0","1","","05","","N","","","","","","","","","",""
"2008132545","","1","0","0","0","0","0","0","0","0","4","0","","02","12","2008","4","40.600113","-80.077982","","11","0","0","0","0","0","0","1","1","","0","0","0","","","0","","2","","40 36:00.406","","0","80 04:40.735","0","0","0","0","2481","0","0","0","N","0","0","0","2","02481","0","","1.0","","9","N","N","","1","","0","0","0","","3","","","2","0","0","0","0","0","0","2","0","2","","","","N","","","","","","","","","",""
"2008132596","","0","0","0","0","0","0","0","0","0","8","0","","02","12","2008","4","40.441387","-79.963469","","11","0","0","0","0","0","0","0","0","","0","0","0","","","1","","2","","40 26:28.993","","0","79 57:48.488","4","0","0","0","2301","1","0","0","N","1","0","0","2","02301","1","","1.0","","9","N","N","","0","","0","0","1","","3","","","2","1","0","0","0","0","0","2","0","1","","","","N","","","","","","","","","",""
"2008132603","","2","0","0","0","0","0","0","0","0","5","0","","02","12","2008","4","40.3381","-79.8068","","11","0","0","0","0","0","1","0","0","","0","0","0","","","1","","0","","40 20:17.160","","7","79 48:24.480","8","0","0","0","2477","0","0","0","N","0","0","0","4","02477","0","","1.0","","9","N","N","","0","","0","0","0","","2","","","2","1","0","0","0","1","0","2","0","2","","","","N","","","","","","","","","",""
"2008132613","","1","0","0","1","0","0","0","0","0","4","0","","02","12","2008","4","40.386774","-80.045237","","11","0","0","0","0","0","1","0","0","1","0","0","0","","","1","","1","","40 23:12.386","3","0","80 02:42.853","3","0","0","0","2109","1","0","0","N","0","0","0","2","02109","0","","1.0","","9","N","N","","0","","1","0","0","","3","Y","","2","1","0","0","0","0","0","2","0","1","","","","N","","","","","","","","","",""
"2008132619","","1","0","0","0","0","0","0","0","0","8","0","","02","12","2008","4","40.457056","-79.997773","","11","0","0","0","0","0","0","0","0","","0","0","0","","","1","","0","","40 27:25.400","","0","79 59:51.982","8","0","0","0","2301","0","0","0","N","0","0","0","4","02301","0","","1.0","","9","N","N","","1","","0","0","0","","2","","","2","1","0","0","0","1","0","2","0","2","","","","N","","","","","","","","","",""
"2008132626","","1","0","0","0","0","0","0","0","0","4","0","","02","12","2008","4","40.437392","-79.999303","","11","0","0","0","0","0","1","0","0","","0","0","0","","","0","","1","","40 26:14.612","","0","79 59:57.489","0","0","0","0","2301","0","0","0","N","0","0","0","4","02301","0","","1.0","","9","N","N","","0","","0","0","1","","2","","","2","0","0","0","0","0","0","2","0","2","","","","N","","","","","","","","","",""
"2008132630","","0","0","0","0","0","0","0","0","0","7","0","","02","12","2008","4","40.450743","-79.843739","","11","0","0","0","0","0","0","0","0","","0","0","0","","","0","","2","","40 27:02.676","","0","79 50:37.462","0","0","0","0","2113","0","0","0","Y","0","0","0","1","02113","0","","2.0","","9","N","N","","0","","0","0","1","","0","","","1","0","0","0","0","0","0","2","0","1","","","","N","","","","","","","","","",""
"2008132635","","1","0","0","0","0","0","0","0","0","7","0","","02","12","2008","3","40.6549","-80.0104","","11","0","1","0","0","0","0","0","0","1","0","0","0","","","0","","0","","40 39:17.640","2","0","80 00:37.440","0","0","0","0","2216","0","0","0","N","0","0","0","1","02505","0","","2.0","","9","N","N","","0","","0","0","0","","0","N","","1","0","0","0","0","0","0","1","0","1","","","","N","","","","","","","","","",""
"2008132637","","1","0","0","0","0","0","0","0","0","7","0","","02","12","2008","3","40.618579","-79.868006","","11","0","0","0","0","0","0","0","0","2","0","0","0","","","2","","2","","40 37:06.886","5","0","79 52:04.821","3","0","0","0","2220","0","0","0","N","0","0","0","2","02220","0","","5.0","","1","N","N","","0","","2","0","0","","0","Y","","1","2","2","0","0","0","0","2","0","1","","","","N","","","","","","","","","",""
"2008132646","","0","0","0","0","0","0","0","0","0","4","0","","02","12","2008","3","40.465806","-79.907659","","11","0","0","0","0","0","0","0","0","","0","0","0","","","1","","0","","40 27:56.901","","0","79 54:27.572","8","0","0","0","2301","0","0","0","N","0","0","0","2","02301","0","","1.0","","1","N","N","","0","","0","0","1","","0","","","2","1","0","0","0","1","0","2","1","2","","","","N","","","","","","","","","",""
"2008132649","","1","0","0","0","0","0","0","0","0","4","0","","02","12","2008","1","40.2559","-79.8456","","11","0","0","0","0","0","1","1","0","","0","0","0","","","0","","10","","40 15:21.240","","0","79 50:44.160","0","0","0","0","2105","0","0","0","N","0","0","0","2","02105","0","","1.0","","98","N","N","","0","","0","0","0","","3","","","2","0","0","0","0","0","0","2","1","2","","","","N","","","","","","","","","",""
"2008132659","","2","0","0","0","0","0","0","0","0","4","0","","02","12","2008","4","40.459892","-79.907166","","11","0","0","0","0","0","0","0","0","2","0","0","0","","","1","","2","","40 27:35.610","1","0","79 54:25.798","3","0","0","0","2301","0","0","0","N","0","0","0","2","02301","0","","1.0","","9","N","N","","0","","1","0","0","","3","N","","2","1","1","0","0","0","0","2","0","2","","","","N","","","","","","","","","",""
"2008132663","","1","0","0","0","0","0","0","0","0","7","0","","02","12","2008","4","40.34109","-80.071706","","11","0","0","0","0","0","0","0","1","2","0","0","0","","","1","","2","","40 20:27.924","4","0","80 04:18.141","8","0","0","0","2123","0","0","0","N","0","0","0","2","02123","0","","3.0","","9","N","N","","0","","0","0","0","","0","N","","1","1","0","0","0","1","0","2","0","1","","","","N","","","","","","","","","",""
"2008132669","","1","0","0","0","0","0","0","0","0","7","0","","02","12","2008","5","40.41693","-79.97777","","11","0","1","0","0","0","0","0","0","2","0","0","0","","","0","","0","","40 25:00.949","1","0","79 58:39.972","0","0","0","0","2301","0","0","0","N","0","0","0","1","02301","0","","5.0","","9","N","N","","0","","0","0","0","","0","N","","1","0","0","0","0","0","0","2","0","1","","","","N","","","","","","","","","",""
"2008132672","","1","0","0","0","0","0","0","0","0","1","0","","02","12","2008","5","40.39053","-79.996668","","11","0","0","0","0","0","0","0","0","","0","0","0","","","1","","0","","40 23:25.908","","0","79 59:48.004","8","0","0","0","2301","0","0","0","Y","0","0","0","2","02301","0","","1.0","","1","N","N","","0","","0","0","1","","0","","","2","1","0","0","0","1","0","2","0","2","","","","N","","","","","","","","","",""
"2008132688","","1","0","0","0","0","0","0","0","0","7","0","50","02","11","2008","3","","","","11","0","0","0","0","0","0","0","0","","0","0","0","","","0","","0","","40 25:31.08","","0","80 07:18.84","0","0","0","0","2102","0","0","0","Y","0","0","0","1","68B03","0","","2.0","","1","N","N","","0","","0","0","0","","0","","","1","0","0","0","0","0","0","2","0","1","","","N","Y","4","1","N","N","N","N","N","N","Y",""
"2008132689","","1","0","0","0","0","0","0","0","0","1","0","","02","11","2008","7","","","","11","0","0","0","0","0","2","0","0","2","0","0","0","","","1","","0","","40 26:20.76","4","0","79 51:42.12","4","0","0","0","2478","0","0","0","Y","0","0","0","9","68B04","1","","1.0","","1","N","N","","0","","0","0","3","","0","N","","4","1","0","0","0","0","0","2","0","4","","","","N","","","","","","","","","",""
"2008132690","","2","0","0","0","0","0","0","0","0","1","0","","02","12","2008","3","","","","11","0","0","0","0","0","1","0","0","","0","0","0","","","2","","0","","40 26:23.64","","0","79 45:21.60","3","0","0","0","2446","0","0","0","N","0","0","0","3","68B03","1","","1.0","","1","N","N","","0","","1","0","0","","0","","","2","2","0","0","0","0","0","2","0","2","","","","N","","","","","","","","","",""
"2008132691","","2","0","0","0","0","0","0","0","0","1","0","","02","12","2008","3","","","","11","0","0","0","0","0","1","0","0","1","0","0","0","","","1","","0","","40 26:40.56","3","0","79 46:25.32","4","0","0","0","2446","0","0","0","Y","0","0","0","2","68B03","1","","1.0","","1","N","N","","0","","0","0","0","","0","N","","2","1","0","0","0","0","1","2","0","2","","","","N","","","","","","","","","",""
"2008132714","","3","0","0","0","0","0","0","0","0","99","0","","02","12","2008","2","40.560319","-79.801071","","11","0","0","0","0","0","2","0","0","","0","0","0","","","0","","0","","40 33:37.148","","0","79 48:03.856","0","0","0","0","2121","0","0","0","N","0","0","0","3","68D02","0","","1.0","","1","N","N","","0","","0","0","0","","0","","","3","0","0","0","0","0","0","2","0","3","","","","N","","","","","","","","","",""
"2008132773","","2","0","0","0","0","0","0","0","0","4","0","","02","12","2008","7","40.437655","-79.770029","","11","0","0","0","0","0","0","0","0","","0","0","0","","","0","","0","","40 26:15.558","","0","79 46:12.104","0","0","0","0","2446","0","0","0","N","0","0","0","2","02446","0","","1.0","","2","N","N","","0","","0","0","0","","0","","","2","0","0","0","0","0","0","2","0","2","","","","N","","","","","","","","","",""
"2008132875","","0","0","0","0","0","0","0","0","0","7","0","","02","12","2008","7","40.4355","-79.7488","","11","0","0","0","0","0","1","0","0","","0","0","0","","","0","","7","","40 26:07.800","","2","79 44:55.680","0","0","0","0","2446","0","0","0","N","0","0","0","5","68T09","0","","2.0","","2","N","N","","0","","0","0","1","","0","","","1","0","0","0","0","0","0","2","0","1","","","","N","","","","","","","","","",""
"2008132876","","0","0","0","0","0","0","0","0","0","7","0","","02","11","2008","1","40.356754","-79.833209","","11","0","0","0","0","0","0","0","0","1","0","0","0","","","1","","2","","40 21:24.316","4","0","79 49:59.552","4","0","0","0","2304","0","0","0","N","0","0","0","1","02304","1","","5.0","","1","N","N","","1","","0","0","0","","0","N","","1","1","0","0","0","0","0","2","0","1","","","","N","","","","","","","","","",""
"2008132903","","0","0","0","0","0","0","1","0","0","2","1","","02","12","2008","5","40.366123","-80.10705","","11","0","0","0","0","0","0","0","0","","0","0","0","","","0","","1","","40 21:58.042","","0","80 06:25.379","0","0","0","0","2102","0","0","0","N","0","0","0","3","02503","0","","1.0","","9","N","N","","1","","0","0","0","","2","","","2","0","0","0","0","0","0","2","0","2","","","","N","","","","","","","","","",""
"2008132915","","1","0","0","0","0","0","0","0","0","1","0","","02","11","2008","2","","","","11","0","0","0","1","0","0","0","0","3","0","0","0","","","1","","0","","","2","3","","3","0","0","0","2304","0","0","0","N","0","0","0","7","02424","0","","1.0","","2","N","N","","2","","1","0","0","","0","Y","","4","1","0","0","0","0","0","1","1","4","","","","N","","","","","","","","","",""
"2008132916","","1","0","0","0","0","0","0","0","0","4","0","","02","11","2008","6","40.332518","-79.845237","","11","0","0","0","1","0","0","0","0","","0","0","0","","","0","","1","","40 19:57.064","","0","79 50:42.853","0","0","0","0","2304","0","0","0","N","0","0","0","2","02304","0","","1.0","","2","N","N","","0","","0","0","1","","3","","","2","0","0","0","0","0","0","2","0","2","","","","N","","","","","","","","","",""
"2008132963","","1","0","0","0","0","0","0","0","0","0","0","","02","11","2008","7","","","","11","0","0","0","0","0","0","0","0","","0","0","0","","","0","","0","","","","99","","9","0","0","0","2423","0","0","0","N","0","0","0","1","02304","0","","1.0","","9","N","N","","0","","0","0","0","","6","","","1","0","0","0","0","0","1","1","0","1","","","","N","","","","","","","","","",""
"2008132964","","1","0","0","0","0","0","0","0","0","1","0","","02","11","2008","4","40.3541","-79.8422","","11","0","0","0","0","0","0","1","0","2","0","0","0","","","1","","6","","40 21:14.760","2","2","79 50:31.920","3","0","0","0","2304","0","0","0","N","0","0","0","5","02304","0","","7.0","","1","N","N","","0","","1","0","1","","4","N","","3","1","0","0","0","0","0","2","1","3","","","","N","","","","","","","","","",""
"2008132977","","1","0","0","0","0","0","0","0","0","4","0","","02","11","2008","1","40.453297","-79.924801","","11","0","0","0","0","0","0","1","0","","0","0","0","","","0","","1","","40 27:11.869","","0","79 55:29.283","0","0","0","0","2301","0","0","0","N","0","0","0","3","02301","0","","1.0","","9","N","N","","0","","0","0","1","","0","","","2","0","0","0","0","0","0","2","0","2","","","","N","","","","","","","","","",""
"2008132979","","0","0","0","0","0","0","0","0","0","4","0","","02","11","2008","5","40.350055","-79.893943","","11","0","0","0","0","0","0","0","0","","0","0","0","","","0","","2","","40 21:00.198","","0","79 53:38.195","0","0","0","0","2423","0","0","0","N","0","0","0","2","02304","0","","1.0","","1","N","N","","1","","0","0","1","","0","","","2","0","0","0","0","0","0","2","0","2","","","","N","","","","","","","","","",""
"2008133005","","2","0","0","0","0","0","0","0","0","4","0","","02","12","2008","4","40.449156","-79.762252","","11","0","0","0","1","0","0","0","0","","0","0","0","","","0","","1","","40 26:56.961","","0","79 45:44.107","0","0","0","0","2446","0","0","0","N","0","0","0","2","02446","0","","1.0","","9","N","N","","0","","0","0","0","","3","","","2","0","0","0","0","0","0","2","0","2","","","","N","","","","","","","","","",""
"2008133036","","2","0","0","0","0","0","0","0","0","1","0","","02","12","2008","4","40.67644","-80.117577","","11","0","0","1","0","0","1","0","0","","0","0","0","","","0","","0","","40 40:35.184","","0","80 07:03.277","0","0","0","0","2212","0","0","0","N","0","0","0","2","02505","0","","1.0","","9","N","N","","0","","0","0","0","","0","","","2","0","0","0","0","0","0","2","0","2","","","","N","","","","","","","","","",""
"2008133054","","2","0","0","0","0","0","0","0","0","1","0","","02","11","2008","2","40.3844","-80.1861","","11","0","0","0","0","0","0","0","0","2","0","0","0","","","0","","2","","40 23:03.840","3","0","80 11:09.960","0","0","0","0","2119","0","0","0","N","0","0","0","3","02119","0","","1.0","","1","N","N","","0","","0","0","0","","0","N","","2","0","0","0","0","0","0","1","0","2","","","","N","","","","","","","","","",""
"2008133055","","0","0","0","0","0","0","0","0","0","4","0","","02","11","2008","5","40.357","-80.1204","","11","0","0","0","0","0","0","0","0","1","0","0","0","","","0","","2","","40 21:25.200","3","0","80 07:13.440","0","0","0","0","2119","0","0","0","N","0","0","0","2","02119","0","","1.0","","9","N","N","","2","","0","0","0","","2","N","","2","0","0","0","0","0","0","2","0","2","","","","N","","","","","","","","","",""
"2008133056","","1","0","0","0","0","0","0","0","0","1","0","","02","11","2008","4","40.319152","-80.117563","","11","0","0","0","0","0","0","1","1","1","0","0","0","","","0","","1","","40 19:08.946","4","0","80 07:03.225","0","0","0","0","2119","0","0","0","N","0","0","0","2","02119","0","","1.0","","2","N","N","","0","","0","0","1","","2","N","","2","0","0","0","0","0","0","2","0","2","","","","N","","","","","","","","","",""
"2008133057","","2","0","0","0","0","0","0","0","0","4","0","","02","11","2008","4","40.333537","-80.133396","","11","0","0","0","0","0","1","0","1","2","0","0","0","","","1","","2","","40 20:00.733","5","0","80 08:00.227","8","0","0","0","2119","0","0","0","N","0","0","0","2","02119","0","","1.0","","1","N","N","","0","","0","0","0","","3","N","","2","1","0","0","0","1","0","2","0","2","","","","N","","","","","","","","","",""