"CRN","ARRIVAL_TM","AUTOMOBILE_COUNT","BELTED_DEATH_COUNT","BELTED_SUSP_SERIOUS_INJ_COUNT","BICYCLE_COUNT","BICYCLE_DEATH_COUNT","BICYCLE_SUSP_SERIOUS_INJ_COUNT","BUS_COUNT","CHLDPAS_DEATH_COUNT","CHLDPAS_SUSP_SERIOUS_INJ_COUNT","COLLISION_TYPE","COMM_VEH_COUNT","CONS_ZONE_SPD_LIM","COUNTY","CRASH_MONTH","CRASH_YEAR","DAY_OF_WEEK","DEC_LATITUDE","DEC_LONGITUDE","DISPATCH_TM","DISTRICT","DRIVER_COUNT_16YR","DRIVER_COUNT_17YR","DRIVER_COUNT_18YR","DRIVER_COUNT_19YR","DRIVER_COUNT_20YR","DRIVER_COUNT_50_64YR","DRIVER_COUNT_65_74YR","DRIVER_COUNT_75PLUS","EST_HRS_CLOSED","FATAL_COUNT","HEAVY_TRUCK_COUNT","HORSE_BUGGY_COUNT","HOUR_OF_DAY","ILLUMINATION","INJURY_COUNT","INTERSECTION_RELATED","INTERSECT_TYPE","LANE_CLOSED","LATITUDE","LN_CLOSE_DIR","LOCATION_TYPE","LONGITUDE","MAX_SEVERITY_LEVEL","MCYCLE_DEATH_COUNT","MCYCLE_SUSP_SERIOUS_INJ_COUNT","MOTORCYCLE_COUNT","MUNICIPALITY","NONMOTR_COUNT","NONMOTR_DEATH_COUNT","NONMOTR_SUSP_SERIOUS_INJ_COUNT","NTFY_HIWY_MAINT","PED_COUNT","PED_DEATH_COUNT","PED_SUSP_SERIOUS_INJ_COUNT","PERSON_COUNT","POLICE_AGCY","POSSIBLE_INJ_COUNT","RDWY_SURF_TYPE_CD","RELATION_TO_ROAD","ROADWAY_CLEARED","ROAD_CONDITION","SCH_BUS_IND","SCH_ZONE_IND","SECONDARY_CRASH","SMALL_TRUCK_COUNT","SPEC_JURIS_CD","SUSP_MINOR_INJ_COUNT","SUSP_SERIOUS_INJ_COUNT","SUV_COUNT","TCD_FUNC_CD","TCD_TYPE","TFC_DETOUR_IND","TIME_OF_DAY","TOTAL_UNITS","TOT_INJ_COUNT","UNBELTED_OCC_COUNT","UNB_DEATH_COUNT","UNB_SUSP_SERIOUS_INJ_COUNT","UNK_INJ_DEG_COUNT","UNK_INJ_PER_COUNT","URBAN_RURAL","VAN_COUNT","VEHICLE_COUNT","WEATHER1","WEATHER2","WORKERS_PRES","WORK_ZONE_IND","WORK_ZONE_LOC","WORK_ZONE_TYPE","WZ_CLOSE_DETOUR","WZ_FLAGGER","WZ_LAW_OFFCR_IND","WZ_LN_CLOSURE","WZ_MOVING","WZ_OTHER","WZ_SHLDER_MDN","WZ_WORKERS_INJ_KILLED"
"2008133058","","1","0","0","0","0","0","0","0","0","1","0","","02","11","2008","5","40.342499","-80.118169","","11","0","0","0","1","0","0","1","0","","0","0","0","","","1","","2","","40 20:32.997","","0","80 07:05.410","4","0","0","0","2119","0","0","0","N","0","0","0","3","02119","1","","1.0","","9","N","N","","1","","0","0","0","","2","","","2","1","0","0","0","0","0","2","0","2","","","","N","","","","","","","","","",""
"2008133059","","1","0","0","0","0","0","0","0","0","2","0","","02","11","2008","7","","","","11","0","0","0","0","0","0","1","0","","0","0","0","","","0","","3","","","","0","","0","0","0","0","2304","0","0","0","N","0","0","0","2","02304","0","","1.0","","1","N","N","","1","","0","0","0","","0","","","2","0","1","0","0","0","0","1","0","2","","","","N","","","","","","","","","",""
"2008133060","","1","0","0","0","0","0","0","0","0","4","0","","02","11","2008","4","40.35381","-79.888662","","11","0","0","0","0","0","0","0","1","","0","0","0","","","1","","2","","40 21:13.715","","0","79 53:19.184","8","0","0","0","2423","0","0","0","N","0","0","0","2","02423","0","","1.0","","1","N","N","","1","","0","0","0","","3","","","2","1","0","0","0","1","0","2","0","2","","","","N","","","","","","","","","",""
"2008133061","","1","0","0","0","0","0","0","0","0","7","0","","02","11","2008","5","40.330001","-79.842132","","11","0","0","0","0","0","1","0","0","2","0","0","0","","","1","","2","","40 19:48.002","5","0","79 50:31.676","8","0","0","0","2304","0","0","0","N","0","0","0","1","02304","0","","5.0","","1","N","N","","0","","0","0","0","","0","Y","","1","1","0","0","0","1","0","2","0","1","","","","N","","","","","","","","","",""
"2008133118","","1","0","0","0","0","0","0","0","0","4","0","","02","12","2008","4","40.332543","-79.891854","","11","0","0","0","0","0","1","0","1","1","0","0","0","","","1","","1","","40 19:57.154","1","0","79 53:30.674","8","0","0","0","2433","0","0","0","N","0","0","0","3","02433","0","","1.0","","1","N","N","","0","","0","0","0","","0","N","","2","1","0","0","0","1","0","2","1","2","","","","N","","","","","","","","","",""
"2008133360","","2","0","0","0","0","0","0","0","0","4","0","","02","11","2008","2","40.422268","-79.843137","","11","0","0","0","0","0","1","0","0","","0","0","0","","","0","","2","","40 25:20.164","","0","79 50:35.293","0","0","0","0","2431","0","0","0","N","0","0","0","2","02431","0","","1.0","","1","N","N","","0","","0","0","0","","3","","","2","0","0","0","0","0","0","2","0","2","","","","N","","","","","","","","","",""
"2008133388","","2","0","0","0","0","0","0","0","0","1","0","","02","11","2008","1","40.433716","-79.922977","","11","0","0","0","0","0","1","0","0","","0","0","0","","","0","","1","","40 26:01.377","","0","79 55:22.717","0","0","0","0","2301","0","0","0","N","0","0","0","2","02301","0","","1.0","","9","N","N","","0","","0","0","0","","2","","","2","0","0","0","0","0","0","2","0","2","","","","N","","","","","","","","","",""
"2008133389","","2","0","0","0","0","0","0","0","0","4","0","","02","11","2008","7","40.443199","-79.95348","","11","0","0","0","0","0","0","0","0","","0","0","0","","","0","","2","","40 26:35.518","","0","79 57:12.528","0","0","0","0","2301","0","0","0","N","0","0","0","4","02301","0","","1.0","","1","N","N","","0","","0","0","0","","2","","","2","0","0","0","0","0","0","2","0","2","","","","N","","","","","","","","","",""
"2008133390","","0","0","0","0","0","0","0","0","0","7","0","","02","11","2008","3","40.433592","-79.913531","","11","0","0","0","0","0","1","0","0","9","0","0","0","","","0","","0","","40 26:00.931","1","0","79 54:48.711","0","0","0","0","2301","0","0","0","N","0","0","0","1","02301","0","","2.0","","1","N","N","","1","","0","0","0","","0","N","","1","0","1","0","0","0","0","2","0","1","","","","N","","","","","","","","","",""
"2008133433","","2","0","0","0","0","0","0","0","0","1","0","","02","12","2008","5","40.429408","-79.999106","","11","0","0","0","0","0","0","2","0","","0","0","0","","","0","","0","","40 25:45.870","","4","79 59:56.781","0","0","0","0","2301","0","0","0","N","0","0","0","2","02301","0","","1.0","","9","N","N","","0","","0","0","0","","0","","","2","0","0","0","0","0","0","2","0","2","","","","N","","","","","","","","","",""
"2008133470","","2","0","0","0","0","0","0","0","0","2","0","","02","11","2008","6","40.406565","-79.99236","","11","0","0","0","0","0","1","0","0","1","0","0","0","","","0","","0","","40 24:23.634","4","0","79 59:32.496","0","0","0","0","2301","0","0","0","N","0","0","0","2","02301","0","","1.0","","1","N","N","","0","","0","0","0","","0","N","","2","0","0","0","0","0","0","2","0","2","","","","N","","","","","","","","","",""
"2008133667","","4","0","0","0","0","0","0","0","0","4","0","","02","11","2008","6","40.447671","-79.98785","","11","0","0","0","0","0","0","0","0","","0","0","0","","","0","","0","","40 26:51.615","","0","79 59:16.260","0","0","0","0","2301","0","0","0","N","0","0","0","3","02301","0","","2.0","","1","N","N","","0","","0","0","0","","0","","","4","0","0","0","0","0","0","2","0","4","","","","N","","","","","","","","","",""
"2008133668","","1","0","0","0","0","0","0","0","0","5","0","","02","11","2008","3","40.451696","-79.98314","","11","0","0","0","0","0","1","0","0","","0","0","0","","","0","","1","","40 27:06.105","","0","79 58:59.304","0","0","0","0","2301","0","0","0","N","0","0","0","2","02301","0","","1.0","","9","N","N","","1","","0","0","0","","2","","","2","0","0","0","0","0","0","2","0","2","","","","N","","","","","","","","","",""
"2008133669","","1","0","0","0","0","0","0","0","0","5","1","","02","11","2008","2","40.436634","-79.997207","","11","0","0","0","0","0","0","1","0","","0","1","0","","","0","","2","","40 26:11.884","","0","79 59:49.946","9","0","0","0","2301","0","0","0","N","0","0","0","3","02301","0","","1.0","","9","","","","0","","0","0","0","","2","","","2","0","0","0","0","0","1","2","0","2","","","","N","","","","","","","","","",""
"2008133670","","1","0","0","0","0","0","0","0","0","7","0","","02","11","2008","4","40.4469","-79.9955","","11","0","0","0","0","0","0","0","0","","0","0","0","","","0","","0","","40 26:48.840","","0","79 59:43.800","0","0","0","0","2301","0","0","0","N","0","0","0","1","02301","0","","4.0","","2","N","N","","0","","0","0","0","","0","","","1","0","0","0","0","0","0","2","0","1","","","","N","","","","","","","","","",""
"2008133671","","1","0","0","0","0","0","0","0","0","4","0","","02","11","2008","7","40.452619","-79.924383","","11","0","0","0","0","0","0","0","0","1","0","0","0","","","0","","1","","40 27:09.428","1","0","79 55:27.778","0","0","0","0","2301","0","0","0","N","0","0","0","2","02301","0","","1.0","","1","N","N","","0","","0","0","1","","3","N","","2","0","0","0","0","0","0","2","0","2","","","","N","","","","","","","","","",""
"2008133672","","1","0","0","0","0","0","0","0","0","4","0","","02","11","2008","3","40.382114","-79.928671","","11","0","0","0","0","0","0","1","0","","0","0","0","","","0","","0","","40 22:55.609","","0","79 55:43.215","0","0","0","0","2301","0","0","0","N","0","0","0","1","02301","0","","4.0","","9","N","N","","0","","0","0","0","","0","","","2","0","0","0","0","0","0","2","1","2","","","","N","","","","","","","","","",""
"2008133673","","2","0","0","0","0","0","0","0","0","4","0","","02","11","2008","4","40.419067","-79.926108","","11","0","0","0","0","0","0","0","0","","0","0","0","","","0","","1","","40 25:08.641","","0","79 55:33.988","0","0","0","0","2301","0","0","0","N","0","0","0","2","02301","0","","1.0","","9","N","N","","0","","0","0","0","","3","","","2","0","0","0","0","0","0","2","0","2","","","","N","","","","","","","","","",""
"2008133674","","1","0","0","0","0","0","0","0","0","4","0","","02","11","2008","6","40.44411","-79.966575","","11","0","0","0","1","0","0","0","0","","0","0","0","","","1","","2","","40 26:38.796","","0","79 57:59.670","4","0","0","0","2301","0","0","0","N","0","0","0","1","02301","1","","4.0","","1","N","N","","0","","0","0","1","","0","","","2","1","0","0","0","0","0","2","0","2","","","","N","","","","","","","","","",""
"2008133675","","2","0","0","0","0","0","0","0","0","4","0","","02","11","2008","7","40.428444","-79.918539","","11","0","0","1","0","0","1","0","0","2","0","0","0","","","2","","1","","40 25:42.398","4","0","79 55:06.740","4","0","0","0","2301","0","0","0","N","0","0","0","2","02301","1","","1.0","","1","N","N","","0","","0","0","1","","1","N","","3","2","1","0","0","1","0","2","0","3","","","","N","","","","","","","","","",""
"2008133678","","1","0","0","0","0","0","0","0","0","7","0","","02","11","2008","7","40.4431","-79.9911","","11","0","0","0","0","1","0","0","0","","0","0","0","","","1","","6","","40 26:35.160","","2","79 59:27.960","4","0","0","0","2301","0","0","0","N","0","0","0","1","02301","1","","4.0","","1","N","N","","0","","0","0","0","","0","","","1","1","0","0","0","0","0","2","0","1","","","","N","","","","","","","","","",""
"2008133679","","2","0","0","0","0","0","0","0","0","4","0","","02","11","2008","3","40.432","-79.9586","","11","0","0","0","0","0","1","0","0","","0","0","0","","","0","","6","","40 25:55.200","","2","79 57:30.960","0","0","0","0","2301","0","0","0","N","0","0","0","2","02301","0","","1.0","","9","N","N","","0","","0","0","0","","4","","","2","0","0","0","0","0","0","2","0","2","","","","N","","","","","","","","","",""
"2008133680","","2","0","0","0","0","0","0","0","0","5","0","","02","11","2008","1","40.457258","-79.973578","","11","0","0","0","0","0","1","0","0","1","0","0","0","","","0","","1","","40 27:26.128","3","0","79 58:24.880","0","0","0","0","2301","0","0","0","N","0","0","0","2","02301","0","","1.0","","1","N","N","","0","","0","0","0","","3","N","","2","0","0","0","0","0","0","2","0","2","","","","N","","","","","","","","","",""
"2008133681","","1","0","0","0","0","0","0","0","0","5","0","","02","11","2008","5","40.468738","-79.959461","","11","0","0","0","0","0","1","0","0","","0","0","0","","","0","","1","","40 28:07.456","","0","79 57:34.059","0","0","0","0","2301","0","0","0","N","0","0","0","4","02301","0","","1.0","","1","N","N","","0","","0","0","0","","3","","","2","0","0","0","0","0","0","2","1","2","","","","N","","","","","","","","","",""
"2008133682","","2","0","0","0","0","0","0","0","0","1","0","","02","11","2008","2","40.433","-79.9965","","11","0","0","0","1","0","0","0","0","","0","0","0","","","0","","0","","40 25:58.800","","0","79 59:47.400","0","0","0","0","2301","0","0","0","N","0","0","0","3","02301","0","","1.0","","1","N","N","","1","","0","0","0","","8","","","3","0","0","0","0","0","0","2","0","3","","","","N","","","","","","","","","",""
"2008133683","","0","0","0","0","0","0","0","0","0","8","0","","02","11","2008","2","40.438949","-79.994672","","11","0","0","0","0","0","0","0","0","2","0","0","0","","","2","","1","","40 26:20.217","2","0","79 59:40.819","8","0","0","0","2301","1","0","0","N","1","0","0","2","02301","0","","1.0","","9","N","N","","0","","0","0","1","","2","N","","2","2","0","0","0","2","0","2","0","1","","","","N","","","","","","","","","",""
"2008133684","","0","0","0","0","0","0","0","0","0","7","0","","02","11","2008","5","40.456556","-79.976954","","11","0","0","0","0","0","0","0","0","1","0","0","0","","","0","","0","","40 27:23.601","2","0","79 58:37.034","0","0","0","0","2301","0","0","0","N","0","0","0","2","02301","0","","5.0","","2","N","N","","0","","0","0","1","","0","N","","1","0","0","0","0","0","0","2","0","1","","","","N","","","","","","","","","",""
"2008133685","","1","0","0","0","0","0","0","0","0","7","0","","02","11","2008","5","40.462228","-79.960846","","11","0","0","0","0","0","0","0","0","1","0","0","0","","","1","","2","","40 27:44.020","3","0","79 57:39.045","4","0","0","0","2301","0","0","0","N","0","0","0","1","02301","1","","2.0","","1","N","N","","0","","0","0","0","","0","N","","1","1","0","0","0","0","0","2","0","1","","","","N","","","","","","","","","",""
"2008133686","","2","0","0","0","0","0","0","0","0","4","0","","02","11","2008","1","40.471061","-79.960035","","11","0","0","0","0","0","0","0","0","","0","0","0","","","0","","2","","40 28:15.821","","0","79 57:36.126","0","0","0","0","2301","0","0","0","","0","0","0","2","02301","0","","1.0","","9","N","N","","0","","0","0","0","","3","","","2","0","0","0","0","0","0","2","0","2","","","","N","","","","","","","","","",""
"2008133687","","1","0","0","0","0","0","0","0","0","4","0","","02","11","2008","6","40.452824","-79.981496","","11","0","0","0","0","0","1","0","0","1","0","0","0","","","0","","1","","40 27:10.166","4","0","79 58:53.385","0","0","0","0","2301","0","0","0","N","0","0","0","4","02301","0","","1.0","","1","N","N","","1","","0","0","0","","3","Y","","2","0","0","0","0","0","0","2","0","2","","","","N","","","","","","","","","",""
"2008133688","","1","0","0","0","0","0","0","0","0","1","0","","02","11","2008","3","40.4255","-80.0314","","11","0","0","0","0","0","0","0","0","","0","0","0","","","0","","6","","40 25:31.800","","8","80 01:53.040","9","0","0","0","2301","0","0","0","N","0","0","0","2","02301","0","","7.0","","9","N","N","","0","","0","0","1","","4","","","2","0","0","0","0","0","1","2","0","2","","","","N","","","","","","","","","",""
"2008133689","","2","0","0","0","0","0","0","0","0","2","0","","02","11","2008","5","40.425452","-79.964571","","11","0","0","0","0","0","1","0","0","1","0","0","0","","","2","","2","","40 25:31.627","4","0","79 57:52.456","3","0","0","0","2301","0","0","0","N","0","0","0","4","02301","1","","1.0","","1","N","N","","0","","1","0","0","","2","Y","","2","2","2","0","0","0","0","2","0","2","","","","N","","","","","","","","","",""
"2008133690","","1","0","0","0","0","0","0","0","0","4","0","","02","11","2008","5","40.448031","-79.894553","","11","0","0","0","0","0","1","0","0","2","0","0","0","","","1","","1","","40 26:52.911","3","0","79 53:40.390","4","0","0","0","2301","0","0","0","N","0","0","0","2","02301","1","","1.0","","1","N","N","","1","","0","0","0","","2","N","","2","1","0","0","0","0","0","2","0","2","","","","N","","","","","","","","","",""
"2008133691","","2","0","0","0","0","0","0","0","0","5","0","","02","11","2008","1","40.415643","-80.01113","","11","0","0","0","0","0","0","0","0","","0","0","0","","","0","","2","","40 24:56.316","","0","80 00:40.069","9","0","0","0","2301","0","0","0","N","0","0","0","5","02301","0","","4.0","","1","N","N","","0","","0","0","0","","0","","","2","0","1","0","0","0","1","2","0","2","","","","N","","","","","","","","","",""
"2008133692","","3","0","0","0","0","0","0","0","0","1","0","","02","11","2008","5","40.416034","-80.011068","","11","0","0","0","0","0","0","0","0","","0","0","0","","","0","","0","","40 24:57.722","","0","80 00:39.844","9","0","0","0","2301","0","0","0","N","0","0","0","1","02301","0","","2.0","","1","N","N","","0","","0","0","0","","2","","","3","0","0","0","0","0","1","2","0","3","","","","N","","","","","","","","","",""
"2008133693","","1","0","0","0","0","0","0","0","0","5","0","","02","11","2008","5","40.424543","-79.978349","","11","0","0","0","0","0","0","0","0","","0","0","0","","","0","","0","","40 25:28.354","","0","79 58:42.056","0","0","0","0","2301","0","0","0","N","0","0","0","1","02301","0","","2.0","","1","N","N","","2","","0","0","0","","0","","","3","0","0","0","0","0","0","2","0","3","","","","N","","","","","","","","","",""
"2008133694","","3","0","0","0","0","0","0","0","0","1","0","","02","11","2008","1","40.4258","-80.0198","","11","0","0","0","0","0","0","0","0","1","0","0","0","","","1","","2","","40 25:32.880","1","0","80 01:11.280","3","0","0","0","2301","0","0","0","N","0","0","0","5","02301","0","","1.0","","9","N","N","","0","","1","0","0","","2","N","","3","1","1","0","0","0","0","2","0","3","","","","N","","","","","","","","","",""
"2008133695","","2","0","0","0","0","0","0","0","0","4","0","","02","12","2008","2","40.391565","-80.017044","","11","0","0","1","0","0","0","1","0","","0","0","0","","","1","","1","","40 23:29.634","","0","80 01:01.358","4","0","0","0","2301","0","0","0","N","0","0","0","2","02301","1","","1.0","","9","N","N","","0","","0","0","0","","3","","","2","1","0","0","0","0","0","2","0","2","","","","N","","","","","","","","","",""
"2008133696","","0","0","0","0","0","0","0","0","0","7","0","","02","11","2008","3","","","","11","0","0","0","0","0","0","0","0","","0","0","0","","","0","","0","","","","0","","0","0","0","0","2301","0","0","0","N","0","0","0","1","02301","0","","4.0","","9","N","N","","0","","0","0","0","","0","","","1","0","0","0","0","0","0","1","1","1","","","","N","","","","","","","","","",""
"2008133697","","1","0","0","0","0","0","0","0","0","7","0","","02","11","2008","5","40.463","-80.0318","","11","0","0","0","0","0","0","1","0","","0","0","0","","","0","","6","","40 27:46.800","","2","80 01:54.480","0","0","0","0","2301","0","0","0","N","0","0","0","4","02301","0","","4.0","","1","N","N","","0","","0","0","0","","0","","","1","0","0","0","0","0","0","2","0","1","","","","N","","","","","","","","","",""
"2008133698","","2","0","0","0","0","0","0","0","0","4","0","","02","11","2008","6","40.478908","-80.043019","","11","0","0","0","1","0","0","0","0","","0","0","0","","","0","","5","","40 28:44.067","","0","80 02:34.869","0","0","0","0","2301","0","0","0","N","0","0","0","4","02301","0","","1.0","","1","N","N","","0","","0","0","0","","2","","","2","0","0","0","0","0","0","2","0","2","","","","N","","","","","","","","","",""
"2008133699","","1","0","0","0","0","0","0","0","0","7","0","","02","12","2008","2","40.455884","-80.028955","","11","0","0","0","0","0","0","0","0","1","0","0","0","","","0","","2","","40 27:21.182","1","0","80 01:44.239","0","0","0","0","2301","0","0","0","N","0","0","0","4","02301","0","","3.0","","9","N","N","","0","","0","0","0","","0","N","","1","0","0","0","0","0","0","2","0","1","","","","N","","","","","","","","","",""
"2008133709","","1","0","0","0","0","0","0","0","0","1","0","","02","11","2008","6","40.468594","-79.920029","","11","0","0","0","0","0","0","0","0","","0","0","0","","","0","","0","","40 28:06.938","","0","79 55:12.104","0","0","0","0","2301","0","0","0","N","0","0","0","1","02301","0","","6.0","","9","N","N","","0","","0","0","1","","0","","","2","0","0","0","0","0","0","2","0","2","","","","N","","","","","","","","","",""
"2008133710","","1","0","0","0","0","0","0","0","0","2","0","","02","11","2008","6","40.468748","-79.92751","","11","0","0","0","0","0","0","0","1","","0","0","0","","","2","","2","","40 28:07.492","","0","79 55:39.036","4","0","0","0","2301","0","0","0","N","0","0","0","10","02301","2","","1.0","","6","N","N","","0","","0","0","0","","2","","","2","2","2","0","0","0","0","2","1","2","","","","N","","","","","","","","","",""
"2008133711","","1","0","0","0","0","0","0","0","0","7","0","","02","11","2008","1","","","","11","0","0","0","0","0","0","0","0","","0","0","0","","","1","","0","","","","0","","4","0","0","0","2301","0","0","0","N","0","0","0","3","02301","1","","4.0","","1","N","N","","0","","0","0","0","","0","","","1","1","0","0","0","0","0","1","0","1","","","","N","","","","","","","","","",""
"2008133712","","0","0","0","0","0","0","0","0","0","8","0","","02","11","2008","5","40.451737","-79.884745","","11","0","0","0","1","0","0","0","0","","0","0","0","","","1","","2","","40 27:06.253","","0","79 53:05.082","4","0","0","0","2301","1","0","0","N","1","0","0","2","02301","1","","1.0","","9","N","N","","0","","0","0","0","","3","","","2","1","0","0","0","0","0","2","1","1","","","","N","","","","","","","","","",""
"2008133713","","1","0","0","0","0","0","0","0","0","5","0","","02","11","2008","6","40.454243","-79.883891","","11","0","0","0","0","0","0","0","0","","0","0","0","","","0","","0","","40 27:15.273","","0","79 53:02.007","0","0","0","0","2301","0","0","0","N","0","0","0","2","02301","0","","1.0","","9","N","N","","1","","0","0","0","","0","","","2","0","0","0","0","0","0","2","0","2","","","","N","","","","","","","","","",""
"2008133714","","1","0","0","0","0","0","0","0","0","4","0","","02","11","2008","6","40.456005","-79.941607","","11","0","0","0","0","0","0","0","0","","0","0","0","","","0","","0","","40 27:21.617","","0","79 56:29.785","9","0","0","0","2301","0","0","0","N","0","0","0","2","02301","0","","6.0","","9","N","N","","1","","0","0","0","","0","","","2","0","1","0","0","0","1","2","0","2","","","","N","","","","","","","","","",""
"2008133715","","2","0","0","0","0","0","0","0","0","4","0","","02","11","2008","3","40.461772","-79.936304","","11","0","0","0","0","0","0","1","0","1","0","0","0","","","2","","1","","40 27:42.379","3","0","79 56:10.694","4","0","0","0","2301","0","0","0","N","0","0","0","3","02301","2","","1.0","","9","N","Y","","0","","0","0","0","","3","Y","","2","2","0","0","0","0","0","2","0","2","","","","N","","","","","","","","","",""
"2008133716","","0","0","0","0","0","0","0","0","0","7","0","","02","11","2008","4","40.469651","-79.930071","","11","0","0","0","0","0","0","0","0","","0","0","0","","","0","","2","","40 28:10.743","","0","79 55:48.255","0","0","0","0","2301","0","0","0","N","0","0","0","1","02301","0","","5.0","","1","N","N","","0","","0","0","1","","2","","","1","0","0","0","0","0","0","2","0","1","","","","N","","","","","","","","","",""
"2008133717","","1","0","0","0","0","0","0","0","0","1","0","","02","11","2008","7","40.470518","-79.932516","","11","0","0","0","0","0","0","0","0","2","0","0","0","","","0","","0","","40 28:13.864","3","0","79 55:57.057","9","0","0","0","2301","0","0","0","N","0","0","0","1","02301","0","","6.0","","1","N","N","","0","","0","0","1","","3","Y","","2","0","0","0","0","0","1","2","0","2","","","","N","","","","","","","","","",""
"2008133718","","2","0","0","0","0","0","0","0","0","6","0","","02","11","2008","7","40.460882","-79.915177","","11","0","0","0","0","0","0","0","0","1","0","0","0","","","1","","5","","40 27:39.175","3","0","79 54:54.637","4","0","0","0","2301","0","0","0","N","0","0","0","1","02301","1","","1.0","","1","N","N","","0","","0","0","0","","2","N","","2","1","0","0","0","0","0","2","0","2","","","","N","","","","","","","","","",""
"2008133719","","2","0","0","0","0","0","0","0","0","4","0","","02","11","2008","1","40.459828","-79.920723","","11","0","0","0","0","0","0","0","0","1","0","0","0","","","0","","2","","40 27:35.382","6","0","79 55:14.602","0","0","0","0","2301","0","0","0","N","0","0","0","2","02301","0","","1.0","","9","N","N","","0","","0","0","0","","2","N","","2","0","0","0","0","0","0","2","0","2","","","","N","","","","","","","","","",""
"2008133720","","0","0","0","0","0","0","0","0","0","8","0","","02","11","2008","1","40.447682","-80.007676","","11","0","0","0","0","0","0","0","0","","0","0","0","","","1","","1","","40 26:51.655","","0","80 00:27.633","8","0","0","0","2301","1","0","0","N","1","0","0","2","02301","0","","1.0","","9","N","N","","0","","0","0","1","","2","","","2","1","0","0","0","1","0","2","0","1","","","","N","","","","","","","","","",""
"2008133721","","1","0","0","0","0","0","0","0","0","8","0","","02","11","2008","2","40.465642","-79.955211","","11","0","0","0","0","0","0","0","1","1","0","0","0","","","1","","1","","40 27:56.311","5","0","79 57:18.759","4","0","0","0","2301","1","0","0","N","1","0","0","2","02301","1","","1.0","","9","N","N","","0","","0","0","0","","2","N","","2","1","1","0","0","0","0","2","0","1","","","","N","","","","","","","","","",""
"2008133730","","1","0","0","0","0","0","0","0","0","4","0","","02","12","2008","5","40.438978","-79.99468","","11","0","0","0","0","0","0","0","0","2","0","0","0","","","1","","1","","40 26:20.322","2","0","79 59:40.847","4","0","0","0","2301","0","0","0","N","0","0","0","3","02301","1","","1.0","","9","N","N","","1","","0","0","0","","2","N","","2","1","0","0","0","0","0","2","0","2","","","","N","","","","","","","","","",""
"2008133753","","1","0","0","0","0","0","0","0","0","4","0","","02","11","2008","6","40.402012","-80.000594","","11","0","0","0","0","0","0","0","0","","0","0","0","","","0","","1","","40 24:07.244","","0","80 00:02.140","0","0","0","0","2301","0","0","0","N","0","0","0","2","02301","0","","1.0","","1","N","N","","0","","0","0","1","","2","","","2","0","1","0","0","0","0","2","0","2","","","","N","","","","","","","","","",""
"2008133754","","1","0","0","0","0","0","0","0","0","7","0","","02","11","2008","7","40.427914","-79.970128","","11","0","0","0","0","1","0","0","0","","0","0","0","","","0","","0","","40 25:40.492","","0","79 58:12.460","0","0","0","0","2301","0","0","0","N","0","0","0","2","02301","0","","4.0","","1","N","N","","0","","0","0","0","","0","","","1","0","0","0","0","0","0","2","0","1","","","","N","","","","","","","","","",""
"2008133815","","1","0","0","0","0","0","0","0","0","0","0","","02","11","2008","7","40.396964","-79.978661","","11","0","0","0","0","0","0","0","0","","0","0","0","","","0","","1","","40 23:49.071","","0","79 58:43.179","0","0","0","0","2301","0","0","0","N","0","0","0","1","02301","0","","1.0","","1","N","N","","0","","0","0","0","","0","","","1","0","0","0","0","0","0","2","0","1","","","","N","","","","","","","","","",""
"2008133822","","1","0","0","0","0","0","0","0","0","4","0","","02","12","2008","3","40.415417","-79.876818","","11","0","0","1","0","0","1","0","0","","0","0","0","","","1","","1","","40 24:55.501","","7","79 52:36.544","8","0","0","0","2463","0","0","0","N","0","0","0","4","02463","0","","1.0","","9","N","N","","1","","0","0","0","","0","","","2","1","0","0","0","1","3","2","0","2","","","","N","","","","","","","","","",""
"2008133847","","1","0","0","0","0","0","0","0","0","4","0","","02","12","2008","2","40.448418","-80.160733","","11","0","0","0","0","0","1","0","0","","0","0","0","","","1","","1","","40 26:54.303","","0","80 09:38.639","8","0","0","0","2115","0","0","0","N","0","0","0","2","02115","0","","1.0","","1","N","N","","1","","0","0","0","","2","","","2","1","0","0","0","1","0","2","0","2","","","","N","","","","","","","","","",""
"2008133848","","1","0","0","0","0","0","0","0","0","7","0","","02","12","2008","7","40.5336","-80.2287","","11","0","0","0","0","0","0","0","0","1","0","0","0","","","0","","0","","40 32:00.960","5","0","80 13:43.320","0","0","0","0","2213","0","0","0","N","0","0","0","1","02213","0","","2.0","","2","N","N","","0","","0","0","0","","0","Y","","1","0","0","0","0","0","0","2","0","1","","","","N","","","","","","","","","",""
"2008133849","","1","0","0","0","0","0","0","0","0","7","0","","02","12","2008","7","40.516934","-80.197865","","11","0","0","0","0","0","0","0","0","","0","0","0","","","0","","1","","40 31:00.962","","0","80 11:52.314","0","0","0","0","2213","0","0","0","N","0","0","0","1","02213","0","","4.0","","7","N","N","","0","","0","0","0","","0","","","1","0","0","0","0","0","0","2","0","1","","","","N","","","","","","","","","",""