"CRN","ARRIVAL_TM","AUTOMOBILE_COUNT","BELTED_DEATH_COUNT","BELTED_SUSP_SERIOUS_INJ_COUNT","BICYCLE_COUNT","BICYCLE_DEATH_COUNT","BICYCLE_SUSP_SERIOUS_INJ_COUNT","BUS_COUNT","CHLDPAS_DEATH_COUNT","CHLDPAS_SUSP_SERIOUS_INJ_COUNT","COLLISION_TYPE","COMM_VEH_COUNT","CONS_ZONE_SPD_LIM","COUNTY","CRASH_MONTH","CRASH_YEAR","DAY_OF_WEEK","DEC_LATITUDE","DEC_LONGITUDE","DISPATCH_TM","DISTRICT","DRIVER_COUNT_16YR","DRIVER_COUNT_17YR","DRIVER_COUNT_18YR","DRIVER_COUNT_19YR","DRIVER_COUNT_20YR","DRIVER_COUNT_50_64YR","DRIVER_COUNT_65_74YR","DRIVER_COUNT_75PLUS","EST_HRS_CLOSED","FATAL_COUNT","HEAVY_TRUCK_COUNT","HORSE_BUGGY_COUNT","HOUR_OF_DAY","ILLUMINATION","INJURY_COUNT","INTERSECTION_RELATED","INTERSECT_TYPE","LANE_CLOSED","LATITUDE","LN_CLOSE_DIR","LOCATION_TYPE","LONGITUDE","MAX_SEVERITY_LEVEL","MCYCLE_DEATH_COUNT","MCYCLE_SUSP_SERIOUS_INJ_COUNT","MOTORCYCLE_COUNT","MUNICIPALITY","NONMOTR_COUNT","NONMOTR_DEATH_COUNT","NONMOTR_SUSP_SERIOUS_INJ_COUNT","NTFY_HIWY_MAINT","PED_COUNT","PED_DEATH_COUNT","PED_SUSP_SERIOUS_INJ_COUNT","PERSON_COUNT","POLICE_AGCY","POSSIBLE_INJ_COUNT","RDWY_SURF_TYPE_CD","RELATION_TO_ROAD","ROADWAY_CLEARED","ROAD_CONDITION","SCH_BUS_IND","SCH_ZONE_IND","SECONDARY_CRASH","SMALL_TRUCK_COUNT","SPEC_JURIS_CD","SUSP_MINOR_INJ_COUNT","SUSP_SERIOUS_INJ_COUNT","SUV_COUNT","TCD_FUNC_CD","TCD_TYPE","TFC_DETOUR_IND","TIME_OF_DAY","TOTAL_UNITS","TOT_INJ_COUNT","UNBELTED_OCC_COUNT","UNB_DEATH_COUNT","UNB_SUSP_SERIOUS_INJ_COUNT","UNK_INJ_DEG_COUNT","UNK_INJ_PER_COUNT","URBAN_RURAL","VAN_COUNT","VEHICLE_COUNT","WEATHER1","WEATHER2","WORKERS_PRES","WORK_ZONE_IND","WORK_ZONE_LOC","WORK_ZONE_TYPE","WZ_CLOSE_DETOUR","WZ_FLAGGER","WZ_LAW_OFFCR_IND","WZ_LN_CLOSURE","WZ_MOVING","WZ_OTHER","WZ_SHLDER_MDN","WZ_WORKERS_INJ_KILLED"
"2008135603","","1","0","0","0","0","0","0","0","0","7","0","","02","12","2008","3","40.4668","-79.8469","","11","0","0","0","0","0","0","0","0","3","0","0","0","","","0","","0","","40 28:00.480","5","0","79 50:48.840","0","0","0","0","2113","0","0","0","N","0","0","0","1","02113","0","","2.0","","2","N","N","","0","","0","0","0","","0","N","","1","0","0","0","0","0","0","2","0","1","","","","N","","","","","","","","","",""
"2008135606","","2","0","0","0","0","0","0","0","0","4","0","","02","12","2008","3","40.40452","-80.055525","","11","0","0","0","0","0","1","0","0","2","0","0","0","","","0","","2","","40 24:16.271","3","0","80 03:19.890","0","0","0","0","2435","0","0","0","N","0","0","0","2","02435","0","","1.0","","9","N","N","","0","","0","0","0","","2","N","","2","0","0","0","0","0","0","2","0","2","","","","N","","","","","","","","","",""
"2008135610","","0","0","0","0","0","0","0","0","0","7","0","","02","12","2008","3","40.449175","-79.830591","","11","0","0","0","0","0","1","0","0","","0","0","0","","","0","","0","","40 26:57.030","","0","79 49:50.127","0","0","0","0","2113","0","0","0","N","0","0","0","1","02113","0","","4.0","","2","N","N","","0","","0","0","1","","0","","","1","0","0","0","0","0","0","2","0","1","","","","N","","","","","","","","","",""
"2008135612","","2","0","0","0","0","0","0","0","0","4","0","","02","12","2008","3","40.437655","-79.770029","","11","0","0","0","0","0","0","0","0","","0","0","0","","","1","","0","","40 26:15.558","","0","79 46:12.104","4","0","0","0","2446","0","0","0","N","0","0","0","3","02446","1","","1.0","","9","N","N","","0","","0","0","0","","3","","","2","1","3","0","0","0","0","2","0","2","","","","N","","","","","","","","","",""
"2008135631","","1","0","0","0","0","0","0","0","0","7","0","","02","12","2008","6","40.2216","-79.848","","11","0","0","0","0","0","0","0","0","3","0","0","0","","","0","","0","","40 13:17.760","1","0","79 50:52.800","0","0","0","0","2204","0","0","0","N","0","0","0","1","02204","0","","5.0","","6","N","N","","0","","0","0","0","","0","N","","1","0","0","0","0","0","0","2","0","1","","","","N","","","","","","","","","",""
"2008135644","","0","0","0","0","0","0","0","0","0","7","0","","02","12","2008","1","40.664371","-79.934406","","11","0","0","0","0","0","0","0","0","","0","0","0","","","0","","0","","40 39:51.736","","0","79 56:03.862","0","0","0","0","2217","0","0","0","N","0","0","0","1","02505","0","","2.0","","1","N","N","","0","","0","0","1","","0","","","1","0","0","0","0","0","0","2","0","1","","","","N","","","","","","","","","",""
"2008135649","","2","0","0","0","0","0","0","0","0","4","0","","02","12","2008","3","40.434797","-79.767181","","11","0","0","1","0","0","1","0","0","","0","0","0","","","0","","0","","40 26:05.269","","0","79 46:01.851","0","0","0","0","2446","0","0","0","N","0","0","0","2","02446","0","","1.0","","1","N","N","","0","","0","0","0","","0","","","2","0","0","0","0","0","0","2","0","2","","","","N","","","","","","","","","",""
"2008135734","","2","0","0","0","0","0","0","0","0","4","0","","02","12","2008","3","40.6741","-80.0987","","11","0","0","0","0","0","1","1","0","","0","0","0","","","0","","0","","40 40:26.760","","0","80 05:55.320","0","0","0","0","2216","0","0","0","N","0","0","0","2","02505","0","","1.0","","9","N","N","","0","","0","0","0","","0","","","2","0","0","0","0","0","0","2","0","2","","","","N","","","","","","","","","",""
"2008135747","","2","0","0","0","0","0","0","0","0","4","0","","02","12","2008","4","40.615361","-79.933846","","11","0","0","0","0","0","2","0","0","","0","0","0","","","0","","1","","40 36:55.299","","0","79 56:01.847","0","0","0","0","2207","0","0","0","Y","0","0","0","2","02207","0","","1.0","","9","N","N","","0","","0","0","0","","3","","","2","0","0","0","0","0","0","2","0","2","","","","N","","","","","","","","","",""
"2008135767","","1","0","0","0","0","0","0","0","0","5","0","","02","12","2008","3","40.451746","-79.706048","","11","0","0","0","0","0","0","0","0","2","0","0","0","","","0","","0","","40 27:06.286","1","0","79 42:21.773","0","0","0","0","2466","0","0","0","N","0","0","0","3","02466","0","","1.0","","2","N","N","","0","","0","0","1","","0","N","","3","0","0","0","0","0","0","2","1","3","","05","","N","","","","","","","","","",""
"2008135781","","0","0","0","0","0","0","1","0","0","5","1","","02","12","2008","6","40.457109","-79.925196","","11","0","0","0","0","0","1","0","0","","0","0","0","","","0","","2","","40 27:25.592","","0","79 55:30.705","0","0","0","0","2301","0","0","0","","0","0","0","2","02503","0","","1.0","","1","N","N","","0","","0","0","1","","2","","","2","0","0","0","0","0","0","2","0","2","","","","N","","","","","","","","","",""
"2008135787","","1","0","0","0","0","0","0","0","0","7","0","","02","12","2008","7","40.502631","-80.209278","","11","0","0","0","0","0","0","0","0","","0","0","0","","","1","","0","","40 30:09.470","","0","80 12:33.402","4","0","0","0","2213","0","0","0","N","0","0","0","1","02213","1","","4.0","","1","N","N","","0","","0","0","0","","0","","","1","1","0","0","0","0","0","2","0","1","","","","N","","","","","","","","","",""
"2008135788","","1","0","0","0","0","0","0","0","0","7","0","","02","12","2008","7","40.512212","-80.206917","","11","0","0","0","0","0","0","0","0","","0","0","0","","","0","","0","","40 30:43.963","","0","80 12:24.901","0","0","0","0","2213","0","0","0","N","0","0","0","1","02213","0","","4.0","","9","N","N","","0","","0","0","0","","0","","","1","0","0","0","0","0","0","2","0","1","","","","N","","","","","","","","","",""
"2008135789","","1","0","0","0","0","0","0","0","0","8","0","","02","11","2008","2","40.317671","-80.047106","","11","0","0","0","0","0","0","0","0","","0","0","0","","","1","","1","","40 19:03.614","","0","80 02:49.582","4","0","0","0","2407","1","0","0","N","1","0","0","2","02407","1","","1.0","","1","N","N","","0","","0","0","0","","0","","","2","1","0","0","0","0","1","2","0","1","","","","N","","","","","","","","","",""
"2008135790","","2","0","0","0","0","0","0","0","0","1","0","","02","12","2008","2","40.2867","-80.0235","","11","0","0","0","0","0","0","0","0","","0","0","0","","","1","","0","","40 17:12.120","","0","80 01:24.600","4","0","0","0","2407","0","0","0","N","0","0","0","2","02407","1","","1.0","","1","N","N","","0","","0","0","0","","0","","","2","1","0","0","0","0","0","2","0","2","","","","N","","","","","","","","","",""
"2008135791","","2","0","0","0","0","0","0","0","0","4","0","","02","12","2008","3","40.324883","-80.044175","","11","0","0","0","0","0","1","1","0","","0","0","0","","","0","","2","","40 19:29.578","","0","80 02:39.030","0","0","0","0","2407","0","0","0","N","0","0","0","2","02407","0","","1.0","","9","N","N","","0","","0","0","0","","3","","","2","0","0","0","0","0","0","2","0","2","","","","N","","","","","","","","","",""
"2008135798","","0","0","0","0","0","0","0","0","0","4","0","","02","12","2008","4","40.53847","-79.962405","","11","0","0","0","0","0","0","0","0","2","0","0","0","","","0","","2","","40 32:18.492","2","0","79 57:44.657","0","0","0","0","2118","0","0","0","N","0","0","0","2","02118","0","","1.0","","1","N","N","","1","","0","0","0","","2","N","","2","0","0","0","0","0","0","2","1","2","","","","N","","","","","","","","","",""
"2008135841","","0","0","0","0","0","0","0","0","0","7","0","","02","12","2008","7","40.3726","-80.1097","","11","0","0","0","0","0","0","0","0","","0","0","0","","","0","","0","","40 22:21.360","","0","80 06:34.920","0","0","0","0","2102","0","0","0","N","0","0","0","1","68B04","0","","2.0","","6","N","N","","1","","0","0","0","","0","","","1","0","0","0","0","0","0","2","0","1","","","","N","","","","","","","","","",""
"2008135842","","1","0","0","0","0","0","0","0","0","7","0","","02","12","2008","2","","","","11","0","0","0","0","0","0","0","0","1","0","0","0","","","1","","0","","40 25:30.36","3","0","80 07:09.84","4","0","0","0","2102","0","0","0","Y","0","0","0","4","68B04","1","","2.0","","1","N","N","","0","","0","0","0","","0","N","","1","1","0","0","0","0","0","2","0","1","","","","N","","","","","","","","","",""
"2008135843","","1","0","0","0","0","0","0","0","0","7","0","","02","12","2008","3","40.519","-80.1357","","11","0","0","0","0","0","0","0","0","1","0","0","0","","","0","","0","","40 31:08.400","1","0","80 08:08.520","0","0","0","0","2434","0","0","0","N","0","0","0","1","68B03","0","","4.0","","6","N","N","","0","","0","0","0","","0","N","","1","0","0","0","0","0","0","2","0","1","","","","N","","","","","","","","","",""
"2008135904","","2","0","0","0","0","0","0","0","0","1","0","","02","12","2008","4","40.367207","-80.061256","","11","0","0","0","0","0","0","0","0","1","0","0","0","","","0","","0","","40 22:01.945","2","0","80 03:40.521","0","0","0","0","2109","0","0","0","N","0","0","0","2","02109","0","","1.0","","1","N","N","","0","","0","0","0","","0","N","","2","0","0","0","0","0","0","2","0","2","","","","N","","","","","","","","","",""
"2008135919","","1","0","0","0","0","0","1","0","0","5","1","","02","12","2008","5","","","","11","0","0","0","0","0","0","1","0","","0","0","0","","","0","","0","","","","0","","0","0","0","0","2301","0","0","0","N","0","0","0","3","02503","0","","1.0","","1","N","N","","0","","0","0","0","","0","","","2","0","1","0","0","0","0","1","0","2","","","","N","","","","","","","","","",""
"2008135934","","1","0","0","0","0","0","0","0","0","7","0","","02","12","2008","6","40.6485","-79.937224","","11","0","0","0","0","0","1","0","0","","0","0","0","","","0","","10","","40 38:54.600","","0","79 56:14.007","0","0","0","0","2217","0","0","0","N","0","0","0","1","02505","0","","5.0","","7","N","N","","0","","0","0","0","","0","","","1","0","0","0","0","0","0","2","0","1","","","","N","","","","","","","","","",""
"2008135936","","1","0","0","0","0","0","0","0","0","7","0","","02","12","2008","5","40.409165","-79.901015","","11","0","0","0","1","0","0","0","0","1","0","0","0","","","0","","0","","40 24:32.994","3","0","79 54:03.654","0","0","0","0","2448","0","0","0","N","0","0","0","1","02448","0","","2.0","","1","N","N","","0","","0","0","0","","0","N","","1","0","0","0","0","0","0","2","0","1","","","","N","","","","","","","","","",""
"2008135940","","1","0","0","0","0","0","0","0","0","7","0","","02","12","2008","6","40.514249","-80.012978","","11","0","0","0","0","0","0","0","0","1","0","0","0","","","0","","0","","40 30:51.296","3","0","80 00:46.719","0","0","0","0","2116","0","0","0","N","0","0","0","1","02116","0","","5.0","","7","N","N","","0","","0","0","0","","0","N","","1","0","0","0","0","0","0","2","0","1","","","","N","","","","","","","","","",""
"2008135942","","1","0","0","0","0","0","0","0","0","1","0","","02","12","2008","7","40.508842","-80.004437","","11","0","0","0","0","0","0","0","0","1","0","0","0","","","0","","0","","40 30:31.830","2","0","80 00:15.973","0","0","0","0","2116","0","0","0","N","0","0","0","2","02116","0","","1.0","","7","N","N","","1","","0","0","0","","0","Y","","2","0","0","0","0","0","0","2","0","2","","","","N","","","","","","","","","",""
"2008135944","","0","0","0","0","0","0","0","0","0","6","0","","02","12","2008","2","40.5596","-79.9593","","11","0","0","0","0","0","0","0","0","1","0","0","0","","","0","","0","","40 33:34.560","2","0","79 57:33.480","0","0","0","0","2207","0","0","0","N","0","0","0","3","02207","0","","1.0","","1","N","N","","1","","0","0","2","","0","N","","3","0","0","0","0","0","0","2","0","3","","","","N","","","","","","","","","",""
"2008135945","","2","0","0","0","0","0","0","0","0","4","0","","02","12","2008","7","","","","11","0","1","0","0","0","1","0","0","","0","0","0","","","0","","0","","","","0","","0","0","0","0","2116","0","0","0","N","0","0","0","5","02116","0","","1.0","","1","N","N","","0","","0","0","0","","0","","","2","0","0","0","0","0","0","1","0","2","","","","N","","","","","","","","","",""
"2008135946","","1","0","0","0","0","0","0","0","0","7","0","","02","12","2008","5","40.6586","-80.0486","","11","0","0","0","0","0","0","0","0","","0","0","0","","","0","","0","","40 39:30.960","","0","80 02:54.960","0","0","0","0","2216","0","0","0","N","0","0","0","1","02505","0","","4.0","","1","N","N","","0","","0","0","0","","0","","","1","0","0","0","0","0","0","2","0","1","","","","N","","","","","","","","","",""
"2008136028","","0","0","0","0","0","0","0","0","0","7","0","","02","12","2008","1","40.4309","-79.7443","","11","0","0","0","0","1","0","0","0","","0","0","0","","","0","","0","","40 25:51.240","","0","79 44:39.480","0","0","0","0","2446","0","0","0","N","0","0","0","1","68T09","0","","3.0","","9","N","N","","1","","0","0","0","","0","","","1","0","0","0","0","0","0","2","0","1","","","","N","","","","","","","","","",""
"2008136029","","0","0","0","0","0","0","0","0","0","7","0","","02","12","2008","1","40.4342","-79.748","","11","0","1","0","0","0","0","0","0","","0","0","0","","","0","","6","","40 26:03.120","","2","79 44:52.800","0","0","0","0","2446","0","0","0","N","0","0","0","2","68T09","0","","3.0","","9","N","N","","0","","0","0","1","","4","","","1","0","0","0","0","0","0","2","0","1","","","","N","","","","","","","","","",""
"2008136030","","1","0","0","0","0","0","0","0","0","1","1","","02","12","2008","2","40.4342","-79.748","","11","1","0","0","0","0","0","0","0","","0","1","0","","","0","","7","","40 26:03.120","","2","79 44:52.800","0","0","0","0","2446","0","0","0","N","0","0","0","2","68T09","0","","2.0","","1","N","N","","0","","0","0","0","","0","","","2","0","0","0","0","0","0","2","0","2","","","","N","","","","","","","","","",""
"2008136089","","2","0","0","0","0","0","0","0","0","1","0","","02","12","2008","5","40.5674","-80.2127","","11","0","0","0","0","0","0","1","1","1","0","0","0","","","2","","1","","40 34:02.640","1","0","80 12:45.720","4","0","0","0","2441","0","0","0","N","0","0","0","4","02441","1","","1.0","","1","N","N","","0","","0","0","0","","2","N","","3","2","0","0","0","1","0","2","1","3","","","","N","","","","","","","","","",""
"2008136090","","2","0","0","0","0","0","0","0","0","1","0","","02","12","2008","5","40.561972","-80.203496","","11","0","0","0","0","0","0","0","0","1","0","0","0","","","1","","0","","40 33:43.099","5","0","80 12:12.585","8","0","0","0","2441","0","0","0","N","0","0","0","2","02441","0","","1.0","","9","N","Y","","0","","0","0","0","","0","Y","","2","1","0","0","0","1","0","2","0","2","","","","N","","","","","","","","","",""
"2008136106","","0","0","0","0","0","0","0","0","0","7","0","","02","11","2008","3","40.378943","-80.14789","","11","0","0","0","0","0","0","1","0","2","0","0","0","","","1","","2","","40 22:44.194","6","0","80 08:52.404","8","0","0","0","2102","0","0","0","N","0","0","0","1","02119","0","","2.0","","9","N","N","","1","","0","0","0","","0","N","","1","1","0","0","0","1","0","2","0","1","","","","N","","","","","","","","","",""
"2008136107","","0","0","0","0","0","0","0","0","0","7","0","","02","11","2008","6","40.340858","-80.171595","","11","0","0","1","0","0","0","0","0","","0","0","0","","","1","","0","","40 20:27.088","","0","80 10:17.742","4","0","0","0","2119","0","0","0","Y","0","0","0","2","02119","1","","5.0","","2","N","N","","0","","0","0","1","","0","","","1","1","0","0","0","0","0","2","0","1","","","","N","","","","","","","","","",""
"2008136129","","1","0","0","0","0","0","0","0","0","7","0","","02","11","2008","5","40.450202","-79.831367","","11","0","0","0","0","0","0","0","0","","0","0","0","","","1","","2","","40 27:00.727","","0","79 49:52.921","3","0","0","0","2113","1","0","0","N","1","0","0","3","02113","0","","4.0","","1","N","N","","0","","1","0","0","","3","","","2","1","0","0","0","0","0","2","0","1","","","","N","","","","","","","","","",""
"2008136132","","0","0","0","0","0","0","0","0","0","1","0","","02","11","2008","2","40.4601","-79.8735","","11","0","0","0","0","0","1","0","0","","0","0","0","","","1","","0","","40 27:36.360","","0","79 52:24.600","4","0","0","0","2113","0","0","0","N","0","0","0","2","02113","1","","1.0","","9","N","N","","2","","0","0","0","","2","","","2","1","2","0","0","0","0","2","0","2","","","","N","","","","","","","","","",""
"2008136251","","1","0","0","0","0","0","0","0","0","1","0","","02","11","2008","7","40.6115","-80.054","","11","0","0","0","0","0","0","0","0","","0","0","0","","","0","","0","","40 36:41.400","","0","80 03:14.400","0","0","0","0","2108","0","0","0","N","0","0","0","4","02108","0","","1.0","","1","N","N","","0","","0","0","1","","0","","","2","0","0","0","0","0","0","2","0","2","","","","N","","","","","","","","","",""
"2008136252","","1","0","0","0","0","0","0","0","0","1","0","","02","12","2008","4","40.5613","-80.0131","","11","0","0","1","0","0","0","0","0","","0","0","0","","","0","","1","","40 33:40.680","","0","80 00:47.160","0","0","0","0","2108","0","0","0","N","0","0","0","2","02108","0","","1.0","","1","N","N","","0","","0","0","1","","2","","","2","0","0","0","0","0","0","2","0","2","","","","N","","","","","","","","","",""
"2008136253","","0","0","0","0","0","0","0","0","0","7","0","","02","12","2008","7","40.577676","-80.026656","","11","0","0","0","0","0","1","0","0","2","0","0","0","","","0","","0","","40 34:39.633","2","0","80 01:35.960","0","0","0","0","2108","0","0","0","N","0","0","0","1","02108","0","","4.0","","2","N","N","","1","","0","0","0","","0","N","","1","0","0","0","0","0","0","2","0","1","","","","N","","","","","","","","","",""
"2008136254","","1","0","0","0","0","0","0","0","0","1","0","","02","11","2008","6","40.593259","-80.061072","","11","0","0","0","0","0","1","0","0","1","0","0","0","","","0","","2","","40 35:35.733","3","0","80 03:39.859","0","0","0","0","2108","0","0","0","N","0","0","0","9","02108","0","","1.0","","1","N","N","","0","","0","0","1","","3","N","","2","0","0","0","0","0","0","2","0","2","","","","N","","","","","","","","","",""
"2008136255","","2","0","0","0","0","0","0","0","0","4","0","","02","12","2008","4","40.576121","-80.014779","","11","0","0","0","0","0","1","0","0","1","0","0","0","","","0","","2","","40 34:34.037","3","7","80 00:53.204","0","0","0","0","2108","0","0","0","N","0","0","0","3","02108","0","","1.0","","1","N","N","","0","","0","0","0","","0","N","","2","0","0","0","0","0","0","2","0","2","","","","N","","","","","","","","","",""
"2008136256","","1","0","0","0","0","0","0","0","0","7","0","","02","12","2008","1","40.557327","-79.999265","","11","0","0","0","0","0","0","0","0","1","0","0","0","","","0","","0","","40 33:26.377","1","0","79 59:57.354","0","0","0","0","2108","0","0","0","N","0","0","0","1","02108","0","","4.0","","7","N","N","","0","","0","0","0","","0","N","","1","0","0","0","0","0","0","2","0","1","","","","N","","","","","","","","","",""
"2008136257","","2","0","0","0","0","0","0","0","0","4","0","","02","11","2008","7","40.44465","-79.896163","","11","0","0","0","0","0","0","0","0","","0","0","0","","","1","","1","","40 26:40.740","","0","79 53:46.186","3","0","0","0","2301","0","0","0","N","0","0","0","2","02301","0","","1.0","","9","N","N","","0","","1","0","0","","3","","","2","1","1","0","0","0","0","2","0","2","","","","N","","","","","","","","","",""
"2008136258","","1","0","0","0","0","0","0","0","0","8","0","","02","12","2008","6","40.450499","-79.927503","","11","0","0","0","0","0","1","0","0","1","0","0","0","","","1","","2","","40 27:01.796","3","0","79 55:39.010","4","0","0","0","2301","1","0","0","N","1","0","0","2","02301","1","","1.0","","1","N","N","","0","","0","0","0","","0","N","","2","1","0","0","0","0","0","2","0","1","","","","N","","","","","","","","","",""
"2008136273","","2","0","0","0","0","0","0","0","0","4","0","","02","11","2008","3","40.44237","-80.072962","","11","0","0","0","0","0","0","0","0","","0","0","0","","","0","","1","","40 26:32.532","","0","80 04:22.663","0","0","0","0","2439","0","0","0","N","0","0","0","3","02439","0","","1.0","","9","N","N","","0","","0","0","0","","3","","","2","0","0","0","0","0","0","2","0","2","","","","N","","","","","","","","","",""
"2008136274","","2","0","0","0","0","0","0","0","0","1","0","","02","11","2008","1","40.442698","-80.070691","","11","0","0","0","0","0","1","0","0","","0","0","0","","","0","","0","","40 26:33.712","","0","80 04:14.487","0","0","0","0","2439","0","0","0","N","0","0","0","2","02439","0","","1.0","","1","N","N","","0","","0","0","0","","0","","","2","0","0","0","0","0","0","2","0","2","","","","N","","","","","","","","","",""
"2008136300","","1","0","0","0","0","0","0","0","0","7","0","","02","12","2008","7","40.440316","-79.994595","","11","0","0","0","0","0","0","0","0","","0","0","0","","","0","","0","","40 26:25.137","","0","79 59:40.542","0","0","0","0","2301","0","0","0","N","0","0","0","1","02301","0","","4.0","","7","N","N","","0","","0","0","0","","0","","","1","0","0","0","0","0","0","2","0","1","","","","N","","","","","","","","","",""
"2008136301","","1","0","0","0","0","0","0","0","0","4","0","","02","12","2008","2","40.442439","-79.995878","","11","0","0","0","0","0","0","0","0","1","0","0","0","","","0","","1","","40 26:32.780","2","0","79 59:45.160","0","0","0","0","2301","0","0","0","N","0","0","0","2","02301","0","","1.0","","9","N","N","","1","","0","0","0","","2","N","","2","0","0","0","0","0","0","2","0","2","","","","N","","","","","","","","","",""
"2008136302","","1","0","0","0","0","0","0","0","0","7","0","","02","12","2008","7","40.415035","-80.011273","","11","0","0","0","0","0","0","0","0","","0","0","0","","","0","","2","","40 24:54.125","","0","80 00:40.583","0","0","0","0","2301","0","0","0","Y","0","0","0","1","02301","0","","2.0","","2","N","N","","0","","0","0","0","","2","","","1","0","0","0","0","0","0","2","0","1","","","","N","","","","","","","","","",""
"2008136303","","0","0","0","1","0","0","0","0","0","7","0","","02","12","2008","7","40.39655","-79.998378","","11","0","0","0","0","0","0","0","0","","0","0","0","","","0","","0","","40 23:47.581","","0","79 59:54.161","0","0","0","0","2301","1","0","0","N","0","0","0","2","02301","0","","5.0","","2","N","N","","0","","0","0","1","","0","","","2","0","0","0","0","0","0","2","0","1","","","","N","","","","","","","","","",""
"2008136304","","0","0","0","0","0","0","0","0","0","7","0","","02","12","2008","7","40.4314","-79.9737","","11","0","0","0","0","0","0","0","0","","0","0","0","","","0","","0","","40 25:53.040","","3","79 58:25.320","0","0","0","0","2301","0","0","0","N","0","0","0","1","02301","0","","4.0","","2","N","N","","0","","0","0","1","","0","","","1","0","0","0","0","0","0","2","0","1","","","","N","","","","","","","","","",""
"2008136305","","1","0","0","0","0","0","0","0","0","0","0","","02","12","2008","7","40.433504","-79.937322","","11","0","0","0","0","0","0","0","0","","0","0","0","","","0","","0","","40 26:00.613","","0","79 56:14.360","0","0","0","0","2301","0","0","0","N","0","0","0","2","02301","0","","1.0","","2","N","N","","0","","0","0","0","","0","","","1","0","0","0","0","0","0","2","0","1","","","","N","","","","","","","","","",""
"2008136307","","1","0","0","0","0","0","0","0","0","4","0","","02","12","2008","5","40.458687","-79.908061","","11","0","0","0","0","0","1","0","0","1","0","0","0","","","1","","10","","40 27:31.273","4","0","79 54:29.021","8","0","0","0","2301","0","0","0","N","0","0","0","2","02301","0","","1.0","","1","N","N","","0","","0","0","1","","2","N","","2","1","0","0","0","1","0","2","0","2","","","","N","","","","","","","","","",""
"2008136308","","2","0","0","0","0","0","0","0","0","2","0","","02","12","2008","5","40.434165","-79.989722","","11","0","0","0","0","0","1","0","0","","0","0","0","","","0","","1","","40 26:02.993","","0","79 59:23.000","0","0","0","0","2301","0","0","0","N","0","0","0","3","02301","0","","1.0","","1","N","N","","0","","0","0","0","","2","","","2","0","0","0","0","0","0","2","0","2","","","","N","","","","","","","","","",""
"2008136309","","2","0","0","0","0","0","0","0","0","1","0","","02","12","2008","6","40.452271","-79.980808","","11","0","0","0","0","0","0","0","0","","0","0","0","","","0","","2","","40 27:08.175","","0","79 58:50.908","0","0","0","0","2301","0","0","0","N","0","0","0","2","02301","0","","1.0","","1","N","N","","0","","0","0","0","","0","","","2","0","0","0","0","0","0","2","0","2","","","","N","","","","","","","","","",""
"2008136310","","1","0","0","0","0","0","0","0","0","7","0","","02","12","2008","7","40.4448","-79.9898","","11","0","0","0","0","0","1","0","0","","0","0","0","","","0","","6","","40 26:41.280","","2","79 59:23.280","0","0","0","0","2301","0","0","0","N","0","0","0","1","02301","0","","4.0","","2","N","N","","0","","0","0","0","","0","","","1","0","0","0","0","0","0","2","0","1","","","","N","","","","","","","","","",""
"2008136311","","1","0","0","0","0","0","0","0","0","7","0","","02","12","2008","1","40.43708","-79.99833","","11","0","0","0","0","0","0","0","0","","0","0","0","","","0","","2","","40 26:13.488","","0","79 59:53.987","0","0","0","0","2301","0","0","0","N","0","0","0","2","02301","0","","3.0","","2","N","N","","0","","0","0","0","","4","","","1","0","0","0","0","0","0","2","0","1","","","","N","","","","","","","","","",""
"2008136312","","1","0","0","0","0","0","0","0","0","5","0","","02","12","2008","7","40.3984","-80.026","","11","0","0","0","0","0","0","1","0","","0","0","0","","","3","","0","","40 23:54.240","","0","80 01:33.600","4","0","0","0","2301","0","0","0","N","0","0","0","5","02301","3","","1.0","","9","N","N","","0","","0","0","0","","0","","","2","3","0","0","0","0","0","2","1","2","","","","N","","","","","","","","","",""
"2008136313","","1","0","0","0","0","0","0","0","0","7","0","","02","12","2008","2","40.452208","-80.007677","","11","0","0","0","0","0","0","0","0","","0","0","0","","","0","","0","","40 27:07.949","","0","80 00:27.637","0","0","0","0","2301","0","0","0","N","0","0","0","1","02301","0","","3.0","","9","N","N","","0","","0","0","0","","2","","","1","0","0","0","0","0","0","2","0","1","","","","N","","","","","","","","","",""
"2008136315","","1","0","0","0","0","0","0","0","0","5","0","","02","12","2008","4","40.411694","-79.986178","","11","0","0","0","0","0","1","0","0","","0","0","0","","","0","","0","","40 24:42.098","","0","79 59:10.240","0","0","0","0","2447","0","0","0","N","0","0","0","2","02447","0","","1.0","","9","N","N","","0","","0","0","0","","0","","","2","0","0","0","0","0","0","2","1","2","","","","N","","","","","","","","","",""
"2008136333","","1","0","0","0","0","0","0","0","0","7","0","","02","12","2008","1","","","","11","0","0","1","0","0","0","0","0","","0","0","0","","","0","","0","","","","0","","0","0","0","0","2301","0","0","0","N","0","0","0","3","02301","0","","4.0","","7","N","N","","0","","0","0","0","","0","","","1","0","0","0","0","0","0","1","0","1","","","","N","","","","","","","","","",""