"CRN","ARRIVAL_TM","AUTOMOBILE_COUNT","BELTED_DEATH_COUNT","BELTED_SUSP_SERIOUS_INJ_COUNT","BICYCLE_COUNT","BICYCLE_DEATH_COUNT","BICYCLE_SUSP_SERIOUS_INJ_COUNT","BUS_COUNT","CHLDPAS_DEATH_COUNT","CHLDPAS_SUSP_SERIOUS_INJ_COUNT","COLLISION_TYPE","COMM_VEH_COUNT","CONS_ZONE_SPD_LIM","COUNTY","CRASH_MONTH","CRASH_YEAR","DAY_OF_WEEK","DEC_LATITUDE","DEC_LONGITUDE","DISPATCH_TM","DISTRICT","DRIVER_COUNT_16YR","DRIVER_COUNT_17YR","DRIVER_COUNT_18YR","DRIVER_COUNT_19YR","DRIVER_COUNT_20YR","DRIVER_COUNT_50_64YR","DRIVER_COUNT_65_74YR","DRIVER_COUNT_75PLUS","EST_HRS_CLOSED","FATAL_COUNT","HEAVY_TRUCK_COUNT","HORSE_BUGGY_COUNT","HOUR_OF_DAY","ILLUMINATION","INJURY_COUNT","INTERSECTION_RELATED","INTERSECT_TYPE","LANE_CLOSED","LATITUDE","LN_CLOSE_DIR","LOCATION_TYPE","LONGITUDE","MAX_SEVERITY_LEVEL","MCYCLE_DEATH_COUNT","MCYCLE_SUSP_SERIOUS_INJ_COUNT","MOTORCYCLE_COUNT","MUNICIPALITY","NONMOTR_COUNT","NONMOTR_DEATH_COUNT","NONMOTR_SUSP_SERIOUS_INJ_COUNT","NTFY_HIWY_MAINT","PED_COUNT","PED_DEATH_COUNT","PED_SUSP_SERIOUS_INJ_COUNT","PERSON_COUNT","POLICE_AGCY","POSSIBLE_INJ_COUNT","RDWY_SURF_TYPE_CD","RELATION_TO_ROAD","ROADWAY_CLEARED","ROAD_CONDITION","SCH_BUS_IND","SCH_ZONE_IND","SECONDARY_CRASH","SMALL_TRUCK_COUNT","SPEC_JURIS_CD","SUSP_MINOR_INJ_COUNT","SUSP_SERIOUS_INJ_COUNT","SUV_COUNT","TCD_FUNC_CD","TCD_TYPE","TFC_DETOUR_IND","TIME_OF_DAY","TOTAL_UNITS","TOT_INJ_COUNT","UNBELTED_OCC_COUNT","UNB_DEATH_COUNT","UNB_SUSP_SERIOUS_INJ_COUNT","UNK_INJ_DEG_COUNT","UNK_INJ_PER_COUNT","URBAN_RURAL","VAN_COUNT","VEHICLE_COUNT","WEATHER1","WEATHER2","WORKERS_PRES","WORK_ZONE_IND","WORK_ZONE_LOC","WORK_ZONE_TYPE","WZ_CLOSE_DETOUR","WZ_FLAGGER","WZ_LAW_OFFCR_IND","WZ_LN_CLOSURE","WZ_MOVING","WZ_OTHER","WZ_SHLDER_MDN","WZ_WORKERS_INJ_KILLED"
"2008137091","","0","0","0","0","0","0","0","0","0","7","0","","02","12","2008","7","40.5095","-79.7147","","11","0","0","0","0","0","0","0","0","2","0","0","0","","","0","","0","","40 30:34.200","3","0","79 42:52.920","0","0","0","0","2466","0","0","0","N","0","0","0","1","02466","0","","2.0","","1","N","N","","1","","0","0","0","","0","N","","1","0","0","0","0","0","0","1","0","1","","","","N","","","","","","","","","",""
"2008137093","","1","0","0","0","0","0","0","0","0","4","0","","02","12","2008","6","40.578041","-79.953693","","11","0","0","0","0","0","0","0","1","1","0","0","0","","","3","","2","","40 34:40.947","5","0","79 57:13.296","4","0","0","0","2207","0","0","0","N","0","0","0","4","02207","3","","1.0","","9","N","N","","0","","0","0","0","","3","N","","2","3","0","0","0","0","0","2","1","2","","","","N","","","","","","","","","",""
"2008137102","","0","0","0","0","0","0","0","0","0","7","0","","02","12","2008","2","","","","11","0","0","0","0","0","1","0","0","2","0","0","0","","","0","","0","","40 26:27.96","4","0","79 45:38.88","0","0","0","0","2446","0","0","0","N","0","0","0","1","68B03","0","","2.0","","9","N","N","","0","","0","0","1","","0","N","","1","0","0","0","0","0","0","2","0","1","","","","N","","","","","","","","","",""
"2008137140","","1","0","0","0","0","0","0","0","0","7","0","","02","12","2008","7","40.5002","-80.3257","","11","0","0","0","0","0","0","0","0","","0","0","0","","","0","","0","","40 30:00.720","","0","80 19:32.520","0","0","0","0","2203","0","0","0","N","0","0","0","1","02203","0","","4.0","","1","N","N","","0","","0","0","0","","0","","","1","0","1","0","0","0","0","1","0","1","","","","N","","","","","","","","","",""
"2008137150","","2","0","0","0","0","0","0","0","0","2","0","","02","12","2008","7","40.459915","-79.717033","","11","0","0","0","0","0","0","0","0","","0","0","0","","","0","","0","","40 27:35.694","","0","79 43:01.319","0","0","0","0","2466","0","0","0","N","0","0","0","1","02466","0","","2.0","","1","N","N","","0","","0","0","0","","0","","","2","0","0","0","0","0","0","2","0","2","","","","N","","","","","","","","","",""
"2008137155","","0","0","0","0","0","0","0","0","0","8","0","","02","12","2008","7","40.375191","-80.046575","","11","0","0","0","1","0","0","0","0","","0","0","0","","","1","","0","","40 22:30.687","","0","80 02:47.670","4","0","0","0","2109","1","0","0","N","1","0","0","2","02109","1","","1.0","","1","N","N","","0","","0","0","1","","0","","","2","1","0","0","0","0","0","2","0","1","","","","N","","","","","","","","","",""
"2008137161","","0","0","0","0","0","0","0","0","0","99","0","","02","12","2008","7","40.419083","-79.882061","","11","0","0","0","0","0","0","0","0","1","0","0","0","","","0","","0","","40 25:08.698","2","0","79 52:55.419","0","0","0","0","2463","0","0","0","N","0","0","0","2","02463","0","","1.0","","1","N","N","","0","","0","0","1","","0","N","","1","0","0","0","0","0","0","2","0","1","","","","N","","","","","","","","","",""
"2008137198","","1","0","0","0","0","0","0","0","0","8","0","","02","12","2008","5","40.344089","-79.971615","","11","0","0","0","0","0","0","1","0","","0","0","0","","","1","","2","","40 20:38.722","","0","79 58:17.815","8","0","0","0","2403","1","0","0","N","1","0","0","2","02403","0","","1.0","","9","N","N","","0","","0","0","0","","2","","","2","1","0","0","0","1","0","2","0","1","","","","N","","","","","","","","","",""
"2008137211","","1","0","0","0","0","0","0","0","0","4","0","","02","12","2008","5","40.642197","-79.938393","","11","0","0","0","0","0","1","0","0","","0","0","0","","","1","","1","","40 38:31.910","","0","79 56:18.213","3","0","0","0","2217","0","0","0","N","0","0","0","3","02505","0","","1.0","","1","N","N","","1","","1","0","0","","2","","","2","1","0","0","0","0","0","2","0","2","","","","N","","","","","","","","","",""
"2008137213","","2","0","0","0","0","0","0","0","0","4","0","","02","12","2008","3","40.521876","-80.048203","","11","0","0","0","0","0","0","0","0","1","0","0","0","","","0","","3","","40 31:18.752","1","0","80 02:53.532","0","0","0","0","2116","0","0","0","N","0","0","0","3","02116","0","","1.0","","2","N","N","","0","","0","0","0","","4","N","","2","0","0","0","0","0","0","2","0","2","","","","N","","","","","","","","","",""
"2008137217","","2","0","0","0","0","0","0","0","0","1","0","","02","12","2008","7","40.3295","-79.9451","","11","0","0","0","0","0","1","0","0","","0","0","0","","","1","","0","","40 19:46.200","","0","79 56:42.360","8","0","0","0","2454","0","0","0","N","0","0","0","6","02454","0","","1.0","","1","N","N","","0","","0","0","1","","0","","","3","1","0","0","0","1","0","2","0","3","","","","N","","","","","","","","","",""
"2008137238","","2","0","0","0","0","0","0","0","0","1","0","","02","12","2008","7","40.3673","-80.1047","","11","0","1","0","0","0","1","0","0","","0","0","0","","","2","","0","","40 22:02.280","","0","80 06:16.920","8","0","0","0","2102","0","0","0","N","0","0","0","3","02102","0","","1.0","","9","N","N","","0","","0","0","0","","0","","","2","2","1","0","0","2","0","2","0","2","","","","N","","","","","","","","","",""
"2008137243","","1","0","0","0","0","0","0","0","0","7","0","","02","12","2008","1","40.6591","-79.9752","","11","0","0","0","1","0","0","0","0","1","0","0","0","","","0","","0","","40 39:32.760","3","0","79 58:30.720","0","0","0","0","2217","0","0","0","N","0","0","0","1","02505","0","","2.0","","2","N","N","","0","","0","0","0","","0","N","","1","0","0","0","0","0","0","1","0","1","","","","N","","","","","","","","","",""
"2008137248","","1","0","0","0","0","0","0","0","0","7","0","","02","12","2008","1","40.2547","-79.8488","","11","0","0","0","0","0","0","0","0","3","0","0","0","","","1","","0","","40 15:16.920","5","0","79 50:55.680","4","0","0","0","2105","0","0","0","N","0","0","0","1","02105","1","","5.0","","1","N","N","","0","","0","0","0","","0","N","","1","1","0","0","0","0","0","1","0","1","","","","N","","","","","","","","","",""
"2008137286","","0","0","0","0","0","0","0","0","0","7","0","","02","12","2008","7","40.661161","-79.759492","","11","0","0","0","0","0","0","0","0","","0","0","0","","","0","","1","","40 39:40.178","","0","79 45:34.171","0","0","0","0","2202","0","0","0","Y","0","0","0","1","02202","0","","2.0","","2","N","N","","1","","0","0","0","","3","","","1","0","0","0","0","0","0","1","0","1","","","","N","","","","","","","","","",""
"2008137374","","0","0","0","0","0","0","0","0","0","1","0","","02","12","2008","5","40.34762","-80.056584","","11","0","0","0","0","0","1","0","0","1","0","0","0","","","0","","0","","40 20:51.431","2","0","80 03:23.703","0","0","0","0","2407","0","0","0","N","0","0","0","4","02407","0","","1.0","","1","N","N","","0","","0","0","1","","0","N","","2","0","0","0","0","0","0","2","1","2","","","","N","","","","","","","","","",""
"2008137392","","0","0","0","0","0","0","0","0","0","1","0","","02","12","2008","1","","","","11","0","0","0","0","0","0","0","0","","0","0","0","","","2","","0","","40 27:19.80","","0","80 11:04.92","3","0","0","0","2214","0","0","0","Y","0","0","0","2","68B03","1","","1.0","","9","N","N","","2","","1","0","0","","0","","","2","2","0","0","0","0","0","2","0","2","","","","N","","","","","","","","","",""
"2008137393","","0","0","0","0","0","0","0","0","0","4","0","","02","12","2008","6","40.602631","-80.093661","","11","0","0","0","0","0","0","0","1","1","0","0","0","","","1","","0","","40 36:09.473","2","0","80 05:37.180","4","0","0","0","2481","0","0","0","N","0","0","0","7","68B03","1","","1.0","","9","N","N","","0","","0","0","0","","0","N","","2","1","0","0","0","0","0","2","2","2","","","","N","","","","","","","","","",""
"2008137394","","1","0","0","0","0","0","0","0","0","7","0","","02","12","2008","6","40.445021","-80.176116","","11","0","0","0","1","0","0","0","0","1","0","0","0","","","0","","0","","40 26:42.077","4","0","80 10:34.019","0","0","0","0","2214","0","0","0","Y","0","0","0","2","68B03","0","","4.0","","9","N","N","","0","","0","0","0","","0","N","","1","0","0","0","0","0","0","2","0","1","","","","N","","","","","","","","","",""
"2008137409","","1","0","0","0","0","0","0","0","0","1","0","","02","12","2008","4","","","","11","0","0","0","0","0","0","0","0","","0","0","0","","","1","","0","","40 26:32.64","","3","80 00:31.68","8","0","0","0","2301","0","0","0","N","0","0","0","2","68B04","0","","1.0","","1","N","N","","0","","0","0","0","","0","","","2","1","0","0","0","1","1","2","0","2","","","","N","","","","","","","","","",""
"2008137476","","0","0","0","0","0","0","0","0","0","7","0","55","02","12","2008","7","40.551","-79.8283","","11","0","0","0","0","0","0","0","0","","0","0","0","","","0","","0","","40 33:03.600","","0","79 49:41.880","0","0","0","0","2208","0","0","0","N","0","0","0","2","68T02","0","","4.0","","1","N","N","","0","","0","0","1","","8","","","1","0","0","0","0","0","0","2","0","1","","","N","Y","2","1","N","N","N","N","N","N","Y",""
"2008137508","","1","0","0","0","0","0","0","0","0","1","0","","02","12","2008","2","40.630064","-80.057071","","11","0","0","0","0","0","1","0","0","","0","0","0","","","1","","0","","40 37:48.230","","0","80 03:25.456","4","0","0","0","2216","0","0","0","N","0","0","0","2","02505","1","","1.0","","9","N","N","","1","","0","0","0","","0","","","2","1","0","0","0","0","0","2","0","2","","","","N","","","","","","","","","",""
"2008137510","","0","0","0","0","0","0","0","0","0","7","0","","02","12","2008","5","40.632085","-80.03154","","11","0","0","0","1","0","0","0","0","","0","0","0","","","1","","0","","40 37:55.506","","0","80 01:53.545","4","0","0","0","2216","0","0","0","N","0","0","0","1","02505","1","","5.0","","2","N","N","","1","","0","0","0","","0","","","1","1","0","0","0","0","0","2","0","1","","","","N","","","","","","","","","",""
"2008137551","","2","0","0","0","0","0","0","0","0","1","0","","02","12","2008","7","40.623193","-79.923149","","11","0","1","0","0","0","1","0","0","1","0","0","0","","","1","","1","","40 37:23.493","6","0","79 55:23.335","4","0","0","0","2217","0","0","0","N","0","0","0","5","02505","1","","1.0","","1","N","N","","1","","0","0","0","","2","N","","3","1","0","0","0","0","0","2","0","3","","","","N","","","","","","","","","",""
"2008137567","","1","0","0","0","0","0","0","0","0","7","0","","02","12","2008","5","40.632745","-79.877547","","11","0","0","0","1","0","0","0","0","2","0","0","0","","","1","","0","","40 37:57.882","7","0","79 52:39.169","3","0","0","0","2220","0","0","0","N","0","0","0","1","02220","0","","5.0","","1","N","N","","0","","1","0","0","","3","Y","","1","1","1","0","0","0","0","2","0","1","","","","N","","","","","","","","","",""
"2008137570","","1","0","0","0","0","0","0","0","0","4","1","","02","12","2008","2","40.4755","-79.8485","","11","0","0","0","0","0","1","0","0","","0","1","0","","","0","","1","","40 28:31.800","","0","79 50:54.600","0","0","0","0","2113","0","0","0","N","0","0","0","2","02113","0","","1.0","","1","N","N","","0","","0","0","0","","2","","","2","0","0","0","0","0","0","2","0","2","","","","N","","","","","","","","","",""
"2008137578","","0","0","0","0","0","0","0","0","0","2","0","","02","12","2008","1","40.380286","-80.006752","","11","0","0","0","0","0","1","0","0","","0","0","0","","","0","","0","","40 22:49.029","","0","80 00:24.307","0","0","0","0","2101","0","0","0","N","0","0","0","3","02101","0","","1.0","","1","N","N","","1","","0","0","1","","0","","","2","0","0","0","0","0","0","2","0","2","","","","N","","","","","","","","","",""
"2008137579","","1","0","0","0","0","0","0","0","0","4","0","","02","12","2008","6","40.450265","-80.163816","","11","0","0","0","0","0","0","0","0","2","0","0","0","","","0","","1","","40 27:00.954","3","0","80 09:49.739","0","0","0","0","2115","0","0","0","N","0","0","0","2","02115","0","","1.0","","9","N","N","","0","","0","0","1","","0","Y","","2","0","0","0","0","0","0","2","0","2","","","","N","","","","","","","","","",""
"2008137580","","1","0","0","0","0","0","0","0","0","6","0","","02","12","2008","5","40.4521","-80.1339","","11","0","0","0","0","0","1","0","0","1","0","0","0","","","2","","1","","40 27:07.560","1","0","80 08:02.040","8","0","0","0","2115","0","0","0","N","0","0","0","2","02115","0","","1.0","","9","N","N","","0","","0","0","1","","2","N","","2","2","0","0","0","2","0","2","0","2","","","","N","","","","","","","","","",""
"2008137581","","1","0","0","0","0","0","0","0","0","4","0","","02","12","2008","2","40.45","-80.1264","","11","0","0","0","0","1","1","0","0","1","0","0","0","","","1","","0","","40 27:00.000","4","0","80 07:35.040","4","0","0","0","2115","0","0","0","N","0","0","0","2","02115","1","","1.0","","9","N","N","","0","","0","0","1","","0","N","","2","1","1","0","0","0","0","2","0","2","","","","N","","","","","","","","","",""
"2008137582","","2","0","0","0","0","0","0","0","0","4","0","","02","12","2008","5","40.439996","-80.083964","","11","0","0","0","1","0","0","0","0","","0","0","0","","","0","","5","","40 26:23.987","","0","80 05:02.270","0","0","0","0","2115","0","0","0","N","0","0","0","2","02115","0","","1.0","","9","N","N","","0","","0","0","0","","0","","","2","0","0","0","0","0","0","2","0","2","","","","N","","","","","","","","","",""
"2008137583","","1","0","0","0","0","0","0","0","0","7","0","","02","12","2008","5","40.4493","-80.1247","","11","0","0","0","0","0","0","0","0","","0","0","0","","","0","","0","","40 26:57.480","","0","80 07:28.920","0","0","0","0","2115","0","0","0","N","0","0","0","1","02115","0","","4.0","","7","N","N","","0","","0","0","0","","0","","","1","0","0","0","0","0","0","2","0","1","","","","N","","","","","","","","","",""
"2008137641","","1","0","0","0","0","0","0","0","0","7","0","","02","12","2008","1","","","","11","0","0","0","0","0","0","0","0","1","0","0","0","","","0","","0","","40 29:27.24","2","3","80 00:35.28","0","0","0","0","2301","0","0","0","N","0","0","0","1","68B03","0","","4.0","","6","N","N","","0","","0","0","0","","0","N","","1","0","0","0","0","0","0","2","0","1","","","","N","","","","","","","","","",""
"2008137653","","2","0","0","0","0","0","0","0","0","1","0","","02","12","2008","2","40.465449","-79.827273","","11","0","0","0","0","0","0","0","0","","0","0","0","","","2","","10","","40 27:55.615","","7","79 49:38.184","4","0","0","0","2113","0","0","0","N","0","0","0","3","02113","2","","1.0","","1","N","N","","0","","0","0","0","","3","","","2","2","0","0","0","0","0","2","0","2","","","","N","","","","","","","","","",""
"2008137708","","1","0","0","0","0","0","0","0","0","7","0","","02","12","2008","2","40.478809","-79.762479","","11","0","1","0","0","0","0","0","0","1","0","0","0","","","1","","0","","40 28:43.714","6","0","79 45:44.924","3","0","0","0","2466","0","0","0","N","0","0","0","1","02466","0","","4.0","","2","","N","","0","","1","0","0","","0","N","","1","1","0","0","0","0","0","2","0","1","","","","N","","","","","","","","","",""
"2008137710","","2","0","0","0","0","0","0","0","0","4","0","","02","12","2008","2","40.470831","-79.821309","","11","0","0","0","0","0","1","0","0","","0","0","0","","","2","","2","","40 28:14.992","","0","79 49:16.714","3","0","0","0","2113","0","0","0","N","0","0","0","2","02113","1","","1.0","","1","N","N","","0","","1","0","0","","3","","","2","2","0","0","0","0","0","2","0","2","","","","N","","","","","","","","","",""
"2008137724","","2","0","0","0","0","0","0","0","0","4","0","","02","12","2008","7","40.435768","-79.771002","","11","0","0","0","0","0","0","0","0","1","0","0","0","","","0","","0","","40 26:08.765","3","0","79 46:15.606","0","0","0","0","2446","0","0","0","N","0","0","0","2","02446","0","","1.0","","1","N","N","","0","","0","0","0","","2","Y","","2","0","0","0","0","0","0","2","0","2","","","","N","","","","","","","","","",""
"2008137727","","1","0","0","0","0","0","0","0","0","7","0","","02","12","2008","3","40.4595","-79.8428","","11","0","0","0","0","0","0","0","0","","0","0","0","","","0","","0","","40 27:34.200","","0","79 50:34.080","0","0","0","0","2113","0","0","0","N","0","0","0","1","02113","0","","4.0","","2","N","N","","0","","0","0","0","","0","","","1","0","0","0","0","0","0","2","0","1","","","","N","","","","","","","","","",""
"2008137752","","1","0","0","0","0","0","0","0","0","4","0","","02","11","2008","5","40.363857","-79.861554","","11","0","0","0","0","0","0","0","1","1","0","0","0","","","2","","1","","40 21:49.885","1","0","79 51:41.596","8","0","0","0","2473","0","0","0","N","0","0","0","2","02473","0","","1.0","","9","N","N","","1","","0","0","0","","3","N","","2","2","1","0","0","2","0","2","0","2","","","","N","","","","","","","","","",""
"2008137753","","1","0","0","0","0","0","0","0","0","7","0","","02","11","2008","6","","","","11","0","0","0","0","0","0","0","0","","0","0","0","","","0","","0","","","","0","","0","0","0","0","2473","0","0","0","N","0","0","0","1","02473","0","","2.0","","9","N","N","","0","","0","0","0","","0","","","1","0","0","0","0","0","0","1","0","1","","","","N","","","","","","","","","",""
"2008137755","","2","0","0","0","0","0","0","0","0","4","0","","02","11","2008","1","40.390148","-79.868708","","11","0","0","1","0","0","0","0","0","","0","0","0","","","0","","2","","40 23:24.532","","0","79 52:07.349","0","0","0","0","2473","0","0","0","N","0","0","0","2","02473","0","","1.0","","9","N","N","","0","","0","0","0","","3","","","2","0","0","0","0","0","0","2","0","2","","","","N","","","","","","","","","",""
"2008137756","","2","0","0","0","0","0","0","0","0","4","0","","02","12","2008","5","40.33245","-79.93379","","11","0","0","0","0","0","0","0","1","1","0","0","0","","","2","","1","","40 19:56.821","2","0","79 56:01.645","8","0","0","0","2473","0","0","0","N","0","0","0","2","02473","0","","1.0","","9","N","N","","0","","0","0","0","","2","N","","2","2","0","0","0","2","0","2","0","2","","","","N","","","","","","","","","",""
"2008137760","","1","0","0","0","0","0","0","0","0","1","0","","02","12","2008","5","40.609991","-80.053301","","11","0","0","0","0","0","1","0","0","2","0","0","0","","","2","","1","","40 36:35.968","5","0","80 03:11.883","3","0","0","0","2108","0","0","0","N","0","0","0","2","02108","0","","1.0","","9","N","N","","0","","2","0","1","","2","Y","","2","2","0","0","0","0","0","2","0","2","","","","N","","","","","","","","","",""
"2008137764","","2","0","0","0","0","0","0","0","0","1","0","","02","12","2008","7","40.456417","-79.933575","","11","0","0","0","0","0","0","0","0","","0","0","0","","","2","","0","","40 27:23.102","","7","79 56:00.871","8","0","0","0","2301","0","0","0","N","0","0","0","4","02301","0","","1.0","","2","N","N","","0","","0","0","0","","2","","","2","2","0","0","0","2","0","2","0","2","","","","N","","","","","","","","","",""
"2008137776","","1","0","0","0","0","0","0","0","0","7","0","","02","11","2008","7","40.466073","-79.875451","","11","0","0","0","0","0","0","0","0","1","0","0","0","","","0","","0","","40 27:57.862","6","0","79 52:31.623","9","0","0","0","2113","0","0","0","N","0","0","0","1","02113","0","","4.0","","1","N","N","","0","","0","0","0","","0","N","","1","0","0","0","0","0","1","2","0","1","","","","N","","","","","","","","","",""
"2008137777","","1","0","0","0","0","0","0","0","0","7","0","","02","12","2008","4","40.464843","-79.828658","","11","0","0","0","1","0","0","0","0","","0","0","0","","","0","","2","","40 27:53.434","","0","79 49:43.170","0","0","0","0","2113","0","0","0","N","0","0","0","1","02113","0","","5.0","","9","N","N","","0","","0","0","0","","0","","","1","0","0","0","0","0","0","2","0","1","","","","N","","","","","","","","","",""
"2008137778","","1","0","0","0","0","0","0","0","0","5","0","","02","12","2008","5","40.462331","-79.804207","","11","0","0","0","0","0","1","0","0","2","0","0","0","","","1","","0","","40 27:44.391","1","0","79 48:15.145","4","0","0","0","2113","0","0","0","N","0","0","0","2","02113","1","","1.0","","9","N","N","","1","","0","0","0","","0","N","","2","1","0","0","0","0","0","2","0","2","","","","N","","","","","","","","","",""
"2008137780","","2","0","0","0","0","0","0","0","0","2","0","","02","11","2008","1","40.453748","-80.049984","","11","0","0","0","0","0","0","0","1","","0","0","0","","","0","","0","","40 27:13.492","","0","80 02:59.942","0","0","0","0","2301","0","0","0","N","0","0","0","1","02301","0","","1.0","","9","N","N","","0","","0","0","0","","0","","","2","0","0","0","0","0","0","2","0","2","","","","N","","","","","","","","","",""
"2008137820","","2","0","0","0","0","0","0","0","0","1","0","","02","11","2008","4","","","","11","0","0","0","0","0","1","0","0","1","0","0","0","","","0","","0","","40 26:18.24","3","0","79 51:45.36","0","0","0","0","2419","0","0","0","N","0","0","0","5","68B03","0","","1.0","","9","N","N","","0","","0","0","0","","0","N","","2","0","0","0","0","0","0","2","0","2","","","","N","","","","","","","","","",""
"2008137821","","1","0","0","0","0","0","0","0","0","1","0","","02","11","2008","6","","","","11","0","0","1","0","0","1","0","0","1","0","0","0","","","0","","0","","40 25:49.44","4","0","79 52:25.68","0","0","0","0","2411","0","0","0","N","0","0","0","3","68B03","0","","1.0","","1","N","N","","1","","0","0","1","","0","N","","3","0","0","0","0","0","0","2","0","3","","","","N","","","","","","","","","",""
"2008137822","","1","0","0","0","0","0","0","0","0","5","0","","02","11","2008","2","","","","11","0","0","0","0","0","0","0","0","","0","0","0","","","0","","0","","40 25:38.28","","0","79 57:07.20","9","0","0","0","2301","0","0","0","N","0","0","0","2","68B03","0","","1.0","","1","N","N","","1","","0","0","0","","0","","","2","0","0","0","0","0","1","2","0","2","","","","N","","","","","","","","","",""
"2008137823","","1","0","0","0","0","0","0","0","0","1","0","","02","12","2008","7","","","","11","0","0","0","0","0","0","0","0","","0","0","0","","","0","","0","","40 26:01.68","","0","79 52:10.20","0","0","0","0","2478","0","0","0","N","0","0","0","2","68B03","0","","1.0","","7","N","N","","0","","0","0","1","","0","","","2","0","0","0","0","0","0","2","0","2","","","","N","","","","","","","","","",""
"2008137824","","1","0","0","0","0","0","0","0","0","1","0","","02","12","2008","6","","","","11","0","0","0","0","0","0","0","0","","0","0","0","","","1","","6","","40 25:51.96","","2","79 52:22.44","4","0","0","0","2426","0","0","0","N","0","0","0","2","68B03","1","","1.0","","9","N","N","","0","","0","0","1","","4","","","2","1","0","0","0","0","0","2","0","2","","","","N","","","","","","","","","",""
"2008137826","","1","0","0","0","0","0","0","0","0","7","0","","02","12","2008","1","","","","11","0","0","0","0","0","0","0","0","","0","0","0","","","1","","0","","40 31:58.44","","0","80 04:23.88","4","0","0","0","2215","0","0","0","N","0","0","0","1","68B03","1","","5.0","","1","N","N","","0","","0","0","0","","0","","","1","1","0","0","0","0","0","2","0","1","","","","N","","","","","","","","","",""
"2008137827","","0","0","0","0","0","0","0","0","0","7","0","","02","12","2008","6","","","","11","0","0","0","0","0","0","0","0","1","0","0","0","","","1","","0","","40 26:26.52","3","0","79 50:04.20","3","0","0","0","2419","0","0","0","N","0","0","0","1","68B03","0","","2.0","","8","N","N","","0","","1","0","1","","0","N","","1","1","0","0","0","0","0","2","0","1","","","","N","","","","","","","","","",""
"2008137828","","2","0","0","0","0","0","0","0","0","7","0","","02","12","2008","6","","","","11","0","0","0","0","1","0","0","0","1","0","0","0","","","0","","0","","40 26:30.84","4","0","79 49:37.92","0","0","0","0","2124","0","0","0","N","0","0","0","2","68B03","0","","2.0","","8","N","N","","0","","0","0","0","","0","N","","2","0","1","0","0","0","0","2","0","2","","","","N","","","","","","","","","",""
"2008137829","","0","0","0","0","0","0","0","0","0","7","0","","02","12","2008","6","40.501708","-80.125082","","11","0","0","0","0","0","0","0","0","3","0","0","0","","","1","","0","","40 30:06.150","1","0","80 07:30.296","3","0","0","0","2115","0","0","0","Y","0","0","0","1","68B03","0","","2.0","","1","N","N","","0","","1","0","1","","0","N","","1","1","1","0","0","0","0","2","0","1","","","","N","","","","","","","","","",""
"2008137831","","1","0","0","0","0","0","0","0","0","7","0","50","02","12","2008","1","","","","11","0","0","0","0","0","0","0","0","2","0","0","0","","","1","","0","","40 25:39.36","3","0","80 07:44.40","4","0","0","0","2102","0","0","0","N","0","0","0","1","68B03","1","","4.0","","9","N","N","","0","","0","0","0","","0","N","","1","1","0","0","0","0","0","2","0","1","","","N","Y","4","1","N","N","N","N","N","N","Y",""
"2008137832","","1","0","0","0","0","0","0","0","0","7","0","","02","12","2008","1","","","","11","0","0","0","0","0","0","0","0","","0","0","0","","","0","","0","","40 29:44.88","","0","80 00:54.72","0","0","0","0","2301","0","0","0","N","0","0","0","1","68B03","0","","4.0","","2","N","N","","0","","0","0","0","","0","","","1","0","0","0","0","0","0","2","0","1","","","","N","","","","","","","","","",""
"2008137833","","1","0","0","0","0","0","0","0","0","7","0","","02","12","2008","1","","","","11","0","0","0","0","0","1","0","0","2","0","0","0","","","0","","6","","40 25:51.96","4","8","79 52:22.44","0","0","0","0","2478","0","0","0","Y","0","0","0","1","68B03","0","","2.0","","2","N","N","","0","","0","0","0","","0","N","","1","0","0","0","0","0","0","2","0","1","","","","N","","","","","","","","","",""
"2008137842","","1","0","0","0","0","0","0","0","0","1","0","","02","12","2008","3","40.497219","-79.935613","","11","0","0","0","0","0","0","0","0","2","0","0","0","","","1","","0","","40 29:49.989","2","0","79 56:08.206","4","0","0","0","2112","0","0","0","N","0","0","0","3","68D02","1","","1.0","","1","N","N","","1","","0","0","0","","0","N","","2","1","0","0","0","0","0","2","0","2","","","","N","","","","","","","","","",""
"2008137845","","1","0","0","0","0","0","0","0","0","7","0","","02","12","2008","1","40.497317","-79.932858","","11","0","0","0","0","1","0","0","0","3","0","0","0","","","0","","0","","40 29:50.341","2","0","79 55:58.287","0","0","0","0","2112","0","0","0","Y","0","0","0","3","68D01","0","","1.0","","9","N","N","","0","","0","0","0","","0","Y","","1","0","0","0","0","0","0","2","0","1","","","","N","","","","","","","","","",""
"2008137850","","0","0","0","0","0","0","0","0","0","7","0","","02","12","2008","2","40.608532","-79.762359","","11","0","0","0","0","0","0","0","0","","0","0","0","","","0","","0","","40 36:30.715","","0","79 45:44.494","0","0","0","0","2464","0","0","0","Y","0","0","0","1","68D02","0","","2.0","","2","N","N","","0","","0","0","1","","0","","","1","0","0","0","0","0","0","2","0","1","","","","N","","","","","","","","","",""