"CRN","ARRIVAL_TM","AUTOMOBILE_COUNT","BELTED_DEATH_COUNT","BELTED_SUSP_SERIOUS_INJ_COUNT","BICYCLE_COUNT","BICYCLE_DEATH_COUNT","BICYCLE_SUSP_SERIOUS_INJ_COUNT","BUS_COUNT","CHLDPAS_DEATH_COUNT","CHLDPAS_SUSP_SERIOUS_INJ_COUNT","COLLISION_TYPE","COMM_VEH_COUNT","CONS_ZONE_SPD_LIM","COUNTY","CRASH_MONTH","CRASH_YEAR","DAY_OF_WEEK","DEC_LATITUDE","DEC_LONGITUDE","DISPATCH_TM","DISTRICT","DRIVER_COUNT_16YR","DRIVER_COUNT_17YR","DRIVER_COUNT_18YR","DRIVER_COUNT_19YR","DRIVER_COUNT_20YR","DRIVER_COUNT_50_64YR","DRIVER_COUNT_65_74YR","DRIVER_COUNT_75PLUS","EST_HRS_CLOSED","FATAL_COUNT","HEAVY_TRUCK_COUNT","HORSE_BUGGY_COUNT","HOUR_OF_DAY","ILLUMINATION","INJURY_COUNT","INTERSECTION_RELATED","INTERSECT_TYPE","LANE_CLOSED","LATITUDE","LN_CLOSE_DIR","LOCATION_TYPE","LONGITUDE","MAX_SEVERITY_LEVEL","MCYCLE_DEATH_COUNT","MCYCLE_SUSP_SERIOUS_INJ_COUNT","MOTORCYCLE_COUNT","MUNICIPALITY","NONMOTR_COUNT","NONMOTR_DEATH_COUNT","NONMOTR_SUSP_SERIOUS_INJ_COUNT","NTFY_HIWY_MAINT","PED_COUNT","PED_DEATH_COUNT","PED_SUSP_SERIOUS_INJ_COUNT","PERSON_COUNT","POLICE_AGCY","POSSIBLE_INJ_COUNT","RDWY_SURF_TYPE_CD","RELATION_TO_ROAD","ROADWAY_CLEARED","ROAD_CONDITION","SCH_BUS_IND","SCH_ZONE_IND","SECONDARY_CRASH","SMALL_TRUCK_COUNT","SPEC_JURIS_CD","SUSP_MINOR_INJ_COUNT","SUSP_SERIOUS_INJ_COUNT","SUV_COUNT","TCD_FUNC_CD","TCD_TYPE","TFC_DETOUR_IND","TIME_OF_DAY","TOTAL_UNITS","TOT_INJ_COUNT","UNBELTED_OCC_COUNT","UNB_DEATH_COUNT","UNB_SUSP_SERIOUS_INJ_COUNT","UNK_INJ_DEG_COUNT","UNK_INJ_PER_COUNT","URBAN_RURAL","VAN_COUNT","VEHICLE_COUNT","WEATHER1","WEATHER2","WORKERS_PRES","WORK_ZONE_IND","WORK_ZONE_LOC","WORK_ZONE_TYPE","WZ_CLOSE_DETOUR","WZ_FLAGGER","WZ_LAW_OFFCR_IND","WZ_LN_CLOSURE","WZ_MOVING","WZ_OTHER","WZ_SHLDER_MDN","WZ_WORKERS_INJ_KILLED"
"2008137952","","1","0","0","0","0","0","0","0","0","4","0","","02","12","2008","2","40.263871","-79.897043","","11","0","0","0","0","0","0","0","0","2","0","0","0","","","1","","2","","40 15:49.935","1","7","79 53:49.353","8","0","0","0","2204","0","0","0","N","0","0","0","1","02204","0","","2.0","","2","N","N","","0","","0","0","1","","0","N","","2","1","0","0","0","1","0","2","0","2","","","","N","","","","","","","","","",""
"2008137968","","2","0","0","0","0","0","0","0","0","1","0","","02","12","2008","2","40.3554","-80.0503","","11","0","0","0","0","0","1","0","0","","0","0","0","","","1","","0","","40 21:19.440","","0","80 03:01.080","8","0","0","0","2109","0","0","0","N","0","0","0","2","02109","0","","1.0","","1","N","N","","0","","0","0","0","","2","","","2","1","0","0","0","1","0","2","0","2","","","","N","","","","","","","","","",""
"2008137977","","2","0","0","0","0","0","0","0","0","4","0","","02","12","2008","2","40.311982","-79.940162","","11","0","0","0","0","0","0","0","1","","0","0","0","","","0","","0","","40 18:43.134","","0","79 56:24.582","0","0","0","0","2440","0","0","0","N","0","0","0","2","02440","0","","1.0","","2","N","N","","0","","0","0","0","","0","","","2","0","0","0","0","0","0","2","0","2","","","","N","","","","","","","","","",""
"2008137982","","1","0","0","0","0","0","0","0","0","1","0","","02","12","2008","2","40.5903","-79.948386","","11","0","0","0","0","0","0","0","0","","0","0","0","","","0","","2","","40 35:25.081","","0","79 56:54.188","0","0","0","0","2207","0","0","0","N","0","0","0","2","02207","0","","1.0","","1","N","N","","0","","0","0","1","","2","","","2","0","0","0","0","0","0","2","0","2","","","","N","","","","","","","","","",""
"2008137987","","1","0","0","0","0","0","0","0","0","7","0","","02","12","2008","3","40.2344","-79.8558","","11","0","0","0","0","0","1","0","0","","0","0","0","","","1","","0","","40 14:03.840","","0","79 51:20.880","3","0","0","0","2105","0","0","0","N","0","0","0","1","02105","0","","2.0","","1","N","N","","0","","1","0","0","","0","","","1","1","0","0","0","0","0","1","0","1","","","","N","","","","","","","","","",""
"2008137991","","0","0","0","0","0","0","0","0","0","7","0","","02","12","2008","2","40.5617","-79.9664","","11","0","0","0","0","0","0","0","0","","0","0","0","","","0","","0","","40 33:42.120","","0","79 57:59.040","0","0","0","0","2207","0","0","0","N","0","0","0","2","02207","0","","2.0","","2","N","N","","0","","0","0","1","","0","","","1","0","0","0","0","0","0","2","0","1","","","","N","","","","","","","","","",""
"2008138007","","1","0","0","0","0","0","0","0","0","4","0","","02","12","2008","2","40.445161","-79.858535","","11","0","0","0","0","0","0","0","0","1","0","0","0","","","2","","1","","40 26:42.580","3","0","79 51:30.727","4","0","0","0","2419","0","0","0","N","0","0","0","3","02419","2","","1.0","","1","N","N","","0","","0","0","1","","2","N","","2","2","1","0","0","0","0","2","0","2","","","","N","","","","","","","","","",""
"2008138008","","3","0","0","0","0","0","0","0","0","1","0","","02","12","2008","4","40.4521","-80.1339","","11","0","0","0","0","0","1","1","0","","0","0","0","","","1","","1","","40 27:07.560","","0","80 08:02.040","8","0","0","0","2115","0","0","0","N","0","0","0","7","02115","0","","1.0","","1","N","N","","0","","0","0","0","","2","","","4","1","0","0","0","1","0","2","1","4","","","","N","","","","","","","","","",""
"2008138009","","2","0","0","0","0","0","0","0","0","2","0","","02","12","2008","6","40.4496","-80.1257","","11","0","0","0","0","0","0","0","1","1","0","0","0","","","3","","0","","40 26:58.560","3","0","80 07:32.520","3","0","0","0","2115","0","0","0","N","0","0","0","3","02115","1","","1.0","","1","N","N","","0","","2","0","0","","0","Y","","2","3","0","0","0","0","0","2","0","2","","","","N","","","","","","","","","",""
"2008138010","","1","0","0","0","0","0","0","0","0","4","0","","02","12","2008","2","40.446857","-80.158422","","11","0","0","0","0","0","0","0","0","","0","0","0","","","0","","0","","40 26:48.685","","0","80 09:30.319","0","0","0","0","2115","0","0","0","N","0","0","0","2","02115","0","","1.0","","1","N","N","","1","","0","0","0","","0","","","2","0","0","0","0","0","0","2","0","2","","","","N","","","","","","","","","",""
"2008138011","","0","0","0","0","0","0","0","0","0","7","0","","02","11","2008","7","40.327184","-80.025614","","11","0","0","0","0","0","1","0","0","3","1","0","0","","","0","","0","","40 19:37.862","5","0","80 01:32.210","1","1","0","1","2407","0","0","0","N","0","0","0","1","02407","0","2","5.0","","9","N","N","","0","0","0","0","0","","0","Y","","1","0","0","0","0","0","0","2","0","1","","","","N","","","","","","","","","",""
"2008138012","","1","0","0","0","0","0","0","0","0","4","0","","02","12","2008","6","40.334431","-80.003062","","11","0","0","0","0","0","0","1","0","1","0","0","0","","","0","","1","","40 20:03.953","1","0","80 00:11.024","0","0","0","0","2407","0","0","0","N","0","0","0","2","02407","0","","1.0","","9","N","N","","0","","0","0","1","","3","N","","2","0","0","0","0","0","0","2","0","2","","","","N","","","","","","","","","",""
"2008138077","","1","0","0","0","0","0","0","0","0","7","0","","02","12","2008","3","40.4579","-79.8431","","11","0","0","0","0","0","1","0","0","","0","0","0","","","1","","0","","40 27:28.440","","0","79 50:35.160","8","0","0","0","2113","0","0","0","N","0","0","0","1","02113","0","","5.0","","2","N","N","","0","","0","0","0","","0","","","1","1","0","0","0","1","0","2","0","1","","","","N","","","","","","","","","",""
"2008138118","","1","0","0","0","0","0","0","0","0","1","0","","02","12","2008","2","40.5318","-79.963","","11","0","0","0","1","0","0","0","0","1","0","0","0","","","1","","0","","40 31:54.480","2","0","79 57:46.800","3","0","0","0","2118","0","0","0","N","0","0","0","3","02118","0","","1.0","","1","N","N","","1","","1","0","0","","0","N","","2","1","0","0","0","0","0","2","0","2","","","","N","","","","","","","","","",""
"2008138148","","2","0","0","0","0","0","0","0","0","4","0","","02","12","2008","3","40.579453","-79.957455","","11","1","0","0","0","0","0","0","0","1","0","0","0","","","2","","2","","40 34:46.032","7","0","79 57:26.837","8","0","0","0","2207","0","0","0","N","0","0","0","7","02207","0","","1.0","","1","N","N","","0","","0","0","0","","3","Y","","2","2","0","0","0","2","0","2","0","2","","","","N","","","","","","","","","",""
"2008138149","","1","0","0","0","0","0","0","0","0","7","0","","02","12","2008","3","40.490124","-80.340918","","11","0","0","0","0","0","0","0","0","","0","0","0","","","1","","0","","40 29:24.445","","0","80 20:27.306","8","0","0","0","2203","0","0","0","N","0","0","0","1","02203","0","","4.0","","1","N","N","","0","","0","0","0","","0","","","1","1","1","0","0","1","0","1","0","1","","","","N","","","","","","","","","",""
"2008138151","","1","0","0","0","0","0","0","0","0","7","0","","02","12","2008","1","40.5115","-80.2663","","11","0","0","0","0","0","0","0","0","","0","0","0","","","0","","6","","40 30:41.400","","2","80 15:58.680","0","0","0","0","2203","0","0","0","Y","0","0","0","3","02203","0","","4.0","","2","N","N","","0","","0","0","0","","0","","","1","0","0","0","0","0","0","2","0","1","","","","N","","","","","","","","","",""
"2008138161","","1","0","0","0","0","0","0","0","0","4","0","","02","12","2008","4","40.404016","-80.086262","","11","0","0","0","0","0","0","0","0","1","0","0","0","","","0","","2","","40 24:14.457","3","0","80 05:10.543","0","0","0","0","2415","0","0","0","N","0","0","0","2","02415","0","","1.0","","2","N","N","","1","","0","0","0","","0","N","","2","0","0","0","0","0","0","2","0","2","","","","N","","","","","","","","","",""
"2008138165","","1","0","0","0","0","0","0","0","0","7","0","","02","12","2008","4","40.424438","-80.066017","","11","0","0","0","0","0","0","0","0","2","0","0","0","","","0","","0","","40 25:27.977","6","0","80 03:57.660","0","0","0","0","2435","0","0","0","N","0","0","0","1","02435","0","","5.0","","2","N","N","","0","","0","0","0","","0","N","","1","0","0","0","0","0","0","2","0","1","","","","N","","","","","","","","","",""
"2008138170","","1","0","0","0","0","0","0","0","0","5","0","","02","12","2008","3","40.297467","-79.893894","","11","0","0","0","0","0","1","0","0","","0","0","0","","","0","","0","","40 17:50.880","","3","79 53:38.020","0","0","0","0","2302","0","0","0","N","0","0","0","2","02302","0","","1.0","","2","N","N","","1","","0","0","0","","0","","","2","0","0","0","0","0","0","2","0","2","","","","N","","","","","","","","","",""
"2008138176","","2","0","0","0","0","0","1","0","0","1","1","15","02","12","2008","4","40.4406","-80.0356","","11","0","0","0","0","0","0","0","0","3","0","0","0","","","3","","1","","40 26:26.160","7","0","80 02:08.160","8","0","0","0","2301","0","0","0","N","0","0","0","6","02503","0","","1.0","","2","N","N","","0","","0","0","0","","0","Y","","3","3","1","0","0","3","0","2","0","3","","","N","Y","3","1","","","N","","","Y","",""
"2008138179","","1","0","0","0","0","0","0","0","0","7","0","","02","12","2008","4","40.428325","-79.728485","","11","0","0","0","0","0","1","0","0","4","0","0","0","","","1","","0","","40 25:41.970","6","0","79 43:42.546","4","0","0","0","2446","0","0","0","Y","0","0","0","5","02446","1","","4.0","","2","N","N","","0","","0","0","2","","0","Y","","4","1","1","0","0","0","0","2","1","4","","","","N","","","","","","","","","",""
"2008138182","","0","0","0","0","0","0","0","0","0","7","0","","02","12","2008","3","40.406953","-79.911916","","11","0","0","0","0","0","0","0","0","2","0","0","0","","","0","","0","","40 24:25.032","3","0","79 54:42.899","0","0","0","0","2438","0","0","0","N","0","0","0","1","02438","0","","5.0","","1","N","N","","0","","0","0","1","","0","N","","1","0","0","0","0","0","0","2","0","1","","","","N","","","","","","","","","",""
"2008138184","","3","0","0","0","0","0","0","0","0","5","0","","02","12","2008","4","40.375224","-79.816597","","11","0","0","0","0","0","0","0","0","","0","0","0","","","0","","0","","40 22:30.806","","0","79 48:59.749","0","0","0","0","2111","0","0","0","N","0","0","0","1","02111","0","","4.0","","2","N","N","","0","","0","0","0","","0","","","3","0","0","0","0","0","0","2","0","3","","","","N","","","","","","","","","",""
"2008138186","","0","0","0","0","0","0","0","0","0","1","0","","02","12","2008","4","40.522111","-79.911145","","11","1","0","0","0","0","0","0","0","2","0","0","0","","","0","","1","","40 31:19.599","5","0","79 54:40.122","0","0","0","0","2432","0","0","0","N","0","0","0","2","02432","0","","1.0","","2","N","N","","0","","0","0","1","","0","N","","2","0","0","0","0","0","0","2","1","2","","","","N","","","","","","","","","",""
"2008138191","","0","0","0","0","0","0","0","0","0","7","0","","02","12","2008","4","40.378693","-79.957865","","11","0","0","0","0","1","0","0","0","","0","0","0","","","1","","2","","40 22:43.294","","0","79 57:28.314","4","0","0","0","2403","0","0","0","N","0","0","0","1","02403","1","","4.0","","2","N","N","","1","","0","0","0","","3","","","1","1","0","0","0","0","0","2","0","1","","","","N","","","","","","","","","",""
"2008138195","","1","0","0","0","0","0","0","0","0","7","0","","02","12","2008","3","40.641305","-80.108271","","11","0","0","0","0","1","0","0","0","2","0","0","0","","","0","","0","","40 38:28.699","5","0","80 06:29.774","0","0","0","0","2212","0","0","0","N","0","0","0","4","02505","0","","5.0","","2","N","N","","0","","0","0","0","","0","N","","1","0","0","0","0","0","0","2","0","1","","","","N","","","","","","","","","",""
"2008138204","","2","0","0","0","0","0","0","0","0","1","0","","02","12","2008","4","40.379861","-80.036865","","11","0","0","0","0","0","0","0","0","3","0","0","0","","","2","","0","","40 22:47.499","5","0","80 02:12.714","4","0","0","0","2109","0","0","0","N","0","0","0","4","02109","1","","1.0","","2","N","N","","0","","0","0","0","","0","Y","","2","2","0","0","0","1","1","2","0","2","","","","N","","","","","","","","","",""
"2008138310","","1","0","0","0","0","0","0","0","0","4","0","","02","12","2008","3","40.437475","-79.776663","","11","0","0","0","0","0","0","0","0","","0","0","0","","","1","","0","","40 26:14.910","","0","79 46:35.986","4","0","0","0","2446","0","0","0","N","0","0","0","2","02446","1","","1.0","","1","N","N","","0","","0","0","1","","0","","","2","1","0","0","0","0","0","2","0","2","","","","N","","","","","","","","","",""
"2008138330","","1","0","0","0","0","0","0","0","0","4","0","","02","12","2008","3","40.3651","-80.1087","","11","0","0","0","0","0","1","0","0","","0","0","0","","","0","","0","","40 21:54.360","","7","80 06:31.320","0","0","0","0","2102","0","0","0","N","0","0","0","2","02102","0","","1.0","","1","N","N","","1","","0","0","0","","2","","","2","0","0","0","0","0","0","2","0","2","","","","N","","","","","","","","","",""
"2008138341","","0","0","0","0","0","0","0","0","0","7","0","","02","12","2008","4","40.649953","-79.895935","","11","0","0","0","0","0","0","0","0","1","0","0","0","","","1","","2","","40 38:59.830","2","0","79 53:45.366","4","0","0","0","2220","0","0","0","N","0","0","0","1","02220","1","","4.0","","2","N","N","","1","","0","0","0","","0","N","","1","1","0","0","0","0","0","1","0","1","","","","N","","","","","","","","","",""
"2008138350","","1","0","0","0","0","0","0","0","0","7","0","","02","12","2008","4","40.546175","-79.808596","","11","0","0","0","0","0","0","0","0","1","0","0","0","","","0","","0","","40 32:46.231","3","0","79 48:30.946","0","0","0","0","2208","0","0","0","N","0","0","0","1","02208","0","","2.0","","2","N","N","","0","","0","0","0","","0","N","","1","0","0","0","0","0","0","2","0","1","","","","N","","","","","","","","","",""
"2008138356","","1","0","0","0","0","0","0","0","0","6","0","","02","12","2008","4","40.583691","-80.147778","","11","0","0","0","0","0","1","0","0","","0","1","0","","","0","","0","","40 35:01.287","","0","80 08:52.000","0","0","0","0","2459","0","0","0","N","0","0","0","2","02459","0","","1.0","","2","N","N","","0","","0","0","0","","0","","","2","0","0","0","0","0","0","1","0","2","","","","N","","","","","","","","","",""
"2008138360","","1","0","0","0","0","0","0","0","0","7","0","","02","12","2008","4","","","","11","0","0","0","1","0","1","0","0","","0","0","0","","","0","","0","","","","0","","0","0","0","0","2477","0","0","0","N","0","0","0","2","02477","0","","5.0","","2","N","N","","1","","0","0","0","","0","","","2","0","0","0","0","0","0","1","0","2","","","","N","","","","","","","","","",""
"2008138361","","0","0","0","0","0","0","0","0","0","7","0","","02","12","2008","4","40.538835","-80.156354","","11","0","0","0","0","0","0","0","0","1","0","0","0","","","1","","0","","40 32:19.807","6","0","80 09:22.876","4","0","0","0","2459","0","0","0","N","0","0","0","1","02459","1","","4.0","","2","N","N","","1","","0","0","0","","0","N","","1","1","0","0","0","0","0","2","0","1","","","","N","","","","","","","","","",""
"2008138363","","2","0","0","0","0","0","0","0","0","4","0","","02","12","2008","4","40.385399","-79.821905","","11","0","0","0","0","0","0","0","0","","0","0","0","","","0","","2","","40 23:07.436","","0","79 49:18.858","0","0","0","0","2111","0","0","0","N","0","0","0","3","02111","0","","1.0","","9","N","N","","0","","0","0","0","","3","","","2","0","0","0","0","0","0","2","0","2","","","","N","","","","","","","","","",""
"2008138374","","0","0","0","0","0","0","0","0","0","7","0","","02","12","2008","7","40.269","-79.8485","","11","0","0","0","0","0","0","0","0","","0","0","0","","","0","","0","","40 16:08.400","","0","79 50:54.600","0","0","0","0","2105","0","0","0","N","0","0","0","1","02105","0","","4.0","","1","N","N","","0","","0","0","1","","0","","","1","0","0","0","0","0","0","2","0","1","","","","N","","","","","","","","","",""
"2008138382","","2","0","0","0","0","0","0","0","0","4","0","","02","12","2008","4","40.3313","-79.9456","","11","0","0","0","0","0","1","0","0","","0","0","0","","","0","","0","","40 19:52.680","","0","79 56:44.160","0","0","0","0","2454","0","0","0","N","0","0","0","2","02454","0","","1.0","","9","N","N","","0","","0","0","0","","2","","","2","0","0","0","0","0","0","2","0","2","","","","N","","","","","","","","","",""
"2008138386","","0","0","0","0","0","0","0","0","0","1","0","","02","12","2008","3","40.6634","-80.0421","","11","0","1","0","1","0","0","0","0","","0","0","0","","","0","","0","","40 39:48.240","","0","80 02:31.560","0","0","0","0","2216","0","0","0","N","0","0","0","3","02505","0","","1.0","","1","N","N","","1","","0","0","1","","0","","","2","0","0","0","0","0","0","2","0","2","","","","N","","","","","","","","","",""
"2008138400","","1","0","0","0","0","0","0","0","0","7","0","","02","12","2008","3","40.6098","-79.9673","","11","0","1","0","0","0","0","0","0","","0","0","0","","","0","","0","","40 36:35.280","","0","79 58:02.280","0","0","0","0","2207","0","0","0","Y","0","0","0","1","02207","0","","2.0","","1","N","N","","0","","0","0","0","","0","","","1","0","0","0","0","0","0","2","0","1","","","","N","","","","","","","","","",""
"2008138401","","1","0","0","0","0","0","0","0","0","1","0","","02","12","2008","3","40.6356","-80.0615","","11","0","0","0","0","0","1","0","0","","0","0","0","","","0","","0","","40 38:08.160","","0","80 03:41.400","0","0","0","0","2216","0","0","0","N","0","0","0","2","02505","0","","1.0","","9","N","N","","1","","0","0","0","","2","","","2","0","0","0","0","0","0","2","0","2","","","","N","","","","","","","","","",""
"2008138404","","0","0","0","0","0","0","0","0","0","7","0","","02","12","2008","4","40.391482","-80.060293","","11","0","0","0","0","0","1","0","0","","0","0","0","","","1","","0","","40 23:29.335","","7","80 03:37.055","3","0","0","0","2117","0","0","0","N","0","0","0","2","02117","0","","4.0","","9","N","N","","1","","1","0","1","","0","","","2","1","1","0","0","0","0","2","0","2","","","","N","","","","","","","","","",""
"2008138407","","2","0","0","0","0","0","0","0","0","4","0","","02","12","2008","7","40.6515","-80.0103","","11","0","0","1","0","0","1","0","0","","0","0","0","","","0","","0","","40 39:05.400","","0","80 00:37.080","0","0","0","0","2216","0","0","0","N","0","0","0","2","02505","0","","1.0","","1","N","N","","0","","0","0","0","","0","","","2","0","0","0","0","0","0","1","0","2","","","","N","","","","","","","","","",""
"2008138410","","2","0","0","0","0","0","0","0","0","1","0","","02","12","2008","7","40.4582","-80.1738","","11","0","1","0","0","0","0","0","0","2","0","0","0","","","1","","0","","40 27:29.520","3","0","80 10:25.680","8","0","0","0","2213","0","0","0","N","0","0","0","6","02213","0","","1.0","","1","N","N","","1","","0","0","0","","0","Y","","3","1","0","0","0","1","0","2","0","3","","","","N","","","","","","","","","",""
"2008138411","","1","0","0","0","0","0","0","0","0","7","0","","02","12","2008","4","40.401012","-80.034638","","11","0","0","0","0","0","0","0","0","","0","0","0","","","0","","2","","40 24:03.643","","0","80 02:04.696","0","0","0","0","2422","0","0","0","N","0","0","0","1","02422","0","","5.0","","2","N","N","","0","","0","0","0","","0","","","1","0","0","0","0","0","0","2","0","1","","","","N","","","","","","","","","",""
"2008138463","","0","0","0","0","0","0","0","0","0","7","0","","02","12","2008","4","40.654984","-79.724441","","11","0","0","0","0","0","0","0","0","3","0","0","0","","","0","","0","","40 39:17.941","1","0","79 43:27.986","0","0","0","0","2106","0","0","0","N","0","0","0","1","68D02","0","","4.0","","2","N","N","","0","","0","0","1","","0","N","","1","0","0","0","0","0","0","2","0","1","","","","N","","","","","","","","","",""
"2008138485","","1","0","0","0","0","0","0","0","0","7","0","","02","12","2008","4","40.43489","-80.091214","","11","0","0","0","1","0","0","0","0","","0","0","0","","","0","","2","","40 26:05.604","","0","80 05:28.370","0","0","0","0","2465","0","0","0","N","0","0","0","1","02421","0","","2.0","","2","N","N","","0","","0","0","0","","0","","","1","0","1","0","0","0","0","2","0","1","","","","N","","","","","","","","","",""
"2008138489","","2","0","0","0","0","0","0","0","0","4","0","","02","12","2008","4","40.433392","-80.058865","","11","0","0","0","0","0","0","0","0","","0","0","0","","","0","","1","","40 26:00.211","","0","80 03:31.914","0","0","0","0","2421","0","0","0","N","0","0","0","1","02421","0","","1.0","","2","N","N","","0","","0","0","1","","0","","","3","0","1","0","0","0","0","2","0","3","","","","N","","","","","","","","","",""
"2008138495","","0","0","0","0","0","0","0","0","0","7","0","","02","12","2008","4","40.491174","-80.046638","","11","0","0","0","0","0","0","0","0","","0","0","0","","","0","","0","","40 29:28.228","","0","80 02:47.898","0","0","0","0","2404","0","0","0","N","0","0","0","2","02404","0","","5.0","","2","N","N","","1","","0","0","0","","0","","","1","0","0","0","0","0","0","2","0","1","","","","N","","","","","","","","","",""
"2008138496","","1","0","0","0","0","0","0","0","0","3","0","","02","12","2008","4","","","","11","0","0","0","0","0","1","0","0","","0","0","0","","","0","","0","","","","0","","0","0","0","0","2482","0","0","0","N","0","0","0","1","02415","0","","6.0","","2","N","N","","1","","0","0","0","","0","","","2","0","0","0","0","0","0","1","0","2","","","","N","","","","","","","","","",""
"2008138503","","0","0","0","0","0","0","0","0","0","7","0","","02","12","2008","3","40.661203","-80.000601","","11","0","0","0","0","0","0","0","0","","0","0","0","","","1","","2","","40 39:40.330","","0","80 00:02.163","4","0","0","0","2216","0","0","0","Y","0","0","0","1","02505","1","","4.0","","2","N","N","","0","","0","0","1","","0","","","1","1","0","0","0","0","0","1","0","1","","","","N","","","","","","","","","",""
"2008138505","","0","0","0","0","0","0","0","0","0","7","0","","02","12","2008","3","40.2578","-79.9169","","11","0","0","0","0","0","0","0","0","1","0","0","0","","","0","","0","","40 15:28.080","5","0","79 55:00.840","0","0","0","0","2440","0","0","0","N","0","0","0","1","02440","0","","5.0","","2","N","N","","1","","0","0","0","","0","N","","1","0","0","0","0","0","0","2","0","1","","","","N","","","","","","","","","",""
"2008138508","","1","0","0","0","0","0","0","0","0","7","0","","02","12","2008","4","40.311475","-79.824695","","11","0","0","0","0","0","0","0","0","6","0","0","0","","","0","","2","","40 18:41.310","6","0","79 49:28.902","0","0","0","0","2105","0","0","0","N","0","0","0","1","02105","0","","2.0","","1","N","N","","1","","0","0","0","","0","Y","","2","0","0","0","0","0","0","2","0","2","","","","N","","","","","","","","","",""
"2008138513","","1","0","0","0","0","0","0","0","0","7","0","","02","12","2008","4","40.454403","-79.822225","","11","0","0","0","1","0","0","0","0","3","0","0","0","","","1","","0","","40 27:15.850","6","0","79 49:20.009","8","0","0","0","2113","0","0","0","N","0","0","0","1","02113","0","","5.0","","2","N","N","","0","","0","0","0","","0","Y","","1","1","0","0","0","1","0","2","0","1","","","","N","","","","","","","","","",""
"2008138516","","1","0","0","0","0","0","0","0","0","7","0","","02","12","2008","4","40.530594","-80.033092","","11","0","0","1","0","0","0","0","0","","0","0","0","","","0","","0","","40 31:50.139","","0","80 01:59.131","0","0","0","0","2116","0","0","0","N","0","0","0","2","02116","0","","5.0","","2","N","N","","0","","0","0","0","","0","","","1","0","0","0","0","0","0","2","0","1","","","","N","","","","","","","","","",""
"2008138525","","0","0","0","0","0","0","0","0","0","0","0","","02","12","2008","7","40.5453","-80.0386","","11","0","0","0","0","0","0","0","0","","0","0","0","","","0","","2","","40 32:43.080","","0","80 02:18.960","0","0","0","0","2116","0","0","0","N","0","0","0","2","02116","0","","1.0","","1","N","N","","0","","0","0","1","","0","","","1","0","0","0","0","0","0","2","0","1","","","","N","","","","","","","","","",""
"2008138534","","1","0","0","0","0","0","0","0","0","4","0","","02","12","2008","3","40.4349","-79.7144","","11","0","0","0","0","0","0","1","0","","0","0","0","","","0","","0","","40 26:05.640","","0","79 42:51.840","0","0","0","0","2446","0","0","0","N","0","0","0","2","02446","0","","1.0","","1","N","N","","0","","0","0","0","","0","","","2","0","0","0","0","0","0","2","1","2","","","","N","","","","","","","","","",""
"2008138545","","0","0","0","0","0","0","0","0","0","4","0","","02","12","2008","3","40.434575","-79.78703","","11","0","0","0","1","0","0","0","0","1","0","0","0","","","1","","0","","40 26:04.470","4","0","79 47:13.308","4","0","0","0","2446","0","0","0","N","0","0","0","3","02446","1","","1.0","","1","N","N","","0","","0","0","2","","0","N","","2","1","0","0","0","0","0","2","0","2","","","","N","","","","","","","","","",""
"2008138558","","0","0","0","0","0","0","0","0","0","7","0","","02","12","2008","4","40.524361","-79.812752","","11","0","1","0","0","0","0","0","0","","0","0","0","","","0","","2","","40 31:27.698","","0","79 48:45.907","0","0","0","0","2466","0","0","0","N","0","0","0","2","02466","0","","5.0","","9","N","","","0","","0","0","1","","0","","","1","0","0","0","0","0","0","2","0","1","","","","N","","","","","","","","","",""
"2008138575","","1","0","0","0","0","0","0","0","0","6","0","","02","12","2008","3","40.431691","-79.889582","","11","0","0","0","0","0","0","1","0","","0","0","0","","","1","","0","","40 25:54.087","","0","79 53:22.495","4","0","0","0","2426","0","0","0","N","0","0","0","1","02426","1","","4.0","","9","N","N","","0","","0","0","1","","0","","","3","1","0","0","0","0","0","2","1","3","","","","N","","","","","","","","","",""
"2008138577","","2","0","0","0","0","0","0","0","0","4","0","","02","12","2008","3","40.552116","-80.023354","","11","0","0","0","0","0","1","0","0","1","0","0","0","","","1","","1","","40 33:07.617","3","0","80 01:24.074","8","0","0","0","2116","0","0","0","N","0","0","0","2","02116","0","","1.0","","1","N","N","","0","","0","0","0","","2","Y","","2","1","0","0","0","1","0","2","0","2","","","","N","","","","","","","","","",""
"2008138586","","0","0","0","0","0","0","0","0","0","7","0","","02","12","2008","5","40.595714","-79.978996","","11","0","0","0","0","0","0","0","0","1","0","0","0","","","0","","2","","40 35:44.569","6","0","79 58:44.387","0","0","0","0","2207","0","0","0","N","0","0","0","1","02207","0","","5.0","","2","N","N","","1","","0","0","0","","3","N","","1","0","0","0","0","0","0","2","0","1","","","","N","","","","","","","","","",""
"2008138588","","2","0","0","0","0","0","0","0","0","1","0","","02","12","2008","5","40.633738","-79.870831","","11","0","0","1","1","0","0","0","0","","0","0","0","","","1","","2","","40 38:01.456","","0","79 52:14.991","4","0","0","0","2220","0","0","0","N","0","0","0","3","02220","1","","1.0","","1","N","N","","0","","0","0","0","","0","","","2","1","0","0","0","0","0","1","0","2","","","","N","","","","","","","","","",""