"CRN","ARRIVAL_TM","AUTOMOBILE_COUNT","BELTED_DEATH_COUNT","BELTED_SUSP_SERIOUS_INJ_COUNT","BICYCLE_COUNT","BICYCLE_DEATH_COUNT","BICYCLE_SUSP_SERIOUS_INJ_COUNT","BUS_COUNT","CHLDPAS_DEATH_COUNT","CHLDPAS_SUSP_SERIOUS_INJ_COUNT","COLLISION_TYPE","COMM_VEH_COUNT","CONS_ZONE_SPD_LIM","COUNTY","CRASH_MONTH","CRASH_YEAR","DAY_OF_WEEK","DEC_LATITUDE","DEC_LONGITUDE","DISPATCH_TM","DISTRICT","DRIVER_COUNT_16YR","DRIVER_COUNT_17YR","DRIVER_COUNT_18YR","DRIVER_COUNT_19YR","DRIVER_COUNT_20YR","DRIVER_COUNT_50_64YR","DRIVER_COUNT_65_74YR","DRIVER_COUNT_75PLUS","EST_HRS_CLOSED","FATAL_COUNT","HEAVY_TRUCK_COUNT","HORSE_BUGGY_COUNT","HOUR_OF_DAY","ILLUMINATION","INJURY_COUNT","INTERSECTION_RELATED","INTERSECT_TYPE","LANE_CLOSED","LATITUDE","LN_CLOSE_DIR","LOCATION_TYPE","LONGITUDE","MAX_SEVERITY_LEVEL","MCYCLE_DEATH_COUNT","MCYCLE_SUSP_SERIOUS_INJ_COUNT","MOTORCYCLE_COUNT","MUNICIPALITY","NONMOTR_COUNT","NONMOTR_DEATH_COUNT","NONMOTR_SUSP_SERIOUS_INJ_COUNT","NTFY_HIWY_MAINT","PED_COUNT","PED_DEATH_COUNT","PED_SUSP_SERIOUS_INJ_COUNT","PERSON_COUNT","POLICE_AGCY","POSSIBLE_INJ_COUNT","RDWY_SURF_TYPE_CD","RELATION_TO_ROAD","ROADWAY_CLEARED","ROAD_CONDITION","SCH_BUS_IND","SCH_ZONE_IND","SECONDARY_CRASH","SMALL_TRUCK_COUNT","SPEC_JURIS_CD","SUSP_MINOR_INJ_COUNT","SUSP_SERIOUS_INJ_COUNT","SUV_COUNT","TCD_FUNC_CD","TCD_TYPE","TFC_DETOUR_IND","TIME_OF_DAY","TOTAL_UNITS","TOT_INJ_COUNT","UNBELTED_OCC_COUNT","UNB_DEATH_COUNT","UNB_SUSP_SERIOUS_INJ_COUNT","UNK_INJ_DEG_COUNT","UNK_INJ_PER_COUNT","URBAN_RURAL","VAN_COUNT","VEHICLE_COUNT","WEATHER1","WEATHER2","WORKERS_PRES","WORK_ZONE_IND","WORK_ZONE_LOC","WORK_ZONE_TYPE","WZ_CLOSE_DETOUR","WZ_FLAGGER","WZ_LAW_OFFCR_IND","WZ_LN_CLOSURE","WZ_MOVING","WZ_OTHER","WZ_SHLDER_MDN","WZ_WORKERS_INJ_KILLED"
"2008139610","","2","0","0","0","0","0","0","0","0","4","0","","02","12","2008","7","40.3364","-79.9798","","11","0","0","0","0","0","0","1","0","1","0","0","0","","","2","","0","","40 20:11.040","3","0","79 58:47.280","3","0","0","0","2454","0","0","0","N","0","0","0","3","02454","1","","1.0","","1","N","N","","0","","1","0","0","","1","N","","2","2","0","0","0","0","0","2","0","2","","","","N","","","","","","","","","",""
"2008139613","","0","0","0","0","0","0","0","0","0","7","0","","02","12","2008","3","40.404839","-79.838679","","11","0","0","0","0","0","1","0","0","3","0","0","0","","","3","","0","","40 24:17.420","5","0","79 50:19.243","4","0","0","0","2449","0","0","0","N","0","0","0","3","02449","3","","5.0","","1","N","N","","0","","0","0","1","","0","Y","","1","3","0","0","0","0","0","2","0","1","","","","N","","","","","","","","","",""
"2008139614","","0","0","0","0","0","0","0","0","0","4","0","","02","12","2008","7","40.385833","-79.967188","","11","0","0","0","0","0","0","1","0","2","0","0","0","","","0","","1","","40 23:08.998","3","0","79 58:01.875","0","0","0","0","2403","0","0","0","N","0","0","0","6","02403","0","","1.0","","1","N","N","","1","","0","0","1","","3","N","","2","0","0","0","0","0","0","2","0","2","","","","N","","","","","","","","","",""
"2008139616","","0","0","0","0","0","0","0","0","0","7","0","","02","12","2008","3","40.406858","-79.863749","","11","0","0","0","0","0","0","0","0","","0","0","0","","","0","","2","","40 24:24.688","","0","79 51:49.496","0","0","0","0","2449","0","0","0","N","0","0","0","1","02449","0","","4.0","","1","N","N","","0","","0","0","1","","3","","","1","0","0","0","0","0","0","2","0","1","","","","N","","","","","","","","","",""
"2008139623","","2","0","0","0","0","0","0","0","0","6","1","","02","12","2008","2","40.503401","-80.025119","","11","0","0","0","0","0","2","0","0","2","0","1","0","","","1","","1","","40 30:12.242","2","0","80 01:30.427","4","0","0","0","2116","0","0","0","N","0","0","0","3","02116","1","","1.0","","1","N","N","","0","","0","0","0","","2","N","","3","1","0","0","0","0","0","2","0","3","","","","N","","","","","","","","","",""
"2008139644","","1","0","0","0","0","0","0","0","0","1","0","","02","12","2008","1","40.370573","-79.982392","","11","0","0","0","0","0","0","0","1","2","0","0","0","","","0","","1","","40 22:14.063","2","0","79 58:56.612","9","0","0","0","2413","0","0","0","N","0","0","0","3","02413","0","","1.0","","1","N","N","","0","","0","0","1","","2","N","","2","0","0","0","0","0","1","2","0","2","","","","N","","","","","","","","","",""
"2008139648","","1","0","0","0","0","0","0","0","0","7","0","","02","12","2008","1","40.2744","-79.8946","","11","0","0","0","0","0","0","0","0","3","0","0","0","","","1","","0","","40 16:27.840","2","0","79 53:40.560","8","0","0","0","2440","0","0","0","Y","0","0","0","1","02440","0","","3.0","","1","N","N","","0","","0","0","0","","0","N","","1","1","0","0","0","1","0","2","0","1","","","","N","","","","","","","","","",""
"2008139656","","2","0","0","0","0","0","0","0","0","2","0","","02","12","2008","7","40.393107","-79.805088","","11","0","0","0","0","0","0","0","0","1","0","0","0","","","2","","2","","40 23:35.186","6","0","79 48:18.317","8","0","0","0","2111","0","0","0","N","0","0","0","3","02111","0","","1.0","","1","N","N","","0","","0","0","0","","2","N","","2","2","1","0","0","2","0","2","0","2","","","","N","","","","","","","","","",""
"2008139663","","2","0","0","0","0","0","0","0","0","4","0","","02","12","2008","7","40.240884","-79.860117","","11","0","0","1","0","0","0","0","0","4","1","0","0","","","5","","1","","40 14:27.182","7","0","79 51:36.421","1","0","0","0","2105","0","0","0","N","0","0","0","6","02105","0","2","1.0","","1","N","N","","0","0","0","0","0","","3","Y","","2","5","5","1","0","5","0","1","0","2","","","","N","","","","","","","","","",""
"2008139664","","1","0","0","0","0","0","0","0","0","4","0","","02","12","2008","1","40.410135","-80.082508","","11","0","0","0","0","0","0","0","0","","0","0","0","","","0","","1","","40 24:36.487","","0","80 04:57.027","0","0","0","0","2415","0","0","0","N","0","0","0","3","02415","0","","1.0","","1","N","N","","0","","0","0","1","","2","","","2","0","0","0","0","0","0","2","0","2","","","","N","","","","","","","","","",""
"2008139669","","0","0","0","0","0","0","0","0","0","7","0","","02","12","2008","6","40.247684","-79.875757","","11","0","0","0","0","0","0","0","0","1","0","0","0","","","1","","0","","40 14:51.662","2","0","79 52:32.724","2","0","0","0","2204","0","0","0","N","0","0","0","1","02204","0","","3.0","","9","N","N","","1","","0","1","0","","0","Y","","1","1","1","0","1","0","0","1","0","1","","","","N","","","","","","","","","",""
"2008139673","","1","0","0","0","0","0","0","0","0","7","0","","02","12","2008","2","","","","11","0","1","0","0","0","0","0","0","","0","0","0","","","0","","0","","","","0","","0","0","0","0","2116","0","0","0","N","0","0","0","1","02116","0","","2.0","","1","N","N","","0","","0","0","0","","0","","","1","0","0","0","0","0","0","1","0","1","","","","N","","","","","","","","","",""
"2008139689","","1","0","0","0","0","0","0","0","0","7","0","","02","12","2008","1","40.405306","-79.904467","","11","0","0","0","0","0","0","0","0","","0","0","0","","","0","","0","","40 24:19.103","","0","79 54:16.082","0","0","0","0","2448","0","0","0","N","0","0","0","1","02448","0","","5.0","","1","N","N","","0","","0","0","0","","0","","","1","0","0","0","0","0","0","2","0","1","","","","N","","","","","","","","","",""
"2008139693","","0","0","0","0","0","0","0","0","0","7","0","","02","12","2008","1","40.461329","-79.84594","","11","0","0","0","0","0","1","0","0","4","1","0","0","","","0","","0","","40 27:40.786","4","0","79 50:45.385","1","1","0","1","2113","0","0","0","N","0","0","0","1","02113","0","2","2.0","","1","N","N","","0","0","0","0","0","","0","Y","","1","0","0","0","0","0","0","2","0","1","","","","N","","","","","","","","","",""
"2008139701","","1","0","0","0","0","0","0","0","0","2","0","","02","12","2008","2","40.551459","-80.023996","","11","0","0","0","0","0","0","0","0","1","0","0","0","","","0","","0","","40 33:05.254","3","0","80 01:26.387","0","0","0","0","2116","0","0","0","N","0","0","0","3","02116","0","","1.0","","1","N","N","","0","","0","0","1","","0","N","","2","0","0","0","0","0","0","2","0","2","","","","N","","","","","","","","","",""
"2008139705","","0","0","0","0","0","0","0","0","0","7","0","","02","12","2008","1","40.617728","-80.089721","","11","0","0","0","0","0","0","0","0","","0","0","0","","","0","","2","","40 37:03.819","","0","80 05:22.995","0","0","0","0","2212","0","0","0","N","0","0","0","1","02505","0","","2.0","","7","N","N","","0","","0","0","1","","0","","","1","0","0","0","0","0","0","2","0","1","","","","N","","","","","","","","","",""
"2008139745","","0","0","0","0","0","0","0","0","0","7","0","50","02","12","2008","3","","","","11","0","0","0","0","0","1","0","0","2","0","0","0","","","1","","0","","40 25:28.92","3","0","80 06:47.16","4","0","0","0","2102","0","0","0","Y","0","0","0","1","68B03","1","","7.0","","1","N","N","","0","","0","0","0","","0","Y","","1","1","1","0","0","0","0","2","1","1","","","N","Y","8","1","N","N","N","Y","N","N","N",""
"2008139762","","1","0","0","0","0","0","0","0","0","7","0","","02","12","2008","4","40.6538","-79.7248","","11","0","0","0","0","0","0","0","0","","0","0","0","","","0","","0","","40 39:13.680","","3","79 43:29.280","0","0","0","0","2106","0","0","0","N","0","0","0","1","68D02","0","","5.0","","2","N","N","","0","","0","0","0","","0","","","1","0","0","0","0","0","0","2","0","1","","","","N","","","","","","","","","",""
"2008139907","","2","0","0","0","0","0","0","0","0","1","0","","02","12","2008","4","","","","11","0","0","0","1","0","1","0","0","1","0","0","0","","","3","","0","","40 26:56.04","1","3","80 00:19.44","4","0","0","0","2301","0","0","0","Y","0","0","0","3","68B04","3","","1.0","","1","N","N","","0","","0","0","0","","0","Y","","2","3","1","0","0","0","0","2","0","2","","","","N","","","","","","","","","",""
"2008139908","","2","0","0","0","0","0","0","0","0","1","0","","02","12","2008","7","40.3961","-80.1028","","11","0","0","0","0","0","0","0","0","","0","0","0","","","1","","7","","40 23:45.960","","2","80 06:10.080","4","0","0","0","2102","0","0","0","N","0","0","0","2","68B04","1","","1.0","","1","N","N","","0","","0","0","0","","0","","","2","1","0","0","0","0","0","2","0","2","","","","N","","","","","","","","","",""
"2008139909","","2","0","0","0","0","0","0","0","0","1","0","","02","12","2008","6","","","","11","0","0","0","0","0","1","0","0","1","0","0","0","","","0","","0","","40 25:44.04","4","0","79 56:21.48","0","0","0","0","2301","0","0","0","N","0","0","0","2","68B03","0","","1.0","","9","N","N","","0","","0","0","0","","0","N","","2","0","0","0","0","0","0","2","0","2","","","","N","","","","","","","","","",""
"2008139910","","1","0","0","0","0","0","0","0","0","1","1","","02","12","2008","7","40.325805","-80.1426","","11","0","0","0","0","0","0","1","0","2","0","1","0","","","1","","0","","40 19:32.898","2","0","80 08:33.361","4","0","0","0","2119","0","0","0","N","0","0","0","2","68B03","1","","1.0","","9","N","N","","0","","0","0","0","","0","Y","","2","1","0","0","0","0","0","2","0","2","","","","N","","","","","","","","","",""
"2008139957","","1","0","0","0","0","0","0","0","0","7","0","","02","12","2008","4","40.5945","-79.8983","","11","0","0","0","0","0","0","0","0","1","0","0","0","","","0","","0","","40 35:40.200","3","0","79 53:53.880","0","0","0","0","2209","0","0","0","N","0","0","0","2","68T02","0","","3.0","","9","N","N","","0","","0","0","0","","0","N","","1","0","0","0","0","0","0","1","0","1","","","","N","","","","","","","","","",""
"2008139986","","1","0","0","0","0","0","0","0","0","5","0","","02","12","2008","1","40.5228","-80.0055","","11","0","0","0","0","1","0","0","0","1","0","0","0","","","0","","0","","40 31:22.080","2","0","80 00:19.800","0","0","0","0","2116","0","0","0","N","0","0","0","6","02116","0","","1.0","","1","N","N","","1","","0","0","2","","0","N","","4","0","0","0","0","0","0","2","0","4","","","","N","","","","","","","","","",""
"2008139989","","1","0","0","0","0","0","0","0","0","1","0","","02","12","2008","7","40.540794","-80.078811","","11","0","0","0","0","0","1","0","0","1","0","0","0","","","1","","0","","40 32:26.858","1","0","80 04:43.719","4","0","0","0","2215","0","0","0","N","0","0","0","4","02215","1","","1.0","","1","N","N","","0","","0","0","2","","0","Y","","3","1","0","0","0","0","0","2","0","3","","","","N","","","","","","","","","",""
"2008140000","","1","0","0","0","0","0","0","0","0","2","0","","02","12","2008","1","40.567","-79.9355","","11","1","0","0","0","0","0","1","0","2","0","0","0","","","1","","2","","40 34:01.200","6","0","79 56:07.800","8","0","0","0","2207","0","0","0","N","0","0","0","8","02207","0","","1.0","","1","N","N","","0","","0","0","0","","3","Y","","2","1","1","0","0","1","0","2","1","2","","","","N","","","","","","","","","",""
"2008140010","","1","0","0","0","0","0","0","0","0","1","0","","02","12","2008","2","40.461171","-79.823437","","11","0","0","0","0","0","0","0","0","","0","0","0","","","0","","0","","40 27:40.215","","0","79 49:24.373","0","0","0","0","2113","0","0","0","N","0","0","0","1","02113","0","","1.0","","1","N","N","","1","","0","0","0","","0","","","2","0","0","0","0","0","0","2","0","2","","","","N","","","","","","","","","",""
"2008140028","","1","0","0","0","0","0","0","0","0","0","0","","02","12","2008","4","40.655368","-79.726946","","11","0","0","0","0","0","1","0","0","","0","0","0","","","1","","1","","40 39:19.323","","0","79 43:37.005","3","0","0","0","2202","0","0","0","N","0","0","0","1","02202","0","","5.0","","2","N","N","","0","","1","0","0","","8","","","1","1","0","0","0","0","0","1","0","1","","","","N","","","","","","","","","",""
"2008140038","","1","0","0","0","0","0","0","0","0","7","0","","02","12","2008","1","40.627953","-79.891749","","11","0","0","0","0","0","0","0","0","3","0","0","0","","","0","","0","","40 37:40.632","7","0","79 53:30.298","0","0","0","0","2220","0","0","0","N","0","0","0","2","02220","0","","5.0","","1","N","N","","0","","0","0","0","","0","N","","1","0","0","0","0","0","0","1","0","1","","","","N","","","","","","","","","",""
"2008140051","","2","0","0","0","0","0","0","0","0","1","0","","02","12","2008","2","40.380928","-79.814621","","11","0","0","0","0","0","1","0","0","","0","0","0","","","0","","2","","40 22:51.342","","0","79 48:52.637","0","0","0","0","2424","0","0","0","N","0","0","0","2","02424","0","","1.0","","1","N","N","","0","","0","0","0","","3","","","2","0","0","0","0","0","0","2","0","2","","","","N","","","","","","","","","",""
"2008140052","","0","0","0","0","0","0","0","0","0","7","0","","02","12","2008","3","40.542126","-80.249558","","11","0","0","0","0","0","1","0","0","","0","0","0","","","0","","0","","40 32:31.652","","0","80 14:58.410","0","0","0","0","2213","0","0","0","N","0","0","0","1","02213","0","","4.0","","2","N","N","","1","","0","0","0","","0","","","1","0","0","0","0","0","0","2","0","1","","","","N","","","","","","","","","",""
"2008140053","","2","0","0","0","0","0","0","0","0","4","0","","02","12","2008","5","40.4854","-80.2022","","11","0","1","0","0","0","0","0","0","9","0","0","0","","","0","","6","","40 29:07.440","2","3","80 12:07.920","0","0","0","0","2213","0","0","0","N","0","0","0","2","02213","0","","1.0","","1","N","N","","0","","0","0","0","","0","N","","2","0","0","0","0","0","0","2","0","2","","","","N","","","","","","","","","",""
"2008140054","","1","0","0","0","0","0","0","0","0","4","0","","02","12","2008","3","40.517094","-80.221508","","11","0","0","0","0","0","1","0","0","","0","0","0","","","3","","0","","40 31:01.539","","0","80 13:17.429","3","0","0","0","2213","0","0","0","N","0","0","0","3","02213","2","","1.0","","1","N","N","","1","","1","0","0","","0","","","2","3","0","0","0","0","0","2","0","2","","","","N","","","","","","","","","",""
"2008140055","","1","0","0","0","0","0","0","0","0","1","0","","02","12","2008","6","40.50018","-80.209138","","11","0","0","0","1","0","1","0","0","","0","0","0","","","2","","0","","40 30:00.647","","0","80 12:32.898","4","0","0","0","2213","0","0","0","N","0","0","0","4","02213","2","","1.0","","1","N","N","","0","","0","0","0","","0","","","2","2","0","0","0","0","0","2","1","2","","","","N","","","","","","","","","",""
"2008140056","","1","0","0","0","0","0","0","0","0","7","0","","02","12","2008","4","40.5058","-80.1559","","11","0","0","0","1","0","0","0","0","3","0","0","0","","","1","","0","","40 30:20.880","1","0","80 09:21.240","4","0","0","0","2213","0","0","0","N","0","0","0","1","02213","1","","4.0","","2","N","Y","","0","","0","0","0","","0","Y","","1","1","0","0","0","0","0","2","0","1","","","","N","","","","","","","","","",""
"2008140057","","1","0","0","0","0","0","0","0","0","7","0","","02","12","2008","6","40.330749","-80.046371","","11","0","0","0","0","0","1","0","0","","0","0","0","","","0","","0","","40 19:50.696","","0","80 02:46.935","0","0","0","0","2407","0","0","0","N","0","0","0","1","02407","0","","4.0","","9","N","N","","0","","0","0","0","","0","","","1","0","0","0","0","0","0","2","0","1","","","","N","","","","","","","","","",""
"2008140058","","1","0","0","0","0","0","0","0","0","4","0","","02","12","2008","7","40.355663","-80.029657","","11","0","0","0","0","0","0","1","0","1","0","0","0","","","0","","2","","40 21:20.386","6","0","80 01:46.766","0","0","0","0","2407","0","0","0","N","0","0","0","4","02407","0","","1.0","","1","N","N","","1","","0","0","0","","3","N","","2","0","0","0","0","0","0","2","0","2","","","","N","","","","","","","","","",""
"2008140059","","1","0","0","0","0","0","0","0","0","2","0","","02","12","2008","4","40.515567","-80.167064","","11","0","0","0","0","0","0","0","0","","0","0","0","","","0","","0","","40 30:56.041","","0","80 10:01.430","0","0","0","0","2420","0","0","0","","0","0","0","1","02420","0","","1.0","","2","N","N","","0","","0","0","0","","0","","","2","0","0","0","0","0","0","2","1","2","","","","N","","","","","","","","","",""
"2008140060","","1","0","0","0","0","0","0","0","0","4","0","","02","12","2008","5","40.518435","-80.166774","","11","0","0","0","0","0","0","0","1","1","0","0","0","","","1","","1","","40 31:06.367","4","0","80 10:00.386","4","0","0","0","2420","0","0","0","N","0","0","0","2","02420","1","","1.0","","9","N","N","","0","","0","0","0","","2","N","","2","1","0","0","0","0","0","2","1","2","","","","N","","","","","","","","","",""
"2008140092","","4","0","0","0","0","0","0","0","0","1","0","","02","12","2008","2","","","","11","0","0","0","0","0","1","0","0","1","0","0","0","","","1","","0","","40 25:00.12","1","0","80 03:27.36","8","0","0","0","2435","0","0","0","N","0","0","0","5","68B03","0","","1.0","","1","N","N","","0","","0","0","1","","0","N","","5","1","0","0","0","1","0","2","0","5","","","","N","","","","","","","","","",""
"2008140093","","1","0","0","0","0","0","0","0","0","7","0","","02","12","2008","3","","","","11","0","0","0","0","0","0","0","0","","0","0","0","","","0","","0","","40 25:22.44","","0","80 01:49.44","0","0","0","0","2301","0","0","0","N","0","0","0","3","68B03","0","","4.0","","1","N","N","","0","","0","0","0","","0","","","1","0","0","0","0","0","0","2","0","1","","","","N","","","","","","","","","",""
"2008140094","","2","0","0","0","0","0","0","0","0","1","0","","02","12","2008","4","40.6636","-80.0908","","11","0","0","0","0","0","2","0","0","2","0","0","0","","","2","","7","","40 39:48.960","1","2","80 05:26.880","8","0","0","0","2212","0","0","0","N","0","0","0","3","68B03","0","","1.0","","2","N","N","","0","","0","0","0","","0","N","","2","2","0","0","0","2","1","2","0","2","","","","N","","","","","","","","","",""
"2008140205","","2","0","0","0","0","0","0","0","0","4","0","","02","12","2008","2","40.424867","-79.888247","","11","0","0","0","0","0","1","0","0","1","0","0","0","","","2","","2","","40 25:29.521","3","0","79 53:17.689","3","0","0","0","2463","0","0","0","N","0","0","0","4","02463","0","","1.0","","1","N","N","","0","","2","0","0","","3","Y","","2","2","1","0","0","0","0","2","0","2","","","","N","","","","","","","","","",""
"2008140217","","3","0","0","0","0","0","0","0","0","1","0","","02","12","2008","2","40.337333","-79.979095","","11","0","0","0","0","0","0","0","1","","0","0","0","","","0","","0","","40 20:14.398","","0","79 58:44.742","0","0","0","0","2403","0","0","0","N","0","0","0","1","02403","0","","6.0","","1","N","N","","0","","0","0","0","","0","","","3","0","0","0","0","0","0","2","0","3","","","","N","","","","","","","","","",""
"2008140248","","0","0","0","0","0","0","0","0","0","0","0","","02","12","2008","4","40.436885","-79.781409","","11","0","0","0","0","0","0","0","0","","0","0","0","","","0","","0","","40 26:12.785","","0","79 46:53.073","0","0","0","0","2446","0","0","0","N","0","0","0","0","02446","0","","1.0","","1","N","N","","1","","0","0","0","","0","","","1","0","0","0","0","0","0","2","0","1","","","","N","","","","","","","","","",""
"2008140257","","2","0","0","0","0","0","0","0","0","1","0","","02","12","2008","2","40.642171","-79.938472","","11","0","0","0","0","0","0","0","0","1","0","0","0","","","1","","1","","40 38:31.817","2","0","79 56:18.498","4","0","0","0","2217","0","0","0","N","0","0","0","3","02505","1","","1.0","","1","N","N","","0","","0","0","0","","2","N","","3","1","0","0","0","0","0","2","1","3","","","","N","","","","","","","","","",""
"2008140294","","2","0","0","0","0","0","0","0","0","1","0","","02","12","2008","4","40.3726","-80.1084","","11","0","0","0","0","0","2","0","0","1","0","0","0","","","1","","2","","40 22:21.360","4","2","80 06:30.240","3","0","0","0","2102","0","0","0","N","0","0","0","2","68B03","0","","1.0","","8","N","N","","0","","1","0","0","","0","N","","2","1","0","0","0","0","0","2","0","2","","","","N","","","","","","","","","",""
"2008140295","","1","0","0","0","0","0","0","0","0","7","0","","02","12","2008","6","","","","11","0","0","0","0","0","0","0","0","","0","0","0","","","0","","0","","40 26:33.00","","0","79 47:11.04","0","0","0","0","2446","0","0","0","N","0","0","0","3","68B03","0","","4.0","","9","N","N","","0","","0","0","0","","0","","","1","0","0","0","0","0","0","2","0","1","","","","N","","","","","","","","","",""
"2008140296","","2","0","0","0","0","0","0","0","0","7","0","","02","12","2008","6","","","","11","0","0","0","0","0","0","0","0","1","0","0","0","","","1","","0","","40 25:43.32","4","0","79 56:17.52","4","0","0","0","2301","0","0","0","N","0","0","0","2","68B03","1","","2.0","","9","N","N","","0","","0","0","0","","0","N","","2","1","0","0","0","0","0","2","0","2","","","","N","","","","","","","","","",""
"2008140297","","2","0","0","0","0","0","0","0","0","1","0","","02","12","2008","7","","","","11","0","0","0","0","0","0","0","0","","0","0","0","","","0","","0","","40 25:48.00","","0","80 01:39.36","0","0","0","0","2301","0","0","0","N","0","0","0","3","68B03","0","","1.0","","1","N","N","","0","","0","0","1","","0","","","3","0","0","0","0","0","0","2","0","3","","","","N","","","","","","","","","",""
"2008140298","","0","0","0","0","0","0","0","0","0","1","0","","02","12","2008","1","","","","11","0","0","0","0","0","2","0","0","1","0","0","0","","","0","","0","","40 34:42.96","1","0","80 05:43.08","0","0","0","0","2481","0","0","0","N","0","0","0","6","68B03","0","","1.0","","1","N","N","","1","","0","0","1","","0","N","","3","0","1","0","0","0","0","2","1","3","","","","N","","","","","","","","","",""
"2008140451","","0","0","0","0","0","0","0","0","0","1","0","","02","12","2008","2","40.617068","-79.945977","","11","0","1","0","0","0","0","0","0","1","0","0","0","","","1","","2","","40 37:01.445","2","0","79 56:45.516","3","0","0","0","2217","0","0","0","N","0","0","0","4","02505","0","","1.0","","1","N","N","","1","","1","0","1","","0","N","","2","1","0","0","0","0","0","2","0","2","","","","N","","","","","","","","","",""
"2008140483","","2","0","0","0","0","0","0","0","0","2","0","","02","12","2008","2","","","","11","0","0","0","1","0","0","0","0","","0","0","0","","","2","","2","","","","0","","8","0","0","0","2123","0","0","0","N","0","0","0","5","02123","0","","1.0","","1","N","N","","0","","0","0","0","","3","","","2","2","0","0","0","2","0","1","0","2","","","","N","","","","","","","","","",""
"2008140486","","2","0","0","0","0","0","0","0","0","4","0","","02","12","2008","3","40.408344","-79.901042","","11","0","0","0","0","0","0","0","0","","0","0","0","","","0","","1","","40 24:30.038","","0","79 54:03.751","0","0","0","0","2448","0","0","0","N","0","0","0","2","02448","0","","1.0","","1","N","N","","0","","0","0","0","","3","","","2","0","0","0","0","0","0","2","0","2","","","","N","","","","","","","","","",""
"2008140493","","1","0","0","0","0","0","0","0","0","1","0","","02","12","2008","7","40.3735","-79.8446","","11","0","0","0","0","0","0","1","0","","0","0","0","","","3","","0","","40 22:24.600","","0","79 50:40.560","4","0","0","0","2303","0","0","0","N","0","0","0","3","02303","1","","4.0","","1","N","N","","1","","0","0","0","","0","","","2","3","0","0","0","2","0","2","0","2","","","","N","","","","","","","","","",""
"2008140494","","1","0","0","0","0","0","0","0","0","6","0","","02","12","2008","3","40.421461","-80.051268","","11","0","0","0","0","0","0","0","1","2","0","1","0","","","0","","0","","40 25:17.261","6","0","80 03:04.566","0","0","0","0","2435","0","0","0","N","0","0","0","2","02435","0","","1.0","","1","N","N","","0","","0","0","0","","0","Y","","2","0","0","0","0","0","0","2","0","2","","","","N","","","","","","","","","",""
"2008140495","","0","0","0","0","0","0","0","0","0","7","0","","02","12","2008","3","40.436103","-79.837392","","11","0","0","0","0","0","0","1","0","1","0","0","0","","","0","","2","","40 26:09.970","1","0","79 50:14.611","0","0","0","0","2419","0","0","0","N","0","0","0","1","02419","0","","5.0","","1","N","N","","0","","0","0","1","","0","Y","","1","0","0","0","0","0","0","2","0","1","","","","N","","","","","","","","","",""
"2008140508","","0","0","0","0","0","0","0","0","0","7","0","","02","12","2008","4","40.314862","-79.819794","","11","0","0","0","0","0","0","0","0","2","0","0","0","","","1","","0","","40 18:53.503","6","0","79 49:11.258","8","0","0","0","2105","0","0","0","N","0","0","0","1","02105","0","","4.0","","2","N","N","","1","","0","0","0","","0","Y","","1","1","0","0","0","1","0","2","0","1","","","","N","","","","","","","","","",""
"2008140509","","1","0","0","0","0","0","0","0","0","7","0","","02","12","2008","3","40.3929","-79.9328","","11","0","0","0","0","0","1","0","0","","0","0","0","","","0","","7","","40 23:34.440","","3","79 55:58.080","0","0","0","0","2303","0","0","0","N","0","0","0","2","02303","0","","3.0","","1","N","N","","0","","0","0","0","","0","","","1","0","0","0","0","0","0","2","0","1","","","","N","","","","","","","","","",""
"2008140514","","1","0","0","0","0","0","0","0","0","4","0","","02","12","2008","3","40.437692","-79.759701","","11","0","0","0","0","0","1","0","0","1","0","0","0","","","2","","0","","40 26:15.692","2","0","79 45:34.923","3","0","0","0","2446","0","0","0","N","0","0","0","3","02446","0","","1.0","","1","N","N","","0","","2","0","0","","0","N","","2","2","1","0","0","0","0","2","1","2","","","","N","","","","","","","","","",""
"2008140520","","2","0","0","0","0","0","0","0","0","4","0","","02","12","2008","2","40.6509","-79.7084","","11","0","0","0","0","0","1","0","0","","0","0","0","","","0","","1","","40 39:03.240","","0","79 42:30.240","0","0","0","0","2106","0","0","0","N","0","0","0","2","02106","0","","1.0","","1","N","N","","0","","0","0","0","","2","","","2","0","1","0","0","0","0","2","0","2","","","","N","","","","","","","","","",""
"2008140565","","1","0","0","0","0","0","0","0","0","7","0","","02","12","2008","7","","","","11","0","0","0","0","0","0","0","0","","0","0","0","","","1","","0","","40 25:37.92","","0","79 53:28.32","4","0","0","0","2301","0","0","0","N","0","0","0","1","68B03","1","","3.0","","1","N","N","","0","","0","0","0","","0","","","1","1","1","0","0","0","0","2","0","1","","","","N","","","","","","","","","",""
"2008140566","","0","0","0","0","0","0","0","0","0","1","0","","02","12","2008","4","","","","11","0","0","0","0","0","0","0","0","","0","0","0","","","1","","0","","40 24:46.08","","0","80 04:46.20","4","0","0","0","2117","0","0","0","N","0","0","0","4","68B03","1","","1.0","","9","N","N","","1","","0","0","1","","0","","","2","1","0","0","0","0","0","2","0","2","","","","N","","","","","","","","","",""