"CRN","ARRIVAL_TM","AUTOMOBILE_COUNT","BELTED_DEATH_COUNT","BELTED_SUSP_SERIOUS_INJ_COUNT","BICYCLE_COUNT","BICYCLE_DEATH_COUNT","BICYCLE_SUSP_SERIOUS_INJ_COUNT","BUS_COUNT","CHLDPAS_DEATH_COUNT","CHLDPAS_SUSP_SERIOUS_INJ_COUNT","COLLISION_TYPE","COMM_VEH_COUNT","CONS_ZONE_SPD_LIM","COUNTY","CRASH_MONTH","CRASH_YEAR","DAY_OF_WEEK","DEC_LATITUDE","DEC_LONGITUDE","DISPATCH_TM","DISTRICT","DRIVER_COUNT_16YR","DRIVER_COUNT_17YR","DRIVER_COUNT_18YR","DRIVER_COUNT_19YR","DRIVER_COUNT_20YR","DRIVER_COUNT_50_64YR","DRIVER_COUNT_65_74YR","DRIVER_COUNT_75PLUS","EST_HRS_CLOSED","FATAL_COUNT","HEAVY_TRUCK_COUNT","HORSE_BUGGY_COUNT","HOUR_OF_DAY","ILLUMINATION","INJURY_COUNT","INTERSECTION_RELATED","INTERSECT_TYPE","LANE_CLOSED","LATITUDE","LN_CLOSE_DIR","LOCATION_TYPE","LONGITUDE","MAX_SEVERITY_LEVEL","MCYCLE_DEATH_COUNT","MCYCLE_SUSP_SERIOUS_INJ_COUNT","MOTORCYCLE_COUNT","MUNICIPALITY","NONMOTR_COUNT","NONMOTR_DEATH_COUNT","NONMOTR_SUSP_SERIOUS_INJ_COUNT","NTFY_HIWY_MAINT","PED_COUNT","PED_DEATH_COUNT","PED_SUSP_SERIOUS_INJ_COUNT","PERSON_COUNT","POLICE_AGCY","POSSIBLE_INJ_COUNT","RDWY_SURF_TYPE_CD","RELATION_TO_ROAD","ROADWAY_CLEARED","ROAD_CONDITION","SCH_BUS_IND","SCH_ZONE_IND","SECONDARY_CRASH","SMALL_TRUCK_COUNT","SPEC_JURIS_CD","SUSP_MINOR_INJ_COUNT","SUSP_SERIOUS_INJ_COUNT","SUV_COUNT","TCD_FUNC_CD","TCD_TYPE","TFC_DETOUR_IND","TIME_OF_DAY","TOTAL_UNITS","TOT_INJ_COUNT","UNBELTED_OCC_COUNT","UNB_DEATH_COUNT","UNB_SUSP_SERIOUS_INJ_COUNT","UNK_INJ_DEG_COUNT","UNK_INJ_PER_COUNT","URBAN_RURAL","VAN_COUNT","VEHICLE_COUNT","WEATHER1","WEATHER2","WORKERS_PRES","WORK_ZONE_IND","WORK_ZONE_LOC","WORK_ZONE_TYPE","WZ_CLOSE_DETOUR","WZ_FLAGGER","WZ_LAW_OFFCR_IND","WZ_LN_CLOSURE","WZ_MOVING","WZ_OTHER","WZ_SHLDER_MDN","WZ_WORKERS_INJ_KILLED"
"2009000378","","1","0","0","0","0","0","0","0","0","7","0","","02","12","2008","6","40.513556","-80.222274","","11","0","0","0","0","0","0","0","0","2","0","0","0","","","0","","0","","40 30:48.801","5","0","80 13:20.188","0","0","0","0","2213","0","0","0","N","0","0","0","1","02213","0","","2.0","","9","N","N","","0","","0","0","0","","0","Y","","1","0","1","0","0","0","0","2","0","1","","","","N","","","","","","","","","",""
"2009000379","","0","0","0","0","0","0","0","0","0","1","0","","02","12","2008","2","40.5131","-80.216","","11","0","0","0","0","0","0","0","0","","0","0","0","","","0","","0","","40 30:47.160","","0","80 12:57.600","0","0","0","0","2213","0","0","0","N","0","0","0","3","02213","0","","1.0","","1","N","N","","0","","0","0","2","","0","","","2","0","0","0","0","0","0","2","0","2","","","","N","","","","","","","","","",""
"2009000419","","1","0","0","0","0","0","0","0","0","7","0","","02","12","2008","4","","","","11","0","0","0","0","0","0","0","0","","0","0","0","","","1","","0","","40 24:47.52","","0","80 03:54.72","8","0","0","0","2435","0","0","0","Y","0","0","0","1","68B03","0","","5.0","","2","N","N","","0","","0","0","0","","0","","","1","1","1","0","0","1","0","2","0","1","","","","N","","","","","","","","","",""
"2009000494","","1","0","0","0","0","0","0","0","0","7","0","","02","12","2008","1","40.317423","-80.131181","","11","0","0","0","0","0","0","0","0","","0","0","0","","","1","","0","","40 19:02.722","","0","80 07:52.252","4","0","0","0","2119","0","0","0","N","0","0","0","1","02119","1","","4.0","","2","N","N","","0","","0","0","0","","0","","","1","1","0","0","0","0","0","2","0","1","","","","N","","","","","","","","","",""
"2009000570","","1","0","0","0","0","0","0","0","0","7","0","","02","12","2008","6","40.3299","-80.1137","","11","0","0","0","0","0","1","0","0","2","0","0","0","","","0","","0","","40 19:47.640","2","0","80 06:49.320","0","0","0","0","2119","0","0","0","N","0","0","0","1","02119","0","","4.0","","6","N","N","","0","","0","0","0","","0","N","","1","0","0","0","0","0","0","2","0","1","","","","N","","","","","","","","","",""
"2009000571","","0","0","0","0","0","0","0","0","0","2","0","","02","12","2008","6","40.43835","-79.946792","","11","0","0","0","0","0","0","0","0","2","0","0","0","","","0","","3","","40 26:18.060","3","0","79 56:48.451","0","0","0","0","2301","0","0","0","N","0","0","0","3","02301","0","","1.0","","2","N","N","","0","","0","0","2","","0","N","","2","0","0","0","0","0","0","2","0","2","","","","N","","","","","","","","","",""
"2009000693","","0","0","0","0","0","0","0","0","0","7","0","","02","12","2008","7","40.344322","-80.168186","","11","0","0","0","0","0","0","1","0","","0","0","0","","","1","","0","","40 20:39.558","","0","80 10:05.469","4","0","0","0","2119","0","0","0","N","0","0","0","2","02119","1","","2.0","","2","N","N","","1","","0","0","0","","0","","","1","1","0","0","0","0","0","2","0","1","","","","N","","","","","","","","","",""
"2009000694","","1","0","0","0","0","0","0","0","0","7","0","","02","12","2008","2","40.3485","-80.1556","","11","0","0","0","0","0","0","0","0","","0","0","0","","","1","","0","","40 20:54.600","","0","80 09:20.160","8","0","0","0","2119","0","0","0","N","0","0","0","1","02119","0","","2.0","","2","N","N","","0","","0","0","0","","0","","","1","1","0","0","0","1","0","2","0","1","","","","N","","","","","","","","","",""
"2009000704","","0","0","0","0","0","0","0","0","0","7","0","","02","12","2008","5","40.4026","-80.2417","","11","0","0","0","0","0","0","0","0","","0","0","0","","","1","","0","","40 24:09.360","","0","80 14:30.120","4","0","0","0","2214","0","0","0","N","0","0","0","1","02214","1","","4.0","","7","N","N","","1","","0","0","0","","0","","","1","1","0","0","0","0","0","1","0","1","","","","N","","","","","","","","","",""
"2009000705","","2","0","0","0","0","0","0","0","0","1","0","","02","11","2008","6","40.450277","-80.175439","","11","0","0","0","0","0","1","0","0","","0","0","0","","","1","","0","","40 27:00.997","","0","80 10:31.582","8","0","0","0","2214","0","0","0","N","0","0","0","2","02214","0","","1.0","","1","N","N","","0","","0","0","0","","0","","","2","1","0","0","0","1","0","2","0","2","","","","N","","","","","","","","","",""
"2009000839","","1","0","0","0","0","0","0","0","0","7","0","","02","12","2008","2","40.420875","-80.004436","","11","0","0","0","0","0","0","0","0","","0","0","0","","","1","","0","","40 25:15.150","","0","80 00:15.969","4","0","0","0","2301","0","0","0","N","0","0","0","1","02301","1","","5.0","","9","N","N","","0","","0","0","0","","0","","","1","1","0","0","0","0","0","2","0","1","","","","N","","","","","","","","","",""
"2009000913","","2","0","0","0","0","0","0","0","0","1","0","","02","12","2008","2","","","","11","0","0","0","0","0","0","1","0","","0","0","0","","","0","","0","","","","0","","0","0","0","0","2301","0","0","0","N","0","0","0","1","02301","0","","1.0","","9","Y","N","","1","","0","0","1","","0","","","4","0","0","0","0","0","0","1","0","4","","","","N","","","","","","","","","",""
"2009000915","","0","0","0","0","0","0","0","0","0","7","0","","02","12","2008","4","40.406662","-79.940728","","11","0","0","0","0","0","1","0","0","4","0","0","0","","","0","","0","","40 24:23.983","3","0","79 56:26.620","0","0","0","0","2301","0","0","0","N","0","0","0","1","02301","0","","5.0","","9","N","N","","0","","0","0","1","","0","Y","","1","0","0","0","0","0","0","2","0","1","","","","N","","","","","","","","","",""
"2009000916","","1","0","0","0","0","0","0","0","0","7","0","","02","12","2008","3","40.562174","-80.015556","","11","0","0","1","0","0","0","0","0","","0","0","0","","","0","","0","","40 33:43.826","","0","80 00:56.001","0","0","0","0","2108","0","0","0","N","0","0","0","1","02108","0","","5.0","","2","N","N","","0","","0","0","0","","0","","","1","0","0","0","0","0","0","2","0","1","","","","N","","","","","","","","","",""
"2009000917","","2","0","0","0","0","0","0","0","0","4","0","","02","12","2008","5","40.572128","-80.023504","","11","0","0","0","0","0","1","0","0","","0","0","0","","","0","","1","","40 34:19.660","","0","80 01:24.616","9","0","0","0","2108","0","0","0","N","0","0","0","4","02108","0","","1.0","","1","N","N","","0","","0","0","0","","2","","","2","0","0","0","0","0","1","2","0","2","","","","N","","","","","","","","","",""
"2009000918","","2","0","0","0","0","0","0","0","0","4","0","","02","12","2008","6","40.5648","-80.0385","","11","0","0","1","0","0","0","0","1","1","0","0","0","","","1","","0","","40 33:53.280","5","0","80 02:18.600","8","0","0","0","2108","0","0","0","N","0","0","0","2","02108","0","","1.0","","9","N","N","","0","","0","0","0","","0","N","","2","1","0","0","0","1","0","2","0","2","","","","N","","","","","","","","","",""
"2009000919","","1","0","0","0","0","0","0","0","0","4","0","","02","12","2008","7","40.4426","-79.9555","","11","0","0","1","0","0","0","1","0","2","0","0","0","","","0","","1","","40 26:33.360","1","0","79 57:19.800","0","0","0","0","2301","0","0","0","N","0","0","0","5","02301","0","","1.0","","1","N","N","","0","","0","0","1","","2","N","","2","0","0","0","0","0","0","2","0","2","","","","N","","","","","","","","","",""
"2009000920","","1","0","0","0","0","0","0","0","0","0","0","","02","12","2008","1","40.438047","-79.994847","","11","0","0","0","1","0","0","0","0","2","0","0","0","","","1","","0","","40 26:16.969","3","0","79 59:41.449","4","0","0","0","2301","0","0","0","N","0","0","0","2","02301","1","","1.0","","2","N","N","","0","","0","0","0","","0","N","","1","1","0","0","0","0","0","2","0","1","","","","N","","","","","","","","","",""
"2009000927","","1","0","0","0","0","0","0","0","0","1","0","","02","11","2008","7","40.449764","-80.176203","","11","0","0","0","0","0","0","0","0","","0","0","0","","","0","","1","","40 26:59.150","","0","80 10:34.330","0","0","0","0","2214","0","0","0","N","0","0","0","2","02214","0","","1.0","","1","N","N","","0","","0","0","1","","2","","","2","0","0","0","0","0","0","2","0","2","","","","N","","","","","","","","","",""
"2009000928","","1","0","0","0","0","0","0","0","0","7","0","","02","11","2008","1","40.451964","-80.20585","","11","0","0","1","0","0","0","0","0","","0","0","0","","","0","","0","","40 27:07.070","","0","80 12:21.060","0","0","0","0","2214","0","0","0","N","0","0","0","3","02214","0","","5.0","","1","N","N","","0","","0","0","0","","0","","","2","0","0","0","0","0","0","2","1","2","","","","N","","","","","","","","","",""
"2009000949","","1","0","0","0","0","0","0","0","0","7","0","","02","12","2008","1","40.450699","-79.892567","","11","0","0","0","0","0","0","0","0","","0","0","0","","","0","","1","","40 27:02.516","","0","79 53:33.241","9","0","0","0","2301","0","0","0","N","0","0","0","1","02301","0","","9.0","","1","N","N","","0","","0","0","0","","3","","","1","0","0","0","0","0","1","2","0","1","","","","N","","","","","","","","","",""
"2009001058","","2","0","0","0","0","0","0","0","0","4","0","","02","12","2008","3","40.382832","-80.010272","","11","0","0","0","0","0","0","1","0","3","0","0","0","","","2","","2","","40 22:58.195","7","0","80 00:36.979","4","0","0","0","2301","0","0","0","N","0","0","0","2","02301","2","","1.0","","9","N","N","","0","","0","0","0","","3","Y","","2","2","0","0","0","0","0","2","0","2","","","","N","","","","","","","","","",""
"2009001059","","2","0","0","0","0","0","0","0","0","1","0","","02","12","2008","3","","","","11","0","0","0","0","0","0","0","0","","0","0","0","","","0","","6","","40 30:13.32","","2","80 01:37.92","9","0","0","0","2301","0","0","0","N","0","0","0","3","02301","0","","1.0","","1","N","N","","1","","0","0","0","","4","","","3","0","0","0","0","0","1","2","0","3","","","","N","","","","","","","","","",""
"2009001060","","1","0","0","0","0","0","0","0","0","7","0","","02","12","2008","4","40.444202","-80.028173","","11","0","0","0","1","0","0","0","0","","0","0","0","","","0","","10","","40 26:39.126","","99","80 01:41.424","0","0","0","0","2301","0","0","0","N","0","0","0","1","02301","0","","3.0","","9","N","N","","0","","0","0","0","","0","","","1","0","0","0","0","0","0","2","0","1","","","","N","","","","","","","","","",""
"2009001061","","2","0","0","0","0","0","0","0","0","1","0","","02","12","2008","3","40.46539","-79.956725","","11","0","0","0","0","0","0","0","0","","0","0","0","","","1","","2","","40 27:55.404","","0","79 57:24.210","4","0","0","0","2301","0","0","0","N","0","0","0","3","02301","1","","1.0","","1","N","N","","0","","0","0","0","","0","","","2","1","0","0","0","0","0","2","0","2","","","","N","","","","","","","","","",""
"2009001062","","1","0","0","0","0","0","0","0","0","7","0","","02","11","2008","1","40.380606","-79.994688","","11","0","0","0","0","0","0","0","0","2","0","0","0","","","0","","0","","40 22:50.181","1","0","79 59:40.875","0","0","0","0","2301","0","0","0","N","0","0","0","1","02301","0","","5.0","","9","N","N","","0","","0","0","0","","0","N","","2","0","1","0","0","0","0","2","1","2","","","","N","","","","","","","","","",""
"2009001065","","1","0","0","0","0","0","0","0","0","1","0","","02","12","2008","6","40.453215","-79.965272","","11","0","0","0","0","0","1","0","0","9","0","0","0","","","0","","0","","40 27:11.574","2","0","79 57:54.980","0","0","0","0","2301","0","0","0","N","0","0","0","3","02301","0","","1.0","","2","N","N","","0","","0","0","2","","0","N","","3","0","0","0","0","0","0","2","0","3","","","","N","","","","","","","","","",""
"2009001066","","2","0","0","0","0","0","0","0","0","1","0","","02","12","2008","5","40.432442","-79.989189","","11","0","0","0","0","1","0","1","0","","0","0","0","","","0","","0","","40 25:56.790","","3","79 59:21.081","0","0","0","0","2301","0","0","0","N","0","0","0","3","02301","0","","1.0","","1","N","N","","0","","0","0","0","","0","","","2","0","0","0","0","0","0","2","0","2","","","","N","","","","","","","","","",""
"2009001067","","0","0","0","0","0","0","0","0","0","4","1","","02","12","2008","6","40.415166","-79.998138","","11","0","0","0","0","1","0","0","0","","0","1","0","","","1","","2","","40 24:54.597","","0","79 59:53.296","8","0","0","0","2301","0","0","0","N","0","0","0","2","02301","0","","6.0","","1","N","N","","0","","0","0","1","","0","","","2","1","0","0","0","1","0","2","0","2","","","","N","","","","","","","","","",""
"2009001068","","0","0","0","0","0","0","0","0","0","1","0","","02","12","2008","6","40.396242","-79.998126","","11","0","0","0","0","0","0","0","0","","0","1","0","","","0","","1","","40 23:46.470","","0","79 59:53.254","0","0","0","1","2301","0","0","0","N","0","0","0","2","02301","0","","1.0","","9","N","N","","0","","0","0","0","","2","","","2","0","0","0","0","0","0","2","0","2","","","","N","","","","","","","","","",""
"2009001069","","1","0","0","0","0","0","0","0","0","4","0","","02","12","2008","6","40.45824","-79.972156","","11","0","0","0","0","0","1","0","0","1","0","0","0","","","2","","2","","40 27:29.664","7","0","79 58:19.761","4","0","0","0","2301","0","0","0","N","0","0","0","3","02301","2","","1.0","","9","N","N","","0","","0","0","1","","3","Y","","2","2","0","0","0","0","0","2","0","2","","","","N","","","","","","","","","",""
"2009001070","","1","0","0","0","0","0","0","0","0","7","0","","02","12","2008","7","40.439404","-79.967753","","11","0","0","0","0","0","0","0","0","","0","0","0","","","0","","0","","40 26:21.853","","0","79 58:03.912","0","0","0","0","2301","0","0","0","N","0","0","0","2","02301","0","","4.0","","2","N","N","","0","","0","0","0","","0","","","1","0","0","0","0","0","0","2","0","1","","","","N","","","","","","","","","",""
"2009001071","","2","0","0","0","0","0","0","0","0","4","0","","02","12","2008","7","40.470263","-79.960561","","11","0","0","0","0","0","0","0","0","","0","0","0","","","0","","2","","40 28:12.946","","0","79 57:38.019","9","0","0","0","2301","0","0","0","N","0","0","0","5","02301","0","","1.0","","9","N","N","","0","","0","0","1","","3","","","3","0","1","0","0","0","1","2","0","3","","","","N","","","","","","","","","",""
"2009001072","","4","0","0","0","0","0","0","0","0","1","0","","02","12","2008","2","40.456835","-79.964949","","11","0","0","0","0","0","0","0","0","","0","0","0","","","0","","0","","40 27:24.606","","0","79 57:53.816","9","0","0","0","2301","0","0","0","N","0","0","0","1","02301","0","","6.0","","1","N","N","","0","","0","0","0","","0","","","4","0","0","0","0","0","1","2","0","4","","","","N","","","","","","","","","",""
"2009001073","","1","0","0","0","0","0","0","0","0","4","0","","02","12","2008","7","40.438188","-79.986514","","11","0","0","0","0","0","0","0","0","1","0","0","0","","","1","","1","","40 26:17.476","1","0","79 59:11.450","4","0","0","0","2301","0","0","0","N","0","0","0","2","02301","1","","2.0","","1","N","N","","1","","0","0","0","","0","Y","","2","1","0","0","0","0","0","2","0","2","","","","N","","","","","","","","","",""
"2009001074","","2","0","0","0","0","0","0","0","0","5","0","","02","12","2008","1","40.438059","-80.004381","","11","0","0","0","2","0","0","0","0","","0","0","0","","","0","","2","","40 26:17.012","","0","80 00:15.771","0","0","0","0","2301","0","0","0","N","0","0","0","6","02301","0","","1.0","","1","N","N","","0","","0","0","0","","2","","","2","0","0","0","0","0","0","2","0","2","","","","N","","","","","","","","","",""
"2009001075","","1","0","0","0","0","0","0","0","0","1","0","","02","12","2008","2","40.43708","-79.99833","","11","0","0","0","0","0","1","0","0","","0","0","0","","","1","","1","","40 26:13.488","","0","79 59:53.987","4","0","0","0","2301","0","0","0","N","0","0","0","2","02301","1","","1.0","","9","N","N","","0","","0","0","0","","2","","","2","1","0","0","0","0","0","2","1","2","","","","N","","","","","","","","","",""
"2009001076","","1","0","0","0","0","0","0","0","0","0","0","","02","12","2008","3","40.443645","-79.975047","","11","0","0","0","0","0","0","0","0","2","0","0","0","","","0","","2","","40 26:37.122","1","0","79 58:30.169","0","0","0","0","2301","0","0","0","N","0","0","0","1","02301","0","","4.0","","2","N","N","","0","","0","0","0","","3","Y","","1","0","0","0","0","0","0","2","0","1","","","","N","","","","","","","","","",""
"2009001077","","2","0","0","0","0","0","0","0","0","2","0","","02","12","2008","5","40.445679","-79.994173","","11","0","0","0","0","0","1","1","0","","0","0","0","","","0","","2","","40 26:44.444","","0","79 59:39.022","0","0","0","0","2301","0","0","0","N","0","0","0","2","02301","0","","1.0","","1","N","N","","0","","0","0","0","","2","","","2","0","0","0","0","0","0","2","0","2","","","","N","","","","","","","","","",""
"2009001078","","1","0","0","0","0","0","0","0","0","4","0","","02","12","2008","6","40.439576","-80.005066","","11","0","0","0","0","0","0","0","0","1","0","0","0","","","0","","1","","40 26:22.473","4","0","80 00:18.236","0","0","0","0","2301","0","0","0","N","0","0","0","2","02301","0","","1.0","","9","N","N","","0","","0","0","0","","2","N","","2","0","0","0","0","0","0","2","1","2","","","","N","","","","","","","","","",""
"2009001079","","2","0","0","0","0","0","0","0","0","4","0","","02","12","2008","4","40.446779","-79.950564","","11","0","0","0","0","1","0","0","0","1","0","0","0","","","0","","1","","40 26:48.404","2","0","79 57:02.030","0","0","0","0","2301","0","0","0","N","0","0","0","3","02301","0","","1.0","","1","N","N","","0","","0","0","0","","2","N","","2","0","0","0","0","0","0","2","0","2","","","","N","","","","","","","","","",""
"2009001080","","2","0","0","0","0","0","0","0","0","4","0","","02","12","2008","7","40.382229","-79.995887","","11","0","0","0","0","0","1","0","0","1","0","0","0","","","1","","5","","40 22:56.024","1","0","79 59:45.194","4","0","0","0","2301","0","0","0","N","0","0","0","4","02301","1","","1.0","","1","N","N","","0","","0","0","0","","2","N","","2","1","0","0","0","0","1","2","0","2","","","","N","","","","","","","","","",""
"2009001081","","0","0","0","0","0","0","0","0","0","7","0","","02","12","2008","7","40.396819","-80.013169","","11","0","0","0","0","0","0","0","0","","0","0","0","","","1","","0","","40 23:48.548","","0","80 00:47.408","8","0","0","0","2301","0","0","0","N","0","0","0","1","02301","0","","4.0","","2","N","N","","0","","0","0","1","","0","","","1","1","0","0","0","1","0","2","0","1","","","","N","","","","","","","","","",""
"2009001082","","0","0","0","0","0","0","0","0","0","1","0","","02","12","2008","2","40.425799","-80.019809","","11","0","0","0","0","0","1","0","0","","0","1","0","","","0","","1","","40 25:32.876","","0","80 01:11.312","0","0","0","0","2301","0","0","0","N","0","0","0","2","02301","0","","1.0","","9","N","N","","1","","0","0","0","","2","","","2","0","0","0","0","0","0","2","0","2","","","","N","","","","","","","","","",""
"2009001083","","1","0","0","0","0","0","0","0","0","4","0","","02","12","2008","1","40.431131","-80.010602","","11","0","0","0","0","0","1","0","0","1","0","0","0","","","0","","1","","40 25:52.071","2","0","80 00:38.167","0","0","0","0","2301","0","0","0","N","0","0","0","2","02301","0","","1.0","","1","N","N","","0","","0","0","0","","3","N","","2","0","0","0","0","0","0","2","1","2","","","","N","","","","","","","","","",""
"2009001084","","2","0","0","0","0","0","0","0","0","4","0","","02","12","2008","1","40.432315","-80.017574","","11","0","0","0","0","1","0","1","0","","0","0","0","","","0","","10","","40 25:56.334","","0","80 01:03.266","0","0","0","0","2301","0","0","0","N","0","0","0","2","02301","0","","1.0","","1","N","N","","0","","0","0","0","","3","","","2","0","0","0","0","0","0","2","0","2","","","","N","","","","","","","","","",""
"2009001085","","1","0","0","0","0","0","0","0","0","7","0","","02","12","2008","1","40.4347","-80.0084","","11","0","0","0","0","0","1","0","0","","0","0","0","","","0","","0","","40 26:04.920","","0","80 00:30.240","0","0","0","0","2301","0","0","0","N","0","0","0","1","02301","0","","5.0","","1","N","N","","0","","0","0","0","","0","","","1","0","1","0","0","0","0","2","0","1","","","","N","","","","","","","","","",""
"2009001086","","2","0","0","0","0","0","0","0","0","5","0","","02","12","2008","6","40.429052","-79.997486","","11","0","0","0","0","0","0","0","0","","0","0","0","","","0","","0","","40 25:44.587","","0","79 59:50.950","0","0","0","0","2301","0","0","0","N","0","0","0","2","02301","0","","1.0","","7","N","N","","0","","0","0","0","","0","","","2","0","0","0","0","0","0","2","0","2","","","","N","","","","","","","","","",""
"2009001087","","0","0","0","0","0","0","0","0","0","8","0","","02","12","2008","3","40.424955","-79.97662","","11","0","0","0","0","0","0","0","0","1","0","0","0","","","1","","1","","40 25:29.838","1","0","79 58:35.832","3","0","0","0","2301","1","0","0","","1","0","0","2","02301","0","","1.0","","9","N","N","","1","","1","0","0","","3","Y","","2","1","1","0","0","0","0","2","0","1","","","","N","","","","","","","","","",""
"2009001088","","1","0","0","0","0","0","0","0","0","1","0","","02","12","2008","6","40.429052","-79.997486","","11","0","0","0","0","0","0","0","0","","0","0","0","","","0","","0","","40 25:44.587","","0","79 59:50.950","0","0","0","0","2301","0","0","0","N","0","0","0","2","02301","0","","1.0","","2","N","N","","1","","0","0","0","","0","","","2","0","0","0","0","0","0","2","0","2","","","","N","","","","","","","","","",""
"2009001089","","1","0","0","0","0","0","0","0","0","7","0","","02","12","2008","7","40.397266","-79.998981","","11","0","0","0","0","0","0","0","0","1","0","0","0","","","0","","0","","40 23:50.157","3","0","79 59:56.331","0","0","0","0","2301","0","0","0","N","0","0","0","2","02301","0","","5.0","","2","N","N","","0","","0","0","0","","0","N","","1","0","0","0","0","0","0","2","0","1","","","","N","","","","","","","","","",""
"2009001090","","1","0","0","0","0","0","0","0","0","1","0","","02","12","2008","7","40.430024","-79.98866","","11","0","0","0","0","0","0","0","0","","0","0","0","","","2","","2","","40 25:48.086","","0","79 59:19.176","8","0","0","0","2301","0","0","0","N","0","0","0","3","02301","0","","1.0","","1","N","N","","0","","0","0","1","","2","","","2","2","0","0","0","2","0","2","0","2","","","","N","","","","","","","","","",""
"2009001091","","1","0","0","0","0","0","0","0","0","8","0","","02","12","2008","7","40.490236","-80.018511","","11","0","0","0","0","0","1","0","0","","0","0","0","","","1","","2","","40 29:24.851","","0","80 01:06.641","3","0","0","0","2301","1","0","0","N","1","0","0","2","02301","0","","1.0","","9","N","N","","0","","1","0","0","","0","","","2","1","0","0","0","0","0","2","0","1","","","","N","","","","","","","","","",""
"2009001092","","1","0","0","0","0","0","0","0","0","5","0","","02","12","2008","7","40.489466","-80.017027","","11","0","0","0","0","0","0","0","0","","0","0","0","","","0","","0","","40 29:22.077","","0","80 01:01.297","0","0","0","0","2301","0","0","0","N","0","0","0","0","02301","0","","6.0","","1","N","N","","0","","0","0","0","","0","","","3","0","0","0","0","0","0","2","1","3","","","","N","","","","","","","","","",""
"2009001093","","1","0","0","0","0","0","0","0","0","4","0","","02","12","2008","1","40.4572","-79.9978","","11","0","0","0","0","0","0","1","0","2","0","0","0","","","0","","1","","40 27:25.920","1","0","79 59:52.080","0","0","0","0","2301","0","0","0","N","0","0","0","4","02301","0","","1.0","","1","N","N","","0","","0","0","1","","2","Y","","2","0","0","0","0","0","0","2","0","2","","","","N","","","","","","","","","",""
"2009001094","","1","0","0","0","0","0","0","0","0","99","0","","02","12","2008","2","40.471557","-80.015731","","11","0","0","0","0","0","0","0","0","","0","0","0","","","1","","0","","40 28:17.604","","0","80 00:56.631","8","0","0","0","2301","0","0","0","N","0","0","0","3","02301","0","","1.0","","9","N","N","","0","","0","0","0","","0","","","1","1","0","0","0","1","0","2","0","1","","","","N","","","","","","","","","",""
"2009001095","","3","0","0","0","0","0","0","0","0","2","0","","02","12","2008","3","40.473365","-80.038221","","11","0","0","0","0","0","0","0","0","","0","0","0","","","2","","0","","40 28:24.114","","0","80 02:17.595","8","0","0","0","2301","0","0","0","N","0","0","0","3","02301","0","","6.0","","1","N","N","","0","","0","0","0","","0","","","3","2","0","0","0","2","0","2","0","3","","","","N","","","","","","","","","",""
"2009001096","","2","0","0","0","0","0","0","0","0","1","0","","02","12","2008","4","40.4547","-79.9947","","11","0","0","0","0","0","0","0","0","","0","0","0","","","1","","0","","40 27:16.920","","0","79 59:40.920","8","0","0","0","2301","0","0","0","N","0","0","0","4","02301","0","","1.0","","1","N","N","","0","","0","0","0","","0","","","2","1","0","0","0","1","0","2","0","2","","","","N","","","","","","","","","",""
"2009001097","","2","0","0","0","0","0","0","0","0","4","0","","02","12","2008","4","40.453981","-80.014537","","11","0","0","0","0","0","0","0","0","2","0","0","0","","","2","","1","","40 27:14.331","4","0","80 00:52.333","4","0","0","0","2301","0","0","0","N","0","0","0","6","02301","2","","1.0","","1","N","N","","0","","0","0","0","","2","Y","","2","2","1","0","0","0","0","2","0","2","","","","N","","","","","","","","","",""
"2009001098","","1","0","0","0","0","0","0","0","0","7","0","","02","12","2008","7","40.448991","-80.000795","","11","0","0","0","0","0","0","0","0","","0","0","0","","","0","","0","","40 26:56.368","","0","80 00:02.863","9","0","0","0","2301","0","0","0","N","0","0","0","2","02301","0","","5.0","","1","N","N","","0","","0","0","0","","0","","","1","0","0","0","0","0","1","2","0","1","","","","N","","","","","","","","","",""
"2009001113","","2","0","0","0","0","0","0","0","0","1","0","","02","11","2008","5","40.358648","-79.849522","","11","0","0","0","0","0","0","1","0","2","0","0","0","","","3","","0","","40 21:31.132","1","0","79 50:58.279","4","0","0","0","2473","0","0","0","N","0","0","0","3","02473","2","","1.0","","1","N","N","","0","","0","0","0","","0","Y","","2","3","0","0","0","1","0","2","0","2","","","","N","","","","","","","","","",""
"2009001124","","4","0","0","0","0","0","0","0","0","4","0","","02","12","2008","6","40.438178","-79.946974","","11","0","0","0","0","0","2","0","0","","0","0","0","","","0","","0","","40 26:17.439","","3","79 56:49.107","0","0","0","0","2301","0","0","0","N","0","0","0","4","02301","0","","1.0","","2","N","N","","0","","0","0","0","","0","","","4","0","0","0","0","0","0","2","0","4","","","","N","","","","","","","","","",""
"2009001125","","1","0","0","0","0","0","0","0","0","2","0","","02","12","2008","5","40.454012","-79.953338","","11","0","0","0","0","0","0","0","0","2","0","0","0","","","0","","2","","40 27:14.444","2","0","79 57:12.018","0","0","0","0","2301","0","0","0","N","0","0","0","2","02301","0","","1.0","","1","N","N","","1","","0","0","0","","2","N","","2","0","0","0","0","0","0","2","0","2","","","","N","","","","","","","","","",""