"CRN","ARRIVAL_TM","AUTOMOBILE_COUNT","BELTED_DEATH_COUNT","BELTED_SUSP_SERIOUS_INJ_COUNT","BICYCLE_COUNT","BICYCLE_DEATH_COUNT","BICYCLE_SUSP_SERIOUS_INJ_COUNT","BUS_COUNT","CHLDPAS_DEATH_COUNT","CHLDPAS_SUSP_SERIOUS_INJ_COUNT","COLLISION_TYPE","COMM_VEH_COUNT","CONS_ZONE_SPD_LIM","COUNTY","CRASH_MONTH","CRASH_YEAR","DAY_OF_WEEK","DEC_LATITUDE","DEC_LONGITUDE","DISPATCH_TM","DISTRICT","DRIVER_COUNT_16YR","DRIVER_COUNT_17YR","DRIVER_COUNT_18YR","DRIVER_COUNT_19YR","DRIVER_COUNT_20YR","DRIVER_COUNT_50_64YR","DRIVER_COUNT_65_74YR","DRIVER_COUNT_75PLUS","EST_HRS_CLOSED","FATAL_COUNT","HEAVY_TRUCK_COUNT","HORSE_BUGGY_COUNT","HOUR_OF_DAY","ILLUMINATION","INJURY_COUNT","INTERSECTION_RELATED","INTERSECT_TYPE","LANE_CLOSED","LATITUDE","LN_CLOSE_DIR","LOCATION_TYPE","LONGITUDE","MAX_SEVERITY_LEVEL","MCYCLE_DEATH_COUNT","MCYCLE_SUSP_SERIOUS_INJ_COUNT","MOTORCYCLE_COUNT","MUNICIPALITY","NONMOTR_COUNT","NONMOTR_DEATH_COUNT","NONMOTR_SUSP_SERIOUS_INJ_COUNT","NTFY_HIWY_MAINT","PED_COUNT","PED_DEATH_COUNT","PED_SUSP_SERIOUS_INJ_COUNT","PERSON_COUNT","POLICE_AGCY","POSSIBLE_INJ_COUNT","RDWY_SURF_TYPE_CD","RELATION_TO_ROAD","ROADWAY_CLEARED","ROAD_CONDITION","SCH_BUS_IND","SCH_ZONE_IND","SECONDARY_CRASH","SMALL_TRUCK_COUNT","SPEC_JURIS_CD","SUSP_MINOR_INJ_COUNT","SUSP_SERIOUS_INJ_COUNT","SUV_COUNT","TCD_FUNC_CD","TCD_TYPE","TFC_DETOUR_IND","TIME_OF_DAY","TOTAL_UNITS","TOT_INJ_COUNT","UNBELTED_OCC_COUNT","UNB_DEATH_COUNT","UNB_SUSP_SERIOUS_INJ_COUNT","UNK_INJ_DEG_COUNT","UNK_INJ_PER_COUNT","URBAN_RURAL","VAN_COUNT","VEHICLE_COUNT","WEATHER1","WEATHER2","WORKERS_PRES","WORK_ZONE_IND","WORK_ZONE_LOC","WORK_ZONE_TYPE","WZ_CLOSE_DETOUR","WZ_FLAGGER","WZ_LAW_OFFCR_IND","WZ_LN_CLOSURE","WZ_MOVING","WZ_OTHER","WZ_SHLDER_MDN","WZ_WORKERS_INJ_KILLED"
"2009001126","","2","0","0","0","0","0","0","0","0","4","0","","02","12","2008","4","40.45194","-79.923965","","11","0","0","0","0","0","1","0","0","","0","0","0","","","0","","2","","40 27:06.984","","0","79 55:26.274","0","0","0","0","2301","0","0","0","N","0","0","0","2","02301","0","","1.0","","1","N","N","","0","","0","0","0","","0","","","2","0","0","0","0","0","0","2","0","2","","","","N","","","","","","","","","",""
"2009001127","","1","0","0","0","0","0","0","0","0","1","0","","02","12","2008","4","40.425834","-79.964097","","11","0","0","0","0","0","0","0","0","","0","0","0","","","0","","0","","40 25:33.002","","3","79 57:50.750","0","0","0","0","2301","0","0","0","N","0","0","0","2","02301","0","","1.0","","1","N","N","","1","","0","0","0","","0","","","2","0","0","0","0","0","0","2","0","2","","","","N","","","","","","","","","",""
"2009001128","","1","0","0","0","0","0","0","0","0","8","0","","02","12","2008","5","40.448413","-79.934205","","11","0","0","0","0","0","0","0","0","","0","0","0","","","1","","2","","40 26:54.286","","0","79 56:03.138","3","0","0","0","2301","1","0","0","N","1","0","0","3","02301","0","","1.0","","9","N","N","","0","","1","0","0","","2","","","2","1","0","0","0","0","0","2","0","1","","","","N","","","","","","","","","",""
"2009001129","","2","0","0","0","0","0","0","0","0","1","0","","02","12","2008","7","40.458326","-79.930385","","11","0","0","0","0","0","0","0","0","","0","0","0","","","0","","0","","40 27:29.973","","0","79 55:49.386","0","0","0","0","2301","0","0","0","N","0","0","0","1","02301","0","","6.0","","9","N","N","","0","","0","0","1","","0","","","3","0","0","0","0","0","0","2","0","3","","","","N","","","","","","","","","",""
"2009001130","","2","0","0","0","0","0","0","0","0","1","0","","02","12","2008","7","40.411164","-79.919119","","11","0","0","0","0","0","1","0","0","1","0","0","0","","","1","","0","","40 24:40.189","2","3","79 55:08.829","4","0","0","0","2301","0","0","0","N","0","0","0","3","02301","1","","1.0","","9","N","N","","0","","0","0","0","","0","N","","2","1","0","0","0","0","0","2","0","2","","","","N","","","","","","","","","",""
"2009001131","","2","0","0","0","0","0","0","0","0","4","0","","02","12","2008","7","40.447138","-79.895168","","11","0","0","0","0","0","1","0","0","","0","0","0","","","0","","1","","40 26:49.695","","0","79 53:42.604","0","0","0","0","2301","0","0","0","N","0","0","0","4","02301","0","","1.0","","1","N","N","","0","","0","0","0","","2","","","2","0","0","0","0","0","0","2","0","2","","","","N","","","","","","","","","",""
"2009001132","","2","0","0","0","0","0","0","0","0","4","0","","02","12","2008","1","40.482341","-79.938519","","11","0","0","0","0","0","0","0","0","","0","0","0","","","0","","1","","40 28:56.427","","0","79 56:18.668","0","0","0","0","2301","0","0","0","N","0","0","0","3","02301","0","","1.0","","1","N","N","","0","","0","0","0","","3","","","2","0","0","0","0","0","0","2","0","2","","","","N","","","","","","","","","",""
"2009001137","","1","0","0","0","0","0","0","0","0","8","0","","02","12","2008","4","40.437609","-79.99648","","11","0","0","0","0","0","0","0","0","","0","0","0","","","1","","1","","40 26:15.392","","0","79 59:47.328","3","0","0","0","2301","1","0","0","N","1","0","0","2","02301","0","","1.0","","1","N","N","","0","","1","0","0","","2","","","2","1","0","0","0","0","0","2","0","1","","","","N","","","","","","","","","",""
"2009001138","","1","0","0","0","0","0","0","0","0","2","0","","02","12","2008","5","40.436185","-79.972864","","11","0","0","0","0","0","1","0","0","2","0","0","0","","","0","","2","","40 26:10.266","5","0","79 58:22.309","0","0","0","0","2301","0","0","0","N","0","0","0","2","02301","0","","1.0","","1","N","N","","1","","0","0","0","","2","Y","","2","0","0","0","0","0","0","2","0","2","","","","N","","","","","","","","","",""
"2009001140","","1","0","0","0","0","0","0","0","0","4","0","","02","12","2008","7","40.429179","-79.921213","","11","0","0","0","0","1","0","0","0","","0","0","0","","","0","","1","","40 25:45.044","","0","79 55:16.366","0","0","0","0","2301","0","0","0","N","0","0","0","2","02301","0","","1.0","","7","N","N","","1","","0","0","0","","1","","","2","0","0","0","0","0","0","2","0","2","","","","N","","","","","","","","","",""
"2009001141","","1","0","0","0","0","0","0","0","0","4","0","","02","12","2008","4","40.488428","-80.041896","","11","0","0","0","0","0","0","0","0","","0","0","0","","","0","","2","","40 29:18.340","","0","80 02:30.825","0","0","0","0","2301","0","0","0","N","0","0","0","2","02301","0","","1.0","","9","N","N","","1","","0","0","0","","0","","","2","0","2","0","0","0","0","2","0","2","","","","N","","","","","","","","","",""
"2009001146","","0","0","0","0","0","0","0","0","0","7","0","","02","12","2008","6","40.396722","-80.013326","","11","0","0","0","0","0","0","0","0","1","0","0","0","","","0","","0","","40 23:48.199","6","0","80 00:47.973","0","0","0","0","2301","0","0","0","N","0","0","0","1","02301","0","","5.0","","2","N","N","","1","","0","0","0","","0","N","","1","0","0","0","0","0","0","2","0","1","","","","N","","","","","","","","","",""
"2009001147","","1","0","0","0","0","0","0","0","0","7","0","","02","12","2008","6","40.406237","-79.978382","","11","0","0","0","0","0","0","0","0","","0","0","0","","","0","","2","","40 24:22.453","","0","79 58:42.175","0","0","0","0","2301","0","0","0","N","0","0","0","1","02301","0","","2.0","","2","N","N","","0","","0","0","0","","3","","","1","0","0","0","0","0","0","2","0","1","","","","N","","","","","","","","","",""
"2009001148","","1","0","0","0","0","0","0","0","0","7","0","","02","12","2008","4","40.437615","-79.913671","","11","0","0","0","0","0","0","0","0","","0","0","0","","","0","","2","","40 26:15.414","","0","79 54:49.215","0","0","0","0","2301","0","0","0","N","0","0","0","1","02301","0","","5.0","","9","N","N","","0","","0","0","0","","0","","","1","0","0","0","0","0","0","2","0","1","","","","N","","","","","","","","","",""
"2009001150","","1","0","0","0","0","0","0","0","0","4","0","","02","12","2008","1","40.386048","-79.87427","","11","0","0","0","0","0","0","0","0","1","0","0","0","","","1","","2","","40 23:09.773","5","0","79 52:27.371","8","0","0","0","2473","0","0","0","N","0","0","0","2","02473","0","","1.0","","1","N","N","","0","","0","0","1","","3","Y","","2","1","0","0","0","1","0","2","0","2","","","","N","","","","","","","","","",""
"2009001183","","1","0","0","0","0","0","0","0","0","1","0","","02","11","2008","7","40.389206","-79.867905","","11","0","0","0","0","0","1","0","0","","0","0","0","","","6","","2","","40 23:21.142","","0","79 52:04.457","4","0","0","0","2473","0","0","0","N","0","0","0","6","02473","5","","1.0","","1","N","N","","0","","0","0","1","","0","","","2","6","0","0","0","1","0","2","0","2","","","","N","","","","","","","","","",""
"2009001184","","1","0","0","0","0","0","0","0","0","1","0","","02","12","2008","3","40.339288","-79.913571","","11","0","0","0","1","0","1","0","0","","0","0","0","","","1","","3","","40 20:21.438","","0","79 54:48.855","8","0","0","0","2473","0","0","0","N","0","0","0","4","02473","0","","1.0","","1","N","N","","0","","0","0","1","","3","","","3","1","0","0","0","1","0","2","0","3","","","","N","","","","","","","","","",""
"2009001185","","1","0","0","0","0","0","0","0","0","1","0","","02","12","2008","3","40.4219","-79.9501","","11","0","0","0","0","1","0","0","1","1","0","0","0","","","1","","0","","40 25:18.840","1","0","79 57:00.360","4","0","0","0","2473","0","0","0","N","0","0","0","2","02473","1","","1.0","","9","N","N","","0","","0","0","1","","0","N","","2","1","0","0","0","0","0","2","0","2","","","","N","","","","","","","","","",""
"2009001187","","1","0","0","0","0","0","0","0","0","7","0","","02","12","2008","6","40.352224","-79.907358","","11","0","0","0","0","0","0","0","0","1","0","0","0","","","0","","0","","40 21:08.005","6","0","79 54:26.488","0","0","0","0","2473","0","0","0","N","0","0","0","3","02473","0","","5.0","","7","N","N","","0","","0","0","0","","0","N","","1","0","0","0","0","0","0","2","0","1","","","","N","","","","","","","","","",""
"2009001203","","2","0","0","0","0","0","0","0","0","1","0","","02","12","2008","2","","","","11","0","0","0","0","0","0","0","0","1","0","0","0","","","0","","0","","40 26:18.24","4","0","79 45:27.36","0","0","0","0","2446","0","0","0","N","0","0","0","2","68B03","0","","1.0","","2","N","N","","0","","0","0","0","","0","N","","2","0","0","0","0","0","0","2","0","2","","","","N","","","","","","","","","",""
"2009001307","","1","0","0","0","0","0","0","0","0","1","0","","02","12","2008","6","40.4303","-80.0285","","11","0","0","0","0","0","0","0","0","","0","0","0","","","1","","6","","40 25:49.080","","2","80 01:42.600","8","0","0","0","2301","0","0","0","N","0","0","0","5","02301","0","","1.0","","1","N","N","","0","","0","0","1","","0","","","2","1","0","0","0","1","0","2","0","2","","","","N","","","","","","","","","",""
"2009001308","","1","0","0","0","0","0","0","0","0","2","0","","02","12","2008","5","40.458805","-79.943747","","11","0","0","1","0","0","0","0","0","","0","0","0","","","2","","1","","40 27:31.698","","0","79 56:37.489","8","0","0","0","2301","0","0","0","N","0","0","0","2","02301","0","","1.0","","1","N","N","","0","","0","0","1","","1","","","2","2","0","0","0","2","0","2","0","2","","","","N","","","","","","","","","",""
"2009001344","","1","0","0","0","0","0","0","0","0","2","0","","02","12","2008","4","40.3784","-79.9918","","11","0","0","0","0","0","0","0","0","2","0","0","0","","","1","","0","","40 22:42.240","1","0","79 59:30.480","4","0","0","0","2476","0","0","0","N","0","0","0","4","02476","1","","1.0","","2","N","N","","1","","0","0","1","","0","N","","3","1","0","0","0","0","0","2","0","3","","","","N","","","","","","","","","",""
"2009001393","","1","0","0","0","0","0","0","0","0","7","0","","02","12","2008","5","","","","11","0","0","0","0","0","0","0","0","","0","0","0","","","0","","0","","40 29:27.24","","0","80 16:17.76","0","0","0","0","2203","0","0","0","N","0","0","0","1","68B03","0","","2.0","","2","N","N","","0","","0","0","0","","0","","","1","0","0","0","0","0","0","2","0","1","","05","","N","","","","","","","","","",""
"2009001394","","2","0","0","0","0","0","0","0","0","1","0","","02","12","2008","4","","","","11","0","0","0","0","0","0","0","0","","0","0","0","","","1","","0","","40 24:47.88","","0","80 04:49.80","4","0","0","0","2415","0","0","0","N","0","0","0","4","68B03","1","","1.0","","9","N","N","","1","","0","0","1","","0","","","4","1","0","0","0","0","0","2","0","4","","","","N","","","","","","","","","",""
"2009001395","","1","0","0","0","0","0","0","0","0","1","0","","02","12","2008","4","","","","11","0","0","0","0","0","0","0","0","","0","0","0","","","0","","0","","40 24:47.16","","0","80 04:47.64","0","0","0","0","2415","0","0","0","N","0","0","0","3","68B03","0","","1.0","","9","N","N","","1","","0","0","1","","0","","","3","0","0","0","0","0","0","2","0","3","","","","N","","","","","","","","","",""
"2009001465","","0","0","0","0","0","0","0","0","0","0","0","","02","12","2008","4","40.548476","-79.962637","","11","0","0","0","0","0","0","0","0","1","0","0","0","","","0","","2","","40 32:54.513","6","0","79 57:45.493","0","0","0","0","2118","0","0","0","N","0","0","0","1","02118","0","","1.0","","1","N","N","","0","","0","0","0","","0","Y","","1","0","0","0","0","0","0","2","1","1","","","","N","","","","","","","","","",""
"2009001470","","1","0","0","0","0","0","0","0","0","7","0","","02","12","2008","2","40.53563","-80.073265","","11","0","0","0","0","0","0","0","0","","0","0","0","","","0","","0","","40 32:08.268","","0","80 04:23.754","0","0","0","0","2215","0","0","0","N","0","0","0","1","02215","0","","2.0","","1","N","N","","0","","0","0","0","","0","","","1","0","0","0","0","0","0","2","0","1","","","","N","","","","","","","","","",""
"2009001481","","1","0","0","0","0","0","0","0","0","4","0","","02","1","2008","6","40.385406","-79.821831","","11","0","0","0","0","0","2","0","0","","0","0","0","","","3","","0","","40 23:07.460","","7","79 49:18.590","8","0","0","0","2111","0","0","0","N","0","0","0","7","02111","0","","1.0","","9","N","N","","0","","0","0","1","","3","","","2","3","0","0","0","3","0","2","0","2","","05","","N","","","","","","","","","",""
"2009001482","","2","0","0","0","0","0","0","0","0","5","0","","02","12","2008","6","40.5","-80.0124","","11","0","0","0","0","0","0","0","0","1","0","0","0","","","0","","0","","40 30:00.000","1","0","80 00:44.640","0","0","0","0","2116","0","0","0","N","0","0","0","2","02116","0","","1.0","","1","N","N","","0","","0","0","0","","2","N","","2","0","1","0","0","0","0","2","0","2","","","","N","","","","","","","","","",""
"2009001484","","1","0","0","0","0","0","0","0","0","2","0","","02","10","2008","6","40.3896","-79.9409","","11","0","0","0","0","0","0","0","0","1","0","0","0","","","2","","0","","40 23:22.560","6","3","79 56:27.240","8","0","0","0","2403","0","0","0","Y","0","0","0","6","02403","0","","1.0","","9","N","N","","0","","0","0","0","","0","Y","","2","2","0","0","0","2","0","2","1","2","","","","N","","","","","","","","","",""
"2009001502","","3","0","0","0","0","0","0","0","0","1","0","","02","12","2008","2","40.5244","-80.0482","","11","0","1","0","0","0","1","0","0","1","0","0","0","","","1","","0","","40 31:27.840","4","0","80 02:53.520","4","0","0","0","2116","0","0","0","N","0","0","0","3","02116","1","","1.0","","1","N","N","","0","","0","0","0","","0","N","","3","1","0","0","0","0","0","2","0","3","","","","N","","","","","","","","","",""
"2009001506","","3","0","0","0","0","0","0","0","0","6","0","","02","12","2008","4","40.426641","-79.726068","","11","0","0","0","0","0","1","0","0","4","0","0","0","","","1","","0","","40 25:35.909","6","0","79 43:33.844","4","0","0","0","2446","0","0","0","N","0","0","0","6","02446","1","","1.0","","2","N","N","","1","","0","0","1","","0","Y","","5","1","0","0","0","0","0","2","0","5","","","","N","","","","","","","","","",""
"2009001513","","1","0","0","0","0","0","0","0","0","7","0","","02","12","2008","7","40.430276","-79.802166","","11","0","0","0","0","0","0","0","1","","0","0","0","","","0","","0","","40 25:48.994","","0","79 48:07.797","0","0","0","0","2446","0","0","0","N","0","0","0","2","02446","0","","5.0","","1","N","N","","0","","0","0","0","","0","","","1","0","0","0","0","0","0","2","0","1","","","","N","","","","","","","","","",""
"2009001534","","2","0","0","0","0","0","0","0","0","1","0","","02","12","2008","1","","","","11","0","0","0","0","0","1","0","0","","0","0","0","","","1","","6","","40 26:37.32","","2","80 00:32.40","4","0","0","0","2301","0","0","0","N","0","0","0","5","68B03","1","","1.0","","1","N","N","","0","","0","0","0","","4","","","2","1","0","0","0","0","0","2","0","2","","","","N","","","","","","","","","",""
"2009001535","","1","0","0","0","0","0","0","0","0","0","1","","02","12","2008","4","","","","11","0","0","0","0","0","0","0","0","","0","1","0","","","0","","0","","40 25:43.32","","0","79 56:07.08","0","0","0","0","2301","0","0","0","N","0","0","0","2","68B03","0","","1.0","","1","N","N","","0","","0","0","0","","0","","","2","0","0","0","0","0","0","2","0","2","","","","N","","","","","","","","","",""
"2009001536","","1","0","0","0","0","0","0","0","0","7","0","","02","12","2008","2","","","","11","0","0","0","0","1","0","0","0","","0","0","0","","","0","","0","","40 27:01.44","","0","80 10:05.52","0","0","0","0","2115","0","0","0","N","0","0","0","1","68B03","0","","2.0","","2","N","N","","0","","0","0","0","","0","","","1","0","0","0","0","0","0","2","0","1","","","","N","","","","","","","","","",""
"2009001537","","1","0","0","0","0","0","0","0","0","1","0","","02","12","2008","3","","","","11","0","0","0","0","1","0","0","0","","0","0","0","","","0","","0","","40 25:44.76","","0","79 53:15.72","0","0","0","0","2426","0","0","0","N","0","0","0","2","68B03","0","","1.0","","1","N","N","","0","","0","0","1","","0","","","2","0","0","0","0","0","0","2","0","2","","","","N","","","","","","","","","",""
"2009001671","","1","0","0","0","0","0","0","0","0","7","0","45","02","11","2008","1","40.583712","-80.104002","","11","0","0","0","0","0","0","0","0","1","0","0","0","","","1","","0","","40 35:01.364","2","0","80 06:14.408","4","0","0","0","2481","0","0","0","Y","0","0","0","1","68B03","1","","2.0","","1","N","N","","0","","0","0","0","","0","N","","1","1","1","0","0","0","0","2","0","1","","","N","Y","4","1","N","N","N","Y","N","N","Y",""
"2009001672","","1","0","0","0","0","0","0","0","0","5","0","","02","12","2008","5","","","","11","0","0","0","0","0","0","0","0","","0","0","0","","","0","","0","","40 28:30.36","","0","80 00:23.40","0","0","0","0","2301","0","0","0","N","0","0","0","1","68B03","0","","1.0","","9","N","N","","0","","0","0","0","","0","","","2","0","0","0","0","0","0","2","1","2","","","","N","","","","","","","","","",""
"2009001673","","1","0","0","0","0","0","0","0","0","1","0","","02","12","2008","7","","","","11","0","0","0","0","0","1","0","0","3","0","0","0","","","1","","0","","40 25:46.20","3","0","79 52:36.84","3","0","0","0","2426","1","0","0","Y","1","0","0","3","68B03","0","","1.0","","1","N","N","","0","","1","0","2","","0","N","","4","1","0","0","0","0","0","2","0","3","","","","N","","","","","","","","","",""
"2009001748","","1","0","0","0","0","0","0","0","0","7","0","","02","12","2008","3","40.3452","-80.1604","","11","0","0","0","0","0","0","0","0","","0","0","0","","","0","","0","","40 20:42.720","","0","80 09:37.440","0","0","0","0","2119","0","0","0","N","0","0","0","1","02119","0","","1.0","","9","N","N","","0","","0","0","0","","0","","","1","0","0","0","0","0","0","2","0","1","","","","N","","","","","","","","","",""
"2009001786","","1","0","0","0","0","0","0","0","0","4","0","","02","12","2008","4","40.4026","-80.0611","","11","0","0","0","0","0","0","0","0","","0","0","0","","","0","","0","","40 24:09.360","","0","80 03:39.960","0","0","0","0","2117","0","0","0","N","0","0","0","4","02117","0","","1.0","","1","N","N","","0","","0","0","0","","0","","","2","0","0","0","0","0","0","2","1","2","","","","N","","","","","","","","","",""
"2009001787","","1","0","0","0","0","0","0","0","0","7","0","","02","12","2008","2","40.511607","-80.045172","","11","0","0","0","0","0","0","0","0","","0","0","0","","","0","","0","","40 30:41.785","","0","80 02:42.619","0","0","0","0","2116","0","0","0","N","0","0","0","1","02116","0","","5.0","","1","N","N","","0","","0","0","0","","0","","","1","0","0","0","0","0","0","2","0","1","","","","N","","","","","","","","","",""
"2009001795","","1","0","0","0","0","0","1","0","0","4","1","","02","12","2008","4","40.445974","-79.871452","","11","0","0","0","0","0","1","0","0","1","0","0","0","","","2","","3","","40 26:45.505","4","0","79 52:17.228","8","0","0","0","2301","0","0","0","N","0","0","0","9","02503","0","","1.0","","1","N","N","","0","","0","0","0","","4","N","","2","2","0","0","0","2","0","2","0","2","","","","N","","","","","","","","","",""
"2009001798","","0","0","0","0","0","0","0","0","0","7","0","","02","12","2008","5","40.5924","-79.8885","","11","0","0","0","0","0","0","0","0","","0","0","0","","","0","","0","","40 35:32.640","","0","79 53:18.600","0","0","0","0","2209","0","0","0","N","0","0","0","1","02209","0","","2.0","","9","N","N","","1","","0","0","0","","0","","","1","0","1","0","0","0","0","1","0","1","","","","N","","","","","","","","","",""
"2009001887","","1","0","0","0","0","0","0","0","0","7","0","","02","12","2008","5","","","","11","0","0","0","0","0","0","0","0","","0","0","0","","","1","","0","","40 28:04.44","","0","80 14:27.60","8","0","0","0","2203","0","0","0","N","0","0","0","1","68B03","0","","4.0","","6","N","N","","0","","0","0","0","","0","","","1","1","0","0","0","1","0","2","0","1","","","","N","","","","","","","","","",""
"2009001888","","1","0","0","0","0","0","0","0","0","7","0","","02","12","2008","4","","","","11","0","0","0","0","0","0","0","0","2","0","0","0","","","2","","0","","40 26:35.52","1","0","80 00:32.04","4","0","0","0","2301","0","0","0","N","0","0","0","3","68B03","2","","2.0","","9","N","N","","0","","0","0","0","","0","N","","1","2","3","0","0","0","0","2","0","1","","","","N","","","","","","","","","",""
"2009002022","","1","0","0","0","0","0","0","0","0","1","0","","02","12","2008","2","40.556871","-80.022566","","11","0","0","0","0","0","1","0","0","9","0","0","0","","","0","","0","","40 33:24.736","1","0","80 01:21.239","0","0","0","0","2108","0","0","0","N","0","0","0","2","02108","0","","1.0","","9","N","N","","0","","0","0","1","","2","N","","2","0","0","0","0","0","0","2","0","2","","","","N","","","","","","","","","",""
"2009002039","","2","0","0","0","0","0","0","0","0","4","0","","02","12","2008","3","40.431654","-79.915187","","11","0","0","0","0","0","0","0","0","","0","0","0","","","3","","2","","40 25:53.954","","0","79 54:54.673","4","0","0","0","2301","0","0","0","N","0","0","0","3","02301","1","","1.0","","9","N","N","","0","","0","0","0","","3","","","2","3","3","0","0","2","0","2","0","2","","","","N","","","","","","","","","",""
"2009002040","","1","0","0","0","0","0","0","0","0","4","0","","02","12","2008","6","40.459193","-79.970767","","11","0","0","0","0","0","0","0","0","","0","0","0","","","1","","1","","40 27:33.094","","0","79 58:14.761","8","0","0","0","2301","0","0","0","N","0","0","0","3","02301","0","","1.0","","9","N","N","","0","","0","0","0","","2","","","2","1","0","0","0","1","2","2","0","2","","","","N","","","","","","","","","",""
"2009002041","","1","0","0","0","0","0","0","0","0","7","0","","02","12","2008","4","40.4344","-80.0374","","11","0","0","0","0","0","0","0","0","1","0","0","0","","","2","","0","","40 26:03.840","2","0","80 02:14.640","4","0","0","0","2301","0","0","0","N","0","0","0","2","02301","1","","4.0","","1","N","N","","0","","0","0","0","","0","N","","1","2","1","0","0","1","0","2","0","1","","","","N","","","","","","","","","",""
"2009002043","","1","0","0","0","0","0","0","0","0","8","0","","02","12","2008","5","40.4573","-79.9371","","11","0","0","0","0","0","1","0","0","1","0","0","0","","","1","","1","","40 27:26.280","3","0","79 56:13.560","8","0","0","0","2301","1","0","0","N","1","0","0","2","02301","0","","1.0","","1","N","N","","0","","0","0","0","","2","Y","","2","1","0","0","0","1","0","2","0","1","","","","N","","","","","","","","","",""
"2009002060","","1","0","0","0","0","0","0","0","0","6","0","","02","12","2008","3","40.33671","-79.895647","","11","0","0","0","0","0","0","0","0","1","0","0","0","","","1","","0","","40 20:12.156","2","0","79 53:44.330","4","0","0","0","2473","0","0","0","N","0","0","0","2","02473","1","","1.0","","1","N","N","","1","","0","0","0","","0","N","","2","1","0","0","0","0","0","2","0","2","","","","N","","","","","","","","","",""
"2009002061","","2","0","0","0","0","0","0","0","0","2","0","","02","12","2008","7","40.367567","-79.871818","","11","0","0","0","0","0","0","0","1","2","0","0","0","","","1","","0","","40 22:03.242","1","3","79 52:18.545","8","0","0","0","2473","0","0","0","N","0","0","0","6","02473","0","","1.0","","7","N","N","","0","","0","0","0","","0","N","","2","1","1","0","0","1","0","2","0","2","","","","N","","","","","","","","","",""
"2009002221","","1","0","0","0","0","0","0","0","0","4","0","","02","12","2008","3","40.406341","-80.018441","","11","0","0","0","0","0","0","0","0","","0","0","0","","","2","","2","","40 24:22.829","","0","80 01:06.389","4","0","0","0","2301","0","0","0","N","0","0","0","5","02301","2","","1.0","","1","N","N","","1","","0","0","1","","3","","","3","2","5","0","0","0","0","2","0","3","","","","N","","","","","","","","","",""
"2009002224","","1","0","0","0","0","0","0","0","0","4","0","","02","12","2008","7","40.347434","-79.950514","","11","0","0","0","0","0","1","0","0","1","0","0","0","","","1","","1","","40 20:50.762","1","0","79 57:01.850","8","0","0","0","2473","0","0","0","N","0","0","0","2","02473","0","","1.0","","1","N","N","","0","","0","0","1","","3","N","","2","1","0","0","0","1","0","2","0","2","","","","N","","","","","","","","","",""
"2009002239","","1","0","0","0","0","0","0","0","0","7","0","","02","12","2008","1","40.451957","-79.909237","","11","0","0","0","0","0","0","0","0","3","0","0","0","","","2","","0","","40 27:07.046","6","0","79 54:33.253","3","0","0","0","2301","0","0","0","N","0","0","0","2","02301","0","","2.0","","9","N","N","","0","","2","0","0","","0","Y","","1","2","0","0","0","0","0","2","0","1","","","","N","","","","","","","","","",""
"2009002241","","0","0","0","0","0","0","0","0","0","99","0","","02","12","2008","6","40.372027","-79.916859","","11","0","0","0","0","0","0","0","0","","0","0","0","","","0","","0","","40 22:19.296","","0","79 55:00.693","0","0","0","0","2301","0","0","0","N","0","0","0","2","02301","0","","1.0","","1","N","N","","0","","0","0","1","","0","","","1","0","0","0","0","0","0","2","0","1","","","","N","","","","","","","","","",""
"2009002242","","0","0","0","0","0","0","0","0","0","8","0","","02","12","2008","6","40.444582","-79.942971","","11","0","0","0","0","0","0","0","0","","0","0","0","","","1","","2","","40 26:40.494","","0","79 56:34.697","4","0","0","0","2301","1","0","0","N","1","0","0","2","02301","1","","1.0","","1","N","N","","1","","0","0","0","","2","","","2","1","0","0","0","0","0","2","0","1","","","","N","","","","","","","","","",""
"2009002243","","1","0","0","0","0","0","0","0","0","8","0","","02","12","2008","6","40.4503","-79.9046","","11","0","0","0","0","0","0","1","0","","0","0","0","","","1","","0","","40 27:01.080","","0","79 54:16.560","4","0","0","0","2301","1","0","0","N","1","0","0","2","02301","1","","1.0","","1","N","N","","0","","0","0","0","","0","","","2","1","0","0","0","0","0","2","0","1","","","","N","","","","","","","","","",""
"2009002268","","1","0","0","0","0","0","0","0","0","4","0","","02","12","2008","6","","","","11","0","0","0","0","0","1","0","0","1","0","0","0","","","0","","0","","","5","0","","0","0","0","0","2473","0","0","0","N","0","0","0","2","02473","0","","1.0","","1","N","N","","1","","0","0","0","","0","N","","2","0","0","0","0","0","0","1","0","2","","","","N","","","","","","","","","",""
"2009002351","","1","0","0","0","0","0","0","0","0","7","0","","02","12","2008","4","40.631279","-79.732284","","11","0","0","0","0","0","0","0","0","","0","0","0","","","0","","0","","40 37:52.603","","0","79 43:56.222","0","0","0","0","2106","0","0","0","N","0","0","0","1","68D02","0","","4.0","","2","N","N","","0","","0","0","0","","0","","","1","0","0","0","0","0","0","2","0","1","","","","N","","","","","","","","","",""