"CRN","ARRIVAL_TM","AUTOMOBILE_COUNT","BELTED_DEATH_COUNT","BELTED_SUSP_SERIOUS_INJ_COUNT","BICYCLE_COUNT","BICYCLE_DEATH_COUNT","BICYCLE_SUSP_SERIOUS_INJ_COUNT","BUS_COUNT","CHLDPAS_DEATH_COUNT","CHLDPAS_SUSP_SERIOUS_INJ_COUNT","COLLISION_TYPE","COMM_VEH_COUNT","CONS_ZONE_SPD_LIM","COUNTY","CRASH_MONTH","CRASH_YEAR","DAY_OF_WEEK","DEC_LATITUDE","DEC_LONGITUDE","DISPATCH_TM","DISTRICT","DRIVER_COUNT_16YR","DRIVER_COUNT_17YR","DRIVER_COUNT_18YR","DRIVER_COUNT_19YR","DRIVER_COUNT_20YR","DRIVER_COUNT_50_64YR","DRIVER_COUNT_65_74YR","DRIVER_COUNT_75PLUS","EST_HRS_CLOSED","FATAL_COUNT","HEAVY_TRUCK_COUNT","HORSE_BUGGY_COUNT","HOUR_OF_DAY","ILLUMINATION","INJURY_COUNT","INTERSECTION_RELATED","INTERSECT_TYPE","LANE_CLOSED","LATITUDE","LN_CLOSE_DIR","LOCATION_TYPE","LONGITUDE","MAX_SEVERITY_LEVEL","MCYCLE_DEATH_COUNT","MCYCLE_SUSP_SERIOUS_INJ_COUNT","MOTORCYCLE_COUNT","MUNICIPALITY","NONMOTR_COUNT","NONMOTR_DEATH_COUNT","NONMOTR_SUSP_SERIOUS_INJ_COUNT","NTFY_HIWY_MAINT","PED_COUNT","PED_DEATH_COUNT","PED_SUSP_SERIOUS_INJ_COUNT","PERSON_COUNT","POLICE_AGCY","POSSIBLE_INJ_COUNT","RDWY_SURF_TYPE_CD","RELATION_TO_ROAD","ROADWAY_CLEARED","ROAD_CONDITION","SCH_BUS_IND","SCH_ZONE_IND","SECONDARY_CRASH","SMALL_TRUCK_COUNT","SPEC_JURIS_CD","SUSP_MINOR_INJ_COUNT","SUSP_SERIOUS_INJ_COUNT","SUV_COUNT","TCD_FUNC_CD","TCD_TYPE","TFC_DETOUR_IND","TIME_OF_DAY","TOTAL_UNITS","TOT_INJ_COUNT","UNBELTED_OCC_COUNT","UNB_DEATH_COUNT","UNB_SUSP_SERIOUS_INJ_COUNT","UNK_INJ_DEG_COUNT","UNK_INJ_PER_COUNT","URBAN_RURAL","VAN_COUNT","VEHICLE_COUNT","WEATHER1","WEATHER2","WORKERS_PRES","WORK_ZONE_IND","WORK_ZONE_LOC","WORK_ZONE_TYPE","WZ_CLOSE_DETOUR","WZ_FLAGGER","WZ_LAW_OFFCR_IND","WZ_LN_CLOSURE","WZ_MOVING","WZ_OTHER","WZ_SHLDER_MDN","WZ_WORKERS_INJ_KILLED"
"2009003528","","2","0","0","0","0","0","0","0","0","7","0","","02","12","2008","7","40.463973","-79.818696","","11","0","0","0","0","0","0","1","0","","0","0","0","","","1","","0","","40 27:50.302","","0","79 49:07.305","8","0","0","0","2113","0","0","0","N","0","0","0","1","02113","0","","5.0","","6","N","N","","0","","0","0","0","","0","","","2","1","0","0","0","1","0","2","0","2","","","","N","","","","","","","","","",""
"2009003529","","1","0","0","0","0","0","0","0","0","7","0","","02","12","2008","6","40.474062","-79.883337","","11","0","0","0","0","0","0","0","0","","0","0","0","","","0","","0","","40 28:26.623","","0","79 53:00.013","0","0","0","0","2113","0","0","0","","0","0","0","2","02113","0","","5.0","","7","","","","0","","0","0","0","","0","","","1","0","0","0","0","0","0","2","0","1","","","","N","","","","","","","","","",""
"2009003566","","1","0","0","0","0","0","0","0","0","7","0","","02","11","2008","5","40.386452","-79.977879","","11","0","0","0","0","0","0","0","0","","0","0","0","","","0","","0","","40 23:11.227","","0","79 58:40.365","9","0","0","0","2403","0","0","0","N","0","0","0","1","02403","0","","5.0","","2","N","N","","0","","0","0","0","","0","","","1","0","0","0","0","0","1","2","0","1","","","","N","","","","","","","","","",""
"2009003574","","0","0","0","0","0","0","0","0","0","7","0","","02","12","2008","4","40.4813","-80.202502","","11","0","0","0","0","0","0","0","0","3","0","0","0","","","1","","0","","40 28:52.681","7","2","80 12:09.008","4","0","0","0","2213","0","0","0","N","0","0","0","1","02213","1","","2.0","","1","N","N","","0","","0","0","0","","0","Y","","1","1","0","0","0","0","0","2","1","1","","","","N","","","","","","","","","",""
"2009003575","","0","0","0","0","0","0","0","0","0","7","0","","02","12","2008","4","40.53914","-80.238493","","11","0","0","0","0","0","1","0","0","1","0","0","0","","","0","","0","","40 32:20.905","6","0","80 14:18.575","0","0","0","0","2213","0","0","0","N","0","0","0","1","02213","0","","5.0","","2","N","N","","0","","0","0","1","","0","N","","1","0","0","0","0","0","0","2","0","1","","","","N","","","","","","","","","",""
"2009003617","","1","0","0","0","0","0","0","0","0","7","0","","02","12","2008","6","40.4226","-80.103","","11","0","0","0","0","0","0","0","0","","0","0","0","","","0","","0","","40 25:21.360","","8","80 06:10.800","0","0","0","0","2115","0","0","0","N","0","0","0","1","68B03","0","","4.0","","9","N","N","","0","","0","0","0","","0","","","1","0","0","0","0","0","0","2","0","1","","","","N","","","","","","","","","",""
"2009003697","","1","0","0","0","0","0","0","0","0","7","0","","02","12","2008","5","","","","11","0","0","0","0","0","0","0","0","1","0","0","0","","","1","","7","","40 30:16.20","4","2","80 01:46.20","4","0","0","0","2301","0","0","0","Y","0","0","0","1","02301","1","","2.0","","2","N","N","","0","","0","0","0","","0","N","","1","1","0","0","0","0","0","2","0","1","","","","N","","","","","","","","","",""
"2009003698","","1","0","0","0","0","0","0","0","0","1","0","","02","12","2008","6","40.478908","-80.043019","","11","0","0","0","0","0","1","0","0","","0","0","0","","","0","","1","","40 28:44.067","","0","80 02:34.869","0","0","0","0","2301","0","0","0","N","0","0","0","2","02301","0","","1.0","","1","N","N","","1","","0","0","0","","2","","","2","0","0","0","0","0","0","2","0","2","","","","N","","","","","","","","","",""
"2009003725","","1","0","0","0","0","0","0","0","0","4","1","","02","9","2008","4","40.508637","-80.1272","","11","0","0","0","0","0","1","0","0","","0","1","0","","","0","","2","","40 30:31.093","","0","80 07:37.920","0","0","0","0","2110","0","0","0","N","0","0","0","2","02215","0","","1.0","","1","N","N","","0","","0","0","0","","0","","","2","0","0","0","0","0","0","2","0","2","","","","N","","","","","","","","","",""
"2009003726","","1","0","0","0","0","0","0","0","0","1","0","","02","12","2008","7","","","","11","0","0","0","0","0","0","0","0","","0","0","0","","","0","","5","","40 31:20.28","","0","80 04:00.12","0","0","0","0","2215","0","0","0","N","0","0","0","1","02215","0","","1.0","","1","N","N","","0","","0","0","0","","2","","","2","0","0","0","0","0","0","2","0","2","","","","N","","","","","","","","","",""
"2009003727","","0","0","0","0","0","0","0","0","0","7","0","","02","11","2008","7","40.509768","-80.082796","","11","0","0","0","0","0","1","0","0","","0","0","0","","","1","","2","","40 30:35.164","","0","80 04:58.065","4","0","0","0","2405","0","0","0","N","0","0","0","1","02215","1","","4.0","","1","N","N","","0","","0","0","1","","3","","","1","1","0","0","0","0","0","2","0","1","","","","N","","","","","","","","","",""
"2009003743","","2","0","0","0","0","0","0","0","0","2","0","","02","11","2008","3","40.442609","-79.807327","","11","0","0","0","0","0","0","0","0","3","0","0","0","","","2","","0","","40 26:33.392","3","0","79 48:26.377","3","0","0","0","2113","0","0","0","N","0","0","0","2","02113","0","","1.0","","9","N","N","","0","","1","0","0","","0","N","","2","2","0","0","0","1","0","2","0","2","","","","N","","","","","","","","","",""
"2009003744","","1","0","0","0","0","0","0","0","0","4","0","","02","11","2008","1","40.467236","-79.836154","","11","0","0","0","0","1","0","1","0","1","0","0","0","","","0","","2","","40 28:02.050","4","0","79 50:10.153","0","0","0","0","2113","0","0","0","N","0","0","0","2","02113","0","","1.0","","9","N","N","","0","","0","0","1","","0","N","","2","0","0","0","0","0","0","2","0","2","","","","N","","","","","","","","","",""
"2009003745","","1","0","0","0","0","0","0","0","0","1","0","","02","11","2008","1","40.453598","-79.837147","","11","0","0","0","0","0","0","0","0","2","0","0","0","","","1","","0","","40 27:12.952","1","0","79 50:13.729","4","0","0","0","2113","0","0","0","N","0","0","0","2","02113","1","","6.0","","1","N","N","","0","","0","0","0","","0","N","","2","1","0","0","0","0","0","2","0","2","","","","N","","","","","","","","","",""
"2009003747","","1","0","0","0","0","0","0","0","0","7","0","","02","12","2008","1","40.425348","-79.980875","","11","0","0","0","0","0","0","0","0","","0","0","0","","","0","","0","","40 25:31.253","","0","79 58:51.150","0","0","0","0","2301","0","0","0","N","0","0","0","1","02301","0","","5.0","","9","N","N","","0","","0","0","0","","0","","","1","0","0","0","0","0","0","2","0","1","","","","N","","","","","","","","","",""
"2009003758","","2","0","0","0","0","0","0","0","0","1","0","","02","11","2008","4","40.3495","-79.9478","","11","0","0","0","1","0","0","0","0","1","0","0","0","","","1","","0","","40 20:58.200","3","7","79 56:52.080","8","0","0","0","2473","0","0","0","N","0","0","0","3","02473","0","","1.0","","9","N","N","","0","","0","0","1","","0","N","","3","1","0","0","0","1","0","2","0","3","","","","N","","","","","","","","","",""
"2009003759","","4","0","0","0","0","0","0","0","0","1","0","","02","11","2008","5","40.3855","-79.864","","11","0","0","0","0","1","0","0","0","","0","0","0","","","3","","0","","40 23:07.800","","0","79 51:50.400","4","0","0","0","2473","0","0","0","N","0","0","0","4","02473","3","","1.0","","1","N","N","","0","","0","0","0","","0","","","4","3","0","0","0","0","0","2","0","4","","","","N","","","","","","","","","",""
"2009003760","","3","0","0","0","0","0","0","0","0","1","0","","02","12","2008","3","40.3489","-79.939","","11","1","1","1","0","0","0","0","0","","0","0","0","","","0","","3","","40 20:56.040","","0","79 56:20.400","0","0","0","0","2473","0","0","0","N","0","0","0","4","02473","0","","1.0","","9","N","N","","0","","0","0","1","","2","","","4","0","0","0","0","0","0","2","0","4","","","","N","","","","","","","","","",""
"2009003761","","1","0","0","0","0","0","0","0","0","4","0","","02","11","2008","2","40.343369","-79.940655","","11","0","0","0","0","0","0","1","1","","0","0","0","","","1","","2","","40 20:36.128","","0","79 56:26.358","4","0","0","0","2473","0","0","0","N","0","0","0","4","02473","1","","1.0","","9","N","N","","1","","0","0","0","","2","","","3","1","0","0","0","0","0","2","0","3","","","","N","","","","","","","","","",""
"2009003762","","1","0","0","0","0","0","0","0","0","4","0","","02","11","2008","6","40.343562","-79.940644","","11","0","0","0","0","0","1","0","1","","0","0","0","","","2","","0","","40 20:36.823","","7","79 56:26.318","3","0","0","0","2473","0","0","0","N","0","0","0","4","02473","0","","1.0","","1","N","N","","0","","2","0","0","","0","","","2","2","0","0","0","0","0","2","0","2","","","","N","","","","","","","","","",""
"2009003765","","0","0","0","0","0","0","0","0","0","4","0","","02","11","2008","7","40.4565","-79.8966","","11","0","0","0","0","0","0","0","0","1","0","0","0","","","1","","1","","40 27:23.400","6","0","79 53:47.760","3","0","0","0","2301","0","0","0","N","0","0","0","3","02301","0","","1.0","","1","N","N","","1","","1","0","1","","2","N","","2","1","1","0","0","0","0","2","0","2","","","","N","","","","","","","","","",""
"2009003767","","1","0","0","0","0","0","0","0","0","7","0","","02","12","2008","1","40.431961","-79.918192","","11","0","0","0","0","0","0","0","0","","0","0","0","","","1","","5","","40 25:55.059","","0","79 55:05.491","4","0","0","0","2301","0","0","0","N","0","0","0","1","02301","1","","5.0","","2","N","N","","0","","0","0","0","","2","","","1","1","0","0","0","0","0","2","0","1","","","","N","","","","","","","","","",""
"2009003768","","1","0","0","0","0","0","0","0","0","4","0","","02","11","2008","1","40.450916","-79.943053","","11","0","0","0","0","0","1","1","0","","0","0","0","","","1","","1","","40 27:03.297","","1","79 56:34.990","4","0","0","0","2301","0","0","0","N","0","0","0","2","02301","1","","1.0","","1","N","N","","0","","0","0","1","","2","","","2","1","0","0","0","0","0","2","0","2","","","","N","","","","","","","","","",""
"2009003769","","1","0","0","0","0","0","0","0","0","0","0","","02","11","2008","3","40.467537","-79.914203","","11","0","0","0","1","0","0","0","0","","0","0","0","","","1","","0","","40 28:03.134","","0","79 54:51.131","4","0","0","0","2301","0","0","0","N","0","0","0","1","02301","1","","1.0","","1","N","N","","0","","0","0","0","","0","","","1","1","0","0","0","0","0","2","0","1","","","","N","","","","","","","","","",""
"2009003770","","1","0","0","0","0","0","0","0","0","4","0","","02","11","2008","4","40.454967","-79.945198","","11","0","0","0","0","0","1","0","0","2","0","0","0","","","2","","1","","40 27:17.882","7","0","79 56:42.711","3","0","0","0","2301","0","0","0","N","0","0","0","3","02301","1","","1.0","","1","N","N","","0","","1","0","1","","2","Y","","2","2","0","0","0","0","0","2","0","2","","","","N","","","","","","","","","",""
"2009003771","","0","0","0","0","0","0","0","0","0","7","0","","02","11","2008","2","40.467847","-79.928093","","11","0","0","0","0","0","0","0","0","1","0","0","0","","","1","","0","","40 28:04.249","2","0","79 55:41.134","8","0","0","0","2301","0","0","0","N","0","0","0","1","02301","0","","5.0","","1","N","N","","1","","0","0","0","","0","N","","1","1","0","0","0","1","0","2","0","1","","","","N","","","","","","","","","",""
"2009003772","","1","0","0","0","0","0","0","0","0","4","0","","02","11","2008","3","40.454029","-79.912399","","11","0","0","0","0","0","0","0","0","","0","0","0","","","2","","1","","40 27:14.504","","0","79 54:44.638","8","0","0","0","2301","0","0","0","N","0","0","0","3","02301","0","","1.0","","1","N","N","","0","","0","0","0","","1","","","2","2","0","0","0","2","0","2","1","2","","","","N","","","","","","","","","",""
"2009003773","","1","0","0","0","0","0","0","0","0","1","0","","02","9","2008","6","40.458894","-79.95719","","11","0","0","0","0","0","0","0","0","2","0","0","0","","","0","","0","","40 27:32.020","2","3","79 57:25.884","0","0","0","0","2301","0","0","0","N","0","0","0","5","02301","0","","1.0","","9","N","N","","0","","0","0","1","","0","N","","2","0","0","0","0","0","0","2","0","2","","","","N","","","","","","","","","",""
"2009003774","","1","0","0","0","0","0","0","0","0","8","0","","02","11","2008","6","40.4091","-79.9438","","11","0","0","0","0","0","0","0","0","1","0","0","0","","","1","","2","","40 24:32.760","2","0","79 56:37.680","4","0","0","0","2301","1","0","0","N","1","0","0","2","02301","1","","1.0","","1","N","N","","0","","0","0","0","","3","N","","2","1","0","0","0","0","0","2","0","1","","","","N","","","","","","","","","",""
"2009003778","","2","0","0","0","0","0","0","0","0","1","0","","02","11","2008","7","40.3484","-79.9448","","11","0","0","0","0","0","0","0","0","1","0","0","0","","","1","","2","","40 20:54.240","3","0","79 56:41.280","4","0","0","0","2473","0","0","0","N","0","0","0","5","02473","1","","1.0","","1","N","N","","0","","0","0","0","","2","N","","2","1","0","0","0","0","0","2","0","2","","","","N","","","","","","","","","",""
"2009003789","","2","0","0","0","0","0","0","0","0","1","0","","02","12","2008","2","","","","11","0","0","0","0","0","0","0","0","","0","0","0","","","0","","0","","40 25:15.96","","0","80 02:45.24","0","0","0","0","2435","0","0","0","N","0","0","0","2","68B03","0","","1.0","","9","N","N","","0","","0","0","0","","0","","","3","0","0","0","0","0","0","2","0","3","","","","N","","","","","","","","","",""
"2009003924","","2","0","0","0","0","0","0","0","0","1","0","","02","12","2008","4","40.4174","-80.0661","","11","0","1","0","0","0","0","0","0","2","0","0","0","","","1","","0","","40 25:02.640","2","7","80 03:57.960","8","0","0","0","2117","0","0","0","N","0","0","0","2","02117","0","","1.0","","1","N","N","","0","","0","0","0","","0","N","","2","1","0","0","0","1","0","2","0","2","","","","N","","","","","","","","","",""
"2009004003","","1","0","0","0","0","0","0","0","0","0","0","","02","11","2008","1","40.499408","-80.120832","","11","0","0","0","0","1","0","0","0","","0","0","0","","","1","","0","","40 29:57.868","","0","80 07:14.994","3","0","0","0","2115","0","0","0","N","0","0","0","1","68B03","0","","2.0","","1","N","N","","0","","1","0","0","","0","","","1","1","0","0","0","0","0","2","0","1","","","","N","","","","","","","","","",""
"2009004004","","1","0","0","0","0","0","0","0","0","7","0","","02","12","2008","1","40.3726","-80.1084","","11","0","0","0","0","0","0","0","0","1","0","0","0","","","0","","6","","40 22:21.360","2","2","80 06:30.240","0","0","0","0","2102","0","0","0","N","0","0","0","1","68B03","0","","2.0","","1","N","N","","0","","0","0","0","","4","N","","1","0","0","0","0","0","0","2","0","1","","","","N","","","","","","","","","",""
"2009004005","","1","0","0","0","0","0","0","0","0","1","0","50","02","12","2008","7","","","","11","0","0","0","0","0","0","0","0","","0","0","0","","","0","","0","","40 25:25.32","","0","80 06:28.44","0","0","0","0","2102","0","0","0","N","0","0","0","4","68B03","0","","1.0","","1","N","N","","1","","0","0","0","","0","","","2","0","0","0","0","0","0","2","0","2","","","N","Y","5","1","Y","N","N","Y","N","N","Y",""
"2009004064","","2","0","0","0","0","0","0","0","0","2","0","","02","11","2008","7","40.4339","-79.996","","11","0","0","0","0","0","0","0","0","3","0","0","0","","","2","","0","","40 26:02.040","7","3","79 59:45.600","8","0","0","0","2301","0","0","0","N","0","0","0","2","02301","0","","1.0","","1","N","N","","0","","0","0","0","","0","Y","","2","2","0","0","0","2","0","2","0","2","","","","N","","","","","","","","","",""
"2009004067","","1","0","0","0","0","0","0","0","0","6","0","","02","11","2008","7","40.448174","-79.898193","","11","0","0","0","0","0","0","0","0","1","0","0","0","","","0","","2","","40 26:53.425","6","0","79 53:53.496","0","0","0","0","2301","0","0","0","N","0","0","0","2","02301","0","","1.0","","1","N","N","","0","","0","0","0","","2","N","","2","0","0","0","0","0","0","2","1","2","","","","N","","","","","","","","","",""
"2009004110","","1","0","0","0","0","0","0","0","0","1","0","","02","12","2008","5","40.352562","-79.85101","","11","0","0","0","0","0","0","0","1","1","0","0","0","","","1","","2","","40 21:09.223","4","0","79 51:03.637","4","0","0","0","2304","0","0","0","N","0","0","0","4","02304","1","","1.0","","9","N","N","","0","","0","0","1","","2","N","","2","1","0","0","0","0","0","2","0","2","","","","N","","","","","","","","","",""
"2009004121","","2","0","0","0","0","0","0","0","0","5","0","","02","12","2008","7","40.487369","-80.016264","","11","0","0","0","0","0","0","0","0","","0","0","0","","","0","","0","","40 29:14.530","","0","80 00:58.551","0","0","0","0","2301","0","0","0","N","0","0","0","1","02301","0","","2.0","","9","N","N","","0","","0","0","0","","0","","","3","0","0","0","0","0","0","2","1","3","","","","N","","","","","","","","","",""
"2009004123","","1","0","0","0","0","0","0","0","0","7","0","","02","12","2008","6","40.3927","-79.9351","","11","0","0","0","0","0","0","0","0","","0","0","0","","","0","","0","","40 23:33.720","","2","79 56:06.360","9","0","0","0","2301","0","0","0","N","0","0","0","1","02301","0","","4.0","","1","N","N","","0","","0","0","0","","0","","","1","0","0","0","0","0","1","2","0","1","","","","N","","","","","","","","","",""
"2009004125","","1","0","0","0","0","0","0","0","0","2","0","","02","12","2008","5","40.465436","-79.878381","","11","0","0","0","0","0","0","0","0","2","0","0","0","","","0","","5","","40 27:55.570","3","0","79 52:42.170","0","0","0","0","2113","0","0","0","N","0","0","0","3","02113","0","","1.0","","9","N","N","","0","","0","0","1","","0","N","","2","0","0","0","0","0","0","2","0","2","","","","N","","","","","","","","","",""
"2009004127","","1","0","0","0","0","0","0","0","0","5","0","","02","12","2008","1","40.409243","-80.032155","","11","0","0","0","0","0","0","0","0","","0","0","0","","","0","","1","","40 24:33.274","","0","80 01:55.759","0","0","0","0","2301","0","0","0","N","0","0","0","2","02301","0","","1.0","","9","N","N","","0","","0","0","1","","3","","","2","0","0","0","0","0","0","2","0","2","","","","N","","","","","","","","","",""
"2009004133","","1","0","0","0","0","0","0","0","0","7","0","","02","12","2008","7","40.338346","-79.819886","","11","0","0","0","0","0","0","0","0","","0","0","0","","","0","","0","","40 20:18.045","","0","79 49:11.589","0","0","0","0","2304","0","0","0","N","0","0","0","5","02304","0","","2.0","","7","N","N","","0","","0","0","0","","0","","","1","0","0","0","0","0","0","2","0","1","","","","N","","","","","","","","","",""
"2009004141","","3","0","0","0","0","0","0","0","0","7","0","","02","12","2008","4","40.355498","-79.834748","","11","0","0","0","0","0","0","0","0","","0","0","0","","","0","","0","","40 21:19.792","","0","79 50:05.092","0","0","0","0","2304","0","0","0","N","0","0","0","3","02304","0","","5.0","","2","N","N","","0","","0","0","0","","0","","","3","0","0","0","0","0","0","2","0","3","","","","N","","","","","","","","","",""
"2009004330","","2","0","0","0","0","0","0","0","0","4","0","","02","12","2008","4","40.438629","-79.769007","","11","0","0","0","0","0","0","0","0","","0","0","0","","","1","","2","","40 26:19.065","","0","79 46:08.426","4","0","0","0","2446","0","0","0","N","0","0","0","2","02446","1","","1.0","","1","N","N","","0","","0","0","0","","0","","","2","1","0","0","0","0","0","2","0","2","","","","N","","","","","","","","","",""
"2009004354","","1","0","0","0","0","0","0","0","0","7","0","","02","12","2008","4","40.425306","-80.07255","","11","0","0","0","1","0","0","0","0","1","0","0","0","","","1","","2","","40 25:31.102","7","0","80 04:21.179","4","0","0","0","2421","0","0","0","N","0","0","0","2","02501","1","","5.0","","9","N","N","","0","","0","0","0","","0","N","","1","1","0","0","0","0","0","2","0","1","","05","","N","","","","","","","","","",""
"2009004414","","0","0","0","0","0","0","0","0","0","8","0","","02","12","2008","2","40.438751","-79.768939","","11","0","0","0","0","0","0","0","0","","0","0","0","","","1","","1","","40 26:19.502","","7","79 46:08.179","3","0","0","0","2446","1","0","0","N","1","0","0","2","02446","0","","9.0","","1","N","N","","0","","1","0","1","","0","","","2","1","0","0","0","0","0","2","0","1","","","","N","","","","","","","","","",""
"2009004566","","1","0","0","0","0","0","0","0","0","4","0","","02","12","2008","3","40.473575","-80.074236","","11","0","0","0","0","0","0","1","0","","0","0","0","","","0","","1","","40 28:24.870","","0","80 04:27.249","0","0","0","0","2122","0","0","0","N","0","0","0","2","02122","0","","1.0","","1","N","N","","1","","0","0","0","","3","","","2","0","0","0","0","0","0","2","0","2","","","","N","","","","","","","","","",""
"2009004596","","2","0","0","0","0","0","0","0","0","1","0","","02","12","2008","1","","","","11","0","0","0","0","0","0","0","0","","0","0","0","","","0","","0","","40 34:27.12","","0","80 05:31.92","0","0","0","0","2481","0","0","0","N","0","0","0","7","68B03","0","","1.0","","1","N","N","","1","","0","0","0","","0","","","3","0","2","0","0","0","0","2","0","3","","","","N","","","","","","","","","",""
"2009004727","","1","0","0","0","0","0","0","0","0","4","0","","02","12","2008","4","40.433991","-79.753167","","11","0","0","0","0","0","2","0","0","","0","0","0","","","1","","10","","40 26:02.366","","0","79 45:11.401","3","0","0","0","2446","0","0","0","N","0","0","0","2","02446","0","","1.0","","1","N","N","","0","","1","0","1","","0","","","2","1","0","0","0","0","0","2","0","2","","","","N","","","","","","","","","",""
"2009004802","","1","0","0","0","0","0","0","0","0","7","0","","02","12","2008","7","40.495985","-80.183755","","11","1","0","0","0","0","0","0","0","2","0","0","0","","","1","","0","","40 29:45.547","3","0","80 11:01.518","4","0","0","0","2213","0","0","0","Y","0","0","0","1","02213","1","","2.0","","1","N","N","","0","","0","0","0","","0","N","","1","1","0","0","0","0","0","2","0","1","","","","N","","","","","","","","","",""
"2009004809","","2","0","0","0","0","0","0","0","0","4","0","","02","11","2008","2","40.335841","-80.031319","","11","0","0","1","0","0","0","0","0","","0","0","0","","","1","","2","","40 20:09.027","","0","80 01:52.748","8","0","0","0","2407","0","0","0","N","0","0","0","4","02407","0","","1.0","","9","N","N","","0","","0","0","0","","3","","","2","1","0","0","0","1","0","2","0","2","","","","N","","","","","","","","","",""
"2009004866","","1","0","0","0","0","0","0","0","0","1","0","","02","12","2008","2","","","","11","0","0","0","0","0","0","0","0","1","0","0","0","","","1","","0","","40 25:31.80","3","4","79 54:36.00","4","0","0","0","2301","0","0","0","N","0","0","0","3","68B03","1","","1.0","","1","N","N","","0","","0","0","2","","0","N","","3","1","0","0","0","0","0","2","0","3","","","","N","","","","","","","","","",""
"2009005000","","0","0","0","0","0","0","0","0","0","7","0","","02","12","2008","1","40.613125","-79.97604","","11","0","0","0","0","0","0","0","0","","0","0","0","","","1","","0","","40 36:47.249","","0","79 58:33.744","2","0","0","0","2207","0","0","0","N","0","0","0","1","02207","0","","4.0","","2","N","N","","0","","0","1","1","","0","","","1","1","1","0","1","0","0","2","0","1","","","","N","","","","","","","","","",""
"2009005259","","1","0","0","0","0","0","0","0","0","7","0","","02","11","2008","5","40.4806","-80.2025","","11","0","0","0","0","0","0","0","0","","0","0","0","","","1","","1","","40 28:50.160","","2","80 12:09.000","4","0","0","0","2213","0","0","0","N","0","0","0","1","02213","1","","2.0","","1","N","N","","0","","0","0","0","","0","","","1","1","0","0","0","0","0","2","0","1","","","","N","","","","","","","","","",""
"2009005260","","1","0","0","0","0","0","0","0","0","4","0","","02","12","2008","7","40.368541","-80.037006","","11","0","0","0","0","0","0","0","0","","0","0","0","","","0","","2","","40 22:06.746","","0","80 02:13.223","0","0","0","0","2416","0","0","0","N","0","0","0","2","02416","0","","1.0","","1","N","N","","0","","0","0","1","","3","","","2","0","0","0","0","0","0","2","0","2","","","","N","","","","","","","","","",""
"2009005374","","3","0","0","0","0","0","0","0","0","1","0","","02","12","2008","6","40.388695","-79.830309","","11","0","1","0","0","0","0","0","0","2","0","0","0","","","0","","2","","40 23:19.302","3","0","79 49:49.113","0","0","0","0","2111","0","0","0","N","0","0","0","4","02111","0","","1.0","","9","N","N","","0","","0","0","0","","2","N","","3","0","0","0","0","0","0","2","0","3","","","","N","","","","","","","","","",""
"2009005612","","0","0","0","0","0","0","0","0","0","7","0","","02","12","2008","4","40.6742","-80.0955","","11","0","0","0","0","0","0","0","0","3","0","0","0","","","1","","7","","40 40:27.120","1","2","80 05:43.800","4","0","0","0","2212","0","0","0","Y","0","0","0","2","68B03","1","","2.0","","2","N","N","","0","","0","0","1","","0","N","","1","1","0","0","0","0","0","2","0","1","","","","N","","","","","","","","","",""
"2009005724","","2","0","0","0","0","0","0","0","0","1","0","","02","5","2008","7","40.410436","-79.87827","","11","0","0","0","0","0","0","0","0","","0","0","0","","","0","","0","","40 24:37.569","","0","79 52:41.772","0","0","0","0","2456","0","0","0","N","0","0","0","1","02456","0","","6.0","","1","N","N","","0","","0","0","0","","0","","","2","0","1","0","0","0","0","2","0","2","","","","N","","","","","","","","","",""
"2009005725","","2","0","0","0","0","0","0","0","0","1","0","99","02","10","2008","6","40.408325","-79.877474","","11","0","0","0","0","0","0","0","0","9","0","0","0","","","1","","3","","40 24:29.970","4","3","79 52:38.906","3","0","0","0","2456","0","0","0","N","0","0","0","4","02456","0","","7.0","","9","N","N","","0","","1","0","1","","3","N","","3","1","0","0","0","0","0","2","0","3","","","N","Y","1","1","U","U","U","Y","U","U","Y",""
"2009005726","","1","0","0","0","0","0","0","0","0","7","0","","02","12","2008","3","40.4372","-79.9989","","11","0","0","0","0","0","0","0","0","2","0","0","0","","","1","","0","","40 26:13.920","3","0","79 59:56.040","8","0","0","0","2301","0","0","0","N","0","0","0","1","02301","0","","4.0","","2","N","N","","0","","0","0","0","","0","N","","1","1","0","0","0","1","0","2","0","1","","","","N","","","","","","","","","",""
"2009005727","","0","0","0","0","0","0","0","0","0","7","0","","02","12","2008","4","40.4371","-79.9986","","11","0","0","0","0","0","0","0","0","3","0","0","0","","","1","","0","","40 26:13.560","6","0","79 59:54.960","8","0","0","0","2301","0","0","0","N","0","0","0","1","02301","0","","5.0","","2","N","N","","0","","0","0","1","","0","N","","1","1","0","0","0","1","0","2","0","1","","","","N","","","","","","","","","",""
"2009005773","","0","0","0","0","0","0","0","0","0","7","0","","02","12","2008","7","40.2879","-79.8669","","11","1","0","0","0","0","0","0","0","","0","0","0","","","0","","0","","40 17:16.440","","0","79 52:00.840","0","0","0","1","2443","0","0","0","N","0","0","0","1","02443","0","","2.0","","2","N","N","","0","","0","0","0","","0","","","1","0","0","0","0","0","0","1","0","1","","","","N","","","","","","","","","",""
"2009005774","","1","0","0","0","0","0","0","0","0","7","0","","02","12","2008","7","40.278088","-79.867859","","11","0","0","0","0","0","0","0","1","2","0","0","0","","","0","","0","","40 16:41.118","6","0","79 52:04.291","0","0","0","0","2443","0","0","0","N","0","0","0","2","02443","0","","2.0","","1","N","N","","0","","0","0","0","","0","Y","","1","0","0","0","0","0","0","2","0","1","","","","N","","","","","","","","","",""