"CRN","ARRIVAL_TM","AUTOMOBILE_COUNT","BELTED_DEATH_COUNT","BELTED_SUSP_SERIOUS_INJ_COUNT","BICYCLE_COUNT","BICYCLE_DEATH_COUNT","BICYCLE_SUSP_SERIOUS_INJ_COUNT","BUS_COUNT","CHLDPAS_DEATH_COUNT","CHLDPAS_SUSP_SERIOUS_INJ_COUNT","COLLISION_TYPE","COMM_VEH_COUNT","CONS_ZONE_SPD_LIM","COUNTY","CRASH_MONTH","CRASH_YEAR","DAY_OF_WEEK","DEC_LATITUDE","DEC_LONGITUDE","DISPATCH_TM","DISTRICT","DRIVER_COUNT_16YR","DRIVER_COUNT_17YR","DRIVER_COUNT_18YR","DRIVER_COUNT_19YR","DRIVER_COUNT_20YR","DRIVER_COUNT_50_64YR","DRIVER_COUNT_65_74YR","DRIVER_COUNT_75PLUS","EST_HRS_CLOSED","FATAL_COUNT","HEAVY_TRUCK_COUNT","HORSE_BUGGY_COUNT","HOUR_OF_DAY","ILLUMINATION","INJURY_COUNT","INTERSECTION_RELATED","INTERSECT_TYPE","LANE_CLOSED","LATITUDE","LN_CLOSE_DIR","LOCATION_TYPE","LONGITUDE","MAX_SEVERITY_LEVEL","MCYCLE_DEATH_COUNT","MCYCLE_SUSP_SERIOUS_INJ_COUNT","MOTORCYCLE_COUNT","MUNICIPALITY","NONMOTR_COUNT","NONMOTR_DEATH_COUNT","NONMOTR_SUSP_SERIOUS_INJ_COUNT","NTFY_HIWY_MAINT","PED_COUNT","PED_DEATH_COUNT","PED_SUSP_SERIOUS_INJ_COUNT","PERSON_COUNT","POLICE_AGCY","POSSIBLE_INJ_COUNT","RDWY_SURF_TYPE_CD","RELATION_TO_ROAD","ROADWAY_CLEARED","ROAD_CONDITION","SCH_BUS_IND","SCH_ZONE_IND","SECONDARY_CRASH","SMALL_TRUCK_COUNT","SPEC_JURIS_CD","SUSP_MINOR_INJ_COUNT","SUSP_SERIOUS_INJ_COUNT","SUV_COUNT","TCD_FUNC_CD","TCD_TYPE","TFC_DETOUR_IND","TIME_OF_DAY","TOTAL_UNITS","TOT_INJ_COUNT","UNBELTED_OCC_COUNT","UNB_DEATH_COUNT","UNB_SUSP_SERIOUS_INJ_COUNT","UNK_INJ_DEG_COUNT","UNK_INJ_PER_COUNT","URBAN_RURAL","VAN_COUNT","VEHICLE_COUNT","WEATHER1","WEATHER2","WORKERS_PRES","WORK_ZONE_IND","WORK_ZONE_LOC","WORK_ZONE_TYPE","WZ_CLOSE_DETOUR","WZ_FLAGGER","WZ_LAW_OFFCR_IND","WZ_LN_CLOSURE","WZ_MOVING","WZ_OTHER","WZ_SHLDER_MDN","WZ_WORKERS_INJ_KILLED"
"2009029563","","1","0","0","0","0","0","0","0","0","4","0","","02","10","2008","6","40.450559","-79.93008","","11","0","0","0","0","0","0","0","0","","0","0","0","","","0","","1","","40 27:02.012","","0","79 55:48.288","0","0","0","0","2301","0","0","0","N","0","0","0","2","00000","0","","1.0","","1","N","N","","0","","0","0","0","","3","","","2","0","0","0","0","0","0","2","1","2","","","","N","","","","","","","","","",""
"2009029568","","0","0","0","0","0","0","0","0","0","1","0","","02","11","2008","2","40.573686","-79.954802","","11","0","0","0","0","0","0","0","0","","0","0","0","","","1","","0","","40 34:25.271","","0","79 57:17.287","8","0","0","0","2207","0","0","0","N","0","0","0","2","00000","0","","1.0","","1","N","N","","1","","0","0","0","","0","","","2","1","0","0","0","1","1","2","0","2","","","","N","","","","","","","","","",""
"2009029569","","2","0","0","0","0","0","0","0","0","1","0","","02","11","2008","3","40.432149","-79.935014","","11","0","0","0","0","0","0","0","0","","0","0","0","","","0","","2","","40 25:55.736","","0","79 56:06.050","9","0","0","0","2301","0","0","0","N","0","0","0","2","00000","0","","1.0","","1","N","N","","0","","0","0","0","","0","","","2","0","0","0","0","0","1","2","0","2","","","","N","","","","","","","","","",""
"2009029597","","1","0","0","0","0","0","0","0","0","4","1","","02","3","2008","3","40.365503","-80.108196","","11","0","0","0","0","0","1","0","0","1","0","1","0","","","0","","10","","40 21:55.811","2","7","80 06:29.504","9","0","0","0","2102","0","0","0","N","0","0","0","2","02102","0","","1.0","","1","N","N","","0","","0","0","0","","2","N","","2","0","0","0","0","0","1","2","0","2","","","","N","","","","","","","","","",""
"2009029958","","1","0","0","0","0","0","0","0","0","2","0","","02","10","2008","6","40.346762","-80.113494","","11","0","0","0","1","0","1","0","0","2","0","0","0","","","2","","0","","40 20:48.343","1","0","80 06:48.577","8","0","0","0","2119","0","0","0","N","0","0","0","3","02119","0","","1.0","","9","N","N","","1","","0","0","0","","0","N","","2","2","0","0","0","2","0","2","0","2","","","","N","","","","","","","","","",""
"2009029999","","2","0","0","0","0","0","0","0","0","1","0","","02","11","2008","4","40.609995","-79.893983","","11","0","0","0","0","0","1","0","0","1","0","0","0","","","0","","0","","40 36:35.983","6","7","79 53:38.340","0","0","0","0","2220","0","0","0","","0","0","0","2","02220","0","","1.0","","1","","","","0","","0","0","0","","0","Y","","2","0","0","0","0","0","0","1","0","2","","","","N","","","","","","","","","",""
"2009030009","","2","0","0","0","0","0","0","0","0","1","0","","02","5","2008","4","40.479284","-79.822505","","11","0","0","0","0","0","1","0","0","","0","0","0","","","0","","0","","40 28:45.423","","7","79 49:21.019","0","0","0","0","2113","0","0","0","N","0","0","0","2","02113","0","","1.0","","98","","","","0","","0","0","0","","0","","","2","0","0","0","0","0","0","2","0","2","","","","N","","","","","","","","","",""
"2009030037","","0","0","0","0","0","0","0","0","0","4","0","","02","9","2008","4","40.558391","-80.191278","","11","0","1","0","0","0","0","0","0","2","0","0","0","","","0","","2","","40 33:30.208","1","0","80 11:28.602","0","0","0","0","2427","0","0","0","N","0","0","0","3","02427","0","","1.0","","1","N","N","","0","","0","0","1","","3","N","","2","0","0","0","0","0","0","1","1","2","","","","N","","","","","","","","","",""
"2009030049","","2","0","0","0","0","0","0","0","0","1","0","","02","12","2008","7","40.580802","-80.215733","","11","0","0","0","0","0","1","0","0","","0","0","0","","","0","","0","","40 34:50.886","","7","80 12:56.640","0","0","0","0","2107","0","0","0","","0","0","0","1","02107","0","","5.0","","1","","","","1","","0","0","0","","0","","","3","0","0","0","0","0","0","2","0","3","","","","N","","","","","","","","","",""
"2009030360","","2","0","0","0","0","0","0","0","0","4","0","","02","10","2008","6","40.440285","-80.068861","","11","0","0","0","0","0","0","1","0","","0","0","0","","","0","","2","","40 26:25.027","","0","80 04:07.901","0","0","0","0","2439","0","0","0","N","0","0","0","3","02439","0","","1.0","","1","N","N","","0","","0","0","0","","3","","","2","0","0","0","0","0","0","2","0","2","","","","N","","","","","","","","","",""
"2009030409","","1","0","0","0","0","0","0","0","0","7","0","","02","12","2008","2","40.378156","-79.816801","","11","0","0","0","0","0","0","0","0","","0","0","0","","","0","","0","","40 22:41.361","","0","79 49:00.483","0","0","0","0","2304","0","0","0","N","0","0","0","1","02301","0","","2.0","","2","N","N","","0","","0","0","0","","0","","","1","0","0","0","0","0","0","2","0","1","","","","N","","","","","","","","","",""
"2009030837","","1","0","0","0","0","0","0","0","0","7","0","","02","12","2008","5","40.43458","-79.989819","","11","0","0","0","0","0","0","0","0","","0","0","0","","","0","","1","","40 26:04.489","","0","79 59:23.348","0","0","0","0","2301","0","0","0","N","0","0","0","1","02301","0","","5.0","","9","N","N","","0","","0","0","0","","0","","","1","0","0","0","0","0","0","2","0","1","","","","N","","","","","","","","","",""
"2009030838","","1","0","0","0","0","0","0","0","0","7","0","","02","12","2008","4","40.446221","-79.994338","","11","0","0","0","0","0","0","0","0","","0","0","0","","","0","","0","","40 26:46.395","","0","79 59:39.617","9","0","0","0","2301","0","0","0","N","0","0","0","1","02301","0","","4.0","","2","N","N","","0","","0","0","0","","0","","","1","0","0","0","0","0","1","2","0","1","","","","N","","","","","","","","","",""
"2009030840","","1","0","0","0","0","0","0","0","0","8","0","","02","6","2008","6","40.387934","-79.996376","","11","0","0","0","1","0","0","0","0","2","0","0","0","","","1","","2","","40 23:16.562","1","0","79 59:46.955","8","0","0","0","2301","1","0","0","N","1","0","0","3","02301","0","","1.0","","1","N","N","","0","","0","0","0","","2","N","","2","1","0","0","0","1","0","2","0","1","","","","N","","","","","","","","","",""
"2009030841","","0","0","0","0","0","0","0","0","0","7","0","","02","11","2008","7","40.3959","-79.9979","","11","0","0","0","0","0","1","0","0","1","0","0","0","","","1","","0","","40 23:45.240","4","0","79 59:52.440","4","0","0","0","2301","0","0","0","N","0","0","0","1","02301","1","","5.0","","1","N","N","","0","","0","0","1","","0","N","","1","1","1","0","0","0","0","2","0","1","","","","N","","","","","","","","","",""
"2009030884","","1","0","0","0","0","0","0","0","0","7","0","","02","10","2008","5","40.4598","-79.8235","","11","0","0","0","0","0","0","0","0","","0","0","0","","","0","","0","","40 27:35.280","","7","79 49:24.600","9","0","0","0","2113","0","0","0","N","0","0","0","1","02113","0","","4.0","","1","N","N","","0","","0","0","0","","3","","","1","0","0","0","0","0","1","2","0","1","","","","N","","","","","","","","","",""
"2009031200","","2","0","0","0","0","0","0","0","0","1","0","","02","11","2008","2","40.4316","-79.9977","","11","0","0","0","0","0","0","0","0","","0","0","0","","","3","","0","","40 25:53.760","","4","79 59:51.720","3","0","0","0","2301","0","0","0","N","0","0","0","4","02301","0","","1.0","","1","N","N","","0","","3","0","1","","0","","","3","3","1","0","0","0","0","2","0","3","","","","N","","","","","","","","","",""
"2009032623","","2","0","0","0","0","0","0","0","0","4","0","","02","11","2008","3","40.470496","-80.05444","","11","0","0","0","0","0","0","0","0","1","0","0","0","","","0","","2","","40 28:13.785","4","0","80 03:15.984","0","0","0","0","2444","0","0","0","N","0","0","0","2","02444","0","","1.0","","2","N","N","","0","","0","0","0","","3","N","","2","0","0","0","0","0","0","2","0","2","","","","N","","","","","","","","","",""
"2009034013","","0","0","0","0","0","0","0","0","0","7","0","","02","2","2008","3","40.5704","-79.793","","11","0","0","0","0","0","1","0","0","2","0","0","0","","","0","","0","","40 34:13.440","1","0","79 47:34.800","0","0","0","0","2206","0","0","0","N","0","0","0","2","68D02","0","","2.0","","7","N","N","","0","","0","0","1","","0","N","","1","0","0","0","0","0","0","2","0","1","","","","N","","","","","","","","","",""
"2009036111","","2","0","0","0","0","0","0","0","0","4","0","","02","11","2008","4","40.602913","-79.740359","1818","11","0","0","0","0","0","1","0","0","","0","0","0","","","0","","0","","40 36:10.486","","0","79 44:25.292","0","0","0","0","2409","0","0","0","N","0","0","0","3","02409","0","","1.0","","1","N","N","","0","","0","0","0","","0","","","2","0","1","0","0","0","0","2","0","2","","","","N","","","","","","","","","",""
"2009036114","","1","0","2","0","0","0","0","0","0","2","0","","02","11","2008","7","40.6155","-79.7388","0915","11","0","0","0","0","0","0","0","0","2","0","0","0","","","5","","1","","40 36:55.800","4","0","79 44:19.680","2","0","0","0","2409","0","0","0","N","0","0","0","5","02409","3","","1.0","","1","N","N","","1","","0","2","0","","3","Y","","2","5","0","0","0","0","0","2","0","2","","","","N","","","","","","","","","",""
"2009036383","","1","0","0","0","0","0","0","0","0","7","0","","02","10","2008","6","40.377597","-79.921054","0059","11","0","0","0","0","0","0","0","0","","0","0","0","","","0","","0","","40 22:39.349","","0","79 55:15.793","0","0","0","0","2301","0","0","0","N","0","0","0","1","02301","0","","2.0","","1","N","N","","0","","0","0","0","","0","","","1","0","0","0","0","0","0","2","0","1","","","","N","","","","","","","","","",""
"2009036496","","1","0","0","0","0","0","0","0","0","4","0","","02","12","2008","7","40.555896","-79.807269","0015","11","0","0","0","0","0","0","0","0","1","0","0","0","","","0","","2","","40 33:21.224","6","0","79 48:26.170","0","0","0","0","2121","0","0","0","N","0","0","0","2","02121","0","","1.0","","1","N","N","","1","","0","0","0","","3","N","","2","0","0","0","0","0","0","2","0","2","","","","N","","","","","","","","","",""
"2009037146","","1","0","0","0","0","0","0","0","0","7","0","","02","12","2008","1","","","9999","11","0","0","0","0","0","0","0","0","","0","0","0","","","0","","0","","","","2","","0","0","0","0","2301","0","0","0","N","0","0","0","2","00000","0","","2.0","","2","N","N","","0","","0","0","0","","0","","","1","0","0","0","0","0","0","1","0","1","","","","N","","","","","","","","","",""
"2009042906","","2","0","0","0","0","0","0","0","0","1","0","","02","3","2008","3","40.4814","-79.8837","","11","0","0","0","0","0","1","0","0","2","0","0","0","","","1","","0","","40 28:53.040","4","0","79 53:01.320","4","0","0","0","2113","0","0","0","N","0","0","0","3","02413","1","","1.0","","1","N","N","","0","","0","0","0","","0","N","","3","1","0","0","0","0","0","2","1","3","","","","N","","","","","","","","","",""
"2009045565","","1","0","0","0","0","0","0","0","0","7","0","","02","10","2008","5","","","","11","0","0","0","0","0","0","0","0","","0","0","0","","","1","","0","","40 25:44.76","","0","80 07:56.64","3","0","0","0","2102","0","0","0","Y","0","0","0","1","68B03","0","","2.0","","1","N","N","","0","","1","0","0","","0","","","1","1","1","0","0","0","0","2","0","1","","","","N","","","","","","","","","",""
"2009047437","","1","0","0","0","0","0","0","0","0","5","0","","02","5","2008","5","40.3445","-79.9621","","11","0","0","0","0","0","1","0","0","","0","0","0","","","0","","0","","40 20:40.200","","0","79 57:43.560","0","0","0","0","2454","0","0","0","N","0","0","0","2","02454","0","","1.0","","1","N","N","","0","","0","0","1","","0","","","2","0","0","0","0","0","0","2","0","2","","","","N","","","","","","","","","",""
"2009052622","","4","0","0","0","0","0","0","0","0","6","0","","02","3","2008","5","40.504122","-80.052581","","11","0","0","0","0","0","0","0","0","2","0","0","0","","","2","","0","","40 30:14.839","5","0","80 03:09.290","4","0","0","0","2404","0","0","0","N","0","0","0","2","02404","1","","6.0","","1","N","N","","0","","0","0","0","","0","Y","","4","2","0","0","0","1","0","2","0","4","","","","N","","","","","","","","","",""
"2009053419","","1","0","0","0","0","0","0","0","0","7","0","","02","1","2008","6","40.3656","-80.1153","","11","0","0","0","0","0","0","0","0","","0","0","0","","","0","","0","","40 21:56.160","","0","80 06:55.080","0","0","0","0","2414","0","0","0","N","0","0","0","1","02414","0","","3.0","","1","N","N","","0","","0","0","0","","0","","","1","0","0","0","0","0","0","2","0","1","","","","N","","","","","","","","","",""
"2009053420","","1","0","0","0","0","0","0","0","0","8","0","","02","1","2008","6","40.359099","-80.10947","","11","0","0","0","0","0","0","1","0","","0","0","0","","","1","","1","","40 21:32.757","","0","80 06:34.091","4","0","0","0","2414","1","0","0","N","1","0","0","3","02414","1","","1.0","","1","N","N","","0","","0","0","0","","0","","","2","1","0","0","0","0","0","2","0","1","","","","N","","","","","","","","","",""
"2009053421","","0","0","0","0","0","0","0","0","0","7","0","","02","2","2008","4","40.3602","-80.1115","","11","0","0","0","0","0","0","0","0","1","0","0","0","","","0","","0","","40 21:36.720","1","0","80 06:41.400","0","0","0","0","2414","0","0","0","N","0","0","0","1","02414","0","","5.0","","6","N","N","","1","","0","0","0","","0","N","","1","0","0","0","0","0","0","2","0","1","","","","N","","","","","","","","","",""
"2009053423","","1","0","0","0","0","0","0","0","0","7","0","","02","2","2008","4","40.358654","-80.103943","","11","0","0","0","0","0","1","0","0","2","0","0","0","","","1","","0","","40 21:31.155","6","0","80 06:14.194","4","0","0","0","2414","0","0","0","N","0","0","0","1","02414","1","","5.0","","9","N","N","","0","","0","0","0","","0","Y","","1","1","0","0","0","0","0","2","0","1","","","","N","","","","","","","","","",""
"2009053424","","2","0","0","0","0","0","0","0","0","2","0","","02","2","2008","6","40.35999","-80.111564","","11","0","1","0","0","0","1","0","0","1","0","0","0","","","1","","1","","40 21:35.963","5","0","80 06:41.631","4","0","0","0","2414","0","0","0","N","0","0","0","2","02414","1","","1.0","","9","N","N","","0","","0","0","0","","2","Y","","2","1","0","0","0","0","0","2","0","2","","","","N","","","","","","","","","",""
"2009053425","","2","0","0","0","0","0","0","0","0","4","0","","02","4","2008","6","40.3501","-80.1068","","11","0","0","0","1","0","1","0","0","1","0","0","0","","","1","","2","","40 21:00.360","4","0","80 06:24.480","8","0","0","0","2414","0","0","0","N","0","0","0","2","02414","0","","1.0","","9","N","N","","0","","0","0","0","","0","Y","","2","1","0","0","0","1","0","2","0","2","","","","N","","","","","","","","","",""
"2009053426","","0","0","0","0","0","0","0","0","0","8","0","","02","5","2008","2","40.362058","-80.112986","","11","0","0","0","0","0","1","0","0","","0","0","0","","","1","","0","","40 21:43.408","","0","80 06:46.749","3","0","0","0","2414","1","0","0","N","1","0","0","2","02414","0","","1.0","","1","N","N","","0","","1","0","0","","0","","","2","1","1","0","0","0","0","2","1","1","","","","N","","","","","","","","","",""
"2009053427","","2","0","0","0","0","0","0","0","0","4","0","","02","8","2008","1","40.3555","-80.1141","","11","0","0","0","0","0","0","0","1","1","0","0","0","","","0","","1","","40 21:19.800","1","0","80 06:50.760","0","0","0","0","2414","0","0","0","N","0","0","0","4","02414","0","","1.0","","1","N","N","","0","","0","0","0","","2","Y","","2","0","0","0","0","0","0","2","0","2","","","","N","","","","","","","","","",""
"2009053428","","0","0","0","0","0","0","0","0","0","7","0","","02","8","2008","1","40.3585","-80.1122","","11","0","0","0","0","0","0","0","0","2","0","0","0","","","1","","2","","40 21:30.600","1","0","80 06:43.920","4","0","0","0","2414","0","0","0","N","0","0","0","1","02414","1","","5.0","","1","N","N","","0","","0","0","0","","2","Y","","1","1","0","0","0","0","0","2","1","1","","","","N","","","","","","","","","",""
"2009053429","","2","0","0","0","0","0","0","0","0","4","0","","02","8","2008","7","40.358332","-80.105266","","11","0","0","0","0","0","1","0","0","2","0","0","0","","","2","","2","","40 21:29.996","6","0","80 06:18.957","4","0","0","0","2414","0","0","0","N","0","0","0","2","02414","2","","1.0","","1","N","N","","0","","0","0","0","","0","Y","","2","2","0","0","0","0","0","2","0","2","","","","N","","","","","","","","","",""
"2009053430","","1","0","0","0","0","0","0","0","0","1","0","","02","8","2008","5","40.3587","-80.1121","","11","0","0","0","0","0","0","0","0","","0","0","0","","","0","","0","","40 21:31.320","","0","80 06:43.560","0","0","0","0","2414","0","0","0","N","0","0","0","2","02414","0","","1.0","","1","N","N","","1","","0","0","0","","0","","","2","0","0","0","0","0","0","2","0","2","","","","N","","","","","","","","","",""
"2009053431","","1","0","0","0","0","0","0","0","0","4","0","","02","9","2008","1","40.358504","-80.112217","","11","0","0","0","0","0","0","0","0","1","0","0","0","","","0","","1","","40 21:30.614","5","0","80 06:43.982","0","0","0","0","2414","0","0","0","N","0","0","0","2","02414","0","","1.0","","1","N","N","","0","","0","0","1","","2","N","","2","0","0","0","0","0","0","2","0","2","","","","N","","","","","","","","","",""
"2009053432","","1","0","0","0","0","0","0","0","0","5","0","","02","9","2008","2","40.3615","-80.1109","","11","0","0","0","0","0","2","0","0","","0","0","0","","","1","","0","","40 21:41.400","","0","80 06:39.240","4","0","0","0","2414","0","0","0","N","0","0","0","2","02414","1","","1.0","","1","N","N","","1","","0","0","0","","0","","","2","1","0","0","0","0","0","2","0","2","","","","N","","","","","","","","","",""
"2009053433","","0","0","0","0","0","0","0","0","0","8","0","","02","9","2008","5","40.35999","-80.111564","","11","0","0","0","0","0","0","0","0","","0","0","0","","","2","","1","","40 21:35.963","","0","80 06:41.631","2","0","0","0","2414","2","0","2","N","2","0","2","3","02414","0","","1.0","","1","N","N","","0","","0","2","1","","2","","","3","2","1","0","0","0","0","2","0","1","","","","N","","","","","","","","","",""
"2009053434","","1","0","0","0","0","0","0","0","0","1","0","","02","9","2008","5","40.35999","-80.111564","","11","0","0","0","0","0","2","0","0","","0","0","0","","","0","","1","","40 21:35.963","","0","80 06:41.631","0","0","0","0","2414","0","0","0","N","0","0","0","2","02414","0","","1.0","","1","N","N","","1","","0","0","0","","2","","","2","0","0","0","0","0","0","2","0","2","","","","N","","","","","","","","","",""
"2009053435","","1","0","0","0","0","0","0","0","0","2","0","","02","10","2008","5","40.353786","-80.1019","","11","0","0","0","0","0","0","0","0","","0","0","0","","","0","","2","","40 21:13.631","","0","80 06:06.840","0","0","0","0","2414","0","0","0","N","0","0","0","2","02414","0","","1.0","","1","N","N","","1","","0","0","0","","3","","","2","0","0","0","0","0","0","2","0","2","","","","N","","","","","","","","","",""
"2009053436","","1","0","0","0","0","0","0","0","0","4","0","","02","10","2008","6","40.356546","-80.113336","","11","1","0","0","0","0","1","0","0","2","0","0","0","","","0","","0","","40 21:23.565","2","7","80 06:48.011","0","0","0","0","2414","0","0","0","N","0","0","0","3","02414","0","","1.0","","1","N","N","","0","","0","0","1","","0","Y","","2","0","0","0","0","0","0","2","0","2","","","","N","","","","","","","","","",""
"2009053437","","3","0","0","0","0","0","0","0","0","4","0","","02","11","2008","6","40.3555","-80.1141","","11","0","0","0","0","0","2","0","0","","0","0","0","","","0","","1","","40 21:19.800","","0","80 06:50.760","0","0","0","0","2414","0","0","0","N","0","0","0","3","02414","0","","1.0","","9","N","N","","0","","0","0","0","","2","","","3","0","0","0","0","0","0","2","0","3","","","","N","","","","","","","","","",""
"2009053438","","2","0","0","0","0","0","0","0","0","4","0","","02","12","2008","6","40.3583","-80.1053","","11","0","1","0","0","0","0","0","0","1","0","0","0","","","0","","2","","40 21:29.880","6","0","80 06:19.080","0","0","0","0","2414","0","0","0","N","0","0","0","3","02414","0","","1.0","","1","N","N","","0","","0","0","0","","3","N","","2","0","0","0","0","0","0","2","0","2","","","","N","","","","","","","","","",""
"2009053439","","2","0","0","0","0","0","0","0","0","4","0","","02","12","2008","3","40.3655","-80.1153","","11","0","0","0","0","0","1","0","0","1","0","0","0","","","2","","3","","40 21:55.800","1","0","80 06:55.080","4","0","0","0","2414","0","0","0","N","0","0","0","2","02414","2","","1.0","","1","N","N","","0","","0","0","0","","0","Y","","2","2","0","0","0","0","0","2","0","2","","","","N","","","","","","","","","",""
"2009053440","","0","0","0","0","0","0","0","0","0","7","0","","02","12","2008","4","40.36267","-80.097954","","11","0","0","0","0","0","0","0","0","","0","0","0","","","1","","2","","40 21:45.612","","0","80 05:52.634","4","0","0","0","2414","0","0","0","N","0","0","0","1","02414","1","","5.0","","2","N","N","","0","","0","0","1","","3","","","1","1","0","0","0","0","0","2","0","1","","","","N","","","","","","","","","",""
"2009068178","2315","1","0","0","0","0","0","0","0","0","7","0","","02","5","2008","4","40.430055","-79.812086","2315","11","0","0","0","0","0","0","0","0","2","0","0","0","","","0","","1","","40 25:48.198","2","0","79 48:43.509","0","0","0","0","2124","0","0","0","N","0","0","0","2","02124","0","","4.0","","1","N","N","","0","","0","0","0","","2","N","","1","0","0","0","0","0","0","2","0","1","","","","N","","","","","","","","","",""
"2009081910","","1","0","0","0","0","0","0","0","0","7","0","","02","8","2008","6","40.415811","-80.011061","","11","0","0","0","0","1","0","0","0","1","0","0","0","","","0","","0","","40 24:56.919","3","0","80 00:39.819","0","0","0","0","2301","0","0","0","N","0","0","0","1","02301","0","","5.0","","1","N","N","","0","","0","0","0","","0","N","","1","0","1","0","0","0","0","2","0","1","","","","N","","","","","","","","","",""
"2009085100","","2","0","0","0","0","0","0","0","0","4","0","","02","12","2008","3","","","","11","0","0","0","0","0","0","0","1","","0","0","0","","","1","","0","","40 25:46.20","","0","79 52:34.32","4","0","0","0","2426","0","0","0","N","0","0","0","1","68B03","1","","2.0","","1","N","N","","0","","0","0","0","","0","","","2","1","0","0","0","0","0","2","0","2","","","","N","","","","","","","","","",""
"2009122357","","1","0","0","0","0","0","0","0","0","8","0","","02","12","2008","2","40.525433","-80.032843","","11","0","1","0","0","0","0","0","0","","0","0","0","","","1","","0","","40 31:31.557","","7","80 01:58.234","4","0","0","0","2116","2","0","0","N","2","0","0","3","02116","1","","6.0","","1","N","Y","","0","","0","0","0","0","0","","","3","1","0","0","0","0","0","2","0","1","","","","N","","","","","","","","","",""
"2010049931","","2","0","0","0","0","0","0","0","0","4","0","","02","5","2008","2","40.384648","-79.99507","","11","0","0","0","0","1","0","0","0","1","0","0","0","","","1","","2","","40 23:04.731","3","0","79 59:42.252","3","0","0","0","2301","0","0","0","N","0","0","0","2","02301","0","","1.0","","1","N","N","","0","","1","0","0","","2","Y","","2","1","0","0","0","0","0","2","0","2","","","","N","","","","","","","","","",""
"2011050673","0703","1","0","0","0","0","0","0","0","0","7","0","","02","12","2008","3","40.494241","-79.860247","0702","11","0","0","0","0","0","0","0","0","","0","0","0","07","","1","","0","","40 29:39.269","","0","79 51:36.888","4","0","0","0","2408","0","0","0","N","0","0","0","1","02408","1","","5.0","","1","N","N","","0","","0","0","0","","0","","0702","1","1","0","0","0","0","0","2","0","1","","","","N","","","","","","","","","",""
"2011120560","1321","2","0","0","0","0","0","0","0","0","1","0","","02","1","2008","2","40.368735","-80.036381","1314","11","0","0","0","0","0","1","1","0","","0","0","0","13","","1","","0","","40 22:07.446","","0","80 02:10.970","8","0","0","0","2416","0","0","0","N","0","0","0","2","02416","0","","1.0","","1","N","N","","0","","0","0","0","","0","","1314","2","1","0","0","0","1","0","2","0","2","","","","N","","","","","","","","","",""
"2011120561","2241","1","0","0","0","0","0","0","0","0","7","0","","02","8","2008","2","40.360623","-80.020861","2239","11","0","0","0","0","0","0","0","0","","0","0","0","22","","2","","0","","40 21:38.242","","0","80 01:15.099","3","0","0","0","2416","0","0","0","N","0","0","0","2","02416","1","","5.0","","1","N","N","","0","","1","0","0","","0","","2239","1","2","0","0","0","0","0","2","0","1","","","","N","","","","","","","","","",""
"2011123344","0658","0","0","0","0","0","0","0","0","0","8","0","","02","10","2008","3","40.367262","-80.015107","0658","11","0","0","0","0","0","0","1","0","","0","0","0","06","","1","","2","","40 22:02.143","","0","80 00:54.385","8","0","0","0","2416","1","0","0","N","1","0","0","2","02416","0","","1.0","","9","Y","N","","1","","0","0","0","","0","","0658","2","1","0","0","0","1","0","2","0","1","","","","N","","","","","","","","","",""
"2011123761","2322","2","0","0","0","0","0","0","0","0","1","0","","02","10","2008","2","40.364597","-80.024241","2319","11","0","0","0","0","0","1","0","0","","0","0","0","23","","2","","0","","40 21:52.550","","0","80 01:27.268","8","0","0","0","2416","0","0","0","N","0","0","0","3","02416","0","","1.0","","1","N","N","","0","","0","0","0","","0","","2316","2","2","0","0","0","2","0","2","0","2","","","","N","","","","","","","","","",""
"2011123762","1612","0","0","0","0","0","0","0","0","0","1","0","","02","10","2008","5","40.357122","-80.028491","1605","11","0","0","0","0","0","1","0","0","","0","0","0","16","","1","","0","","40 21:25.639","","0","80 01:42.567","8","0","0","0","2416","0","0","0","N","0","0","0","2","02416","0","","1.0","","1","N","N","","0","","0","0","2","","0","","1605","2","1","0","0","0","1","0","2","0","2","","","","N","","","","","","","","","",""
"2011123763","0933","2","0","0","0","0","0","0","0","0","4","0","","02","12","2008","6","40.369189","-80.034879","0932","11","0","0","0","0","0","0","0","1","","0","0","0","09","","0","","0","","40 22:09.080","","7","80 02:05.566","0","0","0","0","2416","0","0","0","N","0","0","0","2","02416","0","","1.0","","1","N","N","","0","","0","0","0","","0","","0932","2","0","0","0","0","0","0","2","0","2","","","","N","","","","","","","","","",""
"2011123764","1948","1","0","0","0","0","0","0","0","0","1","0","","02","12","2008","6","40.365738","-80.016312","1947","11","0","1","0","0","0","1","0","0","","0","0","0","19","","1","","2","","40 21:56.656","","0","80 00:58.724","4","0","0","0","2416","0","0","0","N","0","0","0","4","02416","1","","1.0","","1","N","N","","0","","0","0","1","","0","","1947","2","1","0","0","0","0","0","2","0","2","","","","N","","","","","","","","","",""
"2012023155","1308","1","0","0","0","0","0","0","0","0","8","0","","02","9","2008","4","40.437961","-79.991059","1258","11","0","0","0","0","0","0","1","0","","0","0","0","12","","1","","1","","40 26:16.659","","0","79 59:27.812","4","0","0","0","2301","1","0","0","","1","0","0","2","02301","1","","1.0","","1","N","N","","0","","0","0","0","","2","","1255","2","1","0","0","0","0","0","2","0","1","","","","N","","","","","","","","","",""